time,open,high,low,close,tick_volume,spread,real_volume
2023-08-21 00:00:00+00:00,1.08746,1.08838,1.08692,1.088,5321,8,0
2023-08-21 04:00:00+00:00,1.088,1.08884,1.0872,1.08882,7016,8,0
2023-08-21 08:00:00+00:00,1.08882,1.09131,1.08817,1.09089,8286,8,0
2023-08-21 12:00:00+00:00,1.09088,1.09127,1.08749,1.08874,12494,8,0
2023-08-21 16:00:00+00:00,1.08873,1.09038,1.08871,1.08957,5360,8,0
2023-08-21 20:00:00+00:00,1.08957,1.0901,1.08863,1.08972,1259,8,0
2023-08-22 00:00:00+00:00,1.08972,1.09154,1.0893,1.09146,5299,8,0
2023-08-22 04:00:00+00:00,1.09146,1.09299,1.09043,1.09252,6628,8,0
2023-08-22 08:00:00+00:00,1.09254,1.09282,1.08802,1.08845,7818,8,0
2023-08-22 12:00:00+00:00,1.08845,1.08903,1.08325,1.08451,14265,8,0
2023-08-22 16:00:00+00:00,1.08451,1.0855,1.0843099999999999,1.08454,4979,8,0
2023-08-22 20:00:00+00:00,1.08452,1.08485,1.08411,1.0846,1328,8,0
2023-08-23 00:00:00+00:00,1.08461,1.08591,1.08442,1.0857,4730,8,0
2023-08-23 04:00:00+00:00,1.0857,1.08711,1.08115,1.08178,8994,8,0
2023-08-23 08:00:00+00:00,1.08177,1.08299,1.08035,1.08108,10832,8,0
2023-08-23 12:00:00+00:00,1.08106,1.08624,1.0802100000000001,1.0861,15719,8,0
2023-08-23 16:00:00+00:00,1.0861,1.08697,1.08554,1.08635,6186,8,0
2023-08-23 20:00:00+00:00,1.08634,1.08655,1.08596,1.0865,1834,8,0
2023-08-24 00:00:00+00:00,1.08651,1.08748,1.0858,1.08655,5061,8,0
2023-08-24 04:00:00+00:00,1.08654,1.08761,1.08516,1.08559,7193,8,0
2023-08-24 08:00:00+00:00,1.08557,1.08639,1.08412,1.08419,7709,8,0
2023-08-24 12:00:00+00:00,1.08417,1.08483,1.08138,1.08251,14064,8,0
2023-08-24 16:00:00+00:00,1.0825,1.08272,1.08052,1.08054,6013,8,0
2023-08-24 20:00:00+00:00,1.08052,1.08131,1.07885,1.07981,1609,8,0
2023-08-25 00:00:00+00:00,1.07979,1.08037,1.07795,1.078,4631,8,0
2023-08-25 04:00:00+00:00,1.078,1.07914,1.07674,1.0771,6684,8,0
2023-08-25 08:00:00+00:00,1.07711,1.08109,1.07657,1.08026,7529,8,0
2023-08-25 12:00:00+00:00,1.08024,1.08412,1.07654,1.07858,20656,8,0
2023-08-25 16:00:00+00:00,1.0786,1.08122,1.07852,1.08024,7988,8,0
2023-08-25 20:00:00+00:00,1.08026,1.08028,1.0791,1.07947,820,8,0
2023-08-27 20:00:00+00:00,1.0794,1.07991,1.07915,1.07965,1301,10,0
2023-08-28 00:00:00+00:00,1.07966,1.08096,1.07956,1.0809,4847,8,0
2023-08-28 04:00:00+00:00,1.0809,1.08205,1.0805,1.08084,5242,8,0
2023-08-28 08:00:00+00:00,1.08084,1.08219,1.07989,1.08039,6712,8,0
2023-08-28 12:00:00+00:00,1.08039,1.08136,1.07984,1.08087,11133,8,0
2023-08-28 16:00:00+00:00,1.08086,1.08194,1.08035,1.08174,4892,8,0
2023-08-28 20:00:00+00:00,1.08175,1.08293,1.08105,1.08252,1687,8,0
2023-08-29 00:00:00+00:00,1.08252,1.08379,1.08208,1.08358,4346,8,0
2023-08-29 04:00:00+00:00,1.08357,1.08359,1.0808,1.08198,5471,8,0
2023-08-29 08:00:00+00:00,1.08199,1.08223,1.08033,1.08038,8092,8,0
2023-08-29 12:00:00+00:00,1.08037,1.08565,1.07818,1.08497,17391,8,0
2023-08-29 16:00:00+00:00,1.08496,1.08915,1.08463,1.0885,7501,8,0
2023-08-29 20:00:00+00:00,1.0884800000000001,1.08849,1.08682,1.08687,1965,8,0
2023-08-30 00:00:00+00:00,1.08687,1.08719,1.08633,1.08687,4883,8,0
2023-08-30 04:00:00+00:00,1.08687,1.08763,1.08554,1.08644,7620,8,0
2023-08-30 08:00:00+00:00,1.08643,1.08931,1.08548,1.08784,8894,8,0
2023-08-30 12:00:00+00:00,1.08785,1.09451,1.08742,1.09254,17443,8,0
2023-08-30 16:00:00+00:00,1.09254,1.09323,1.09163,1.09212,5692,8,0
2023-08-30 20:00:00+00:00,1.09212,1.09311,1.09183,1.09291,1418,8,0
2023-08-31 00:00:00+00:00,1.09292,1.09391,1.0919699999999999,1.092,4452,8,0
2023-08-31 04:00:00+00:00,1.092,1.09241,1.08895,1.08923,6901,8,0
2023-08-31 08:00:00+00:00,1.08921,1.08927,1.08571,1.08678,9453,8,0
2023-08-31 12:00:00+00:00,1.08678,1.08842,1.08363,1.08382,17804,8,0
2023-08-31 16:00:00+00:00,1.08382,1.08537,1.08347,1.08429,5815,8,0
2023-08-31 20:00:00+00:00,1.0843099999999999,1.08466,1.08389,1.08419,1516,8,0
2023-09-01 00:00:00+00:00,1.08418,1.08538,1.08359,1.08413,4833,8,0
2023-09-01 04:00:00+00:00,1.08413,1.08591,1.08281,1.08556,6791,8,0
2023-09-01 08:00:00+00:00,1.08556,1.08558,1.08327,1.08328,7158,8,0
2023-09-01 12:00:00+00:00,1.08328,1.08815,1.07859,1.0786,23507,8,0
2023-09-01 16:00:00+00:00,1.0786,1.07887,1.07717,1.07744,4977,8,0
2023-09-01 20:00:00+00:00,1.07746,1.0777,1.0772,1.07737,625,8,0
2023-09-03 20:00:00+00:00,1.07756,1.07761,1.07698,1.07752,850,10,0
2023-09-04 00:00:00+00:00,1.07753,1.07868,1.07729,1.07853,3989,8,0
2023-09-04 04:00:00+00:00,1.07853,1.08064,1.07808,1.07948,5632,8,0
2023-09-04 08:00:00+00:00,1.07948,1.08084,1.07905,1.07998,5722,8,0
2023-09-04 12:00:00+00:00,1.07997,1.0805,1.0783,1.07984,5283,8,0
2023-09-04 16:00:00+00:00,1.07984,1.07997,1.07918,1.07935,1171,8,0
2023-09-04 20:00:00+00:00,1.07935,1.07965,1.07908,1.07908,887,8,0
2023-09-05 00:00:00+00:00,1.0790899999999999,1.07979,1.07804,1.0788,4055,8,0
2023-09-05 04:00:00+00:00,1.0788,1.07934,1.07541,1.0756000000000001,7517,8,0
2023-09-05 08:00:00+00:00,1.0756000000000001,1.07584,1.07289,1.07322,8193,8,0
2023-09-05 12:00:00+00:00,1.07322,1.07481,1.07059,1.07263,15033,8,0
2023-09-05 16:00:00+00:00,1.07262,1.07314,1.0719,1.07209,4730,8,0
2023-09-05 20:00:00+00:00,1.07211,1.07272,1.07187,1.07241,1369,8,0
2023-09-06 00:00:00+00:00,1.07242,1.07339,1.07129,1.07329,5088,8,0
2023-09-06 04:00:00+00:00,1.07329,1.07479,1.07239,1.07286,8898,8,0
2023-09-06 08:00:00+00:00,1.07286,1.07483,1.07232,1.07436,8082,8,0
2023-09-06 12:00:00+00:00,1.07434,1.07451,1.07023,1.07126,14846,8,0
2023-09-06 16:00:00+00:00,1.07124,1.07291,1.07108,1.07256,5195,8,0
2023-09-06 20:00:00+00:00,1.07258,1.07278,1.07208,1.07235,1293,8,0
2023-09-07 00:00:00+00:00,1.07235,1.07314,1.07187,1.07294,3944,8,0
2023-09-07 04:00:00+00:00,1.07294,1.07298,1.07078,1.07155,6671,8,0
2023-09-07 08:00:00+00:00,1.07153,1.07175,1.07026,1.0705,7440,8,0
2023-09-07 12:00:00+00:00,1.07049,1.07103,1.06857,1.07029,13287,8,0
2023-09-07 16:00:00+00:00,1.07029,1.07093,1.06934,1.06945,5042,8,0
2023-09-07 20:00:00+00:00,1.06945,1.06982,1.06924,1.0697,1311,8,0
2023-09-08 00:00:00+00:00,1.06972,1.07229,1.06967,1.0716,5370,8,0
2023-09-08 04:00:00+00:00,1.0716,1.07276,1.07073,1.07083,5936,8,0
2023-09-08 08:00:00+00:00,1.07083,1.07169,1.06938,1.06988,7974,8,0
2023-09-08 12:00:00+00:00,1.06987,1.07434,1.06974,1.07083,11758,8,0
2023-09-08 16:00:00+00:00,1.07084,1.07131,1.06966,1.0699,4572,8,0
2023-09-08 20:00:00+00:00,1.06988,1.07027,1.06988,1.07,642,8,0
2023-09-10 20:00:00+00:00,1.07106,1.07201,1.07065,1.07158,1597,10,0
2023-09-11 00:00:00+00:00,1.07159,1.07276,1.07096,1.07222,5573,8,0
2023-09-11 04:00:00+00:00,1.07221,1.0741,1.07214,1.0725500000000001,7707,8,0
2023-09-11 08:00:00+00:00,1.0725500000000001,1.07339,1.07179,1.07191,7346,8,0
2023-09-11 12:00:00+00:00,1.07192,1.07588,1.07151,1.07422,10946,8,0
2023-09-11 16:00:00+00:00,1.07423,1.07575,1.07422,1.07484,4545,8,0
2023-09-11 20:00:00+00:00,1.07485,1.0751,1.07457,1.07471,1286,8,0
2023-09-12 00:00:00+00:00,1.07471,1.07687,1.07372,1.07459,5453,8,0
2023-09-12 04:00:00+00:00,1.0746,1.07461,1.07118,1.0713,6061,8,0
2023-09-12 08:00:00+00:00,1.07131,1.07256,1.0708199999999999,1.07176,7412,8,0
2023-09-12 12:00:00+00:00,1.07175,1.07297,1.07051,1.0725,9789,8,0
2023-09-12 16:00:00+00:00,1.07252,1.07371,1.07213,1.07277,5064,8,0
2023-09-12 20:00:00+00:00,1.07277,1.07644,1.07273,1.07527,2315,8,0
2023-09-13 00:00:00+00:00,1.07528,1.07644,1.07441,1.07468,4877,8,0
2023-09-13 04:00:00+00:00,1.07469,1.07541,1.07308,1.07434,7210,8,0
2023-09-13 08:00:00+00:00,1.07432,1.07444,1.07282,1.07362,7871,8,0
2023-09-13 12:00:00+00:00,1.07363,1.0761,1.07083,1.07353,22261,8,0
2023-09-13 16:00:00+00:00,1.07353,1.07487,1.07275,1.07314,6441,8,0
2023-09-13 20:00:00+00:00,1.07314,1.07342,1.07264,1.07324,1530,8,0
2023-09-14 00:00:00+00:00,1.07324,1.07461,1.0729899999999999,1.07442,4585,8,0
2023-09-14 04:00:00+00:00,1.07442,1.07517,1.07327,1.07332,5036,8,0
2023-09-14 08:00:00+00:00,1.07331,1.07396,1.07241,1.07296,7143,8,0
2023-09-14 12:00:00+00:00,1.07298,1.07458,1.06531,1.06583,25566,8,0
2023-09-14 16:00:00+00:00,1.06585,1.06626,1.06314,1.06423,6394,8,0
2023-09-14 20:00:00+00:00,1.06422,1.06464,1.06345,1.06346,1569,8,0
2023-09-15 00:00:00+00:00,1.06346,1.0648,1.06329,1.0647,5040,8,0
2023-09-15 04:00:00+00:00,1.0647199999999999,1.06671,1.0644,1.06632,7126,8,0
2023-09-15 08:00:00+00:00,1.06633,1.0669,1.06526,1.06541,6681,8,0
2023-09-15 12:00:00+00:00,1.06541,1.06874,1.06448,1.06718,14363,8,0
2023-09-15 16:00:00+00:00,1.06718,1.06798,1.06592,1.0659399999999999,5214,8,0
2023-09-15 20:00:00+00:00,1.06595,1.06624,1.06567,1.06603,857,8,0
2023-09-17 20:00:00+00:00,1.06607,1.06681,1.06606,1.06676,875,10,0
2023-09-18 00:00:00+00:00,1.06676,1.0673300000000001,1.06607,1.06638,3810,8,0
2023-09-18 04:00:00+00:00,1.06638,1.06774,1.06574,1.06618,5169,8,0
2023-09-18 08:00:00+00:00,1.06617,1.06744,1.06559,1.06629,5971,8,0
2023-09-18 12:00:00+00:00,1.06628,1.06983,1.06543,1.06937,10064,8,0
2023-09-18 16:00:00+00:00,1.06937,1.06977,1.06776,1.06862,4597,8,0
2023-09-18 20:00:00+00:00,1.06861,1.06933,1.06809,1.06916,1341,8,0
2023-09-19 00:00:00+00:00,1.06917,1.06962,1.06806,1.06822,3401,8,0
2023-09-19 04:00:00+00:00,1.06823,1.06949,1.06746,1.06941,5347,8,0
2023-09-19 08:00:00+00:00,1.06939,1.07093,1.06817,1.07084,7090,8,0
2023-09-19 12:00:00+00:00,1.07084,1.07175,1.06795,1.06827,11294,8,0
2023-09-19 16:00:00+00:00,1.06828,1.06914,1.06758,1.068,4892,8,0
2023-09-19 20:00:00+00:00,1.06801,1.06818,1.06764,1.0681,1134,8,0
2023-09-20 00:00:00+00:00,1.06811,1.06893,1.06778,1.06791,3576,8,0
2023-09-20 04:00:00+00:00,1.06792,1.06925,1.06727,1.06902,6404,8,0
2023-09-20 08:00:00+00:00,1.06901,1.07046,1.06893,1.0701100000000001,5793,8,0
2023-09-20 12:00:00+00:00,1.07013,1.07268,1.06918,1.07138,9664,8,0
2023-09-20 16:00:00+00:00,1.07137,1.07363,1.06575,1.06583,18858,8,0
2023-09-20 20:00:00+00:00,1.06583,1.06626,1.06474,1.06493,2163,8,0
2023-09-21 00:00:00+00:00,1.06495,1.06498,1.06164,1.06362,6309,8,0
2023-09-21 04:00:00+00:00,1.06362,1.06578,1.06324,1.06548,7805,8,0
2023-09-21 08:00:00+00:00,1.06548,1.06641,1.06332,1.06352,11134,8,0
2023-09-21 12:00:00+00:00,1.06354,1.06731,1.06245,1.06629,15757,8,0
2023-09-21 16:00:00+00:00,1.0663,1.06705,1.06542,1.06588,6492,8,0
2023-09-21 20:00:00+00:00,1.06586,1.06626,1.06557,1.06599,1569,8,0
2023-09-22 00:00:00+00:00,1.06599,1.06623,1.06405,1.0651,5120,8,0
2023-09-22 04:00:00+00:00,1.0651,1.06675,1.06146,1.06455,9431,8,0
2023-09-22 08:00:00+00:00,1.06455,1.0651,1.06337,1.06359,7911,8,0
2023-09-22 12:00:00+00:00,1.0636,1.06713,1.0636,1.06589,11626,8,0
2023-09-22 16:00:00+00:00,1.06589,1.06613,1.06389,1.06434,4906,8,0
2023-09-22 20:00:00+00:00,1.06434,1.06467,1.06413,1.06455,849,8,0
2023-09-24 20:00:00+00:00,1.06506,1.06514,1.06418,1.06479,1131,10,0
2023-09-25 00:00:00+00:00,1.0648,1.06549,1.06426,1.06476,3875,8,0
2023-09-25 04:00:00+00:00,1.06476,1.06527,1.06312,1.06376,5394,8,0
2023-09-25 08:00:00+00:00,1.06376,1.0643,1.06235,1.06301,8103,8,0
2023-09-25 12:00:00+00:00,1.063,1.06343,1.0575,1.05897,12159,8,0
2023-09-25 16:00:00+00:00,1.05897,1.05983,1.0585,1.05923,4928,8,0
2023-09-25 20:00:00+00:00,1.05923,1.05946,1.05891,1.05909,1670,8,0
2023-09-26 00:00:00+00:00,1.05909,1.05916,1.05781,1.05855,4283,8,0
2023-09-26 04:00:00+00:00,1.05856,1.05926,1.05696,1.0584500000000001,6435,8,0
2023-09-26 08:00:00+00:00,1.05847,1.06029,1.05822,1.05991,7317,8,0
2023-09-26 12:00:00+00:00,1.05989,1.06086,1.05673,1.0572,11755,8,0
2023-09-26 16:00:00+00:00,1.0572,1.05765,1.05617,1.05696,5370,8,0
2023-09-26 20:00:00+00:00,1.05697,1.0575,1.05665,1.05687,1732,8,0
2023-09-27 00:00:00+00:00,1.05686,1.05716,1.05556,1.05616,4851,8,0
2023-09-27 04:00:00+00:00,1.05614,1.05735,1.05545,1.05649,6094,8,0
2023-09-27 08:00:00+00:00,1.05649,1.05694,1.0534,1.0539,7468,8,0
2023-09-27 12:00:00+00:00,1.05392,1.05508,1.05078,1.05084,13516,8,0
2023-09-27 16:00:00+00:00,1.05085,1.05182,1.04877,1.05052,9754,8,0
2023-09-27 20:00:00+00:00,1.05053,1.05065,1.04981,1.05049,1887,8,0
2023-09-28 00:00:00+00:00,1.05049,1.05158,1.04983,1.05036,4484,8,0
2023-09-28 04:00:00+00:00,1.05036,1.0518399999999999,1.04907,1.05082,7911,8,0
2023-09-28 08:00:00+00:00,1.05082,1.05479,1.05043,1.05409,9881,8,0
2023-09-28 12:00:00+00:00,1.05411,1.0578400000000001,1.05175,1.05759,18683,8,0
2023-09-28 16:00:00+00:00,1.05759,1.05779,1.05494,1.05636,8366,8,0
2023-09-28 20:00:00+00:00,1.05636,1.05668,1.05583,1.05618,1728,8,0
2023-09-29 00:00:00+00:00,1.05619,1.05823,1.05576,1.05751,4232,8,0
2023-09-29 04:00:00+00:00,1.05751,1.06103,1.05738,1.06058,7900,8,0
2023-09-29 08:00:00+00:00,1.06059,1.06166,1.05898,1.05941,9777,8,0
2023-09-29 12:00:00+00:00,1.05939,1.06097,1.05696,1.05831,18119,8,0
2023-09-29 16:00:00+00:00,1.05831,1.05864,1.05637,1.05719,9372,8,0
2023-09-29 20:00:00+00:00,1.0572,1.05758,1.0569,1.05735,1063,8,0
2023-10-01 20:00:00+00:00,1.05676,1.05697,1.05559,1.0563,1595,10,0
2023-10-02 00:00:00+00:00,1.05636,1.05704,1.05618,1.05694,3507,8,0
2023-10-02 04:00:00+00:00,1.05692,1.05915,1.05598,1.0572,6793,8,0
2023-10-02 08:00:00+00:00,1.05718,1.05777,1.05299,1.05309,9335,8,0
2023-10-02 12:00:00+00:00,1.05309,1.05371,1.04918,1.04986,16053,8,0
2023-10-02 16:00:00+00:00,1.04984,1.05047,1.04804,1.04806,7586,8,0
2023-10-02 20:00:00+00:00,1.04804,1.04824,1.0473,1.04794,1952,8,0
2023-10-03 00:00:00+00:00,1.04795,1.048,1.04634,1.04678,5689,8,0
2023-10-03 04:00:00+00:00,1.0468,1.04838,1.04595,1.0482,7820,8,0
2023-10-03 08:00:00+00:00,1.0482,1.04931,1.04689,1.04731,9432,8,0
2023-10-03 12:00:00+00:00,1.04733,1.04853,1.04478,1.04522,23233,8,0
2023-10-03 16:00:00+00:00,1.04522,1.04792,1.04514,1.04709,9473,8,0
2023-10-03 20:00:00+00:00,1.04709,1.04732,1.04612,1.04682,1830,8,0
2023-10-04 00:00:00+00:00,1.04683,1.04752,1.04568,1.04588,5483,8,0
2023-10-04 04:00:00+00:00,1.04588,1.04849,1.04509,1.04841,7868,8,0
2023-10-04 08:00:00+00:00,1.04841,1.05159,1.04786,1.04976,10204,8,0
2023-10-04 12:00:00+00:00,1.04976,1.05318,1.04826,1.05172,20307,8,0
2023-10-04 16:00:00+00:00,1.05174,1.05214,1.04975,1.05149,8678,8,0
2023-10-04 20:00:00+00:00,1.05149,1.05155,1.05012,1.05065,1727,8,0
2023-10-05 00:00:00+00:00,1.05064,1.05284,1.05017,1.05246,5331,8,0
2023-10-05 04:00:00+00:00,1.05246,1.05259,1.05012,1.05084,6742,8,0
2023-10-05 08:00:00+00:00,1.05083,1.05248,1.05024,1.05232,9178,8,0
2023-10-05 12:00:00+00:00,1.05232,1.0537,1.04996,1.05254,17692,8,0
2023-10-05 16:00:00+00:00,1.05253,1.05512,1.05237,1.0549,8439,8,0
2023-10-05 20:00:00+00:00,1.05492,1.05514,1.05444,1.05459,1487,8,0
2023-10-06 00:00:00+00:00,1.0546,1.05475,1.05378,1.05421,4228,8,0
2023-10-06 04:00:00+00:00,1.05421,1.05506,1.05311,1.05495,5708,8,0
2023-10-06 08:00:00+00:00,1.05496,1.05669,1.05417,1.05655,8328,8,0
2023-10-06 12:00:00+00:00,1.05655,1.05995,1.04822,1.05944,29037,8,0
2023-10-06 16:00:00+00:00,1.05942,1.0599,1.05752,1.05892,9319,8,0
2023-10-06 20:00:00+00:00,1.05893,1.05893,1.0582,1.05856,832,8,0
2023-10-08 20:00:00+00:00,1.05494,1.05679,1.05469,1.05658,2360,10,0
2023-10-09 00:00:00+00:00,1.0566,1.05739,1.05511,1.05518,5551,8,0
2023-10-09 04:00:00+00:00,1.05518,1.05582,1.05191,1.05227,8189,8,0
2023-10-09 08:00:00+00:00,1.05225,1.05447,1.05198,1.05278,8261,8,0
2023-10-09 12:00:00+00:00,1.05278,1.05571,1.05222,1.05393,13053,8,0
2023-10-09 16:00:00+00:00,1.05393,1.05696,1.05341,1.05687,7136,8,0
2023-10-09 20:00:00+00:00,1.05686,1.05792,1.05631,1.05782,1919,8,0
2023-10-10 00:00:00+00:00,1.05782,1.0583,1.05656,1.05691,6738,8,0
2023-10-10 04:00:00+00:00,1.05691,1.05719,1.05541,1.05713,8738,8,0
2023-10-10 08:00:00+00:00,1.05714,1.06106,1.05695,1.05753,12280,8,0
2023-10-10 12:00:00+00:00,1.05751,1.0619,1.05738,1.06167,15647,8,0
2023-10-10 16:00:00+00:00,1.06168,1.06194,1.05921,1.06042,9142,8,0
2023-10-10 20:00:00+00:00,1.06042,1.06077,1.06013,1.06038,1715,8,0
2023-10-11 00:00:00+00:00,1.06039,1.06139,1.0601,1.06045,5257,8,0
2023-10-11 04:00:00+00:00,1.06045,1.06277,1.05951,1.05995,7808,8,0
2023-10-11 08:00:00+00:00,1.05994,1.06142,1.0593,1.06035,10563,8,0
2023-10-11 12:00:00+00:00,1.06036,1.06343,1.05808,1.06124,17344,8,0
2023-10-11 16:00:00+00:00,1.06122,1.06153,1.0584500000000001,1.06121,8814,8,0
2023-10-11 20:00:00+00:00,1.06121,1.06251,1.06112,1.06232,1631,8,0
2023-10-12 00:00:00+00:00,1.06231,1.06286,1.06196,1.06282,4776,8,0
2023-10-12 04:00:00+00:00,1.06283,1.06392,1.06196,1.06196,6731,8,0
2023-10-12 08:00:00+00:00,1.06195,1.06269,1.06128,1.06191,7101,8,0
2023-10-12 12:00:00+00:00,1.06191,1.06254,1.05442,1.05516,20601,8,0
2023-10-12 16:00:00+00:00,1.05516,1.05604,1.05253,1.05301,9944,8,0
2023-10-12 20:00:00+00:00,1.05302,1.0537,1.05252,1.05354,1645,8,0
2023-10-13 00:00:00+00:00,1.05352,1.05478,1.05342,1.05452,4858,8,0
2023-10-13 04:00:00+00:00,1.05452,1.05574,1.05311,1.05513,7118,8,0
2023-10-13 08:00:00+00:00,1.05514,1.0558,1.05136,1.05243,9385,8,0
2023-10-13 12:00:00+00:00,1.05242,1.05469,1.04952,1.05002,16292,8,0
2023-10-13 16:00:00+00:00,1.05003,1.05154,1.04992,1.05134,8296,8,0
2023-10-13 20:00:00+00:00,1.05134,1.05134,1.05052,1.05076,759,8,0
2023-10-15 20:00:00+00:00,1.0511,1.05235,1.0506199999999999,1.05216,1527,10,0
2023-10-16 00:00:00+00:00,1.05217,1.05255,1.05151,1.0523,4810,8,0
2023-10-16 04:00:00+00:00,1.05232,1.05377,1.0522,1.05339,7555,8,0
2023-10-16 08:00:00+00:00,1.05338,1.05424,1.05231,1.05361,8027,8,0
2023-10-16 12:00:00+00:00,1.05363,1.05549,1.05253,1.05443,12974,8,0
2023-10-16 16:00:00+00:00,1.05445,1.05623,1.05399,1.05623,5764,8,0
2023-10-16 20:00:00+00:00,1.05621,1.05623,1.05517,1.05535,1551,8,0
2023-10-17 00:00:00+00:00,1.05538,1.05603,1.05457,1.05495,4919,8,0
2023-10-17 04:00:00+00:00,1.05495,1.05543,1.05336,1.05482,6374,8,0
2023-10-17 08:00:00+00:00,1.0548,1.05789,1.05325,1.05747,9543,8,0
2023-10-17 12:00:00+00:00,1.05749,1.05921,1.05377,1.05917,18138,8,0
2023-10-17 16:00:00+00:00,1.05917,1.05944,1.05636,1.0576699999999999,7819,8,0
2023-10-17 20:00:00+00:00,1.05765,1.05772,1.05714,1.05724,1513,8,0
2023-10-18 00:00:00+00:00,1.05724,1.05785,1.05601,1.0575,5205,8,0
2023-10-18 04:00:00+00:00,1.0575,1.05937,1.057,1.0578400000000001,7385,8,0
2023-10-18 08:00:00+00:00,1.05783,1.05863,1.05516,1.05602,9067,8,0
2023-10-18 12:00:00+00:00,1.05602,1.05739,1.05255,1.05308,14481,8,0
2023-10-18 16:00:00+00:00,1.0531,1.05532,1.05227,1.0535,9413,8,0
2023-10-18 20:00:00+00:00,1.05349,1.05384,1.0533,1.05375,1497,8,0
2023-10-19 00:00:00+00:00,1.05376,1.05415,1.0532,1.05334,5225,8,0
2023-10-19 04:00:00+00:00,1.05336,1.05477,1.05277,1.05371,6828,8,0
2023-10-19 08:00:00+00:00,1.05369,1.0563,1.05291,1.05575,8804,8,0
2023-10-19 12:00:00+00:00,1.05573,1.05813,1.05557,1.05691,14371,8,0
2023-10-19 16:00:00+00:00,1.05693,1.0616,1.05556,1.05879,21992,8,0
2023-10-19 20:00:00+00:00,1.05877,1.05877,1.05764,1.05859,1999,8,0
2023-10-20 00:00:00+00:00,1.05861,1.05861,1.05681,1.05757,5265,8,0
2023-10-20 04:00:00+00:00,1.05756,1.0578400000000001,1.05646,1.05703,6765,8,0
2023-10-20 08:00:00+00:00,1.05703,1.05985,1.0568,1.05905,8525,8,0
2023-10-20 12:00:00+00:00,1.05905,1.06003,1.05649,1.05907,15314,8,0
2023-10-20 16:00:00+00:00,1.05905,1.06032,1.05809,1.05918,8262,8,0
2023-10-20 20:00:00+00:00,1.05916,1.05953,1.05911,1.05934,813,8,0
2023-10-22 20:00:00+00:00,1.05931,1.05956,1.05869,1.05891,1178,10,0
2023-10-23 00:00:00+00:00,1.0588899999999999,1.05898,1.05729,1.05748,4218,8,0
2023-10-23 04:00:00+00:00,1.05747,1.05973,1.05711,1.05972,6348,8,0
2023-10-23 08:00:00+00:00,1.05972,1.06145,1.05901,1.06013,9286,8,0
2023-10-23 12:00:00+00:00,1.06013,1.06463,1.0590600000000001,1.06449,13652,8,0
2023-10-23 16:00:00+00:00,1.06448,1.06775,1.06406,1.06652,8064,8,0
2023-10-23 20:00:00+00:00,1.06651,1.0671599999999999,1.06624,1.06695,1913,8,0
2023-10-24 00:00:00+00:00,1.06696,1.06867,1.06665,1.06822,5102,8,0
2023-10-24 04:00:00+00:00,1.06822,1.06941,1.06566,1.06625,7663,8,0
2023-10-24 08:00:00+00:00,1.06625,1.06625,1.06214,1.06348,9432,8,0
2023-10-24 12:00:00+00:00,1.06349,1.06361,1.05827,1.05933,15629,8,0
2023-10-24 16:00:00+00:00,1.05934,1.06016,1.05831,1.05914,7273,8,0
2023-10-24 20:00:00+00:00,1.05916,1.05946,1.05866,1.05945,1676,8,0
2023-10-25 00:00:00+00:00,1.05945,1.06046,1.05892,1.06016,4718,8,0
2023-10-25 04:00:00+00:00,1.06016,1.06062,1.05779,1.05868,5499,8,0
2023-10-25 08:00:00+00:00,1.05869,1.05963,1.05655,1.0572300000000001,7653,8,0
2023-10-25 12:00:00+00:00,1.0572300000000001,1.05952,1.05665,1.05827,13793,8,0
2023-10-25 16:00:00+00:00,1.05826,1.05855,1.05654,1.05675,7987,8,0
2023-10-25 20:00:00+00:00,1.05675,1.05694,1.05584,1.05659,2073,8,0
2023-10-26 00:00:00+00:00,1.05658,1.05687,1.0541,1.05463,5086,8,0
2023-10-26 04:00:00+00:00,1.05463,1.05489,1.05325,1.05478,7180,8,0
2023-10-26 08:00:00+00:00,1.05478,1.0552,1.05307,1.05355,7362,8,0
2023-10-26 12:00:00+00:00,1.05357,1.05598,1.05216,1.05314,18758,8,0
2023-10-26 16:00:00+00:00,1.05313,1.05643,1.0524499999999999,1.05563,9381,8,0
2023-10-26 20:00:00+00:00,1.05561,1.05651,1.05537,1.05635,2099,8,0
2023-10-27 00:00:00+00:00,1.05635,1.05662,1.05521,1.0564,4314,8,0
2023-10-27 04:00:00+00:00,1.05641,1.05694,1.05516,1.05581,5739,8,0
2023-10-27 08:00:00+00:00,1.0558,1.05666,1.0535,1.05368,7414,8,0
2023-10-27 12:00:00+00:00,1.05368,1.05966,1.05348,1.05909,16758,8,0
2023-10-27 16:00:00+00:00,1.05909,1.05962,1.0557,1.05701,9109,8,0
2023-10-27 20:00:00+00:00,1.05702,1.05702,1.05624,1.0564,900,8,0
2023-10-29 20:00:00+00:00,1.05653,1.05671,1.05571,1.05617,1338,10,0
2023-10-30 00:00:00+00:00,1.05617,1.05654,1.05548,1.056,4511,8,0
2023-10-30 04:00:00+00:00,1.056,1.05671,1.05526,1.05561,4563,8,0
2023-10-30 08:00:00+00:00,1.05563,1.05956,1.05467,1.05848,8924,8,0
2023-10-30 12:00:00+00:00,1.0585,1.06245,1.05817,1.06188,14339,8,0
2023-10-30 16:00:00+00:00,1.06185,1.06211,1.05999,1.06167,6916,8,0
2023-10-30 20:00:00+00:00,1.06167,1.06171,1.06102,1.06136,1836,8,0
2023-10-31 00:00:00+00:00,1.06136,1.06139,1.05903,1.05942,5929,8,0
2023-10-31 04:00:00+00:00,1.05942,1.06253,1.05903,1.06206,6308,8,0
2023-10-31 08:00:00+00:00,1.06204,1.06745,1.06152,1.06552,10987,8,0
2023-10-31 12:00:00+00:00,1.0655000000000001,1.06605,1.0566,1.05665,16565,8,0
2023-10-31 16:00:00+00:00,1.05667,1.05852,1.05573,1.05799,9592,8,0
2023-10-31 20:00:00+00:00,1.058,1.05831,1.05705,1.05776,2375,8,0
2023-11-01 00:00:00+00:00,1.05777,1.05802,1.05661,1.05699,4694,8,0
2023-11-01 04:00:00+00:00,1.057,1.05772,1.05585,1.05641,5368,8,0
2023-11-01 08:00:00+00:00,1.05641,1.05674,1.05405,1.05427,7549,8,0
2023-11-01 12:00:00+00:00,1.05428,1.05704,1.05214,1.0537,17713,8,0
2023-11-01 16:00:00+00:00,1.0537,1.057,1.05163,1.05668,19823,8,0
2023-11-01 20:00:00+00:00,1.05667,1.05861,1.05636,1.05858,2746,8,0
2023-11-02 00:00:00+00:00,1.0586,1.06017,1.05832,1.05995,5509,8,0
2023-11-02 04:00:00+00:00,1.05994,1.06096,1.05934,1.0603,5653,8,0
2023-11-02 08:00:00+00:00,1.0602800000000001,1.06382,1.05909,1.06335,10425,8,0
2023-11-02 12:00:00+00:00,1.06336,1.0667200000000001,1.06167,1.06169,15888,8,0
2023-11-02 16:00:00+00:00,1.0617,1.06319,1.06103,1.06225,8400,8,0
2023-11-02 20:00:00+00:00,1.06224,1.06231,1.06141,1.06153,2175,8,0
2023-11-03 00:00:00+00:00,1.06155,1.06284,1.06144,1.06248,3840,8,0
2023-11-03 04:00:00+00:00,1.06248,1.06333,1.06243,1.06287,4529,8,0
2023-11-03 08:00:00+00:00,1.06287,1.06521,1.06194,1.06463,8356,8,0
2023-11-03 12:00:00+00:00,1.06464,1.07349,1.06448,1.07315,22410,8,0
2023-11-03 16:00:00+00:00,1.07315,1.07463,1.07222,1.07246,8840,8,0
2023-11-03 20:00:00+00:00,1.07246,1.07322,1.07246,1.07297,839,8,0
2023-11-05 20:00:00+00:00,1.07243,1.07313,1.07214,1.0729,987,40,0
2023-11-06 00:00:00+00:00,1.0729,1.0734,1.0722,1.07337,4654,8,0
2023-11-06 04:00:00+00:00,1.07337,1.07433,1.0731600000000001,1.07327,5246,8,0
2023-11-06 08:00:00+00:00,1.07327,1.07559,1.07311,1.07509,8979,8,0
2023-11-06 12:00:00+00:00,1.07508,1.07537,1.07259,1.0743,10567,8,0
2023-11-06 16:00:00+00:00,1.07431,1.07488,1.07219,1.07239,7400,8,0
2023-11-06 20:00:00+00:00,1.0723799999999999,1.07239,1.07128,1.07171,3133,8,0
2023-11-07 00:00:00+00:00,1.07181,1.07191,1.07057,1.07086,4780,8,0
2023-11-07 04:00:00+00:00,1.07086,1.07114,1.06915,1.06966,5690,8,0
2023-11-07 08:00:00+00:00,1.06964,1.07059,1.0665,1.06732,9887,8,0
2023-11-07 12:00:00+00:00,1.06732,1.06892,1.06637,1.06847,11843,8,0
2023-11-07 16:00:00+00:00,1.06847,1.07044,1.06722,1.06949,9823,8,0
2023-11-07 20:00:00+00:00,1.0695000000000001,1.07003,1.06892,1.06941,3296,8,0
2023-11-08 00:00:00+00:00,1.06953,1.06988,1.06861,1.06895,4667,8,0
2023-11-08 04:00:00+00:00,1.06896,1.06926,1.06752,1.06799,5319,8,0
2023-11-08 08:00:00+00:00,1.068,1.06823,1.06592,1.06766,9260,8,0
2023-11-08 12:00:00+00:00,1.06765,1.0707200000000001,1.06595,1.07046,11912,8,0
2023-11-08 16:00:00+00:00,1.07045,1.07155,1.07006,1.0702,9893,8,0
2023-11-08 20:00:00+00:00,1.07019,1.07106,1.06997,1.07088,3379,8,0
2023-11-09 00:00:00+00:00,1.07107,1.07154,1.0702099999999999,1.07076,3870,8,0
2023-11-09 04:00:00+00:00,1.07075,1.07115,1.0701100000000001,1.07049,4600,8,0
2023-11-09 08:00:00+00:00,1.07049,1.07095,1.06799,1.06877,8787,8,0
2023-11-09 12:00:00+00:00,1.06876,1.07248,1.06861,1.0714299999999999,13538,8,0
2023-11-09 16:00:00+00:00,1.0714299999999999,1.07166,1.06597,1.06669,15362,8,0
2023-11-09 20:00:00+00:00,1.0667,1.06748,1.06622,1.06666,4750,8,0
2023-11-10 00:00:00+00:00,1.06669,1.06746,1.06628,1.06694,4151,8,0
2023-11-10 04:00:00+00:00,1.06694,1.06715,1.06559,1.06628,5136,8,0
2023-11-10 08:00:00+00:00,1.06628,1.06885,1.06627,1.06764,9126,8,0
2023-11-10 12:00:00+00:00,1.06763,1.06922,1.06621,1.06697,12702,8,0
2023-11-10 16:00:00+00:00,1.06696,1.0687,1.06628,1.0679400000000001,8594,8,0
2023-11-10 20:00:00+00:00,1.0679400000000001,1.06869,1.06769,1.06844,2251,8,0
2023-11-12 20:00:00+00:00,1.06834,1.06885,1.06793,1.06883,1095,40,0
2023-11-13 00:00:00+00:00,1.06901,1.06901,1.06807,1.06855,3788,8,0
2023-11-13 04:00:00+00:00,1.06854,1.06969,1.0683,1.06923,4527,8,0
2023-11-13 08:00:00+00:00,1.06922,1.0701,1.06847,1.06866,7986,8,0
2023-11-13 12:00:00+00:00,1.06866,1.06924,1.06644,1.06886,11537,8,0
2023-11-13 16:00:00+00:00,1.06885,1.07057,1.06848,1.07017,7782,8,0
2023-11-13 20:00:00+00:00,1.07015,1.07037,1.0695000000000001,1.07009,3001,8,0
2023-11-14 00:00:00+00:00,1.0701100000000001,1.07018,1.06943,1.06964,3577,8,0
2023-11-14 04:00:00+00:00,1.06962,1.07091,1.06925,1.07056,4611,8,0
2023-11-14 08:00:00+00:00,1.07058,1.07301,1.06956,1.0719,9623,8,0
2023-11-14 12:00:00+00:00,1.0719,1.0842,1.07117,1.08371,22380,8,0
2023-11-14 16:00:00+00:00,1.0836999999999999,1.08823,1.08359,1.08808,10857,8,0
2023-11-14 20:00:00+00:00,1.08808,1.0887,1.08709,1.08774,3872,8,0
2023-11-15 00:00:00+00:00,1.08775,1.08824,1.08654,1.08815,5474,8,0
2023-11-15 04:00:00+00:00,1.08815,1.08834,1.08645,1.08722,6147,8,0
2023-11-15 08:00:00+00:00,1.08723,1.08789,1.08438,1.08654,10156,8,0
2023-11-15 12:00:00+00:00,1.08654,1.08857,1.08314,1.08645,16426,8,0
2023-11-15 16:00:00+00:00,1.08647,1.08683,1.08408,1.08459,8887,8,0
2023-11-15 20:00:00+00:00,1.08459,1.08534,1.08397,1.08534,3365,8,0
2023-11-16 00:00:00+00:00,1.08536,1.0855299999999999,1.08298,1.08323,4986,8,0
2023-11-16 04:00:00+00:00,1.08323,1.08453,1.08319,1.08405,5001,8,0
2023-11-16 08:00:00+00:00,1.08403,1.0860400000000001,1.0838,1.08518,8546,8,0
2023-11-16 12:00:00+00:00,1.08519,1.08949,1.08389,1.08775,15579,8,0
2023-11-16 16:00:00+00:00,1.08776,1.08825,1.0846,1.0855,9017,8,0
2023-11-16 20:00:00+00:00,1.08552,1.08575,1.08408,1.08521,3709,8,0
2023-11-17 00:00:00+00:00,1.08524,1.08567,1.08483,1.08536,4280,8,0
2023-11-17 04:00:00+00:00,1.08537,1.08559,1.08345,1.08381,5020,8,0
2023-11-17 08:00:00+00:00,1.0838,1.0874,1.08246,1.08659,11689,8,0
2023-11-17 12:00:00+00:00,1.08659,1.08927,1.08571,1.08862,14699,8,0
2023-11-17 16:00:00+00:00,1.08862,1.0904,1.08747,1.08994,8693,8,0
2023-11-17 20:00:00+00:00,1.08992,1.09134,1.08968,1.09131,2525,8,0
2023-11-19 20:00:00+00:00,1.09091,1.09094,1.0903,1.0903100000000001,1112,40,0
2023-11-20 00:00:00+00:00,1.09051,1.09244,1.08972,1.09232,6401,8,0
2023-11-20 04:00:00+00:00,1.09233,1.09354,1.09127,1.09155,6906,8,0
2023-11-20 08:00:00+00:00,1.09157,1.09396,1.09148,1.09225,9715,8,0
2023-11-20 12:00:00+00:00,1.09224,1.09454,1.09186,1.09375,11152,8,0
2023-11-20 16:00:00+00:00,1.09375,1.09515,1.09349,1.09459,8704,8,0
2023-11-20 20:00:00+00:00,1.0946,1.09471,1.0937000000000001,1.09439,3698,8,0
2023-11-21 00:00:00+00:00,1.0944099999999999,1.09638,1.09415,1.09629,7002,8,0
2023-11-21 04:00:00+00:00,1.09629,1.09648,1.09505,1.09535,6746,8,0
2023-11-21 08:00:00+00:00,1.09532,1.09635,1.09386,1.09392,10242,8,0
2023-11-21 12:00:00+00:00,1.09391,1.09609,1.0931,1.09338,14174,8,0
2023-11-21 16:00:00+00:00,1.09339,1.09432,1.08996,1.09146,11307,8,0
2023-11-21 20:00:00+00:00,1.09148,1.0918,1.09068,1.09167,4046,8,0
2023-11-22 00:00:00+00:00,1.09169,1.09224,1.09087,1.0914,5602,8,0
2023-11-22 04:00:00+00:00,1.09141,1.09162,1.08951,1.09139,6396,8,0
2023-11-22 08:00:00+00:00,1.09139,1.09193,1.08821,1.08995,11223,8,0
2023-11-22 12:00:00+00:00,1.08996,1.09174,1.0852,1.08652,18754,8,0
2023-11-22 16:00:00+00:00,1.08654,1.08874,1.08611,1.08833,9301,7,0
2023-11-22 20:00:00+00:00,1.08832,1.0889,1.08791,1.08872,3266,8,0
2023-11-23 00:00:00+00:00,1.08874,1.09054,1.08873,1.09046,4092,8,0
2023-11-23 04:00:00+00:00,1.09046,1.09171,1.09004,1.09133,5491,8,0
2023-11-23 08:00:00+00:00,1.09131,1.09301,1.08955,1.09142,11899,8,0
2023-11-23 12:00:00+00:00,1.09141,1.09148,1.08868,1.09093,8920,8,0
2023-11-23 16:00:00+00:00,1.09091,1.09096,1.09021,1.09035,2887,8,0
2023-11-23 20:00:00+00:00,1.09035,1.09067,1.08985,1.09035,1732,10,0
2023-11-24 00:00:00+00:00,1.09036,1.09099,1.08944,1.08987,4414,8,0
2023-11-24 04:00:00+00:00,1.08987,1.09117,1.08968,1.09076,4887,8,0
2023-11-24 08:00:00+00:00,1.09076,1.09203,1.09011,1.09138,8936,8,0
2023-11-24 12:00:00+00:00,1.09135,1.09452,1.09063,1.09391,12645,7,0
2023-11-24 16:00:00+00:00,1.09392,1.09479,1.09279,1.09445,5854,8,0
2023-11-24 20:00:00+00:00,1.09444,1.09465,1.09326,1.09369,1362,25,0
2023-11-26 20:00:00+00:00,1.09394,1.0946,1.09355,1.09372,1291,40,0
2023-11-27 00:00:00+00:00,1.09372,1.09493,1.09265,1.09447,6134,8,0
2023-11-27 04:00:00+00:00,1.09447,1.09587,1.09415,1.09472,6613,8,0
2023-11-27 08:00:00+00:00,1.09473,1.09561,1.09389,1.09531,9311,8,0
2023-11-27 12:00:00+00:00,1.09534,1.09548,1.09246,1.09324,15289,8,0
2023-11-27 16:00:00+00:00,1.09323,1.09562,1.09274,1.09557,9630,8,0
2023-11-27 20:00:00+00:00,1.09557,1.09588,1.09422,1.09583,3855,8,0
2023-11-28 00:00:00+00:00,1.09585,1.09625,1.0953,1.09547,5407,8,0
2023-11-28 04:00:00+00:00,1.09547,1.09548,1.09342,1.09357,5568,8,0
2023-11-28 08:00:00+00:00,1.09359,1.0957,1.09359,1.09496,10351,8,0
2023-11-28 12:00:00+00:00,1.09496,1.10015,1.09449,1.09806,18548,8,0
2023-11-28 16:00:00+00:00,1.09807,1.10086,1.0973,1.09908,14137,8,0
2023-11-28 20:00:00+00:00,1.09908,1.10048,1.09756,1.10035,4952,8,0
2023-11-29 00:00:00+00:00,1.10038,1.10168,1.0997,1.09983,7482,8,0
2023-11-29 04:00:00+00:00,1.0998,1.10042,1.09816,1.09845,7938,8,0
2023-11-29 08:00:00+00:00,1.0984099999999999,1.09979,1.09686,1.0984,12805,8,0
2023-11-29 12:00:00+00:00,1.0984,1.09942,1.09595,1.09743,20430,8,0
2023-11-29 16:00:00+00:00,1.0974,1.09944,1.09612,1.09827,10355,8,0
2023-11-29 20:00:00+00:00,1.09826,1.09835,1.09625,1.09729,4196,8,0
2023-11-30 00:00:00+00:00,1.0973,1.09834,1.09669,1.09739,5707,8,0
2023-11-30 04:00:00+00:00,1.09739,1.09814,1.09397,1.09514,7361,8,0
2023-11-30 08:00:00+00:00,1.09511,1.09588,1.09087,1.09152,13696,8,0
2023-11-30 12:00:00+00:00,1.0915300000000001,1.09494,1.08919,1.09108,23217,7,0
2023-11-30 16:00:00+00:00,1.09105,1.09165,1.0883099999999999,1.08899,12596,8,0
2023-11-30 20:00:00+00:00,1.08897,1.08938,1.08788,1.08913,4233,10,0
2023-12-01 00:00:00+00:00,1.08914,1.09123,1.08913,1.09003,6093,8,0
2023-12-01 04:00:00+00:00,1.09004,1.09118,1.08942,1.08945,7029,8,0
2023-12-01 08:00:00+00:00,1.08947,1.09042,1.08823,1.08967,12325,8,0
2023-12-01 12:00:00+00:00,1.08968,1.09005,1.08322,1.08375,18599,8,0
2023-12-01 16:00:00+00:00,1.08375,1.08924,1.08283,1.08718,17337,8,0
2023-12-01 20:00:00+00:00,1.08718,1.0883,1.08704,1.08818,2823,10,0
2023-12-03 20:00:00+00:00,1.0876,1.0893,1.08738,1.08838,2366,40,0
2023-12-04 00:00:00+00:00,1.08854,1.08863,1.0866,1.08798,8342,8,0
2023-12-04 04:00:00+00:00,1.08798,1.08803,1.08495,1.08538,7801,8,0
2023-12-04 08:00:00+00:00,1.08539,1.08805,1.08538,1.0869,12152,8,0
2023-12-04 12:00:00+00:00,1.08688,1.08756,1.08035,1.0814,18545,8,0
2023-12-04 16:00:00+00:00,1.08144,1.08286,1.0811,1.08269,10387,8,0
2023-12-04 20:00:00+00:00,1.08272,1.08372,1.08266,1.08366,4093,8,0
2023-12-05 00:00:00+00:00,1.08368,1.08457,1.0834,1.084,6267,8,0
2023-12-05 04:00:00+00:00,1.084,1.0847,1.08038,1.0807,7669,8,0
2023-12-05 08:00:00+00:00,1.08069,1.08422,1.08057,1.08185,13184,8,0
2023-12-05 12:00:00+00:00,1.08185,1.08384,1.07984,1.08053,20079,8,0
2023-12-05 16:00:00+00:00,1.08051,1.08128,1.07778,1.07835,12474,8,0
2023-12-05 20:00:00+00:00,1.07835,1.07983,1.07813,1.07929,4374,8,0
2023-12-06 00:00:00+00:00,1.0793,1.07982,1.07873,1.07961,5681,8,0
2023-12-06 04:00:00+00:00,1.07961,1.08013,1.07775,1.0789900000000001,6837,8,0
2023-12-06 08:00:00+00:00,1.07896,1.07975,1.07743,1.07796,11967,8,0
2023-12-06 12:00:00+00:00,1.07796,1.08045,1.0772,1.07898,16371,8,0
2023-12-06 16:00:00+00:00,1.07896,1.07998,1.07667,1.07681,9978,8,0
2023-12-06 20:00:00+00:00,1.0768,1.0769,1.07577,1.07658,4294,8,0
2023-12-07 00:00:00+00:00,1.07659,1.07715,1.0759,1.07595,5776,8,0
2023-12-07 04:00:00+00:00,1.07595,1.07806,1.07546,1.07802,7673,8,0
2023-12-07 08:00:00+00:00,1.07801,1.07842,1.07633,1.07704,13576,8,0
2023-12-07 12:00:00+00:00,1.07705,1.07975,1.0759,1.07836,18343,8,0
2023-12-07 16:00:00+00:00,1.07837,1.08171,1.07836,1.07979,12769,8,0
2023-12-07 20:00:00+00:00,1.07979,1.08033,1.07889,1.07891,3855,10,0
2023-12-08 00:00:00+00:00,1.07895,1.08001,1.07835,1.07916,8575,8,0
2023-12-08 04:00:00+00:00,1.07919,1.07919,1.07727,1.07788,7625,8,0
2023-12-08 08:00:00+00:00,1.0778699999999999,1.07908,1.07717,1.07826,12117,8,0
2023-12-08 12:00:00+00:00,1.07826,1.07855,1.07225,1.07679,25594,8,0
2023-12-08 16:00:00+00:00,1.07682,1.07701,1.07397,1.07584,10687,8,0
2023-12-08 20:00:00+00:00,1.07583,1.0766,1.07566,1.07601,2949,8,0
2023-12-10 20:00:00+00:00,1.07567,1.07656,1.07565,1.07636,1150,40,0
2023-12-11 00:00:00+00:00,1.07648,1.07735,1.07631,1.07645,6354,8,0
2023-12-11 04:00:00+00:00,1.07645,1.07703,1.07528,1.07557,6080,8,0
2023-12-11 08:00:00+00:00,1.07554,1.07785,1.07511,1.07677,10958,8,0
2023-12-11 12:00:00+00:00,1.07678,1.07699,1.07415,1.07439,12572,8,0
2023-12-11 16:00:00+00:00,1.07439,1.07692,1.07412,1.07609,9887,8,0
2023-12-11 20:00:00+00:00,1.07609,1.07651,1.07548,1.07646,3359,8,0
2023-12-12 00:00:00+00:00,1.07647,1.07699,1.07609,1.07677,5153,8,0
2023-12-12 04:00:00+00:00,1.07677,1.07828,1.07638,1.07774,6180,8,0
2023-12-12 08:00:00+00:00,1.07774,1.08069,1.07728,1.0796000000000001,10447,7,0
2023-12-12 12:00:00+00:00,1.07962,1.08278,1.07668,1.0784,20560,8,0
2023-12-12 16:00:00+00:00,1.07842,1.07983,1.07807,1.079,10725,8,0
2023-12-12 20:00:00+00:00,1.0789900000000001,1.07987,1.07888,1.07975,4380,8,0
2023-12-13 00:00:00+00:00,1.07977,1.07992,1.07837,1.0787,4676,8,0
2023-12-13 04:00:00+00:00,1.07868,1.07917,1.07798,1.07846,6459,8,0
2023-12-13 08:00:00+00:00,1.07843,1.07924,1.07729,1.07832,10697,8,0
2023-12-13 12:00:00+00:00,1.07833,1.08088,1.07806,1.07938,14183,8,0
2023-12-13 16:00:00+00:00,1.07941,1.08912,1.07795,1.08873,20129,8,0
2023-12-13 20:00:00+00:00,1.08876,1.08963,1.08646,1.0882,11240,8,0
2023-12-14 00:00:00+00:00,1.08821,1.09149,1.08788,1.09058,9725,8,0
2023-12-14 04:00:00+00:00,1.09057,1.0909,1.08807,1.08809,9404,8,0
2023-12-14 08:00:00+00:00,1.08808,1.09315,1.08796,1.09292,15796,8,0
2023-12-14 12:00:00+00:00,1.09291,1.09968,1.09061,1.09929,31851,8,0
2023-12-14 16:00:00+00:00,1.09926,1.10087,1.09793,1.09917,13135,8,0
2023-12-14 20:00:00+00:00,1.09916,1.09964,1.09874,1.09926,5567,8,0
2023-12-15 00:00:00+00:00,1.09931,1.10003,1.09765,1.09983,7251,8,0
2023-12-15 04:00:00+00:00,1.09983,1.10031,1.09802,1.09934,7940,8,0
2023-12-15 08:00:00+00:00,1.09933,1.09987,1.09463,1.09678,15077,8,0
2023-12-15 12:00:00+00:00,1.09681,1.09691,1.09036,1.0915,21272,8,0
2023-12-15 16:00:00+00:00,1.09149,1.09164,1.08882,1.08993,12489,8,0
2023-12-15 20:00:00+00:00,1.08989,1.09085,1.08916,1.08945,3900,8,0
2023-12-17 20:00:00+00:00,1.08906,1.08961,1.089,1.08926,1138,40,0
2023-12-18 00:00:00+00:00,1.08944,1.09131,1.08936,1.09103,5937,8,0
2023-12-18 04:00:00+00:00,1.09103,1.09296,1.09085,1.0921,6576,8,0
2023-12-18 08:00:00+00:00,1.09212,1.09277,1.09068,1.09123,11550,8,0
2023-12-18 12:00:00+00:00,1.09123,1.0930900000000001,1.0909,1.09137,14051,8,0
2023-12-18 16:00:00+00:00,1.09139,1.09275,1.09125,1.09166,9693,8,0
2023-12-18 20:00:00+00:00,1.09166,1.09238,1.0909,1.09227,4538,8,0
2023-12-19 00:00:00+00:00,1.09229,1.09286,1.09145,1.09251,6909,8,0
2023-12-19 04:00:00+00:00,1.0925,1.09408,1.0919699999999999,1.09279,8228,8,0
2023-12-19 08:00:00+00:00,1.09282,1.0949,1.09268,1.09369,11074,8,0
2023-12-19 12:00:00+00:00,1.09368,1.09868,1.09366,1.09853,15647,8,0
2023-12-19 16:00:00+00:00,1.09854,1.0985800000000001,1.09691,1.09758,9202,8,0
2023-12-19 20:00:00+00:00,1.0976,1.09824,1.09717,1.0979,4296,8,0
2023-12-20 00:00:00+00:00,1.09791,1.09791,1.09669,1.09697,4991,8,0
2023-12-20 04:00:00+00:00,1.09696,1.09707,1.09505,1.09663,7156,8,0
2023-12-20 08:00:00+00:00,1.09661,1.09709,1.09352,1.09374,11374,8,0
2023-12-20 12:00:00+00:00,1.09371,1.09745,1.09335,1.0973600000000001,14530,8,0
2023-12-20 16:00:00+00:00,1.09732,1.09752,1.09422,1.09463,10516,8,0
2023-12-20 20:00:00+00:00,1.09461,1.09481,1.09295,1.09429,7100,8,0
2023-12-21 00:00:00+00:00,1.09429,1.09539,1.09413,1.09485,5929,8,0
2023-12-21 04:00:00+00:00,1.09485,1.09555,1.0942,1.09466,6483,8,0
2023-12-21 08:00:00+00:00,1.09464,1.09846,1.09349,1.09793,11419,8,0
2023-12-21 12:00:00+00:00,1.09796,1.10019,1.0971899999999999,1.09895,19137,7,0
2023-12-21 16:00:00+00:00,1.09893,1.10006,1.09777,1.09988,13448,8,0
2023-12-21 20:00:00+00:00,1.09987,1.10122,1.09923,1.10051,5303,8,0
2023-12-22 00:00:00+00:00,1.10051,1.10091,1.09951,1.09974,5832,8,0
2023-12-22 04:00:00+00:00,1.09974,1.10071,1.09935,1.1,6613,8,0
2023-12-22 08:00:00+00:00,1.10003,1.10293,1.0999,1.10254,11053,8,0
2023-12-22 12:00:00+00:00,1.10254,1.10399,1.10013,1.10111,17522,8,0
2023-12-22 16:00:00+00:00,1.1011,1.10233,1.09997,1.10152,11620,8,0
2023-12-22 20:00:00+00:00,1.1015,1.10153,1.10076,1.1013,2779,8,0
2023-12-25 20:00:00+00:00,1.09785,1.10238,1.09785,1.10109,1204,156,0
2023-12-26 00:00:00+00:00,1.10123,1.10232,1.10074,1.10194,4006,122,0
2023-12-26 04:00:00+00:00,1.10194,1.10235,1.10127,1.10158,3750,122,0
2023-12-26 08:00:00+00:00,1.1016,1.10225,1.10031,1.10097,4801,83,0
2023-12-26 12:00:00+00:00,1.10097,1.10322,1.1008,1.10245,8049,10,0
2023-12-26 16:00:00+00:00,1.10246,1.10446,1.10239,1.10437,5858,10,0
2023-12-26 20:00:00+00:00,1.10438,1.10446,1.10362,1.10414,3211,10,0
2023-12-27 00:00:00+00:00,1.10417,1.10422,1.10283,1.10358,4185,10,0
2023-12-27 04:00:00+00:00,1.10358,1.10489,1.10357,1.10406,4438,10,0
2023-12-27 08:00:00+00:00,1.10405,1.10591,1.10373,1.10582,7518,10,0
2023-12-27 12:00:00+00:00,1.10583,1.11152,1.10481,1.11068,11895,10,0
2023-12-27 16:00:00+00:00,1.11068,1.11223,1.10984,1.11013,10132,10,0
2023-12-27 20:00:00+00:00,1.11013,1.11092,1.10932,1.11077,4214,10,0
2023-12-28 00:00:00+00:00,1.11079,1.11222,1.11075,1.11181,4387,10,0
2023-12-28 04:00:00+00:00,1.11181,1.11252,1.11045,1.11162,5358,10,0
2023-12-28 08:00:00+00:00,1.11163,1.11391,1.11038,1.11195,9980,10,0
2023-12-28 12:00:00+00:00,1.11195,1.11197,1.10717,1.11062,14247,10,0
2023-12-28 16:00:00+00:00,1.11061,1.11063,1.10547,1.1064,10019,10,0
2023-12-28 20:00:00+00:00,1.1064,1.10702,1.10562,1.10673,4304,10,0
2023-12-29 00:00:00+00:00,1.10676,1.1084,1.10633,1.10648,4663,10,0
2023-12-29 04:00:00+00:00,1.10648,1.10758,1.10604,1.10656,4670,10,0
2023-12-29 08:00:00+00:00,1.10653,1.10771,1.10437,1.10759,9111,10,0
2023-12-29 12:00:00+00:00,1.10761,1.10802,1.1042,1.10469,14210,10,0
2023-12-29 16:00:00+00:00,1.10466,1.10664,1.10377,1.104,12567,10,0
2023-12-29 20:00:00+00:00,1.10402,1.10503,1.10336,1.10369,2473,10,0
2024-01-01 20:00:00+00:00,1.1026799999999999,1.10369,1.1026799999999999,1.10306,1197,127,0
2024-01-02 00:00:00+00:00,1.10304,1.10385,1.10157,1.10226,3743,40,0
2024-01-02 04:00:00+00:00,1.10226,1.10359,1.10133,1.10134,4578,40,0
2024-01-02 08:00:00+00:00,1.10141,1.10375,1.09661,1.09684,11732,10,0
2024-01-02 12:00:00+00:00,1.09687,1.09714,1.09405,1.0943100000000001,17635,10,0
2024-01-02 16:00:00+00:00,1.0943100000000001,1.09613,1.09404,1.09461,9562,10,0
2024-01-02 20:00:00+00:00,1.09462,1.09508,1.09361,1.09411,4366,10,0
2024-01-03 00:00:00+00:00,1.09413,1.09619,1.09407,1.09604,3940,10,0
2024-01-03 04:00:00+00:00,1.09605,1.09624,1.09508,1.09599,4831,10,0
2024-01-03 08:00:00+00:00,1.0959699999999999,1.0965,1.09151,1.09192,11309,10,0
2024-01-03 12:00:00+00:00,1.09192,1.09383,1.08976,1.09041,20302,8,0
2024-01-03 16:00:00+00:00,1.09043,1.09253,1.08924,1.09172,16100,10,0
2024-01-03 20:00:00+00:00,1.09174,1.09269,1.09091,1.09253,6066,10,0
2024-01-04 00:00:00+00:00,1.09254,1.09302,1.09156,1.09257,4424,10,0
2024-01-04 04:00:00+00:00,1.09257,1.09432,1.09206,1.09373,6886,10,0
2024-01-04 08:00:00+00:00,1.09374,1.09718,1.09341,1.09476,12495,10,0
2024-01-04 12:00:00+00:00,1.09474,1.0965,1.09324,1.09548,16469,10,0
2024-01-04 16:00:00+00:00,1.09549,1.09636,1.09415,1.09467,9107,10,0
2024-01-04 20:00:00+00:00,1.09465,1.09496,1.09409,1.09457,4145,10,0
2024-01-05 00:00:00+00:00,1.09456,1.09555,1.09387,1.09388,4288,10,0
2024-01-05 04:00:00+00:00,1.09388,1.09408,1.09221,1.09227,5028,10,0
2024-01-05 08:00:00+00:00,1.09225,1.093,1.09023,1.09137,10478,10,0
2024-01-05 12:00:00+00:00,1.0914,1.09981,1.08759,1.09778,31471,10,0
2024-01-05 16:00:00+00:00,1.09779,1.09802,1.09348,1.09447,14903,10,0
2024-01-05 20:00:00+00:00,1.09446,1.09468,1.09353,1.0942,3403,10,0
2024-01-07 20:00:00+00:00,1.09399,1.09445,1.09303,1.09394,1179,40,0
2024-01-08 00:00:00+00:00,1.0941,1.09527,1.0931,1.09325,4455,10,0
2024-01-08 04:00:00+00:00,1.09326,1.09519,1.09302,1.09447,5602,10,0
2024-01-08 08:00:00+00:00,1.09449,1.0950199999999999,1.09222,1.09375,11446,10,0
2024-01-08 12:00:00+00:00,1.09374,1.09741,1.09368,1.09693,15487,10,0
2024-01-08 16:00:00+00:00,1.09695,1.09785,1.09485,1.09605,9022,10,0
2024-01-08 20:00:00+00:00,1.09606,1.09606,1.09442,1.09491,4585,10,0
2024-01-09 00:00:00+00:00,1.09493,1.09659,1.09488,1.09623,5322,10,0
2024-01-09 04:00:00+00:00,1.09623,1.09625,1.09457,1.09562,5679,10,0
2024-01-09 08:00:00+00:00,1.0956,1.09562,1.09282,1.0930900000000001,10815,10,0
2024-01-09 12:00:00+00:00,1.0931,1.09509,1.0917,1.09175,15597,10,0
2024-01-09 16:00:00+00:00,1.09174,1.09397,1.09097,1.09247,9929,10,0
2024-01-09 20:00:00+00:00,1.0924800000000001,1.09321,1.09231,1.09311,3905,10,0
2024-01-10 00:00:00+00:00,1.09313,1.09359,1.0925799999999999,1.09288,4657,10,0
2024-01-10 04:00:00+00:00,1.09286,1.0945,1.09232,1.09257,5692,10,0
2024-01-10 08:00:00+00:00,1.0925799999999999,1.0955,1.09222,1.09456,9563,10,0
2024-01-10 12:00:00+00:00,1.09455,1.09688,1.09315,1.09669,11246,10,0
2024-01-10 16:00:00+00:00,1.09671,1.09704,1.09518,1.09698,7848,10,0
2024-01-10 20:00:00+00:00,1.09699,1.09743,1.09611,1.09735,4774,10,0
2024-01-11 00:00:00+00:00,1.09737,1.09843,1.09726,1.09799,4463,10,0
2024-01-11 04:00:00+00:00,1.09799,1.09881,1.09741,1.09784,4781,10,0
2024-01-11 08:00:00+00:00,1.09785,1.0982,1.09581,1.09782,9501,10,0
2024-01-11 12:00:00+00:00,1.09782,1.0998,1.09297,1.09459,30326,10,0
2024-01-11 16:00:00+00:00,1.09461,1.09825,1.09361,1.09816,15543,10,0
2024-01-11 20:00:00+00:00,1.09817,1.09822,1.09557,1.09818,5813,10,0
2024-01-12 00:00:00+00:00,1.0982,1.09849,1.09723,1.09772,4891,10,0
2024-01-12 04:00:00+00:00,1.09773,1.098,1.09605,1.09661,5429,10,0
2024-01-12 08:00:00+00:00,1.09659,1.09823,1.09461,1.09491,10062,10,0
2024-01-12 12:00:00+00:00,1.09491,1.09865,1.09354,1.0965799999999999,21108,10,0
2024-01-12 16:00:00+00:00,1.09655,1.09734,1.09465,1.09555,9924,10,0
2024-01-12 20:00:00+00:00,1.09555,1.0956,1.09477,1.09499,2894,10,0
2024-01-14 20:00:00+00:00,1.09466,1.09494,1.09421,1.09432,921,40,0
2024-01-15 00:00:00+00:00,1.09448,1.09671,1.09404,1.09638,5126,10,0
2024-01-15 04:00:00+00:00,1.09638,1.09661,1.09511,1.09531,4669,10,0
2024-01-15 08:00:00+00:00,1.0953,1.09646,1.0933,1.09449,9710,10,0
2024-01-15 12:00:00+00:00,1.09449,1.09584,1.09376,1.09493,10525,10,0
2024-01-15 16:00:00+00:00,1.0949200000000001,1.09531,1.09457,1.09493,3093,10,0
2024-01-15 20:00:00+00:00,1.0949200000000001,1.09516,1.09442,1.09445,1795,10,0
2024-01-16 00:00:00+00:00,1.09446,1.09459,1.09149,1.09185,6557,10,0
2024-01-16 04:00:00+00:00,1.09184,1.09262,1.09081,1.09181,6114,10,0
2024-01-16 08:00:00+00:00,1.09179,1.09229,1.08734,1.08918,13752,10,0
2024-01-16 12:00:00+00:00,1.08918,1.08976,1.08653,1.08853,18521,10,0
2024-01-16 16:00:00+00:00,1.08854,1.08943,1.08616,1.08731,16535,10,0
2024-01-16 20:00:00+00:00,1.08732,1.08779,1.08694,1.08778,3692,10,0
2024-01-17 00:00:00+00:00,1.0878,1.08841,1.08647,1.08659,4820,10,0
2024-01-17 04:00:00+00:00,1.08659,1.08734,1.0855,1.08698,7905,10,0
2024-01-17 08:00:00+00:00,1.08697,1.08836,1.08605,1.08782,12132,10,0
2024-01-17 12:00:00+00:00,1.0878,1.08809,1.08441,1.08485,17919,10,0
2024-01-17 16:00:00+00:00,1.08485,1.08783,1.08474,1.08735,11002,10,0
2024-01-17 20:00:00+00:00,1.08734,1.0885,1.08699,1.08849,3360,10,0
2024-01-18 00:00:00+00:00,1.08855,1.09026,1.08799,1.08949,5919,10,0
2024-01-18 04:00:00+00:00,1.08947,1.09064,1.08859,1.08878,6069,10,0
2024-01-18 08:00:00+00:00,1.08875,1.08991,1.08761,1.08887,10208,10,0
2024-01-18 12:00:00+00:00,1.08889,1.08934,1.08462,1.0852,19306,10,0
2024-01-18 16:00:00+00:00,1.08517,1.08697,1.08496,1.0861399999999999,11237,10,0
2024-01-18 20:00:00+00:00,1.08613,1.08797,1.08601,1.08793,4529,10,0
2024-01-19 00:00:00+00:00,1.08794,1.08893,1.08757,1.08886,4824,10,0
2024-01-19 04:00:00+00:00,1.08886,1.08891,1.08742,1.08789,5103,10,0
2024-01-19 08:00:00+00:00,1.0878700000000001,1.08926,1.08676,1.08869,9450,10,0
2024-01-19 12:00:00+00:00,1.0887,1.08896,1.08652,1.08819,14769,10,0
2024-01-19 16:00:00+00:00,1.08822,1.08959,1.08796,1.08919,9599,10,0
2024-01-19 20:00:00+00:00,1.08919,1.08974,1.08895,1.0897000000000001,2772,10,0
2024-01-21 20:00:00+00:00,1.08869,1.0895299999999999,1.08835,1.08903,1655,40,0
2024-01-22 00:00:00+00:00,1.08916,1.09086,1.08907,1.09017,5021,10,0
2024-01-22 04:00:00+00:00,1.09017,1.0909,1.08967,1.08976,5797,10,0
2024-01-22 08:00:00+00:00,1.08974,1.09018,1.08812,1.08893,9338,10,0
2024-01-22 12:00:00+00:00,1.0889199999999999,1.0899,1.08795,1.08847,12531,10,0
2024-01-22 16:00:00+00:00,1.08846,1.08997,1.08798,1.08846,7670,10,0
2024-01-22 20:00:00+00:00,1.08847,1.0885,1.08765,1.0877,3692,10,0
2024-01-23 00:00:00+00:00,1.08771,1.08945,1.08754,1.08922,5239,10,0
2024-01-23 04:00:00+00:00,1.08922,1.09156,1.08911,1.09077,6423,10,0
2024-01-23 08:00:00+00:00,1.09076,1.09101,1.08594,1.0866,9632,10,0
2024-01-23 12:00:00+00:00,1.08658,1.08753,1.08209,1.08301,14008,10,0
2024-01-23 16:00:00+00:00,1.08304,1.08471,1.08239,1.08447,9034,10,0
2024-01-23 20:00:00+00:00,1.08447,1.08585,1.08413,1.08567,3295,10,0
2024-01-24 00:00:00+00:00,1.08566,1.0861,1.0851,1.08584,4409,10,0
2024-01-24 04:00:00+00:00,1.08586,1.0879,1.08578,1.0873,5608,10,0
2024-01-24 08:00:00+00:00,1.08732,1.09072,1.08624,1.08924,12649,10,0
2024-01-24 12:00:00+00:00,1.08925,1.09321,1.0887,1.09002,17700,10,0
2024-01-24 16:00:00+00:00,1.09003,1.0908,1.0881,1.08878,11625,10,0
2024-01-24 20:00:00+00:00,1.08879,1.08902,1.08775,1.08812,4023,10,0
2024-01-25 00:00:00+00:00,1.08808,1.08813,1.08698,1.08776,5073,10,0
2024-01-25 04:00:00+00:00,1.08776,1.0890900000000001,1.08741,1.08873,5114,10,0
2024-01-25 08:00:00+00:00,1.08872,1.08993,1.08825,1.08942,9679,10,0
2024-01-25 12:00:00+00:00,1.08942,1.09015,1.08289,1.08316,25281,10,0
2024-01-25 16:00:00+00:00,1.08314,1.08514,1.0821,1.08353,11722,10,0
2024-01-25 20:00:00+00:00,1.08354,1.08476,1.0833,1.08452,3810,10,0
2024-01-26 00:00:00+00:00,1.08447,1.08483,1.0836999999999999,1.08445,4345,10,0
2024-01-26 04:00:00+00:00,1.08445,1.08446,1.08123,1.08191,5776,10,0
2024-01-26 08:00:00+00:00,1.08189,1.08755,1.08167,1.08743,10683,10,0
2024-01-26 12:00:00+00:00,1.08743,1.08855,1.08548,1.08634,16611,10,0
2024-01-26 16:00:00+00:00,1.08633,1.08698,1.08536,1.08578,7705,10,0
2024-01-26 20:00:00+00:00,1.08581,1.08617,1.08518,1.08544,2264,10,0
2024-01-28 20:00:00+00:00,1.08399,1.08471,1.08374,1.08409,1792,40,0
2024-01-29 00:00:00+00:00,1.08421,1.08484,1.08388,1.08446,4474,10,0
2024-01-29 04:00:00+00:00,1.08446,1.08496,1.08346,1.08369,4778,10,0
2024-01-29 08:00:00+00:00,1.08369,1.08414,1.08136,1.08227,8870,10,0
2024-01-29 12:00:00+00:00,1.08227,1.08362,1.07956,1.07972,10941,10,0
2024-01-29 16:00:00+00:00,1.07969,1.08195,1.07953,1.08183,6769,10,0
2024-01-29 20:00:00+00:00,1.08185,1.084,1.08185,1.08331,5386,10,0
2024-01-30 00:00:00+00:00,1.08333,1.08417,1.08295,1.08303,4611,10,0
2024-01-30 04:00:00+00:00,1.08303,1.08331,1.08115,1.08222,5888,10,0
2024-01-30 08:00:00+00:00,1.08222,1.08475,1.08158,1.08415,9725,10,0
2024-01-30 12:00:00+00:00,1.08412,1.08568,1.08275,1.08363,15010,10,0
2024-01-30 16:00:00+00:00,1.08363,1.08466,1.08311,1.08456,8135,10,0
2024-01-30 20:00:00+00:00,1.08455,1.08481,1.08353,1.08424,4229,10,0
2024-01-31 00:00:00+00:00,1.08425,1.08476,1.08155,1.08183,5514,10,0
2024-01-31 04:00:00+00:00,1.08183,1.08217,1.08055,1.08155,5002,10,0
2024-01-31 08:00:00+00:00,1.08154,1.08398,1.08089,1.08383,10449,10,0
2024-01-31 12:00:00+00:00,1.08384,1.08871,1.08329,1.08606,18794,10,0
2024-01-31 16:00:00+00:00,1.08609,1.08673,1.08153,1.084,29136,10,0
2024-01-31 20:00:00+00:00,1.08403,1.08415,1.07944,1.08035,15161,10,0
2024-02-01 00:00:00+00:00,1.08037,1.08213,1.08012,1.08114,6376,10,0
2024-02-01 04:00:00+00:00,1.08115,1.08133,1.07834,1.07926,6383,10,0
2024-02-01 08:00:00+00:00,1.07924,1.08127,1.07794,1.0808,11415,10,0
2024-02-01 12:00:00+00:00,1.08078,1.08313,1.0805,1.08262,18547,10,0
2024-02-01 16:00:00+00:00,1.08261,1.08743,1.08259,1.08712,13925,10,0
2024-02-01 20:00:00+00:00,1.08713,1.08756,1.08643,1.08735,4223,10,0
2024-02-02 00:00:00+00:00,1.08737,1.08793,1.08695,1.08762,4495,10,0
2024-02-02 04:00:00+00:00,1.08761,1.08866,1.08716,1.08802,5591,10,0
2024-02-02 08:00:00+00:00,1.08804,1.08972,1.08732,1.0883,8699,10,0
2024-02-02 12:00:00+00:00,1.08832,1.08856,1.07826,1.08019,22141,10,0
2024-02-02 16:00:00+00:00,1.08018,1.08032,1.07801,1.0792,10675,10,0
2024-02-02 20:00:00+00:00,1.0792,1.07968,1.07855,1.0787,2500,10,0
2024-02-04 20:00:00+00:00,1.07824,1.07849,1.07686,1.07785,1552,39,0
2024-02-05 00:00:00+00:00,1.07794,1.07826,1.07669,1.07786,7262,10,0
2024-02-05 04:00:00+00:00,1.0778699999999999,1.07843,1.07722,1.07798,5931,10,0
2024-02-05 08:00:00+00:00,1.07799,1.07855,1.07466,1.0754299999999999,9334,10,0
2024-02-05 12:00:00+00:00,1.07547,1.07574,1.07227,1.0725,12969,10,0
2024-02-05 16:00:00+00:00,1.0725,1.07461,1.07243,1.07423,7047,10,0
2024-02-05 20:00:00+00:00,1.07424,1.07436,1.0733,1.07405,3225,10,0
2024-02-06 00:00:00+00:00,1.07405,1.07487,1.07405,1.07435,4554,10,0
2024-02-06 04:00:00+00:00,1.07433,1.07619,1.0743,1.07515,6173,10,0
2024-02-06 08:00:00+00:00,1.07517,1.07596,1.07239,1.0738,8727,10,0
2024-02-06 12:00:00+00:00,1.07378,1.07479,1.0722,1.07427,12653,10,0
2024-02-06 16:00:00+00:00,1.07428,1.07551,1.07385,1.0749,9498,10,0
2024-02-06 20:00:00+00:00,1.07492,1.07569,1.07487,1.07558,3977,10,0
2024-02-07 00:00:00+00:00,1.07562,1.07661,1.07554,1.07583,4326,10,0
2024-02-07 04:00:00+00:00,1.07583,1.07725,1.07563,1.0772,5360,10,0
2024-02-07 08:00:00+00:00,1.07719,1.07736,1.07574,1.07704,9288,10,0
2024-02-07 12:00:00+00:00,1.07705,1.07835,1.07555,1.07563,13105,10,0
2024-02-07 16:00:00+00:00,1.07566,1.07748,1.07557,1.07714,8753,10,0
2024-02-07 20:00:00+00:00,1.07714,1.07763,1.07671,1.0775,3609,10,0
2024-02-08 00:00:00+00:00,1.07752,1.07844,1.07739,1.07817,3508,10,0
2024-02-08 04:00:00+00:00,1.07818,1.07886,1.07764,1.07797,4941,10,0
2024-02-08 08:00:00+00:00,1.07795,1.0785,1.07607,1.07628,8484,10,0
2024-02-08 12:00:00+00:00,1.07627,1.0767,1.07411,1.07607,12576,10,0
2024-02-08 16:00:00+00:00,1.07606,1.07824,1.07595,1.07743,8050,10,0
2024-02-08 20:00:00+00:00,1.07745,1.07793,1.07732,1.07767,3318,10,0
2024-02-09 00:00:00+00:00,1.07774,1.07782,1.07698,1.07705,3468,10,0
2024-02-09 04:00:00+00:00,1.07705,1.07823,1.0769,1.07798,3841,10,0
2024-02-09 08:00:00+00:00,1.07801,1.07841,1.07619,1.07712,9234,10,0
2024-02-09 12:00:00+00:00,1.07711,1.07946,1.07627,1.07856,16154,10,0
2024-02-09 16:00:00+00:00,1.07858,1.07903,1.07788,1.07821,6239,10,0
2024-02-09 20:00:00+00:00,1.07822,1.0788,1.07792,1.07851,2076,10,0
2024-02-11 20:00:00+00:00,1.07816,1.07966,1.07804,1.07955,1374,40,0
2024-02-12 00:00:00+00:00,1.07974,1.07995,1.07907,1.07915,2814,10,0
2024-02-12 04:00:00+00:00,1.07915,1.0805,1.07889,1.08026,4063,10,0
2024-02-12 08:00:00+00:00,1.08024,1.08025,1.07626,1.0769,8478,10,0
2024-02-12 12:00:00+00:00,1.0769,1.07736,1.07553,1.0767,9271,10,0
2024-02-12 16:00:00+00:00,1.07671,1.07857,1.07647,1.07691,7265,10,0
2024-02-12 20:00:00+00:00,1.07691,1.07746,1.07673,1.0771,3525,10,0
2024-02-13 00:00:00+00:00,1.07712,1.0774,1.07602,1.07612,3071,10,0
2024-02-13 04:00:00+00:00,1.07612,1.07771,1.07607,1.07708,4636,10,0
2024-02-13 08:00:00+00:00,1.07706,1.07812,1.07564,1.07775,8470,10,0
2024-02-13 12:00:00+00:00,1.07772,1.07976,1.07002,1.07164,20340,10,0
2024-02-13 16:00:00+00:00,1.07165,1.07218,1.07002,1.0701,8710,10,0
2024-02-13 20:00:00+00:00,1.0701,1.07102,1.07001,1.0708,3759,10,0
2024-02-14 00:00:00+00:00,1.07081,1.0714,1.0703,1.0712,4329,10,0
2024-02-14 04:00:00+00:00,1.0712,1.07182,1.07046,1.07073,5469,10,0
2024-02-14 08:00:00+00:00,1.07074,1.07099,1.06945,1.0707200000000001,9272,10,0
2024-02-14 12:00:00+00:00,1.07073,1.07248,1.07008,1.07209,12163,10,0
2024-02-14 16:00:00+00:00,1.07208,1.07339,1.07189,1.07277,8001,10,0
2024-02-14 20:00:00+00:00,1.07277,1.07313,1.07243,1.07311,3220,10,0
2024-02-15 00:00:00+00:00,1.07317,1.07349,1.07248,1.07254,3531,10,0
2024-02-15 04:00:00+00:00,1.07254,1.07409,1.07242,1.07326,4878,10,0
2024-02-15 08:00:00+00:00,1.07326,1.07395,1.07278,1.07351,7951,10,0
2024-02-15 12:00:00+00:00,1.0735,1.07844,1.07349,1.07608,14872,10,0
2024-02-15 16:00:00+00:00,1.07609,1.07717,1.07548,1.07681,7600,10,0
2024-02-15 20:00:00+00:00,1.07682,1.0776,1.07674,1.07727,3288,10,0
2024-02-16 00:00:00+00:00,1.07723,1.07732,1.07588,1.07597,4626,10,0
2024-02-16 04:00:00+00:00,1.07598,1.07674,1.0757,1.07603,4914,10,0
2024-02-16 08:00:00+00:00,1.07605,1.07795,1.07592,1.0777,7209,10,0
2024-02-16 12:00:00+00:00,1.07768,1.07776,1.0731600000000001,1.07704,15051,10,0
2024-02-16 16:00:00+00:00,1.07706,1.07869,1.07623,1.07767,7986,10,0
2024-02-16 20:00:00+00:00,1.07766,1.07776,1.0772599999999999,1.07767,2604,10,0
2024-02-18 20:00:00+00:00,1.07734,1.07828,1.07669,1.07812,1162,40,0
2024-02-19 00:00:00+00:00,1.07834,1.07885,1.07746,1.07752,3972,10,0
2024-02-19 04:00:00+00:00,1.07752,1.07889,1.07745,1.07823,4094,10,0
2024-02-19 08:00:00+00:00,1.07825,1.07867,1.07719,1.07765,7200,10,0
2024-02-19 12:00:00+00:00,1.07766,1.07791,1.07616,1.07668,6904,10,0
2024-02-19 16:00:00+00:00,1.07668,1.07831,1.0762,1.07781,2701,10,0
2024-02-19 20:00:00+00:00,1.07782,1.07819,1.07733,1.07754,2017,10,0
2024-02-20 00:00:00+00:00,1.07751,1.07763,1.07614,1.07675,4475,10,0
2024-02-20 04:00:00+00:00,1.07674,1.07743,1.07647,1.07693,4950,10,0
2024-02-20 08:00:00+00:00,1.07692,1.08092,1.07686,1.07978,9333,10,0
2024-02-20 12:00:00+00:00,1.0798,1.08385,1.0795,1.0822,12089,10,0
2024-02-20 16:00:00+00:00,1.08218,1.08245,1.0806,1.08061,7516,10,0
2024-02-20 20:00:00+00:00,1.08061,1.08122,1.0804,1.08102,3318,10,0
2024-02-21 00:00:00+00:00,1.08092,1.08183,1.0805,1.08174,4310,10,0
2024-02-21 04:00:00+00:00,1.08174,1.08186,1.08062,1.08104,5031,10,0
2024-02-21 08:00:00+00:00,1.08102,1.0814300000000001,1.07897,1.07987,8305,10,0
2024-02-21 12:00:00+00:00,1.07988,1.08194,1.07959,1.08049,9816,10,0
2024-02-21 16:00:00+00:00,1.08049,1.08239,1.07994,1.08161,9946,10,0
2024-02-21 20:00:00+00:00,1.0816,1.08218,1.08121,1.08198,4828,10,0
2024-02-22 00:00:00+00:00,1.08197,1.08316,1.0818699999999999,1.08255,4142,10,0
2024-02-22 04:00:00+00:00,1.08255,1.08532,1.08247,1.08526,4918,10,0
2024-02-22 08:00:00+00:00,1.08523,1.08878,1.08445,1.08568,14441,10,0
2024-02-22 12:00:00+00:00,1.08566,1.0858,1.08023,1.08099,14601,10,0
2024-02-22 16:00:00+00:00,1.081,1.08256,1.08083,1.08219,7525,10,0
2024-02-22 20:00:00+00:00,1.08218,1.08254,1.0818,1.08244,3610,10,0
2024-02-23 00:00:00+00:00,1.0824799999999999,1.08314,1.08145,1.0825,4771,10,0
2024-02-23 04:00:00+00:00,1.0825,1.08315,1.08207,1.08291,4543,10,0
2024-02-23 08:00:00+00:00,1.08292,1.08319,1.08137,1.0826500000000001,8463,10,0
2024-02-23 12:00:00+00:00,1.08266,1.0839,1.08113,1.08201,11309,10,0
2024-02-23 16:00:00+00:00,1.08201,1.08291,1.08146,1.08225,7507,10,0
2024-02-23 20:00:00+00:00,1.08226,1.0824,1.08173,1.08205,2263,10,0
2024-02-25 20:00:00+00:00,1.08252,1.08252,1.08151,1.08177,1320,40,0
2024-02-26 00:00:00+00:00,1.08188,1.082,1.08122,1.0818,4023,10,0
2024-02-26 04:00:00+00:00,1.0818,1.08363,1.08169,1.08316,4603,10,0
2024-02-26 08:00:00+00:00,1.08319,1.08534,1.08267,1.08513,7348,10,0
2024-02-26 12:00:00+00:00,1.08514,1.08594,1.08383,1.08505,9145,10,0
2024-02-26 16:00:00+00:00,1.08503,1.08551,1.08394,1.08458,6648,10,0
2024-02-26 20:00:00+00:00,1.08458,1.08523,1.0845,1.08497,3195,10,0
2024-02-27 00:00:00+00:00,1.08499,1.0853,1.08449,1.08523,3653,10,0
2024-02-27 04:00:00+00:00,1.08523,1.08621,1.08465,1.08557,4619,10,0
2024-02-27 08:00:00+00:00,1.08556,1.08655,1.08414,1.0857,7745,10,0
2024-02-27 12:00:00+00:00,1.0857,1.08627,1.0832600000000001,1.08463,9825,10,0
2024-02-27 16:00:00+00:00,1.08464,1.08573,1.08404,1.08441,8078,10,0
2024-02-27 20:00:00+00:00,1.0844,1.08471,1.08402,1.0841,3116,10,0
2024-02-28 00:00:00+00:00,1.08407,1.08453,1.08324,1.08341,4014,10,0
2024-02-28 04:00:00+00:00,1.08341,1.08353,1.0816,1.08226,4437,10,0
2024-02-28 08:00:00+00:00,1.08228,1.08237,1.07962,1.08149,9082,10,0
2024-02-28 12:00:00+00:00,1.0815,1.08372,1.08064,1.08336,11619,10,0
2024-02-28 16:00:00+00:00,1.08336,1.08453,1.08307,1.08333,6949,10,0
2024-02-28 20:00:00+00:00,1.08333,1.08397,1.0832600000000001,1.08376,3281,10,0
2024-02-29 00:00:00+00:00,1.08378,1.08398,1.08277,1.08363,5155,10,0
2024-02-29 04:00:00+00:00,1.08363,1.0838700000000001,1.08255,1.08282,6049,10,0
2024-02-29 08:00:00+00:00,1.08285,1.08537,1.08279,1.0834,10691,10,0
2024-02-29 12:00:00+00:00,1.08337,1.08554,1.0818699999999999,1.08221,15090,10,0
2024-02-29 16:00:00+00:00,1.08222,1.08246,1.07955,1.0802,9556,10,0
2024-02-29 20:00:00+00:00,1.08022,1.0809,1.07992,1.08046,4370,10,0
2024-03-01 00:00:00+00:00,1.08054,1.08213,1.08049,1.08162,3737,10,0
2024-03-01 04:00:00+00:00,1.08163,1.0817,1.08078,1.08119,4075,10,0
2024-03-01 08:00:00+00:00,1.08121,1.0822,1.07981,1.08182,9814,10,0
2024-03-01 12:00:00+00:00,1.0818,1.08413,1.07977,1.08344,14120,10,0
2024-03-01 16:00:00+00:00,1.08346,1.08427,1.08229,1.08406,7736,10,0
2024-03-01 20:00:00+00:00,1.08406,1.08409,1.0833,1.08389,2275,10,0
2024-03-03 20:00:00+00:00,1.08341,1.08422,1.08337,1.0838700000000001,1292,40,0
2024-03-04 00:00:00+00:00,1.08411,1.08475,1.0838,1.08433,3742,10,0
2024-03-04 04:00:00+00:00,1.08433,1.08537,1.08424,1.08531,4133,10,0
2024-03-04 08:00:00+00:00,1.08531,1.08573,1.08374,1.08556,7857,10,0
2024-03-04 12:00:00+00:00,1.08556,1.08631,1.08397,1.08626,9592,10,0
2024-03-04 16:00:00+00:00,1.08628,1.08664,1.08548,1.08561,6356,10,0
2024-03-04 20:00:00+00:00,1.0856,1.08591,1.08514,1.08541,3588,10,0
2024-03-05 00:00:00+00:00,1.08537,1.08549,1.08472,1.08539,3351,10,0
2024-03-05 04:00:00+00:00,1.08538,1.08538,1.08411,1.08459,4140,10,0
2024-03-05 08:00:00+00:00,1.08458,1.0855299999999999,1.08427,1.08494,7170,10,0
2024-03-05 12:00:00+00:00,1.08495,1.08757,1.08398,1.08708,12220,10,0
2024-03-05 16:00:00+00:00,1.08709,1.08714,1.0851,1.08526,7516,10,0
2024-03-05 20:00:00+00:00,1.08526,1.08585,1.08487,1.08554,3617,10,0
2024-03-06 00:00:00+00:00,1.08551,1.0855299999999999,1.08419,1.08502,4214,10,0
2024-03-06 04:00:00+00:00,1.08503,1.08658,1.0849199999999999,1.08613,4554,10,0
2024-03-06 08:00:00+00:00,1.08611,1.08791,1.08587,1.08752,6782,10,0
2024-03-06 12:00:00+00:00,1.08751,1.09081,1.08672,1.09046,12969,10,0
2024-03-06 16:00:00+00:00,1.09046,1.09148,1.08929,1.08965,10261,10,0
2024-03-06 20:00:00+00:00,1.08962,1.09011,1.08925,1.08979,4195,10,0
2024-03-07 00:00:00+00:00,1.08989,1.09069,1.08932,1.09,5176,10,0
2024-03-07 04:00:00+00:00,1.09,1.0905,1.0890900000000001,1.08935,5451,10,0
2024-03-07 08:00:00+00:00,1.08935,1.09022,1.08872,1.08937,7731,10,0
2024-03-07 12:00:00+00:00,1.08936,1.09303,1.08676,1.09294,16338,10,0
2024-03-07 16:00:00+00:00,1.09293,1.09485,1.09242,1.09463,8190,10,0
2024-03-07 20:00:00+00:00,1.09463,1.09498,1.0942,1.09498,3581,10,0
2024-03-08 00:00:00+00:00,1.09507,1.0955300000000001,1.09438,1.09469,4028,10,0
2024-03-08 04:00:00+00:00,1.0947,1.09505,1.09313,1.09334,5094,10,0
2024-03-08 08:00:00+00:00,1.09334,1.09385,1.09257,1.0934,8366,10,0
2024-03-08 12:00:00+00:00,1.09339,1.09807,1.09176,1.09602,18329,10,0
2024-03-08 16:00:00+00:00,1.09604,1.09608,1.0933,1.09412,9973,10,0
2024-03-08 20:00:00+00:00,1.09411,1.09432,1.09341,1.09379,2525,10,0
2024-03-10 20:00:00+00:00,1.09329,1.0943100000000001,1.09329,1.09421,1988,10,0
2024-03-11 00:00:00+00:00,1.09422,1.09461,1.09369,1.09408,4582,10,0
2024-03-11 04:00:00+00:00,1.09408,1.09468,1.0935,1.09415,4525,10,0
2024-03-11 08:00:00+00:00,1.09413,1.09477,1.09326,1.09424,7467,10,0
2024-03-11 12:00:00+00:00,1.09421,1.09427,1.09141,1.09264,9122,10,0
2024-03-11 16:00:00+00:00,1.09262,1.09301,1.0918,1.09257,6534,10,0
2024-03-11 20:00:00+00:00,1.09257,1.09304,1.09176,1.09302,2992,10,0
2024-03-12 00:00:00+00:00,1.09301,1.09376,1.09263,1.09357,3833,10,0
2024-03-12 04:00:00+00:00,1.09357,1.09389,1.09312,1.09314,4577,10,0
2024-03-12 08:00:00+00:00,1.09315,1.09349,1.09209,1.09329,6742,10,0
2024-03-12 12:00:00+00:00,1.09327,1.09433,1.09017,1.0917,17787,10,0
2024-03-12 16:00:00+00:00,1.09171,1.09253,1.09123,1.09251,6490,10,0
2024-03-12 20:00:00+00:00,1.09251,1.09285,1.09231,1.09264,2284,10,0
2024-03-13 00:00:00+00:00,1.09262,1.09302,1.09229,1.09275,3825,10,0
2024-03-13 04:00:00+00:00,1.09274,1.09313,1.09204,1.09261,4603,10,0
2024-03-13 08:00:00+00:00,1.09263,1.09451,1.0919699999999999,1.09415,6748,10,0
2024-03-13 12:00:00+00:00,1.09416,1.09469,1.0931,1.09429,9462,10,0
2024-03-13 16:00:00+00:00,1.09426,1.09634,1.09396,1.09469,6797,10,0
2024-03-13 20:00:00+00:00,1.09469,1.09525,1.09433,1.09525,2915,10,0
2024-03-14 00:00:00+00:00,1.09526,1.09542,1.09409,1.09421,3156,10,0
2024-03-14 04:00:00+00:00,1.09421,1.09428,1.09314,1.0935,4037,10,0
2024-03-14 08:00:00+00:00,1.0935,1.09449,1.09348,1.09408,6619,10,0
2024-03-14 12:00:00+00:00,1.0941,1.09442,1.08825,1.08873,14888,10,0
2024-03-14 16:00:00+00:00,1.08873,1.08922,1.08802,1.08904,6280,10,0
2024-03-14 20:00:00+00:00,1.08904,1.08914,1.08799,1.08825,3162,10,0
2024-03-15 00:00:00+00:00,1.08823,1.08842,1.08723,1.08766,3645,10,0
2024-03-15 04:00:00+00:00,1.08766,1.08843,1.08729,1.08803,3834,10,0
2024-03-15 08:00:00+00:00,1.08802,1.08992,1.08776,1.0893,6659,10,0
2024-03-15 12:00:00+00:00,1.08929,1.08943,1.0881,1.08871,10247,10,0
2024-03-15 16:00:00+00:00,1.08871,1.0890900000000001,1.08829,1.0889,5866,10,0
2024-03-15 20:00:00+00:00,1.0889,1.08895,1.08864,1.08866,608,10,0
2024-03-17 20:00:00+00:00,1.08879,1.08898,1.08797,1.08826,1864,10,0
2024-03-18 00:00:00+00:00,1.0883,1.08911,1.08801,1.08851,3236,10,0
2024-03-18 04:00:00+00:00,1.08851,1.0896,1.0884800000000001,1.08921,3163,10,0
2024-03-18 08:00:00+00:00,1.08919,1.09055,1.08904,1.09019,6178,10,0
2024-03-18 12:00:00+00:00,1.09019,1.09045,1.08806,1.0884800000000001,7533,10,0
2024-03-18 16:00:00+00:00,1.08849,1.08849,1.08657,1.08689,5238,10,0
2024-03-18 20:00:00+00:00,1.08688,1.08734,1.08682,1.0873,2379,10,0
2024-03-19 00:00:00+00:00,1.0873,1.0876,1.08664,1.08734,4765,10,0
2024-03-19 04:00:00+00:00,1.08734,1.08762,1.08512,1.08544,5914,10,0
2024-03-19 08:00:00+00:00,1.08542,1.08559,1.08343,1.08497,8057,10,0
2024-03-19 12:00:00+00:00,1.085,1.08648,1.08452,1.08577,8091,10,0
2024-03-19 16:00:00+00:00,1.08578,1.0867,1.0854300000000001,1.08643,5037,10,0
2024-03-19 20:00:00+00:00,1.0864,1.08661,1.08612,1.08616,2410,10,0
2024-03-20 00:00:00+00:00,1.0861399999999999,1.08705,1.08579,1.08694,2945,10,0
2024-03-20 04:00:00+00:00,1.08693,1.08717,1.08643,1.08651,3860,10,0
2024-03-20 08:00:00+00:00,1.08648,1.0865,1.08361,1.08422,6761,10,0
2024-03-20 12:00:00+00:00,1.0842,1.08556,1.08369,1.08541,6614,10,0
2024-03-20 16:00:00+00:00,1.0854300000000001,1.09223,1.0853,1.09204,18947,10,0
2024-03-20 20:00:00+00:00,1.09202,1.09367,1.09171,1.09366,3700,10,0
2024-03-21 00:00:00+00:00,1.09367,1.09384,1.09303,1.09345,4449,10,0
2024-03-21 04:00:00+00:00,1.09345,1.09421,1.09252,1.09283,4167,10,0
2024-03-21 08:00:00+00:00,1.09284,1.09284,1.0887,1.09093,10879,10,0
2024-03-21 12:00:00+00:00,1.09095,1.09168,1.0855299999999999,1.08602,12693,10,0
2024-03-21 16:00:00+00:00,1.086,1.08659,1.0855,1.08564,5954,10,0
2024-03-21 20:00:00+00:00,1.08566,1.08624,1.08563,1.08615,2312,10,0
2024-03-22 00:00:00+00:00,1.0861399999999999,1.08674,1.08356,1.08376,4089,10,0
2024-03-22 04:00:00+00:00,1.08376,1.08414,1.0820400000000001,1.08244,5070,10,0
2024-03-22 08:00:00+00:00,1.08244,1.08295,1.08076,1.08158,7097,10,0
2024-03-22 12:00:00+00:00,1.0816,1.08312,1.08098,1.08154,8806,10,0
2024-03-22 16:00:00+00:00,1.08154,1.08166,1.08011,1.08052,4284,10,0
2024-03-22 20:00:00+00:00,1.08049,1.08092,1.08046,1.0808200000000001,705,10,0
2024-03-24 20:00:00+00:00,1.08067,1.08096,1.08028,1.08069,1335,10,0
2024-03-25 00:00:00+00:00,1.0807,1.08216,1.08016,1.08132,4286,10,0
2024-03-25 04:00:00+00:00,1.08133,1.08225,1.08103,1.08133,3692,10,0
2024-03-25 08:00:00+00:00,1.08133,1.0829,1.08069,1.08278,5685,10,0
2024-03-25 12:00:00+00:00,1.08278,1.08418,1.08273,1.08359,5691,10,0
2024-03-25 16:00:00+00:00,1.0836,1.08395,1.0832600000000001,1.08386,3177,10,0
2024-03-25 20:00:00+00:00,1.08386,1.08405,1.08327,1.08364,2770,10,0
2024-03-26 00:00:00+00:00,1.08366,1.08451,1.08353,1.08365,3166,10,0
2024-03-26 04:00:00+00:00,1.08365,1.08522,1.08361,1.08419,3608,10,0
2024-03-26 08:00:00+00:00,1.08421,1.08638,1.08381,1.08562,6980,10,0
2024-03-26 12:00:00+00:00,1.08564,1.08588,1.0824799999999999,1.08279,8571,10,0
2024-03-26 16:00:00+00:00,1.08277,1.08352,1.08238,1.08283,4287,10,0
2024-03-26 20:00:00+00:00,1.08283,1.08327,1.08278,1.08316,2270,10,0
2024-03-27 00:00:00+00:00,1.08321,1.08322,1.08199,1.08256,3488,10,0
2024-03-27 04:00:00+00:00,1.08256,1.08334,1.08226,1.08257,3730,10,0
2024-03-27 08:00:00+00:00,1.08256,1.08385,1.08176,1.08206,7175,10,0
2024-03-27 12:00:00+00:00,1.08208,1.08221,1.08103,1.08198,7613,10,0
2024-03-27 16:00:00+00:00,1.08197,1.08271,1.0817,1.08266,4681,10,0
2024-03-27 20:00:00+00:00,1.08263,1.08283,1.08071,1.0812,2950,10,0
2024-03-28 00:00:00+00:00,1.08122,1.08255,1.08076,1.0821,3880,10,0
2024-03-28 04:00:00+00:00,1.0821,1.08261,1.07997,1.08006,3965,10,0
2024-03-28 08:00:00+00:00,1.08006,1.08018,1.07747,1.07835,6369,10,0
2024-03-28 12:00:00+00:00,1.07835,1.08183,1.07833,1.08009,11058,10,0
2024-03-28 16:00:00+00:00,1.08007,1.08048,1.07843,1.07878,5624,10,0
2024-03-28 20:00:00+00:00,1.07877,1.07931,1.07829,1.07903,5508,10,0
2024-03-29 00:00:00+00:00,1.07903,1.07904,1.0773,1.07742,3222,10,0
2024-03-29 04:00:00+00:00,1.07742,1.07814,1.07678,1.07681,2210,10,0
2024-03-29 08:00:00+00:00,1.07681,1.07883,1.07678,1.0784,4407,10,0
2024-03-29 12:00:00+00:00,1.0784,1.0802100000000001,1.0777700000000001,1.07865,5071,50,0
2024-03-29 16:00:00+00:00,1.07865,1.07878,1.078,1.07847,3248,120,0
2024-03-29 20:00:00+00:00,1.07844,1.07905,1.07628,1.07743,1113,122,0
2024-03-31 20:00:00+00:00,1.07887,1.07942,1.07832,1.07913,2287,10,0
2024-04-01 00:00:00+00:00,1.07927,1.07984,1.07842,1.07897,4377,10,0
2024-04-01 04:00:00+00:00,1.07897,1.07917,1.07823,1.07858,3620,10,0
2024-04-01 08:00:00+00:00,1.07857,1.07912,1.07791,1.07837,3708,10,0
2024-04-01 12:00:00+00:00,1.07837,1.07855,1.07307,1.07324,9032,10,0
2024-04-01 16:00:00+00:00,1.07323,1.07435,1.07308,1.07413,4088,10,0
2024-04-01 20:00:00+00:00,1.07413,1.07434,1.07353,1.07364,2504,10,0
2024-04-02 00:00:00+00:00,1.0737,1.07385,1.07291,1.07296,3856,10,0
2024-04-02 04:00:00+00:00,1.07298,1.07423,1.07241,1.07412,4892,10,0
2024-04-02 08:00:00+00:00,1.07409,1.07529,1.07258,1.07511,7009,10,0
2024-04-02 12:00:00+00:00,1.07509,1.07785,1.07451,1.07684,10262,10,0
2024-04-02 16:00:00+00:00,1.07683,1.07697,1.07597,1.07674,3741,10,0
2024-04-02 20:00:00+00:00,1.07672,1.07725,1.07645,1.07678,2447,10,0
2024-04-03 00:00:00+00:00,1.07677,1.07791,1.07654,1.07769,3013,10,0
2024-04-03 04:00:00+00:00,1.0777,1.07776,1.07635,1.07699,4011,10,0
2024-04-03 08:00:00+00:00,1.077,1.07845,1.07645,1.07831,5370,10,0
2024-04-03 12:00:00+00:00,1.07831,1.08301,1.07723,1.08259,12689,10,0
2024-04-03 16:00:00+00:00,1.08259,1.08363,1.08198,1.08329,5754,10,0
2024-04-03 20:00:00+00:00,1.08329,1.08403,1.08314,1.08372,2337,10,0
2024-04-04 00:00:00+00:00,1.08372,1.08441,1.08342,1.0842,2781,10,0
2024-04-04 04:00:00+00:00,1.08422,1.08578,1.08386,1.08568,4536,10,0
2024-04-04 08:00:00+00:00,1.0857,1.08651,1.08503,1.08524,5983,10,0
2024-04-04 12:00:00+00:00,1.08524,1.08762,1.08503,1.08643,7865,10,0
2024-04-04 16:00:00+00:00,1.08643,1.08666,1.08331,1.08333,6817,10,0
2024-04-04 20:00:00+00:00,1.08334,1.08399,1.08316,1.08357,3945,10,0
2024-04-05 00:00:00+00:00,1.08361,1.08434,1.0823,1.0826500000000001,4225,10,0
2024-04-05 04:00:00+00:00,1.0826500000000001,1.08406,1.08223,1.08385,4719,10,0
2024-04-05 08:00:00+00:00,1.08383,1.08461,1.08303,1.08347,5251,10,0
2024-04-05 12:00:00+00:00,1.08348,1.08475,1.0791,1.08396,15473,10,0
2024-04-05 16:00:00+00:00,1.08397,1.08439,1.08303,1.08349,5340,10,0
2024-04-05 20:00:00+00:00,1.08348,1.08374,1.08333,1.08366,653,10,0
2024-04-07 20:00:00+00:00,1.08362,1.08369,1.08255,1.0829,1660,10,0
2024-04-08 00:00:00+00:00,1.08295,1.08428,1.08226,1.08331,4721,10,0
2024-04-08 04:00:00+00:00,1.08331,1.08374,1.08279,1.08319,5284,10,0
2024-04-08 08:00:00+00:00,1.08319,1.08348,1.08205,1.08233,6541,10,0
2024-04-08 12:00:00+00:00,1.08232,1.08583,1.0821,1.0852,9403,10,0
2024-04-08 16:00:00+00:00,1.0852,1.08617,1.08463,1.08561,4419,10,0
2024-04-08 20:00:00+00:00,1.08559,1.0863,1.08552,1.08612,2689,10,0
2024-04-09 00:00:00+00:00,1.08615,1.08629,1.08536,1.08548,3104,10,0
2024-04-09 04:00:00+00:00,1.08549,1.08622,1.08508,1.08529,4035,10,0
2024-04-09 08:00:00+00:00,1.08531,1.08723,1.08488,1.0861,5757,10,0
2024-04-09 12:00:00+00:00,1.08612,1.08845,1.08516,1.0855299999999999,10177,10,0
2024-04-09 16:00:00+00:00,1.08552,1.08596,1.08472,1.08561,4965,10,0
2024-04-09 20:00:00+00:00,1.08561,1.08593,1.08529,1.0858,2798,10,0
2024-04-10 00:00:00+00:00,1.08583,1.08585,1.08504,1.08527,3274,10,0
2024-04-10 04:00:00+00:00,1.08527,1.08569,1.08472,1.08546,4386,10,0
2024-04-10 08:00:00+00:00,1.08544,1.0866,1.08508,1.08551,5396,10,0
2024-04-10 12:00:00+00:00,1.08552,1.08637,1.07326,1.07365,22399,10,0
2024-04-10 16:00:00+00:00,1.07365,1.07538,1.07283,1.07435,11055,10,0
2024-04-10 20:00:00+00:00,1.07433,1.07454,1.07386,1.0741,2672,10,0
2024-04-11 00:00:00+00:00,1.07409,1.07485,1.07378,1.07443,4262,10,0
2024-04-11 04:00:00+00:00,1.07442,1.07468,1.07262,1.07427,5683,10,0
2024-04-11 08:00:00+00:00,1.07429,1.07494,1.07249,1.07281,7669,10,0
2024-04-11 12:00:00+00:00,1.07281,1.07559,1.06988,1.07207,19969,10,0
2024-04-11 16:00:00+00:00,1.07208,1.0734,1.07132,1.07283,7887,10,0
2024-04-11 20:00:00+00:00,1.07285,1.07288,1.07226,1.07258,2080,10,0
2024-04-12 00:00:00+00:00,1.07258,1.07278,1.07148,1.07167,3724,10,0
2024-04-12 04:00:00+00:00,1.07166,1.07171,1.06739,1.06837,6843,10,0
2024-04-12 08:00:00+00:00,1.06839,1.06846,1.06435,1.06507,8726,10,0
2024-04-12 12:00:00+00:00,1.06508,1.06554,1.0622,1.06461,14711,10,0
2024-04-12 16:00:00+00:00,1.0646,1.06502,1.06369,1.0638,7704,10,0
2024-04-12 20:00:00+00:00,1.06379,1.06437,1.0636700000000001,1.06403,769,10,0
2024-04-14 20:00:00+00:00,1.06289,1.06496,1.06266,1.06468,2690,10,0
2024-04-15 00:00:00+00:00,1.06459,1.06543,1.06388,1.06516,5148,10,0
2024-04-15 04:00:00+00:00,1.06516,1.06642,1.06466,1.06575,7461,10,0
2024-04-15 08:00:00+00:00,1.06574,1.06647,1.06509,1.06543,7775,10,0
2024-04-15 12:00:00+00:00,1.06543,1.06601,1.06214,1.0642800000000001,15540,10,0
2024-04-15 16:00:00+00:00,1.06431,1.06469,1.06197,1.06262,7869,10,0
2024-04-15 20:00:00+00:00,1.06259,1.06279,1.06204,1.06244,2604,10,0
2024-04-16 00:00:00+00:00,1.06245,1.06251,1.06057,1.0611,5403,10,0
2024-04-16 04:00:00+00:00,1.0611,1.06223,1.06017,1.06173,7066,10,0
2024-04-16 08:00:00+00:00,1.06175,1.06467,1.06121,1.06419,9052,10,0
2024-04-16 12:00:00+00:00,1.06419,1.06531,1.06212,1.06274,15317,10,0
2024-04-16 16:00:00+00:00,1.06274,1.06344,1.06004,1.06214,13303,10,0
2024-04-16 20:00:00+00:00,1.06213,1.06247,1.0612,1.062,3679,10,0
2024-04-17 00:00:00+00:00,1.06207,1.06351,1.06167,1.06268,4782,10,0
2024-04-17 04:00:00+00:00,1.06268,1.06372,1.06056,1.06249,7627,10,0
2024-04-17 08:00:00+00:00,1.06249,1.06485,1.06235,1.06352,8588,10,0
2024-04-17 12:00:00+00:00,1.06353,1.06523,1.06294,1.06424,11937,10,0
2024-04-17 16:00:00+00:00,1.06424,1.06791,1.06353,1.06706,10514,10,0
2024-04-17 20:00:00+00:00,1.06707,1.06745,1.06667,1.0668,2750,10,0
2024-04-18 00:00:00+00:00,1.06685,1.06798,1.06639,1.06793,4263,10,0
2024-04-18 04:00:00+00:00,1.06793,1.06897,1.06743,1.06807,5807,10,0
2024-04-18 08:00:00+00:00,1.06808,1.06836,1.06693,1.06766,6928,10,0
2024-04-18 12:00:00+00:00,1.06768,1.06793,1.06461,1.06593,13633,10,0
2024-04-18 16:00:00+00:00,1.06591,1.06613,1.06416,1.0643,6857,10,0
2024-04-18 20:00:00+00:00,1.0643,1.06455,1.06397,1.06427,2133,10,0
2024-04-19 00:00:00+00:00,1.0642,1.06438,1.06099,1.06368,14003,10,0
2024-04-19 04:00:00+00:00,1.06366,1.06587,1.06266,1.06548,10398,10,0
2024-04-19 08:00:00+00:00,1.06546,1.06615,1.06424,1.06512,8931,10,0
2024-04-19 12:00:00+00:00,1.06514,1.06774,1.0648900000000001,1.06546,12872,10,0
2024-04-19 16:00:00+00:00,1.06543,1.0659399999999999,1.06398,1.06544,8124,10,0
2024-04-19 20:00:00+00:00,1.06544,1.06573,1.06527,1.06561,594,10,0
2024-04-21 20:00:00+00:00,1.06524,1.06608,1.0648,1.06571,1757,10,0
2024-04-22 00:00:00+00:00,1.06571,1.067,1.06524,1.06614,5148,10,0
2024-04-22 04:00:00+00:00,1.06614,1.06688,1.06521,1.0658,5767,10,0
2024-04-22 08:00:00+00:00,1.06579,1.06617,1.06325,1.06349,7752,10,0
2024-04-22 12:00:00+00:00,1.06348,1.06475,1.06236,1.06465,9103,10,0
2024-04-22 16:00:00+00:00,1.06466,1.06604,1.06455,1.06516,4468,10,0
2024-04-22 20:00:00+00:00,1.06516,1.06555,1.0648900000000001,1.0653299999999999,2191,10,0
2024-04-23 00:00:00+00:00,1.0653299999999999,1.06601,1.0653,1.06558,3473,10,0
2024-04-23 04:00:00+00:00,1.06558,1.06946,1.06381,1.0679,7481,10,0
2024-04-23 08:00:00+00:00,1.06787,1.06827,1.06528,1.06742,8328,10,0
2024-04-23 12:00:00+00:00,1.06743,1.07108,1.06596,1.06943,14528,10,0
2024-04-23 16:00:00+00:00,1.06945,1.0707200000000001,1.06918,1.07026,5335,10,0
2024-04-23 20:00:00+00:00,1.07025,1.07039,1.06992,1.07018,2124,10,0
2024-04-24 00:00:00+00:00,1.07018,1.07139,1.06997,1.07058,4295,10,0
2024-04-24 04:00:00+00:00,1.07056,1.07085,1.06844,1.0688,5114,10,0
2024-04-24 08:00:00+00:00,1.0688,1.06922,1.06802,1.06885,5599,10,0
2024-04-24 12:00:00+00:00,1.06886,1.0702,1.06775,1.06859,11029,10,0
2024-04-24 16:00:00+00:00,1.06856,1.07061,1.06828,1.07002,6010,10,0
2024-04-24 20:00:00+00:00,1.07002,1.07003,1.06937,1.06995,2348,10,0
2024-04-25 00:00:00+00:00,1.06998,1.07084,1.06966,1.07056,3640,10,0
2024-04-25 04:00:00+00:00,1.07056,1.07271,1.07047,1.07204,5315,10,0
2024-04-25 08:00:00+00:00,1.07204,1.07292,1.07166,1.07198,6188,10,0
2024-04-25 12:00:00+00:00,1.07199,1.07395,1.0678,1.07197,18865,10,0
2024-04-25 16:00:00+00:00,1.07196,1.07382,1.07145,1.07289,7259,10,0
2024-04-25 20:00:00+00:00,1.07289,1.07303,1.07254,1.07264,1926,10,0
2024-04-26 00:00:00+00:00,1.07264,1.07289,1.07182,1.07228,3666,10,0
2024-04-26 04:00:00+00:00,1.07228,1.07383,1.07205,1.07293,5444,10,0
2024-04-26 08:00:00+00:00,1.07293,1.07524,1.07148,1.07156,8949,10,0
2024-04-26 12:00:00+00:00,1.07156,1.07409,1.06734,1.06852,15707,10,0
2024-04-26 16:00:00+00:00,1.06854,1.07066,1.06835,1.06995,4609,10,0
2024-04-26 20:00:00+00:00,1.06992,1.07013,1.06906,1.06925,1041,10,0
2024-04-28 20:00:00+00:00,1.0689899999999999,1.07067,1.06874,1.07066,1834,10,0
2024-04-29 00:00:00+00:00,1.07064,1.07192,1.07057,1.07156,4597,10,0
2024-04-29 04:00:00+00:00,1.07156,1.07331,1.0708,1.07176,11793,10,0
2024-04-29 08:00:00+00:00,1.07174,1.07267,1.06967,1.07142,8972,10,0
2024-04-29 12:00:00+00:00,1.07142,1.07231,1.06897,1.07161,9554,10,0
2024-04-29 16:00:00+00:00,1.0716,1.07291,1.07147,1.07206,6410,10,0
2024-04-29 20:00:00+00:00,1.07207,1.07225,1.07136,1.07144,2290,10,0
2024-04-30 00:00:00+00:00,1.07144,1.07176,1.07022,1.07047,3675,10,0
2024-04-30 04:00:00+00:00,1.07048,1.07093,1.06897,1.07047,5772,10,0
2024-04-30 08:00:00+00:00,1.07045,1.07349,1.06925,1.07198,7487,10,0
2024-04-30 12:00:00+00:00,1.07199,1.07237,1.06828,1.06835,17815,10,0
2024-04-30 16:00:00+00:00,1.06834,1.06863,1.06712,1.06723,6171,10,0
2024-04-30 20:00:00+00:00,1.06721,1.06732,1.06575,1.06656,3039,10,0
2024-05-01 00:00:00+00:00,1.06658,1.06668,1.06555,1.06562,2666,10,0
2024-05-01 04:00:00+00:00,1.06561,1.06614,1.06488,1.06607,3657,10,0
2024-05-01 08:00:00+00:00,1.06608,1.06728,1.06608,1.06712,5011,10,0
2024-05-01 12:00:00+00:00,1.06712,1.06923,1.06703,1.06789,10818,10,0
2024-05-01 16:00:00+00:00,1.06789,1.07322,1.06702,1.06891,22065,10,0
2024-05-01 20:00:00+00:00,1.06892,1.07225,1.06865,1.07166,6760,10,0
2024-05-02 00:00:00+00:00,1.07166,1.07203,1.07066,1.07142,4520,10,0
2024-05-02 04:00:00+00:00,1.07142,1.07278,1.07117,1.07151,6907,10,0
2024-05-02 08:00:00+00:00,1.07152,1.07186,1.06951,1.07019,8136,10,0
2024-05-02 12:00:00+00:00,1.0702,1.07118,1.06738,1.07044,13869,10,0
2024-05-02 16:00:00+00:00,1.07046,1.07296,1.0701100000000001,1.07265,6910,10,0
2024-05-02 20:00:00+00:00,1.07266,1.07305,1.07211,1.07293,2585,10,0
2024-05-03 00:00:00+00:00,1.07296,1.0739,1.0723799999999999,1.07346,4181,10,0
2024-05-03 04:00:00+00:00,1.07346,1.0737700000000001,1.07241,1.07339,5275,10,0
2024-05-03 08:00:00+00:00,1.07339,1.07491,1.0732,1.07454,6675,10,0
2024-05-03 12:00:00+00:00,1.0745,1.08117,1.07431,1.07685,25946,10,0
2024-05-03 16:00:00+00:00,1.07688,1.07729,1.07586,1.07637,5598,10,0
2024-05-03 20:00:00+00:00,1.07639,1.07664,1.07619,1.07623,672,10,0
2024-05-05 20:00:00+00:00,1.07609,1.07644,1.0757,1.0758,1495,10,0
2024-05-06 00:00:00+00:00,1.07579,1.0771,1.07549,1.07645,4432,10,0
2024-05-06 04:00:00+00:00,1.07643,1.07692,1.0759,1.07611,5048,10,0
2024-05-06 08:00:00+00:00,1.07614,1.07757,1.07571,1.07721,6462,10,0
2024-05-06 12:00:00+00:00,1.07721,1.07902,1.07719,1.07783,6976,10,0
2024-05-06 16:00:00+00:00,1.07781,1.07785,1.07659,1.07668,4032,10,0
2024-05-06 20:00:00+00:00,1.0767,1.07703,1.07651,1.0767,1881,10,0
2024-05-07 00:00:00+00:00,1.07669,1.07763,1.0760399999999999,1.07681,4312,10,0
2024-05-07 04:00:00+00:00,1.07681,1.0769,1.07538,1.07642,5982,10,0
2024-05-07 08:00:00+00:00,1.07639,1.07699,1.07545,1.0766,6875,10,0
2024-05-07 12:00:00+00:00,1.07662,1.07869,1.07637,1.07663,8706,10,0
2024-05-07 16:00:00+00:00,1.0766499999999999,1.07738,1.07475,1.07557,5907,10,0
2024-05-07 20:00:00+00:00,1.07557,1.07559,1.07471,1.07495,2008,10,0
2024-05-08 00:00:00+00:00,1.07493,1.07538,1.0737700000000001,1.07408,3929,10,0
2024-05-08 04:00:00+00:00,1.07408,1.07486,1.07366,1.07382,4549,10,0
2024-05-08 08:00:00+00:00,1.0738,1.07534,1.07344,1.07458,6539,10,0
2024-05-08 12:00:00+00:00,1.07458,1.07569,1.07394,1.07542,7975,10,0
2024-05-08 16:00:00+00:00,1.07542,1.0754299999999999,1.07403,1.07451,4340,10,0
2024-05-08 20:00:00+00:00,1.07449,1.0749900000000001,1.07431,1.07465,1940,10,0
2024-05-09 00:00:00+00:00,1.07465,1.07512,1.07418,1.0747,3310,10,0
2024-05-09 04:00:00+00:00,1.07472,1.0749900000000001,1.07292,1.07344,4240,10,0
2024-05-09 08:00:00+00:00,1.07342,1.07379,1.07236,1.07269,6711,10,0
2024-05-09 12:00:00+00:00,1.07269,1.07812,1.07264,1.07698,11104,10,0
2024-05-09 16:00:00+00:00,1.077,1.0783800000000001,1.07697,1.07821,4621,10,0
2024-05-09 20:00:00+00:00,1.07819,1.07852,1.0778699999999999,1.07811,1943,10,0
2024-05-10 00:00:00+00:00,1.07811,1.0782,1.0772599999999999,1.07755,3090,10,0
2024-05-10 04:00:00+00:00,1.07755,1.07835,1.07712,1.07809,5048,10,0
2024-05-10 08:00:00+00:00,1.07809,1.07862,1.07747,1.0778699999999999,6426,10,0
2024-05-10 12:00:00+00:00,1.0778699999999999,1.07896,1.07598,1.07714,9741,10,0
2024-05-10 16:00:00+00:00,1.0771600000000001,1.07788,1.0769,1.07714,4240,10,0
2024-05-10 20:00:00+00:00,1.07714,1.0772,1.07681,1.07703,733,10,0
2024-05-12 20:00:00+00:00,1.07703,1.07747,1.0765500000000001,1.07696,1559,10,0
2024-05-13 00:00:00+00:00,1.07696,1.07728,1.07654,1.07711,4158,10,0
2024-05-13 04:00:00+00:00,1.0771,1.07794,1.07684,1.07754,4214,10,0
2024-05-13 08:00:00+00:00,1.07751,1.07939,1.07731,1.07887,5701,10,0
2024-05-13 12:00:00+00:00,1.07888,1.08063,1.07883,1.0795,7451,10,0
2024-05-13 16:00:00+00:00,1.0795,1.07986,1.07863,1.07886,3642,10,0
2024-05-13 20:00:00+00:00,1.07886,1.07932,1.07863,1.07916,1729,10,0
2024-05-14 00:00:00+00:00,1.07916,1.07919,1.0784,1.07872,2983,10,0
2024-05-14 04:00:00+00:00,1.07872,1.07891,1.07826,1.07867,3680,10,0
2024-05-14 08:00:00+00:00,1.07868,1.07984,1.07748,1.07922,5829,10,0
2024-05-14 12:00:00+00:00,1.07922,1.08251,1.07668,1.0818,13353,10,0
2024-05-14 16:00:00+00:00,1.08179,1.08225,1.08135,1.08197,3672,10,0
2024-05-14 20:00:00+00:00,1.08199,1.08205,1.08131,1.08133,2270,10,0
2024-05-15 00:00:00+00:00,1.08132,1.08273,1.08127,1.08255,3013,10,0
2024-05-15 04:00:00+00:00,1.08255,1.08322,1.08202,1.08257,4614,10,0
2024-05-15 08:00:00+00:00,1.08256,1.08341,1.08215,1.0829,6081,10,0
2024-05-15 12:00:00+00:00,1.08292,1.0874,1.08277,1.08597,16607,10,0
2024-05-15 16:00:00+00:00,1.08595,1.08823,1.08557,1.08812,5458,10,0
2024-05-15 20:00:00+00:00,1.08811,1.08898,1.08767,1.08878,3022,10,0
2024-05-16 00:00:00+00:00,1.08878,1.08946,1.08808,1.08866,4835,10,0
2024-05-16 04:00:00+00:00,1.08866,1.08867,1.08727,1.08737,4951,10,0
2024-05-16 08:00:00+00:00,1.08738,1.08762,1.08613,1.08664,5500,10,0
2024-05-16 12:00:00+00:00,1.08664,1.08753,1.08539,1.08745,9732,10,0
2024-05-16 16:00:00+00:00,1.08744,1.08752,1.08652,1.0866500000000001,4276,10,0
2024-05-16 20:00:00+00:00,1.08664,1.08687,1.08613,1.08674,2017,10,0
2024-05-17 00:00:00+00:00,1.08674,1.08683,1.08539,1.08588,3267,10,0
2024-05-17 04:00:00+00:00,1.08588,1.08678,1.08551,1.08585,4108,10,0
2024-05-17 08:00:00+00:00,1.08585,1.0859,1.08353,1.08427,5341,10,0
2024-05-17 12:00:00+00:00,1.08426,1.08779,1.08383,1.0868,7765,10,0
2024-05-17 16:00:00+00:00,1.0868,1.0876,1.0866500000000001,1.08722,4320,10,0
2024-05-17 20:00:00+00:00,1.08722,1.08724,1.08673,1.08686,679,10,0
2024-05-19 20:00:00+00:00,1.08672,1.08738,1.08651,1.08717,1233,10,0
2024-05-20 00:00:00+00:00,1.08717,1.08782,1.08685,1.08775,3402,10,0
2024-05-20 04:00:00+00:00,1.08775,1.08841,1.08689,1.0872600000000001,4550,10,0
2024-05-20 08:00:00+00:00,1.0872600000000001,1.08759,1.08595,1.08596,4561,10,0
2024-05-20 12:00:00+00:00,1.08597,1.08692,1.08536,1.08601,7591,10,0
2024-05-20 16:00:00+00:00,1.08603,1.08701,1.08583,1.08594,3496,10,0
2024-05-20 20:00:00+00:00,1.08594,1.0860400000000001,1.08546,1.086,2105,10,0
2024-05-21 00:00:00+00:00,1.086,1.08613,1.08505,1.08556,3569,10,0
2024-05-21 04:00:00+00:00,1.08555,1.0866500000000001,1.08547,1.08638,4484,10,0
2024-05-21 08:00:00+00:00,1.08638,1.08743,1.08594,1.0868,5532,10,0
2024-05-21 12:00:00+00:00,1.08682,1.08702,1.08421,1.08534,11155,10,0
2024-05-21 16:00:00+00:00,1.08534,1.08563,1.0846,1.08551,4140,10,0
2024-05-21 20:00:00+00:00,1.0855,1.0859,1.08494,1.08535,1954,10,0
2024-05-22 00:00:00+00:00,1.08535,1.0863,1.08532,1.08555,3569,10,0
2024-05-22 04:00:00+00:00,1.08555,1.0863,1.08497,1.08571,5132,10,0
2024-05-22 08:00:00+00:00,1.08571,1.08576,1.08214,1.08269,6050,10,0
2024-05-22 12:00:00+00:00,1.08271,1.08418,1.08261,1.08357,8641,10,0
2024-05-22 16:00:00+00:00,1.08357,1.08463,1.0817,1.08206,6960,10,0
2024-05-22 20:00:00+00:00,1.08208,1.08264,1.08175,1.08246,2560,10,0
2024-05-23 00:00:00+00:00,1.08246,1.08308,1.08216,1.08297,3365,10,0
2024-05-23 04:00:00+00:00,1.08297,1.08339,1.0812,1.08291,6416,10,0
2024-05-23 08:00:00+00:00,1.08286,1.08519,1.08277,1.085,7039,10,0
2024-05-23 12:00:00+00:00,1.08501,1.08603,1.08201,1.08259,13226,10,0
2024-05-23 16:00:00+00:00,1.08259,1.08306,1.08043,1.08098,6641,10,0
2024-05-23 20:00:00+00:00,1.08098,1.08151,1.0808,1.08112,2648,10,0
2024-05-24 00:00:00+00:00,1.08112,1.08133,1.08051,1.0806,3648,10,0
2024-05-24 04:00:00+00:00,1.0806,1.08252,1.08051,1.08237,4618,10,0
2024-05-24 08:00:00+00:00,1.08238,1.08437,1.08193,1.08402,5617,10,0
2024-05-24 12:00:00+00:00,1.08402,1.0855299999999999,1.08371,1.08505,9159,10,0
2024-05-24 16:00:00+00:00,1.08505,1.08574,1.08455,1.08486,4205,10,0
2024-05-24 20:00:00+00:00,1.08485,1.08487,1.08454,1.08456,536,10,0
2024-05-26 20:00:00+00:00,1.08472,1.08499,1.08403,1.08462,1474,10,0
2024-05-27 00:00:00+00:00,1.08462,1.08517,1.08462,1.08488,2522,10,0
2024-05-27 04:00:00+00:00,1.08487,1.08521,1.08437,1.08503,2999,10,0
2024-05-27 08:00:00+00:00,1.08506,1.08669,1.08445,1.08571,5025,10,0
2024-05-27 12:00:00+00:00,1.08571,1.086,1.08403,1.08592,6549,10,0
2024-05-27 16:00:00+00:00,1.08592,1.0861399999999999,1.08565,1.08591,1195,10,0
2024-05-27 20:00:00+00:00,1.08592,1.08615,1.08502,1.08608,2288,10,0
2024-05-28 00:00:00+00:00,1.0861,1.08782,1.08601,1.08777,4082,10,0
2024-05-28 04:00:00+00:00,1.08778,1.08796,1.0871,1.0877,4798,10,0
2024-05-28 08:00:00+00:00,1.08769,1.08885,1.08666,1.08837,5599,10,0
2024-05-28 12:00:00+00:00,1.08836,1.0884,1.08575,1.08776,9464,10,0
2024-05-28 16:00:00+00:00,1.08775,1.08783,1.08547,1.08608,5967,10,0
2024-05-28 20:00:00+00:00,1.08608,1.08613,1.08508,1.08509,2368,10,0
2024-05-29 00:00:00+00:00,1.08509,1.08564,1.08453,1.08468,3566,10,0
2024-05-29 04:00:00+00:00,1.08468,1.08585,1.08434,1.08518,5029,10,0
2024-05-29 08:00:00+00:00,1.08514,1.08556,1.0829,1.08496,8044,10,0
2024-05-29 12:00:00+00:00,1.08495,1.08581,1.08085,1.08108,10868,10,0
2024-05-29 16:00:00+00:00,1.08107,1.08169,1.07994,1.08014,6150,10,0
2024-05-29 20:00:00+00:00,1.08016,1.08033,1.07947,1.08009,2420,10,0
2024-05-30 00:00:00+00:00,1.08008,1.08041,1.07934,1.07975,4291,10,0
2024-05-30 04:00:00+00:00,1.07975,1.08107,1.07878,1.08079,6503,10,0
2024-05-30 08:00:00+00:00,1.08078,1.08213,1.0803,1.08179,7245,10,0
2024-05-30 12:00:00+00:00,1.08176,1.08447,1.08123,1.08358,10508,10,0
2024-05-30 16:00:00+00:00,1.0836,1.08428,1.0826500000000001,1.08298,4754,10,0
2024-05-30 20:00:00+00:00,1.08296,1.08335,1.08284,1.0830899999999999,2288,10,0
2024-05-31 00:00:00+00:00,1.0831,1.08333,1.08107,1.08186,4550,10,0
2024-05-31 04:00:00+00:00,1.08186,1.08249,1.0814,1.08223,5636,10,0
2024-05-31 08:00:00+00:00,1.08222,1.08547,1.0822,1.08521,7052,10,0
2024-05-31 12:00:00+00:00,1.08521,1.08819,1.08414,1.08456,14271,10,0
2024-05-31 16:00:00+00:00,1.08457,1.08522,1.08394,1.08504,5540,10,0
2024-05-31 20:00:00+00:00,1.08506,1.08516,1.08458,1.0848,971,10,0
2024-06-02 20:00:00+00:00,1.0846,1.08526,1.08448,1.08524,1675,10,0
2024-06-03 00:00:00+00:00,1.08522,1.08581,1.08488,1.08491,3789,10,0
2024-06-03 04:00:00+00:00,1.08491,1.08584,1.08394,1.08395,5307,10,0
2024-06-03 08:00:00+00:00,1.08394,1.08443,1.08274,1.08427,7658,10,0
2024-06-03 12:00:00+00:00,1.08429,1.08899,1.08398,1.0889,10894,10,0
2024-06-03 16:00:00+00:00,1.0889,1.08996,1.0881,1.08992,6164,10,0
2024-06-03 20:00:00+00:00,1.08995,1.09091,1.08981,1.09066,2268,10,0
2024-06-04 00:00:00+00:00,1.09066,1.09154,1.09047,1.09069,3887,10,0
2024-06-04 04:00:00+00:00,1.09069,1.09106,1.08844,1.08897,5809,10,0
2024-06-04 08:00:00+00:00,1.08897,1.08904,1.08585,1.08612,9429,10,0
2024-06-04 12:00:00+00:00,1.08613,1.08829,1.08613,1.08771,11701,10,0
2024-06-04 16:00:00+00:00,1.08771,1.08871,1.0877,1.08807,6493,10,0
2024-06-04 20:00:00+00:00,1.08806,1.08815,1.08758,1.08814,1816,10,0
2024-06-05 00:00:00+00:00,1.08814,1.08856,1.08762,1.08781,3481,10,0
2024-06-05 04:00:00+00:00,1.0878,1.08819,1.08704,1.08711,5030,10,0
2024-06-05 08:00:00+00:00,1.0871,1.08768,1.08593,1.08676,6011,10,0
2024-06-05 12:00:00+00:00,1.08676,1.08911,1.08616,1.08646,12826,10,0
2024-06-05 16:00:00+00:00,1.08645,1.08769,1.0854,1.08737,5268,10,0
2024-06-05 20:00:00+00:00,1.08739,1.08739,1.08645,1.0873599999999999,2299,10,0
2024-06-06 00:00:00+00:00,1.0873599999999999,1.08954,1.08733,1.089,3976,10,0
2024-06-06 04:00:00+00:00,1.089,1.08904,1.08755,1.08779,4946,10,0
2024-06-06 08:00:00+00:00,1.08779,1.08817,1.08615,1.0867,5521,10,0
2024-06-06 12:00:00+00:00,1.08672,1.09015,1.08638,1.08816,13859,10,0
2024-06-06 16:00:00+00:00,1.08817,1.08938,1.08794,1.08888,4504,10,0
2024-06-06 20:00:00+00:00,1.08889,1.08927,1.08858,1.08911,1974,10,0
2024-06-07 00:00:00+00:00,1.0890900000000001,1.08976,1.08863,1.08943,3636,10,0
2024-06-07 04:00:00+00:00,1.08942,1.08978,1.08875,1.08923,4953,10,0
2024-06-07 08:00:00+00:00,1.08924,1.09016,1.08826,1.08979,7168,10,0
2024-06-07 12:00:00+00:00,1.08977,1.09004,1.08037,1.0806,16941,10,0
2024-06-07 16:00:00+00:00,1.0806,1.08117,1.07995,1.07996,5934,10,0
2024-06-07 20:00:00+00:00,1.07996,1.08033,1.0799,1.0801,744,10,0
2024-06-09 20:00:00+00:00,1.07621,1.07794,1.07553,1.07784,2517,10,0
2024-06-10 00:00:00+00:00,1.07782,1.0781,1.07551,1.07552,3329,10,0
2024-06-10 04:00:00+00:00,1.07552,1.07659,1.07474,1.07641,7294,10,0
2024-06-10 08:00:00+00:00,1.07641,1.07675,1.07322,1.0753,7228,10,0
2024-06-10 12:00:00+00:00,1.07532,1.07599,1.07326,1.07495,9185,10,0
2024-06-10 16:00:00+00:00,1.07495,1.0765,1.07494,1.07624,5296,10,0
2024-06-10 20:00:00+00:00,1.07623,1.07674,1.0759,1.07628,2343,10,0
2024-06-11 00:00:00+00:00,1.07628,1.07687,1.07607,1.07679,3251,10,0
2024-06-11 04:00:00+00:00,1.07679,1.07731,1.07606,1.07637,4798,10,0
2024-06-11 08:00:00+00:00,1.07636,1.07643,1.07233,1.07283,9681,10,0
2024-06-11 12:00:00+00:00,1.07284,1.07361,1.07189,1.07318,10283,10,0
2024-06-11 16:00:00+00:00,1.0732,1.07488,1.07317,1.07397,4476,10,0
2024-06-11 20:00:00+00:00,1.07398,1.07422,1.07372,1.07396,2119,10,0
2024-06-12 00:00:00+00:00,1.07393,1.07426,1.07342,1.07397,3207,10,0
2024-06-12 04:00:00+00:00,1.07397,1.07464,1.07353,1.0744,4537,10,0
2024-06-12 08:00:00+00:00,1.0744,1.07649,1.07436,1.07636,6325,10,0
2024-06-12 12:00:00+00:00,1.07638,1.08519,1.07614,1.08421,15960,10,0
2024-06-12 16:00:00+00:00,1.08422,1.08475,1.08033,1.08061,20612,10,0
2024-06-12 20:00:00+00:00,1.08061,1.08147,1.08039,1.08124,2884,10,0
2024-06-13 00:00:00+00:00,1.08124,1.08154,1.08035,1.08064,3989,10,0
2024-06-13 04:00:00+00:00,1.0806499999999999,1.08158,1.08,1.08138,5260,10,0
2024-06-13 08:00:00+00:00,1.08136,1.0814,1.07822,1.07829,7156,10,0
2024-06-13 12:00:00+00:00,1.07829,1.08159,1.07529,1.07551,14263,10,0
2024-06-13 16:00:00+00:00,1.07551,1.07551,1.07325,1.07403,6859,10,0
2024-06-13 20:00:00+00:00,1.074,1.07427,1.07324,1.07372,2485,10,0
2024-06-14 00:00:00+00:00,1.07372,1.07445,1.0735,1.07396,3775,10,0
2024-06-14 04:00:00+00:00,1.07396,1.07406,1.07055,1.07074,7056,10,0
2024-06-14 08:00:00+00:00,1.07071,1.07115,1.06711,1.06934,12061,10,0
2024-06-14 12:00:00+00:00,1.06936,1.06994,1.06671,1.06982,13891,10,0
2024-06-14 16:00:00+00:00,1.06981,1.07055,1.06926,1.07055,5600,10,0
2024-06-14 20:00:00+00:00,1.07056,1.0707,1.07014,1.07016,769,10,0
2024-06-16 20:00:00+00:00,1.07009,1.0707200000000001,1.06975,1.07022,1784,10,0
2024-06-17 00:00:00+00:00,1.07022,1.07068,1.06985,1.07032,4063,10,0
2024-06-17 04:00:00+00:00,1.07032,1.0708199999999999,1.0686,1.07002,8254,10,0
2024-06-17 08:00:00+00:00,1.07002,1.07171,1.0699,1.0709,8505,10,0
2024-06-17 12:00:00+00:00,1.07091,1.07242,1.07065,1.07218,9341,10,0
2024-06-17 16:00:00+00:00,1.07217,1.07372,1.07201,1.07318,5396,10,0
2024-06-17 20:00:00+00:00,1.07318,1.07405,1.07262,1.07394,2675,10,0
2024-06-18 00:00:00+00:00,1.07395,1.07403,1.07205,1.07243,3955,10,0
2024-06-18 04:00:00+00:00,1.07242,1.07346,1.0718,1.07228,6555,10,0
2024-06-18 08:00:00+00:00,1.07229,1.07254,1.07095,1.07159,7451,10,0
2024-06-18 12:00:00+00:00,1.07161,1.0761,1.07102,1.07378,12766,10,0
2024-06-18 16:00:00+00:00,1.07379,1.07429,1.07317,1.07383,6010,10,0
2024-06-18 20:00:00+00:00,1.07385,1.07406,1.07362,1.0738,1894,10,0
2024-06-19 00:00:00+00:00,1.07383,1.07419,1.07348,1.07375,2903,10,0
2024-06-19 04:00:00+00:00,1.07375,1.0741,1.07244,1.0735999999999999,6240,10,0
2024-06-19 08:00:00+00:00,1.07361,1.07528,1.07319,1.07503,8135,10,0
2024-06-19 12:00:00+00:00,1.07502,1.07527,1.07405,1.07487,5834,10,0
2024-06-19 16:00:00+00:00,1.07486,1.07488,1.07419,1.07443,1274,10,0
2024-06-19 20:00:00+00:00,1.07444,1.07484,1.07399,1.07467,1776,10,0
2024-06-20 00:00:00+00:00,1.07468,1.07481,1.07384,1.07414,3311,10,0
2024-06-20 04:00:00+00:00,1.07415,1.07444,1.07237,1.07245,5076,10,0
2024-06-20 08:00:00+00:00,1.07243,1.07315,1.07122,1.07146,7850,10,0
2024-06-20 12:00:00+00:00,1.0714299999999999,1.07302,1.07065,1.07069,11012,10,0
2024-06-20 16:00:00+00:00,1.07069,1.07172,1.0703,1.07049,6311,10,0
2024-06-20 20:00:00+00:00,1.07048,1.07071,1.06977,1.07057,2160,10,0
2024-06-21 00:00:00+00:00,1.07057,1.07171,1.07029,1.07157,3727,10,0
2024-06-21 04:00:00+00:00,1.07157,1.07202,1.06707,1.06781,6701,10,0
2024-06-21 08:00:00+00:00,1.0677699999999999,1.06975,1.06758,1.06884,9099,10,0
2024-06-21 12:00:00+00:00,1.06884,1.06972,1.06776,1.06931,11312,10,0
2024-06-21 16:00:00+00:00,1.06933,1.06963,1.0688900000000001,1.06916,4721,10,0
2024-06-21 20:00:00+00:00,1.06914,1.06946,1.06908,1.06918,780,10,0
2024-06-23 20:00:00+00:00,1.06875,1.06951,1.06844,1.06874,1646,10,0
2024-06-24 00:00:00+00:00,1.06874,1.0693,1.06833,1.06911,3738,10,0
2024-06-24 04:00:00+00:00,1.06911,1.0714299999999999,1.06906,1.07122,5168,10,0
2024-06-24 08:00:00+00:00,1.07121,1.07353,1.07079,1.07351,7906,10,0
2024-06-24 12:00:00+00:00,1.0735,1.07458,1.07231,1.07268,8992,10,0
2024-06-24 16:00:00+00:00,1.07265,1.07378,1.07216,1.07355,4863,10,0
2024-06-24 20:00:00+00:00,1.07352,1.07368,1.07305,1.07317,1887,10,0
2024-06-25 00:00:00+00:00,1.07315,1.07388,1.07313,1.07382,3351,10,0
2024-06-25 04:00:00+00:00,1.07382,1.07436,1.07205,1.07267,5387,10,0
2024-06-25 08:00:00+00:00,1.07266,1.07355,1.07087,1.07092,6965,10,0
2024-06-25 12:00:00+00:00,1.07092,1.07146,1.06901,1.07036,9097,10,0
2024-06-25 16:00:00+00:00,1.07039,1.0717,1.07015,1.07153,4630,10,0
2024-06-25 20:00:00+00:00,1.07153,1.07154,1.07086,1.07088,1958,10,0
2024-06-26 00:00:00+00:00,1.07087,1.07174,1.07059,1.07105,3630,10,0
2024-06-26 04:00:00+00:00,1.07104,1.07113,1.0685,1.06932,5366,10,0
2024-06-26 08:00:00+00:00,1.0693,1.06994,1.06793,1.06935,6939,10,0
2024-06-26 12:00:00+00:00,1.06936,1.06953,1.06656,1.06817,11836,10,0
2024-06-26 16:00:00+00:00,1.06818,1.06905,1.06746,1.06803,5507,10,0
2024-06-26 20:00:00+00:00,1.06803,1.06814,1.0677,1.06795,2249,10,0
2024-06-27 00:00:00+00:00,1.06795,1.06921,1.06766,1.06901,3856,10,0
2024-06-27 04:00:00+00:00,1.06901,1.06984,1.06879,1.069,5270,10,0
2024-06-27 08:00:00+00:00,1.06896,1.07038,1.06802,1.06923,7900,10,0
2024-06-27 12:00:00+00:00,1.06926,1.0726,1.06923,1.07067,12147,10,0
2024-06-27 16:00:00+00:00,1.07064,1.071,1.07008,1.07023,5460,10,0
2024-06-27 20:00:00+00:00,1.07026,1.07089,1.06989,1.0707200000000001,2043,10,0
2024-06-28 00:00:00+00:00,1.07071,1.07103,1.0685,1.06918,4750,10,0
2024-06-28 04:00:00+00:00,1.06918,1.07034,1.06852,1.06957,5312,10,0
2024-06-28 08:00:00+00:00,1.06956,1.07114,1.06917,1.06968,7212,10,0
2024-06-28 12:00:00+00:00,1.06968,1.07216,1.0692,1.07107,15592,10,0
2024-06-28 16:00:00+00:00,1.07106,1.07242,1.07057,1.07108,5923,10,0
2024-06-28 20:00:00+00:00,1.07105,1.0714,1.07074,1.07131,1038,10,0
2024-06-30 20:00:00+00:00,1.07347,1.07405,1.073,1.07344,2640,10,0
2024-07-01 00:00:00+00:00,1.07345,1.07611,1.07342,1.07524,5558,10,0
2024-07-01 04:00:00+00:00,1.07524,1.07759,1.0751,1.07545,7883,10,0
2024-07-01 08:00:00+00:00,1.07541,1.07717,1.07423,1.07486,7541,10,0
2024-07-01 12:00:00+00:00,1.07486,1.07696,1.07192,1.07263,11792,10,0
2024-07-01 16:00:00+00:00,1.07263,1.07388,1.07237,1.07378,5393,10,0
2024-07-01 20:00:00+00:00,1.0737700000000001,1.0742,1.07352,1.07359,2274,10,0
2024-07-02 00:00:00+00:00,1.07359,1.07383,1.07304,1.0732,3421,10,0
2024-07-02 04:00:00+00:00,1.0732,1.07351,1.07117,1.07177,5795,10,0
2024-07-02 08:00:00+00:00,1.07177,1.0724,1.07096,1.07233,6930,10,0
2024-07-02 12:00:00+00:00,1.07234,1.07463,1.07234,1.07361,11923,10,0
2024-07-02 16:00:00+00:00,1.07359,1.0746,1.07301,1.07456,4181,10,0
2024-07-02 20:00:00+00:00,1.07455,1.07486,1.07416,1.07475,1979,10,0
2024-07-03 00:00:00+00:00,1.07476,1.07537,1.07399,1.07431,2956,10,0
2024-07-03 04:00:00+00:00,1.07431,1.07613,1.07357,1.0759,4883,10,0
2024-07-03 08:00:00+00:00,1.07589,1.07631,1.07521,1.07572,6175,10,0
2024-07-03 12:00:00+00:00,1.07575,1.08164,1.07546,1.07983,12322,10,0
2024-07-03 16:00:00+00:00,1.07984,1.08001,1.07778,1.07843,4279,10,0
2024-07-03 20:00:00+00:00,1.07843,1.07911,1.07817,1.07904,2082,10,0
2024-07-04 00:00:00+00:00,1.07905,1.07944,1.07832,1.07847,3019,10,0
2024-07-04 04:00:00+00:00,1.0784799999999999,1.0796000000000001,1.07843,1.07941,5097,10,0
2024-07-04 08:00:00+00:00,1.07941,1.08026,1.07933,1.07966,6033,10,0
2024-07-04 12:00:00+00:00,1.07965,1.08134,1.07941,1.08101,5314,10,0
2024-07-04 16:00:00+00:00,1.08101,1.08133,1.08092,1.08123,1281,10,0
2024-07-04 20:00:00+00:00,1.08123,1.08133,1.08076,1.081,1812,10,0
2024-07-05 00:00:00+00:00,1.08101,1.0824,1.08097,1.08215,3496,10,0
2024-07-05 04:00:00+00:00,1.08215,1.08298,1.0816,1.08288,4666,10,0
2024-07-05 08:00:00+00:00,1.08286,1.08313,1.08181,1.08186,5409,10,0
2024-07-05 12:00:00+00:00,1.08188,1.08412,1.08014,1.08271,15706,10,0
2024-07-05 16:00:00+00:00,1.08271,1.08421,1.08229,1.08407,4481,10,0
2024-07-05 20:00:00+00:00,1.08408,1.08408,1.08372,1.0839,949,10,0
2024-07-07 20:00:00+00:00,1.08009,1.08316,1.07989,1.08252,2674,10,0
2024-07-08 00:00:00+00:00,1.08252,1.08357,1.0818699999999999,1.08308,4452,10,0
2024-07-08 04:00:00+00:00,1.08311,1.08377,1.0814300000000001,1.08364,6905,10,0
2024-07-08 08:00:00+00:00,1.08364,1.08425,1.08232,1.0833,7099,10,0
2024-07-08 12:00:00+00:00,1.08332,1.08448,1.08308,1.08345,8287,10,0
2024-07-08 16:00:00+00:00,1.08343,1.08359,1.0822,1.08247,3819,10,0
2024-07-08 20:00:00+00:00,1.08247,1.0830899999999999,1.0822,1.083,1766,10,0
2024-07-09 00:00:00+00:00,1.083,1.08328,1.08188,1.08278,3239,10,0
2024-07-09 04:00:00+00:00,1.08278,1.08307,1.08165,1.08173,4712,10,0
2024-07-09 08:00:00+00:00,1.08172,1.08279,1.08117,1.08134,6020,10,0
2024-07-09 12:00:00+00:00,1.08136,1.08278,1.08052,1.08121,10464,10,0
2024-07-09 16:00:00+00:00,1.08124,1.08157,1.08055,1.08139,5147,10,0
2024-07-09 20:00:00+00:00,1.08138,1.0816,1.08089,1.08139,1805,10,0
2024-07-10 00:00:00+00:00,1.08139,1.08207,1.08102,1.08194,3276,10,0
2024-07-10 04:00:00+00:00,1.08194,1.08244,1.08142,1.08159,4820,10,0
2024-07-10 08:00:00+00:00,1.08157,1.0826500000000001,1.08114,1.08249,6148,10,0
2024-07-10 12:00:00+00:00,1.0824799999999999,1.08284,1.08194,1.08221,7836,10,0
2024-07-10 16:00:00+00:00,1.08221,1.08293,1.0817,1.08281,4075,10,0
2024-07-10 20:00:00+00:00,1.08281,1.0836,1.0824799999999999,1.08327,2069,10,0
2024-07-11 00:00:00+00:00,1.08327,1.08397,1.08318,1.08373,2984,10,0
2024-07-11 04:00:00+00:00,1.08373,1.08395,1.08317,1.08389,4297,10,0
2024-07-11 08:00:00+00:00,1.08388,1.08574,1.08376,1.08542,5856,10,0
2024-07-11 12:00:00+00:00,1.08542,1.08995,1.0844,1.08694,21619,10,0
2024-07-11 16:00:00+00:00,1.08694,1.08703,1.08594,1.08644,6567,10,0
2024-07-11 20:00:00+00:00,1.08642,1.08739,1.08637,1.08734,3047,10,0
2024-07-12 00:00:00+00:00,1.08734,1.08742,1.08631,1.08684,4534,10,0
2024-07-12 04:00:00+00:00,1.08684,1.08756,1.08615,1.08749,5025,10,0
2024-07-12 08:00:00+00:00,1.08748,1.08919,1.08748,1.08874,6442,10,0
2024-07-12 12:00:00+00:00,1.08874,1.09106,1.08733,1.0901,14609,10,0
2024-07-12 16:00:00+00:00,1.09008,1.09109,1.09001,1.0906,4762,10,0
2024-07-12 20:00:00+00:00,1.09062,1.0907499999999999,1.09036,1.0906,679,10,0
2024-07-14 20:00:00+00:00,1.08852,1.08917,1.08816,1.08855,2491,3,0
2024-07-15 00:00:00+00:00,1.08855,1.08951,1.0883099999999999,1.08938,3807,10,0
2024-07-15 04:00:00+00:00,1.08938,1.0896,1.08833,1.08952,5139,10,0
2024-07-15 08:00:00+00:00,1.08954,1.09199,1.0895299999999999,1.09054,7284,10,0
2024-07-15 12:00:00+00:00,1.09054,1.09219,1.09017,1.09115,8793,10,0
2024-07-15 16:00:00+00:00,1.09117,1.09165,1.08929,1.08983,7878,10,0
2024-07-15 20:00:00+00:00,1.0898,1.08989,1.08904,1.08978,2369,7,0
2024-07-16 00:00:00+00:00,1.08979,1.08979,1.08883,1.08924,3508,10,0
2024-07-16 04:00:00+00:00,1.08926,1.08998,1.08833,1.08986,5352,10,0
2024-07-16 08:00:00+00:00,1.08985,1.09037,1.08934,1.0901399999999999,7678,10,0
2024-07-16 12:00:00+00:00,1.0901399999999999,1.0905,1.08713,1.0884,11018,10,0
2024-07-16 16:00:00+00:00,1.0884,1.09022,1.08806,1.09011,4956,10,0
2024-07-16 20:00:00+00:00,1.09008,1.09026,1.08937,1.09018,2599,10,0
2024-07-17 00:00:00+00:00,1.09018,1.09064,1.0895299999999999,1.09056,3717,10,0
2024-07-17 04:00:00+00:00,1.09057,1.0913,1.08948,1.09081,6801,10,0
2024-07-17 08:00:00+00:00,1.09082,1.09446,1.09073,1.09345,9808,10,0
2024-07-17 12:00:00+00:00,1.09342,1.09476,1.09272,1.0931899999999999,11077,10,0
2024-07-17 16:00:00+00:00,1.0931899999999999,1.09393,1.09233,1.09357,6079,10,0
2024-07-17 20:00:00+00:00,1.09355,1.09405,1.09344,1.09396,3252,10,0
2024-07-18 00:00:00+00:00,1.09396,1.09402,1.09318,1.09323,4017,10,0
2024-07-18 04:00:00+00:00,1.09324,1.09377,1.09257,1.09308,5934,10,0
2024-07-18 08:00:00+00:00,1.09308,1.09383,1.0925799999999999,1.09271,6055,10,0
2024-07-18 12:00:00+00:00,1.09273,1.09363,1.09045,1.09118,11695,10,0
2024-07-18 16:00:00+00:00,1.09119,1.09158,1.08931,1.08968,6607,10,0
2024-07-18 20:00:00+00:00,1.08965,1.0901399999999999,1.08925,1.08996,2344,10,0
2024-07-19 00:00:00+00:00,1.08996,1.08997,1.0886,1.08879,4464,10,0
2024-07-19 04:00:00+00:00,1.08879,1.08901,1.08813,1.08876,6124,10,0
2024-07-19 08:00:00+00:00,1.08874,1.08927,1.08758,1.08927,7771,10,0
2024-07-19 12:00:00+00:00,1.08925,1.08936,1.08789,1.08875,9199,10,0
2024-07-19 16:00:00+00:00,1.08874,1.08908,1.08753,1.0879,5566,10,0
2024-07-19 20:00:00+00:00,1.0879,1.08829,1.08784,1.08827,930,10,0
2024-07-21 20:00:00+00:00,1.08807,1.09022,1.08807,1.08983,3009,10,0
2024-07-22 00:00:00+00:00,1.08983,1.08992,1.08843,1.08912,4063,10,0
2024-07-22 04:00:00+00:00,1.08912,1.08924,1.08783,1.08868,6579,10,0
2024-07-22 08:00:00+00:00,1.08868,1.08948,1.08834,1.0885,6283,10,0
2024-07-22 12:00:00+00:00,1.08851,1.08883,1.0872600000000001,1.08795,8409,10,0
2024-07-22 16:00:00+00:00,1.08795,1.08912,1.08785,1.08868,4389,10,0
2024-07-22 20:00:00+00:00,1.08867,1.0892,1.08858,1.08883,2076,10,0
2024-07-23 00:00:00+00:00,1.08883,1.0896,1.08866,1.08938,3673,10,0
2024-07-23 04:00:00+00:00,1.08939,1.08943,1.08734,1.08758,4961,10,0
2024-07-23 08:00:00+00:00,1.08759,1.08818,1.08556,1.08568,7629,10,0
2024-07-23 12:00:00+00:00,1.08566,1.08631,1.08434,1.08538,7998,10,0
2024-07-23 16:00:00+00:00,1.0854,1.08573,1.08486,1.08505,4536,10,0
2024-07-23 20:00:00+00:00,1.08504,1.08558,1.0848200000000001,1.08493,1931,10,0
2024-07-24 00:00:00+00:00,1.08493,1.08499,1.08414,1.08449,3488,10,0
2024-07-24 04:00:00+00:00,1.08449,1.08533,1.08254,1.0829,6456,10,0
2024-07-24 08:00:00+00:00,1.08288,1.08484,1.08256,1.08457,6892,10,0
2024-07-24 12:00:00+00:00,1.08458,1.0866,1.0845,1.08522,10241,10,0
2024-07-24 16:00:00+00:00,1.08524,1.08544,1.08354,1.08385,5720,10,0
2024-07-24 20:00:00+00:00,1.08385,1.08417,1.08365,1.08376,2164,10,0
2024-07-25 00:00:00+00:00,1.08375,1.08435,1.08345,1.08424,4801,10,0
2024-07-25 04:00:00+00:00,1.08424,1.08525,1.08279,1.08486,6874,10,0
2024-07-25 08:00:00+00:00,1.08489,1.08584,1.0843,1.0845,8871,10,0
2024-07-25 12:00:00+00:00,1.08452,1.08642,1.083,1.08592,13495,10,0
2024-07-25 16:00:00+00:00,1.08593,1.08696,1.08451,1.08457,6763,10,0
2024-07-25 20:00:00+00:00,1.08455,1.0851,1.0841,1.08508,2808,10,0
2024-07-26 00:00:00+00:00,1.08508,1.08599,1.08508,1.08577,3458,10,0
2024-07-26 04:00:00+00:00,1.08577,1.08601,1.08446,1.0849,4761,10,0
2024-07-26 08:00:00+00:00,1.0849,1.08608,1.08417,1.08605,6168,10,0
2024-07-26 12:00:00+00:00,1.0860400000000001,1.08676,1.0848200000000001,1.08571,9872,10,0
2024-07-26 16:00:00+00:00,1.08573,1.0866500000000001,1.0855,1.08574,4667,10,0
2024-07-26 20:00:00+00:00,1.08572,1.08577,1.08548,1.08551,713,10,0
2024-07-28 20:00:00+00:00,1.08563,1.08595,1.08524,1.08525,1867,10,0
2024-07-29 00:00:00+00:00,1.08525,1.08694,1.08505,1.0862,3956,10,0
2024-07-29 04:00:00+00:00,1.0862,1.08636,1.0843,1.0844,5070,10,0
2024-07-29 08:00:00+00:00,1.08439,1.08439,1.08163,1.08175,6655,10,0
2024-07-29 12:00:00+00:00,1.08175,1.08233,1.0802100000000001,1.0818699999999999,7102,10,0
2024-07-29 16:00:00+00:00,1.08188,1.08253,1.08144,1.08233,3953,10,0
2024-07-29 20:00:00+00:00,1.08233,1.08233,1.08169,1.08188,1843,10,0
2024-07-30 00:00:00+00:00,1.08188,1.08219,1.08138,1.08214,3285,10,0
2024-07-30 04:00:00+00:00,1.08214,1.0826500000000001,1.0816,1.08182,4740,10,0
2024-07-30 08:00:00+00:00,1.08185,1.08353,1.08157,1.08241,5695,10,0
2024-07-30 12:00:00+00:00,1.08239,1.08257,1.07977,1.0808200000000001,9798,10,0
2024-07-30 16:00:00+00:00,1.0808200000000001,1.0817,1.08063,1.08104,5391,10,0
2024-07-30 20:00:00+00:00,1.08104,1.08173,1.08081,1.08154,2451,10,0
2024-07-31 00:00:00+00:00,1.08154,1.08296,1.08122,1.08219,5083,10,0
2024-07-31 04:00:00+00:00,1.08218,1.0826500000000001,1.08111,1.08178,7576,10,0
2024-07-31 08:00:00+00:00,1.08176,1.08396,1.0806,1.08277,7354,10,0
2024-07-31 12:00:00+00:00,1.08278,1.08488,1.08169,1.08229,11585,10,0
2024-07-31 16:00:00+00:00,1.08226,1.08323,1.08015,1.08226,11400,10,0
2024-07-31 20:00:00+00:00,1.08223,1.08304,1.08165,1.08235,3310,10,0
2024-08-01 00:00:00+00:00,1.08235,1.08341,1.08228,1.08323,5132,10,0
2024-08-01 04:00:00+00:00,1.08323,1.08348,1.07988,1.08009,6371,10,0
2024-08-01 08:00:00+00:00,1.08008,1.08019,1.07769,1.07913,8493,10,0
2024-08-01 12:00:00+00:00,1.07913,1.08177,1.07831,1.07881,13676,10,0
2024-08-01 16:00:00+00:00,1.07883,1.07963,1.07798,1.07893,7712,10,0
2024-08-01 20:00:00+00:00,1.07891,1.07926,1.07857,1.07861,3900,10,0
2024-08-02 00:00:00+00:00,1.0786,1.07946,1.07815,1.07925,4901,10,0
2024-08-02 04:00:00+00:00,1.07927,1.0808200000000001,1.07858,1.08034,8064,10,0
2024-08-02 08:00:00+00:00,1.08036,1.08368,1.08026,1.08308,9205,10,0
2024-08-02 12:00:00+00:00,1.0831,1.09261,1.08287,1.09129,20746,8,0
2024-08-02 16:00:00+00:00,1.09129,1.09163,1.0903,1.09121,8946,10,0
2024-08-02 20:00:00+00:00,1.09124,1.09144,1.09078,1.09103,1040,10,0
2024-08-04 20:00:00+00:00,1.0917,1.09207,1.09012,1.09099,3953,10,0
2024-08-05 00:00:00+00:00,1.091,1.09307,1.09063,1.09301,10028,10,0
2024-08-05 04:00:00+00:00,1.093,1.09666,1.08922,1.09485,24776,10,0
2024-08-05 08:00:00+00:00,1.09486,1.09743,1.09326,1.09622,18301,10,0
2024-08-05 12:00:00+00:00,1.0962,1.10086,1.09556,1.0956,29760,8,0
2024-08-05 16:00:00+00:00,1.09557,1.09638,1.0947,1.09585,12042,10,0
2024-08-05 20:00:00+00:00,1.09583,1.09615,1.09481,1.09501,4778,10,0
2024-08-06 00:00:00+00:00,1.09501,1.09625,1.09433,1.09534,8838,10,0
2024-08-06 04:00:00+00:00,1.09534,1.09555,1.09216,1.09263,12483,10,0
2024-08-06 08:00:00+00:00,1.09264,1.09344,1.09033,1.09161,12587,10,0
2024-08-06 12:00:00+00:00,1.09162,1.09343,1.09041,1.09246,13833,10,0
2024-08-06 16:00:00+00:00,1.09247,1.09332,1.09203,1.09292,8143,10,0
2024-08-06 20:00:00+00:00,1.09292,1.09316,1.09234,1.09255,3917,10,0
2024-08-07 00:00:00+00:00,1.09255,1.093,1.09105,1.09156,7267,10,0
2024-08-07 04:00:00+00:00,1.09158,1.09274,1.0905,1.09218,8794,10,0
2024-08-07 08:00:00+00:00,1.09216,1.09275,1.0908,1.09228,9470,10,0
2024-08-07 12:00:00+00:00,1.0923,1.09362,1.0912,1.09243,9632,10,0
2024-08-07 16:00:00+00:00,1.09243,1.09267,1.0917,1.09227,7882,10,0
2024-08-07 20:00:00+00:00,1.09227,1.09334,1.09181,1.09271,3746,10,0
2024-08-08 00:00:00+00:00,1.09274,1.0935,1.09231,1.09346,6129,10,0
2024-08-08 04:00:00+00:00,1.09346,1.09447,1.09293,1.09392,7987,10,0
2024-08-08 08:00:00+00:00,1.09394,1.09438,1.09203,1.09298,7433,10,0
2024-08-08 12:00:00+00:00,1.09301,1.0932,1.08811,1.09124,13872,8,0
2024-08-08 16:00:00+00:00,1.09124,1.09185,1.09045,1.09152,6878,10,0
2024-08-08 20:00:00+00:00,1.0915300000000001,1.09189,1.09125,1.09142,2646,10,0
2024-08-09 00:00:00+00:00,1.09143,1.09239,1.09111,1.09222,4703,10,0
2024-08-09 04:00:00+00:00,1.09222,1.09286,1.09172,1.09217,5718,10,0
2024-08-09 08:00:00+00:00,1.09216,1.09252,1.0911,1.09156,6568,10,0
2024-08-09 12:00:00+00:00,1.09157,1.09297,1.09085,1.09238,7281,10,0
2024-08-09 16:00:00+00:00,1.09236,1.09243,1.09148,1.09183,4577,10,0
2024-08-09 20:00:00+00:00,1.09185,1.0919,1.09145,1.0915,673,10,0
2024-08-11 20:00:00+00:00,1.09133,1.09186,1.09095,1.09122,1796,10,0
2024-08-12 00:00:00+00:00,1.09122,1.09223,1.09114,1.0913599999999999,3079,10,0
2024-08-12 04:00:00+00:00,1.09137,1.09281,1.09132,1.09218,4659,10,0
2024-08-12 08:00:00+00:00,1.09219,1.09294,1.09157,1.09253,5771,10,0
2024-08-12 12:00:00+00:00,1.09253,1.09389,1.09145,1.09275,8462,10,0
2024-08-12 16:00:00+00:00,1.09272,1.09343,1.09216,1.09312,4373,10,0
2024-08-12 20:00:00+00:00,1.09312,1.09359,1.09269,1.09356,2212,10,0
2024-08-13 00:00:00+00:00,1.09355,1.09378,1.09287,1.09365,2934,10,0
2024-08-13 04:00:00+00:00,1.09364,1.09408,1.0926,1.09297,4754,10,0
2024-08-13 08:00:00+00:00,1.09295,1.09316,1.09133,1.09298,6071,10,0
2024-08-13 12:00:00+00:00,1.09297,1.09619,1.09251,1.09528,11023,8,0
2024-08-13 16:00:00+00:00,1.09532,1.09992,1.09522,1.09952,5441,10,0
2024-08-13 20:00:00+00:00,1.09955,1.09983,1.09872,1.09955,1590,10,0
2024-08-14 00:00:00+00:00,1.09951,1.0997,1.09882,1.09894,1962,10,0
2024-08-14 04:00:00+00:00,1.09895,1.1007500000000001,1.0986,1.10051,3024,10,0
2024-08-14 08:00:00+00:00,1.10049,1.1028,1.1002,1.1022,3580,10,0
2024-08-14 12:00:00+00:00,1.1022,1.10469,1.10036,1.10229,10483,8,0
2024-08-14 16:00:00+00:00,1.10225,1.10238,1.10104,1.10126,2367,10,0
2024-08-14 20:00:00+00:00,1.10125,1.10153,1.10094,1.10113,1292,10,0
2024-08-15 00:00:00+00:00,1.10115,1.1014,1.10029,1.10076,1499,10,0
2024-08-15 04:00:00+00:00,1.10077,1.1015,1.10068,1.10127,1878,10,0
2024-08-15 08:00:00+00:00,1.10126,1.10137,1.10028,1.10128,2046,10,0
2024-08-15 12:00:00+00:00,1.10124,1.10137,1.0949200000000001,1.0985,10696,8,0
2024-08-15 16:00:00+00:00,1.09852,1.09887,1.09712,1.09738,2691,10,0
2024-08-15 20:00:00+00:00,1.0973600000000001,1.09746,1.09672,1.09721,1512,10,0
2024-08-16 00:00:00+00:00,1.09722,1.0982,1.09714,1.09766,1757,10,0
2024-08-16 04:00:00+00:00,1.09768,1.09865,1.09757,1.09844,2417,10,0
2024-08-16 08:00:00+00:00,1.09847,1.09945,1.09783,1.09917,3266,10,0
2024-08-16 12:00:00+00:00,1.0991900000000001,1.10039,1.09823,1.09955,5635,8,0
2024-08-16 16:00:00+00:00,1.09954,1.10242,1.09949,1.10238,2722,10,0
2024-08-16 20:00:00+00:00,1.10239,1.10291,1.10217,1.10272,539,10,0
2024-08-18 20:00:00+00:00,1.10239,1.10336,1.10221,1.10242,1114,10,0
2024-08-19 00:00:00+00:00,1.1024,1.10399,1.10228,1.10384,2324,10,0
2024-08-19 04:00:00+00:00,1.10381,1.10498,1.10359,1.10423,3388,10,0
2024-08-19 08:00:00+00:00,1.10421,1.1050200000000001,1.10305,1.10416,3871,10,0
2024-08-19 12:00:00+00:00,1.10418,1.10733,1.10298,1.10687,6915,10,0
2024-08-19 16:00:00+00:00,1.10686,1.1086,1.10667,1.10831,2896,10,0
2024-08-19 20:00:00+00:00,1.10829,1.10872,1.10797,1.10848,1482,10,0
2024-08-20 00:00:00+00:00,1.1085099999999999,1.10868,1.10745,1.1075,2423,10,0
2024-08-20 04:00:00+00:00,1.10754,1.10866,1.10714,1.10861,3193,10,0
2024-08-20 08:00:00+00:00,1.10863,1.10884,1.10744,1.10802,4393,10,0
2024-08-20 12:00:00+00:00,1.10804,1.11166,1.10799,1.11044,8718,8,0
2024-08-20 16:00:00+00:00,1.11045,1.11269,1.1103399999999999,1.11241,3542,10,0
2024-08-20 20:00:00+00:00,1.11244,1.1131,1.11232,1.11269,2126,10,0
2024-08-21 00:00:00+00:00,1.1127,1.11322,1.11168,1.1120700000000001,2414,10,0
2024-08-21 04:00:00+00:00,1.11204,1.11283,1.11101,1.11135,3415,10,0
2024-08-21 08:00:00+00:00,1.11137,1.11255,1.1109499999999999,1.11141,3697,10,0
2024-08-21 12:00:00+00:00,1.11144,1.11473,1.10986,1.11419,14556,10,0
2024-08-21 16:00:00+00:00,1.11415,1.11738,1.11411,1.11513,5052,10,0
2024-08-21 20:00:00+00:00,1.11515,1.11577,1.11437,1.11545,1915,10,0
2024-08-22 00:00:00+00:00,1.11546,1.11566,1.11401,1.1144,2061,10,0
2024-08-22 04:00:00+00:00,1.11443,1.11648,1.1127,1.11364,3752,10,0
2024-08-22 08:00:00+00:00,1.11362,1.11506,1.11317,1.11363,5295,10,0
2024-08-22 12:00:00+00:00,1.11367,1.11425,1.10978,1.11124,9341,8,0
2024-08-22 16:00:00+00:00,1.11125,1.11172,1.10982,1.11082,3730,10,0
2024-08-22 20:00:00+00:00,1.11079,1.1117,1.1107,1.11155,1721,10,0
2024-08-23 00:00:00+00:00,1.11152,1.1128,1.11124,1.11243,2351,10,0
2024-08-23 04:00:00+00:00,1.11244,1.11314,1.1112,1.11186,3012,10,0
2024-08-23 08:00:00+00:00,1.11188,1.11269,1.11103,1.11185,3929,10,0
2024-08-23 12:00:00+00:00,1.11182,1.11957,1.11048,1.1175,13902,8,0
2024-08-23 16:00:00+00:00,1.11751,1.12004,1.1164,1.11909,6221,10,0
2024-08-23 20:00:00+00:00,1.11907,1.11938,1.11872,1.11925,459,10,0
2024-08-25 20:00:00+00:00,1.11884,1.11936,1.1186,1.11888,1424,8,0
2024-08-26 00:00:00+00:00,1.11891,1.12013,1.11812,1.11831,3161,8,0
2024-08-26 04:00:00+00:00,1.11832,1.11889,1.11754,1.11806,3661,8,0
2024-08-26 08:00:00+00:00,1.11805,1.11844,1.11624,1.11651,4652,8,0
2024-08-26 12:00:00+00:00,1.11648,1.11783,1.11496,1.11634,9156,7,0
2024-08-26 16:00:00+00:00,1.11631,1.11748,1.11583,1.11591,3555,8,0
2024-08-26 20:00:00+00:00,1.11594,1.11667,1.11581,1.11639,1653,8,0
2024-08-27 00:00:00+00:00,1.11641,1.11701,1.11592,1.11664,1784,8,0
2024-08-27 04:00:00+00:00,1.11665,1.11723,1.11611,1.11636,3572,8,0
2024-08-27 08:00:00+00:00,1.11633,1.11784,1.116,1.11602,4781,8,0
2024-08-27 12:00:00+00:00,1.11604,1.11716,1.11494,1.11595,8457,8,0
2024-08-27 16:00:00+00:00,1.11596,1.11901,1.11591,1.11838,3824,8,0
2024-08-27 20:00:00+00:00,1.1184,1.11853,1.11743,1.11766,2089,8,0
2024-08-28 00:00:00+00:00,1.11767,1.11797,1.1162,1.11655,2389,8,0
2024-08-28 04:00:00+00:00,1.11652,1.11676,1.11393,1.11557,3664,8,0
2024-08-28 08:00:00+00:00,1.11555,1.11589,1.11169,1.11203,6023,8,0
2024-08-28 12:00:00+00:00,1.11205,1.11372,1.11046,1.11255,9560,8,0
2024-08-28 16:00:00+00:00,1.11256,1.11259,1.11047,1.11128,3904,8,0
2024-08-28 20:00:00+00:00,1.11126,1.11256,1.11119,1.11241,1474,8,0
2024-08-29 00:00:00+00:00,1.11239,1.11352,1.11239,1.11352,1720,8,0
2024-08-29 04:00:00+00:00,1.1135,1.11394,1.11159,1.11295,3973,8,0
2024-08-29 08:00:00+00:00,1.11292,1.11292,1.10717,1.10957,9281,8,0
2024-08-29 12:00:00+00:00,1.10959,1.10976,1.10553,1.10843,12518,7,0
2024-08-29 16:00:00+00:00,1.10845,1.10875,1.10743,1.10754,5936,8,0
2024-08-29 20:00:00+00:00,1.10751,1.10829,1.10746,1.10797,2223,8,0
2024-08-30 00:00:00+00:00,1.108,1.10826,1.10693,1.10733,3625,8,0
2024-08-30 04:00:00+00:00,1.10733,1.10885,1.10713,1.10837,5585,8,0
2024-08-30 08:00:00+00:00,1.10838,1.10945,1.10733,1.10812,8315,8,0
2024-08-30 12:00:00+00:00,1.10814,1.10877,1.10525,1.10592,16442,8,0
2024-08-30 16:00:00+00:00,1.10591,1.10595,1.10434,1.1052,7319,8,0
2024-08-30 20:00:00+00:00,1.10518,1.10548,1.1047,1.10474,937,8,0
2024-09-01 20:00:00+00:00,1.10468,1.10494,1.10437,1.10442,1520,8,0
2024-09-02 00:00:00+00:00,1.10443,1.10551,1.10415,1.10481,3857,8,0
2024-09-02 04:00:00+00:00,1.10482,1.10698,1.10436,1.10662,5437,8,0
2024-09-02 08:00:00+00:00,1.10662,1.10769,1.10593,1.10593,7189,8,0
2024-09-02 12:00:00+00:00,1.10593,1.10715,1.10581,1.10673,6252,8,0
2024-09-02 16:00:00+00:00,1.10673,1.10723,1.10621,1.10717,1343,8,0
2024-09-02 20:00:00+00:00,1.10717,1.10726,1.10643,1.1067,1738,8,0
2024-09-03 00:00:00+00:00,1.1067,1.10697,1.10569,1.10578,4281,8,0
2024-09-03 04:00:00+00:00,1.10578,1.10672,1.10507,1.10558,6308,8,0
2024-09-03 08:00:00+00:00,1.10556,1.10593,1.10326,1.1036,9226,8,0
2024-09-03 12:00:00+00:00,1.10361,1.10693,1.10333,1.1042,14608,7,0
2024-09-03 16:00:00+00:00,1.10418,1.10466,1.10259,1.10412,5737,8,0
2024-09-03 20:00:00+00:00,1.10414,1.105,1.10389,1.1048,2958,8,0
2024-09-04 00:00:00+00:00,1.1048,1.10558,1.10459,1.10534,4607,8,0
2024-09-04 04:00:00+00:00,1.10534,1.1062400000000001,1.10464,1.10558,6478,8,0
2024-09-04 08:00:00+00:00,1.10555,1.10584,1.1042399999999999,1.10498,7073,8,0
2024-09-04 12:00:00+00:00,1.10498,1.10949,1.10396,1.10803,13244,7,0
2024-09-04 16:00:00+00:00,1.10802,1.10862,1.10648,1.10776,6105,8,0
2024-09-04 20:00:00+00:00,1.10779,1.10859,1.1075,1.10798,2731,8,0
2024-09-05 00:00:00+00:00,1.10798,1.1085,1.10754,1.10767,4209,8,0
2024-09-05 04:00:00+00:00,1.10768,1.109,1.10743,1.10866,5686,8,0
2024-09-05 08:00:00+00:00,1.10866,1.11077,1.10837,1.10949,7573,8,0
2024-09-05 12:00:00+00:00,1.10951,1.11195,1.10758,1.10947,16689,7,0
2024-09-05 16:00:00+00:00,1.10949,1.11128,1.10949,1.1103,5928,8,0
2024-09-05 20:00:00+00:00,1.11033,1.11121,1.11033,1.11108,2131,8,0
2024-09-06 00:00:00+00:00,1.11108,1.11157,1.11087,1.11148,3090,8,0
2024-09-06 04:00:00+00:00,1.11148,1.11205,1.11105,1.11153,5147,8,0
2024-09-06 08:00:00+00:00,1.11155,1.11203,1.11023,1.11066,6646,8,0
2024-09-06 12:00:00+00:00,1.11069,1.11544,1.10653,1.10858,31658,7,0
2024-09-06 16:00:00+00:00,1.10856,1.10891,1.10692,1.10879,9638,8,0
2024-09-06 20:00:00+00:00,1.10881,1.10883,1.10842,1.1085099999999999,978,8,0
2024-09-08 20:00:00+00:00,1.10817,1.10905,1.10809,1.10863,2151,8,0
2024-09-09 00:00:00+00:00,1.10864,1.10906,1.10784,1.10794,4500,8,0
2024-09-09 04:00:00+00:00,1.10795,1.108,1.10544,1.1059,5977,8,0
2024-09-09 08:00:00+00:00,1.10589,1.10622,1.10353,1.10446,7734,8,0
2024-09-09 12:00:00+00:00,1.10446,1.10515,1.10335,1.10409,9855,8,0
2024-09-09 16:00:00+00:00,1.10409,1.10532,1.10371,1.10379,5305,8,0
2024-09-09 20:00:00+00:00,1.10378,1.10395,1.1032,1.1035,2245,8,0
2024-09-10 00:00:00+00:00,1.1035,1.10387,1.10279,1.10378,3148,8,0
2024-09-10 04:00:00+00:00,1.10379,1.10492,1.10332,1.10366,5147,8,0
2024-09-10 08:00:00+00:00,1.10366,1.10434,1.10262,1.10308,6015,8,0
2024-09-10 12:00:00+00:00,1.10305,1.10364,1.10147,1.10246,10138,8,0
2024-09-10 16:00:00+00:00,1.10245,1.10284,1.10202,1.10264,4729,8,0
2024-09-10 20:00:00+00:00,1.10263,1.10267,1.10166,1.102,2299,8,0
2024-09-11 00:00:00+00:00,1.10198,1.1044,1.10164,1.1038000000000001,5034,8,0
2024-09-11 04:00:00+00:00,1.1038000000000001,1.10516,1.10376,1.10407,6285,8,0
2024-09-11 08:00:00+00:00,1.10406,1.10545,1.1036299999999999,1.1043,6509,8,0
2024-09-11 12:00:00+00:00,1.10429,1.10484,1.10015,1.10117,17942,7,0
2024-09-11 16:00:00+00:00,1.10117,1.10261,1.10093,1.10172,6332,8,0
2024-09-11 20:00:00+00:00,1.1017,1.10176,1.10083,1.101,2015,8,0
2024-09-12 00:00:00+00:00,1.101,1.1013600000000001,1.10057,1.10134,3002,8,0
2024-09-12 04:00:00+00:00,1.10134,1.10234,1.10056,1.1007500000000001,4859,8,0
2024-09-12 08:00:00+00:00,1.10073,1.1023,1.10051,1.10135,6172,8,0
2024-09-12 12:00:00+00:00,1.10135,1.10467,1.10095,1.10396,14704,7,0
2024-09-12 16:00:00+00:00,1.10396,1.10711,1.10367,1.107,7962,8,0
2024-09-12 20:00:00+00:00,1.10701,1.10787,1.10679,1.10784,2751,8,0
2024-09-13 00:00:00+00:00,1.10781,1.10898,1.10771,1.10866,4662,8,0
2024-09-13 04:00:00+00:00,1.10866,1.10935,1.10727,1.10919,5337,8,0
2024-09-13 08:00:00+00:00,1.10919,1.11003,1.10807,1.10839,7515,8,0
2024-09-13 12:00:00+00:00,1.1084100000000001,1.11014,1.10789,1.1084100000000001,11829,7,0
2024-09-13 16:00:00+00:00,1.10844,1.10854,1.10758,1.10774,4996,8,0
2024-09-13 20:00:00+00:00,1.10773,1.10779,1.10722,1.10752,666,8,0
2024-09-15 20:00:00+00:00,1.1076,1.10891,1.10714,1.10868,1574,9,0
2024-09-16 00:00:00+00:00,1.1087,1.11045,1.10863,1.11036,3552,9,0
2024-09-16 04:00:00+00:00,1.11033,1.11195,1.10953,1.1114600000000001,5511,9,0
2024-09-16 08:00:00+00:00,1.11145,1.1129,1.11132,1.11232,6676,9,0
2024-09-16 12:00:00+00:00,1.11232,1.11371,1.11161,1.1122,10265,9,0
2024-09-16 16:00:00+00:00,1.1122,1.11295,1.11158,1.11283,5194,9,0
2024-09-16 20:00:00+00:00,1.11284,1.11331,1.1123,1.11286,2494,9,0
2024-09-17 00:00:00+00:00,1.11286,1.11309,1.11215,1.11236,3535,9,0
2024-09-17 04:00:00+00:00,1.11236,1.11375,1.11154,1.1136,5383,9,0
2024-09-17 08:00:00+00:00,1.11358,1.11459,1.11297,1.1138,7081,9,0
2024-09-17 12:00:00+00:00,1.11382,1.11432,1.11114,1.11171,15668,8,0
2024-09-17 16:00:00+00:00,1.11168,1.11231,1.11103,1.11156,6498,9,0
2024-09-17 20:00:00+00:00,1.11156,1.11234,1.11107,1.11214,2118,9,0
2024-09-18 00:00:00+00:00,1.11214,1.113,1.1121,1.11257,3606,9,0
2024-09-18 04:00:00+00:00,1.11257,1.11309,1.11149,1.11305,5605,9,0
2024-09-18 08:00:00+00:00,1.11307,1.11393,1.11221,1.11241,6516,9,0
2024-09-18 12:00:00+00:00,1.11243,1.11396,1.11078,1.11153,9840,8,0
2024-09-18 16:00:00+00:00,1.11151,1.11886,1.10964,1.11056,31304,8,0
2024-09-18 20:00:00+00:00,1.11053,1.11235,1.11038,1.11135,4426,9,0
2024-09-19 00:00:00+00:00,1.11137,1.11186,1.1068,1.11179,9162,9,0
2024-09-19 04:00:00+00:00,1.1118,1.11527,1.11144,1.11452,9488,9,0
2024-09-19 08:00:00+00:00,1.1145100000000001,1.11782,1.11443,1.11576,11957,9,0
2024-09-19 12:00:00+00:00,1.11575,1.11579,1.1116,1.11461,18248,8,0
2024-09-19 16:00:00+00:00,1.11463,1.11674,1.11445,1.1161699999999999,7426,9,0
2024-09-19 20:00:00+00:00,1.1161699999999999,1.11639,1.11572,1.11589,2326,9,0
2024-09-20 00:00:00+00:00,1.11589,1.11687,1.11568,1.11654,4896,9,0
2024-09-20 04:00:00+00:00,1.11654,1.11814,1.1159,1.11623,7747,9,0
2024-09-20 08:00:00+00:00,1.11621,1.11687,1.11521,1.11612,8091,9,0
2024-09-20 12:00:00+00:00,1.11612,1.11765,1.11355,1.11584,14554,9,0
2024-09-20 16:00:00+00:00,1.11585,1.11756,1.11568,1.11615,8647,9,0
2024-09-20 20:00:00+00:00,1.11614,1.11633,1.11558,1.11626,1002,9,0
2024-09-22 20:00:00+00:00,1.11602,1.11644,1.1157,1.11587,1794,9,0
2024-09-23 00:00:00+00:00,1.11585,1.11645,1.11552,1.11612,3897,9,0
2024-09-23 04:00:00+00:00,1.11612,1.1166800000000001,1.10974,1.11016,8413,9,0
2024-09-23 08:00:00+00:00,1.1101,1.11252,1.10828,1.11192,10447,9,0
2024-09-23 12:00:00+00:00,1.11191,1.11429,1.11081,1.11298,14272,8,0
2024-09-23 16:00:00+00:00,1.11296,1.11296,1.11116,1.11144,7235,9,0
2024-09-23 20:00:00+00:00,1.11144,1.11144,1.11072,1.11106,2380,9,0
2024-09-24 00:00:00+00:00,1.11106,1.11135,1.11029,1.11122,4640,9,0
2024-09-24 04:00:00+00:00,1.11122,1.11318,1.11039,1.1127,7749,9,0
2024-09-24 08:00:00+00:00,1.1126800000000001,1.11457,1.11216,1.11288,8377,9,0
2024-09-24 12:00:00+00:00,1.11289,1.1163,1.11286,1.11496,13314,8,0
2024-09-24 16:00:00+00:00,1.1149499999999999,1.11764,1.11487,1.11763,6191,9,0
2024-09-24 20:00:00+00:00,1.11762,1.11905,1.11745,1.11903,2820,9,0
2024-09-25 00:00:00+00:00,1.11903,1.11983,1.1185,1.11974,4869,9,0
2024-09-25 04:00:00+00:00,1.11975,1.11982,1.11853,1.1191200000000001,6115,9,0
2024-09-25 08:00:00+00:00,1.1191200000000001,1.1197,1.11777,1.11952,8301,9,0
2024-09-25 12:00:00+00:00,1.11953,1.12137,1.11412,1.1143,15371,8,0
2024-09-25 16:00:00+00:00,1.11428,1.11474,1.11211,1.11258,7849,9,0
2024-09-25 20:00:00+00:00,1.1126,1.11327,1.11245,1.11292,2474,9,0
2024-09-26 00:00:00+00:00,1.11292,1.11447,1.11287,1.11401,4007,9,0
2024-09-26 04:00:00+00:00,1.11402,1.11574,1.11333,1.11347,6920,9,0
2024-09-26 08:00:00+00:00,1.11344,1.1161,1.11252,1.11537,10407,9,0
2024-09-26 12:00:00+00:00,1.11537,1.11889,1.11254,1.11824,19748,8,0
2024-09-26 16:00:00+00:00,1.11822,1.11837,1.11659,1.11776,8675,9,0
2024-09-26 20:00:00+00:00,1.11778,1.11784,1.11724,1.11764,2778,9,0
2024-09-27 00:00:00+00:00,1.11764,1.11773,1.11622,1.11687,5111,9,0
2024-09-27 04:00:00+00:00,1.11687,1.11755,1.11243,1.11326,12528,9,0
2024-09-27 08:00:00+00:00,1.11326,1.11706,1.11259,1.11622,9694,9,0
2024-09-27 12:00:00+00:00,1.11621,1.12026,1.11537,1.11583,18130,8,0
2024-09-27 16:00:00+00:00,1.11581,1.11674,1.1146,1.11637,8370,9,0
2024-09-27 20:00:00+00:00,1.11635,1.11673,1.11588,1.11632,922,9,0
2024-09-29 20:00:00+00:00,1.11576,1.11721,1.11566,1.11686,2052,9,0
2024-09-30 00:00:00+00:00,1.11686,1.11734,1.11557,1.11577,5053,9,0
2024-09-30 04:00:00+00:00,1.11577,1.11751,1.11557,1.11719,6756,9,0
2024-09-30 08:00:00+00:00,1.11721,1.12086,1.11721,1.1197,10665,9,0
2024-09-30 12:00:00+00:00,1.11972,1.12007,1.11347,1.11439,15489,9,0
2024-09-30 16:00:00+00:00,1.11441,1.11622,1.11132,1.11323,13568,9,0
2024-09-30 20:00:00+00:00,1.11325,1.11422,1.11297,1.11362,2691,9,0
2024-10-01 00:00:00+00:00,1.11363,1.1143,1.1126800000000001,1.1137299999999999,4651,9,0
2024-10-01 04:00:00+00:00,1.11374,1.11436,1.11111,1.11148,8972,9,0
2024-10-01 08:00:00+00:00,1.1115,1.11196,1.10783,1.10844,11374,9,0
2024-10-01 12:00:00+00:00,1.10843,1.10883,1.10571,1.1066,20014,8,0
2024-10-01 16:00:00+00:00,1.10658,1.10768,1.10454,1.10671,11354,9,0
2024-10-01 20:00:00+00:00,1.10673,1.10723,1.10632,1.10642,2811,9,0
2024-10-02 00:00:00+00:00,1.10643,1.10736,1.10629,1.10701,4840,9,0
2024-10-02 04:00:00+00:00,1.10701,1.10734,1.10535,1.1066,8425,9,0
2024-10-02 08:00:00+00:00,1.1066,1.10824,1.1060699999999999,1.10751,9216,9,0
2024-10-02 12:00:00+00:00,1.10753,1.10769,1.10324,1.10488,13528,8,0
2024-10-02 16:00:00+00:00,1.1049,1.1054599999999999,1.10365,1.10483,6434,9,0
2024-10-02 20:00:00+00:00,1.10481,1.10522,1.10411,1.10456,3015,9,0
2024-10-03 00:00:00+00:00,1.10455,1.10463,1.10315,1.10353,4549,9,0
2024-10-03 04:00:00+00:00,1.10355,1.10417,1.10245,1.10326,8438,9,0
2024-10-03 08:00:00+00:00,1.10326,1.10463,1.1029,1.10425,9843,9,0
2024-10-03 12:00:00+00:00,1.10423,1.10464,1.1008,1.10144,18670,8,0
2024-10-03 16:00:00+00:00,1.1014599999999999,1.10357,1.10137,1.10281,6962,9,0
2024-10-03 20:00:00+00:00,1.10283,1.10367,1.10256,1.10346,2515,9,0
2024-10-04 00:00:00+00:00,1.10346,1.10392,1.1025,1.1026799999999999,5123,9,0
2024-10-04 04:00:00+00:00,1.1026799999999999,1.10351,1.10246,1.10277,6727,9,0
2024-10-04 08:00:00+00:00,1.10277,1.10367,1.10196,1.1031900000000001,8106,9,0
2024-10-04 12:00:00+00:00,1.1031900000000001,1.10326,1.09544,1.09604,21068,8,0
2024-10-04 16:00:00+00:00,1.09605,1.09772,1.09509,1.09758,6747,9,0
2024-10-04 20:00:00+00:00,1.0976,1.09772,1.0972,1.09743,1021,9,0
2024-10-06 20:00:00+00:00,1.09663,1.09713,1.09609,1.09702,2501,9,0
2024-10-07 00:00:00+00:00,1.097,1.09773,1.09679,1.09718,5560,9,0
2024-10-07 04:00:00+00:00,1.09718,1.09732,1.09577,1.09691,7331,9,0
2024-10-07 08:00:00+00:00,1.09693,1.09803,1.0954,1.09765,10250,9,0
2024-10-07 12:00:00+00:00,1.09767,1.09845,1.09692,1.09754,12917,9,0
2024-10-07 16:00:00+00:00,1.09753,1.09864,1.09654,1.0971899999999999,6445,9,0
2024-10-07 20:00:00+00:00,1.09717,1.09786,1.09704,1.0974,2889,9,0
2024-10-08 00:00:00+00:00,1.0974,1.09866,1.09725,1.09829,5951,9,0
2024-10-08 04:00:00+00:00,1.09829,1.09952,1.09781,1.09948,7154,9,0
2024-10-08 08:00:00+00:00,1.0995,1.09968,1.09781,1.09872,8339,9,0
2024-10-08 12:00:00+00:00,1.09872,1.09894,1.09604,1.09693,10863,9,0
2024-10-08 16:00:00+00:00,1.09693,1.09777,1.09654,1.09773,5816,9,0
2024-10-08 20:00:00+00:00,1.09771,1.09805,1.09747,1.09753,2340,9,0
2024-10-09 00:00:00+00:00,1.09751,1.09782,1.09664,1.09673,4987,9,0
2024-10-09 04:00:00+00:00,1.09673,1.09755,1.09503,1.09599,7971,9,0
2024-10-09 08:00:00+00:00,1.096,1.09702,1.09529,1.09538,7601,9,0
2024-10-09 12:00:00+00:00,1.09537,1.09593,1.09392,1.09506,10176,9,0
2024-10-09 16:00:00+00:00,1.09505,1.09505,1.09357,1.09379,6137,9,0
2024-10-09 20:00:00+00:00,1.0937999999999999,1.09425,1.09363,1.09413,2291,9,0
2024-10-10 00:00:00+00:00,1.09413,1.09455,1.09385,1.0943100000000001,4544,9,0
2024-10-10 04:00:00+00:00,1.0943100000000001,1.09442,1.09326,1.09371,5887,9,0
2024-10-10 08:00:00+00:00,1.09373,1.09393,1.09268,1.09303,7343,9,0
2024-10-10 12:00:00+00:00,1.09304,1.09539,1.09072,1.09245,22336,8,0
2024-10-10 16:00:00+00:00,1.09247,1.09341,1.08997,1.09338,8953,9,0
2024-10-10 20:00:00+00:00,1.0934,1.09373,1.09316,1.09331,2726,9,0
2024-10-11 00:00:00+00:00,1.0933,1.09403,1.09293,1.0939,3686,9,0
2024-10-11 04:00:00+00:00,1.0939,1.09449,1.09318,1.0944099999999999,5037,9,0
2024-10-11 08:00:00+00:00,1.0944,1.09536,1.0927,1.09306,6646,9,0
2024-10-11 12:00:00+00:00,1.09307,1.0952,1.09255,1.09409,13221,8,0
2024-10-11 16:00:00+00:00,1.09409,1.09472,1.09327,1.09329,4520,9,0
2024-10-11 20:00:00+00:00,1.09327,1.09378,1.0932,1.09357,956,9,0
2024-10-13 20:00:00+00:00,1.09311,1.09322,1.09219,1.09229,1482,9,0
2024-10-14 00:00:00+00:00,1.09229,1.09288,1.0915,1.09253,4826,9,0
2024-10-14 04:00:00+00:00,1.09253,1.09307,1.09219,1.09279,4912,9,0
2024-10-14 08:00:00+00:00,1.0928,1.09362,1.09086,1.09125,6836,9,0
2024-10-14 12:00:00+00:00,1.09124,1.09268,1.09043,1.09066,10669,9,0
2024-10-14 16:00:00+00:00,1.09066,1.09084,1.08876,1.09033,5437,9,0
2024-10-14 20:00:00+00:00,1.0903100000000001,1.09099,1.09024,1.09086,2218,9,0
2024-10-15 00:00:00+00:00,1.09089,1.09094,1.08954,1.08963,3976,9,0
2024-10-15 04:00:00+00:00,1.08963,1.08982,1.08845,1.0898,6631,9,0
2024-10-15 08:00:00+00:00,1.0898,1.09156,1.08965,1.09006,8530,9,0
2024-10-15 12:00:00+00:00,1.09008,1.09163,1.0898,1.08988,11388,8,0
2024-10-15 16:00:00+00:00,1.08987,1.0902,1.08814,1.08867,6021,9,0
2024-10-15 20:00:00+00:00,1.08865,1.08925,1.08825,1.08829,2248,9,0
2024-10-16 00:00:00+00:00,1.08828,1.08952,1.08817,1.08905,4164,9,0
2024-10-16 04:00:00+00:00,1.08905,1.08929,1.08747,1.08819,6702,9,0
2024-10-16 08:00:00+00:00,1.08819,1.08967,1.08774,1.08941,7817,9,0
2024-10-16 12:00:00+00:00,1.08941,1.09011,1.08658,1.08722,9791,8,0
2024-10-16 16:00:00+00:00,1.08721,1.08762,1.08528,1.08575,5164,9,0
2024-10-16 20:00:00+00:00,1.08573,1.08667,1.08561,1.08586,2690,9,0
2024-10-17 00:00:00+00:00,1.08586,1.08646,1.08507,1.08524,5033,9,0
2024-10-17 04:00:00+00:00,1.08525,1.08579,1.08485,1.08542,5652,9,0
2024-10-17 08:00:00+00:00,1.08542,1.08668,1.08486,1.08627,6671,9,0
2024-10-17 12:00:00+00:00,1.08628,1.0873,1.08104,1.08362,18184,8,0
2024-10-17 16:00:00+00:00,1.08364,1.08367,1.08206,1.08275,5856,9,0
2024-10-17 20:00:00+00:00,1.08274,1.08327,1.0825,1.08287,2123,9,0
2024-10-18 00:00:00+00:00,1.08288,1.08392,1.08268,1.08382,4717,9,0
2024-10-18 04:00:00+00:00,1.08382,1.08483,1.08364,1.08407,6052,9,0
2024-10-18 08:00:00+00:00,1.08408,1.08517,1.08337,1.08477,7356,9,0
2024-10-18 12:00:00+00:00,1.08477,1.0864,1.08459,1.08531,9118,8,0
2024-10-18 16:00:00+00:00,1.08531,1.08678,1.08525,1.08634,4857,9,0
2024-10-18 20:00:00+00:00,1.08633,1.08693,1.08625,1.08673,760,9,0
2024-10-20 20:00:00+00:00,1.08602,1.08694,1.08587,1.08678,1683,9,0
2024-10-21 00:00:00+00:00,1.08679,1.08687,1.08633,1.08657,4454,9,0
2024-10-21 04:00:00+00:00,1.08657,1.08658,1.08456,1.08479,5271,9,0
2024-10-21 08:00:00+00:00,1.08478,1.08578,1.08443,1.08551,6243,9,0
2024-10-21 12:00:00+00:00,1.08552,1.08587,1.08194,1.08197,8809,9,0
2024-10-21 16:00:00+00:00,1.08197,1.08228,1.08105,1.0815,5080,9,0
2024-10-21 20:00:00+00:00,1.08149,1.08173,1.08112,1.08152,2524,9,0
2024-10-22 00:00:00+00:00,1.08151,1.0821,1.08139,1.0818699999999999,4142,9,0
2024-10-22 04:00:00+00:00,1.0818699999999999,1.08376,1.08175,1.0836,5394,9,0
2024-10-22 08:00:00+00:00,1.08359,1.08365,1.08138,1.08173,6911,9,0
2024-10-22 12:00:00+00:00,1.08173,1.08215,1.08003,1.08043,10598,9,0
2024-10-22 16:00:00+00:00,1.08042,1.08138,1.07936,1.07944,5024,9,0
2024-10-22 20:00:00+00:00,1.07944,1.08,1.07922,1.07961,2086,9,0
2024-10-23 00:00:00+00:00,1.07959,1.08049,1.07919,1.08018,4544,9,0
2024-10-23 04:00:00+00:00,1.08019,1.08062,1.07803,1.07816,6401,9,0
2024-10-23 08:00:00+00:00,1.07814,1.0791,1.07627,1.0763,7175,9,0
2024-10-23 12:00:00+00:00,1.07631,1.07857,1.07606,1.07785,9683,9,0
2024-10-23 16:00:00+00:00,1.07785,1.07862,1.07669,1.07853,6655,9,0
2024-10-23 20:00:00+00:00,1.07852,1.07859,1.07789,1.07798,2501,9,0
2024-10-24 00:00:00+00:00,1.07799,1.07894,1.07792,1.07865,4681,9,0
2024-10-24 04:00:00+00:00,1.07866,1.07982,1.07702,1.07954,7738,9,0
2024-10-24 08:00:00+00:00,1.07954,1.08078,1.07916,1.07946,8550,9,0
2024-10-24 12:00:00+00:00,1.07947,1.08108,1.07882,1.08046,12212,8,0
2024-10-24 16:00:00+00:00,1.08044,1.08285,1.0802100000000001,1.08285,5841,9,0
2024-10-24 20:00:00+00:00,1.08286,1.08295,1.08224,1.08234,2179,9,0
2024-10-25 00:00:00+00:00,1.08234,1.08272,1.08196,1.08215,4021,9,0
2024-10-25 04:00:00+00:00,1.08215,1.08271,1.08134,1.08241,5701,9,0
2024-10-25 08:00:00+00:00,1.08239,1.08366,1.08209,1.08213,6362,9,0
2024-10-25 12:00:00+00:00,1.08212,1.0839,1.08104,1.08119,9694,8,0
2024-10-25 16:00:00+00:00,1.08119,1.08119,1.07927,1.07954,6014,9,0
2024-10-25 20:00:00+00:00,1.07957,1.0796999999999999,1.07942,1.07953,923,9,0
2024-10-27 20:00:00+00:00,1.07919,1.08015,1.07849,1.07958,2550,9,0
2024-10-28 00:00:00+00:00,1.07957,1.08009,1.07818,1.07827,5363,9,0
2024-10-28 04:00:00+00:00,1.07827,1.08052,1.07818,1.08036,5005,9,0
2024-10-28 08:00:00+00:00,1.08035,1.08209,1.08003,1.08191,7422,9,0
2024-10-28 12:00:00+00:00,1.08189,1.08272,1.0812599999999999,1.08183,8724,9,0
2024-10-28 16:00:00+00:00,1.08183,1.08259,1.08097,1.0815,5900,9,0
2024-10-28 20:00:00+00:00,1.08151,1.08172,1.08084,1.08171,1975,9,0
2024-10-29 00:00:00+00:00,1.08172,1.08189,1.08055,1.08075,4679,9,0
2024-10-29 04:00:00+00:00,1.08075,1.08159,1.08053,1.08091,4559,9,0
2024-10-29 08:00:00+00:00,1.0809,1.08259,1.07964,1.07989,8635,9,0
2024-10-29 12:00:00+00:00,1.07986,1.08116,1.07682,1.07973,15363,8,0
2024-10-29 16:00:00+00:00,1.07972,1.08158,1.07918,1.08134,8289,9,0
2024-10-29 20:00:00+00:00,1.08133,1.08214,1.08127,1.08195,2485,9,0
2024-10-30 00:00:00+00:00,1.08194,1.08259,1.08131,1.08136,4380,9,0
2024-10-30 04:00:00+00:00,1.08136,1.0826,1.08127,1.08184,4419,9,0
2024-10-30 08:00:00+00:00,1.08186,1.0859,1.08186,1.0824,10104,9,0
2024-10-30 12:00:00+00:00,1.08238,1.08664,1.08075,1.08631,15674,8,0
2024-10-30 16:00:00+00:00,1.08629,1.0871,1.08531,1.08602,7258,9,0
2024-10-30 20:00:00+00:00,1.0860400000000001,1.08616,1.08531,1.08576,2961,9,0
2024-10-31 00:00:00+00:00,1.08576,1.08591,1.08439,1.08496,4579,9,0
2024-10-31 04:00:00+00:00,1.08496,1.08631,1.08447,1.08584,5583,9,0
2024-10-31 08:00:00+00:00,1.08587,1.08749,1.08507,1.08677,8943,9,0
2024-10-31 12:00:00+00:00,1.08679,1.08877,1.08456,1.08552,18124,8,0
2024-10-31 16:00:00+00:00,1.08549,1.08778,1.08532,1.08768,10101,9,0
2024-10-31 20:00:00+00:00,1.0877,1.0886,1.08765,1.08833,3118,9,0
2024-11-01 00:00:00+00:00,1.08834,1.08883,1.08747,1.0876,4424,9,0
2024-11-01 04:00:00+00:00,1.08759,1.0878700000000001,1.08678,1.08679,4601,9,0
2024-11-01 08:00:00+00:00,1.08676,1.08689,1.08518,1.08674,7130,9,0
2024-11-01 12:00:00+00:00,1.08674,1.09052,1.08467,1.0848200000000001,18577,8,0
2024-11-01 16:00:00+00:00,1.0848200000000001,1.0854,1.08339,1.08356,7078,9,0
2024-11-01 20:00:00+00:00,1.08357,1.08368,1.08314,1.08333,879,9,0
2024-11-03 20:00:00+00:00,1.08781,1.08812,1.08717,1.08724,2080,9,0
2024-11-04 00:00:00+00:00,1.08724,1.09046,1.08694,1.0901,6164,9,0
2024-11-04 04:00:00+00:00,1.09008,1.09025,1.08869,1.08908,6093,9,0
2024-11-04 08:00:00+00:00,1.08908,1.09137,1.08889,1.0913,7827,9,0
2024-11-04 12:00:00+00:00,1.0913,1.09145,1.08931,1.08989,10684,8,0
2024-11-04 16:00:00+00:00,1.08989,1.09008,1.08772,1.08784,7756,9,0
2024-11-04 20:00:00+00:00,1.08784,1.08811,1.08731,1.08733,2887,9,0
2024-11-05 00:00:00+00:00,1.08734,1.08796,1.08719,1.08754,3563,9,0
2024-11-05 04:00:00+00:00,1.08754,1.08903,1.0874,1.0888,3876,9,0
2024-11-05 08:00:00+00:00,1.08882,1.09015,1.08837,1.08989,5797,9,0
2024-11-05 12:00:00+00:00,1.08991,1.09119,1.0889199999999999,1.09016,9620,8,0
2024-11-05 16:00:00+00:00,1.09016,1.0936,1.09007,1.09305,7380,9,0
2024-11-05 20:00:00+00:00,1.09307,1.09369,1.09115,1.09336,4917,9,0
2024-11-06 00:00:00+00:00,1.09336,1.09336,1.07183,1.07462,43860,9,0
2024-11-06 04:00:00+00:00,1.0746,1.07941,1.0702,1.07341,31727,9,0
2024-11-06 08:00:00+00:00,1.07338,1.07809,1.07008,1.07079,20557,9,0
2024-11-06 12:00:00+00:00,1.07077,1.07394,1.06818,1.0737700000000001,25430,9,0
2024-11-06 16:00:00+00:00,1.07375,1.07577,1.07253,1.07348,15342,9,0
2024-11-06 20:00:00+00:00,1.07348,1.07381,1.07249,1.07314,4780,9,0
2024-11-07 00:00:00+00:00,1.07314,1.07411,1.07125,1.07394,6995,9,0
2024-11-07 04:00:00+00:00,1.07394,1.07696,1.0734,1.07517,7537,9,0
2024-11-07 08:00:00+00:00,1.07519,1.07712,1.07457,1.07586,10899,9,0
2024-11-07 12:00:00+00:00,1.07585,1.0825,1.07563,1.08104,17681,9,0
2024-11-07 16:00:00+00:00,1.08102,1.08144,1.07666,1.07817,18942,8,0
2024-11-07 20:00:00+00:00,1.07813,1.08091,1.07796,1.07952,7858,9,0
2024-11-08 00:00:00+00:00,1.07952,1.07971,1.07766,1.07779,6838,9,0
2024-11-08 04:00:00+00:00,1.07779,1.07861,1.07722,1.07795,6911,9,0
2024-11-08 08:00:00+00:00,1.07792,1.0796999999999999,1.0760399999999999,1.07827,13781,9,0
2024-11-08 12:00:00+00:00,1.07829,1.07841,1.07396,1.0748,15046,8,0
2024-11-08 16:00:00+00:00,1.07477,1.075,1.06863,1.07131,12045,9,0
2024-11-08 20:00:00+00:00,1.07128,1.07209,1.07102,1.07179,2584,9,0
2024-11-10 20:00:00+00:00,1.07085,1.07166,1.07043,1.07128,2011,9,0
2024-11-11 00:00:00+00:00,1.0713,1.07275,1.07081,1.07166,5980,9,0
2024-11-11 04:00:00+00:00,1.07166,1.07219,1.06856,1.06898,7037,9,0
2024-11-11 08:00:00+00:00,1.069,1.06942,1.06553,1.06622,12503,9,0
2024-11-11 12:00:00+00:00,1.06623,1.06644,1.06281,1.06467,12194,9,0
2024-11-11 16:00:00+00:00,1.06469,1.06568,1.06442,1.06506,6938,9,0
2024-11-11 20:00:00+00:00,1.06507,1.06627,1.06499,1.06627,3121,9,0
2024-11-12 00:00:00+00:00,1.06627,1.06627,1.0637699999999999,1.06381,6400,9,0
2024-11-12 04:00:00+00:00,1.06381,1.06454,1.06211,1.0631599999999999,7947,9,0
2024-11-12 08:00:00+00:00,1.06317,1.06337,1.06107,1.06186,11503,9,0
2024-11-12 12:00:00+00:00,1.06187,1.06268,1.06013,1.06086,13462,9,0
2024-11-12 16:00:00+00:00,1.06084,1.06181,1.05943,1.06121,10893,9,0
2024-11-12 20:00:00+00:00,1.06118,1.06262,1.0609,1.06163,4346,9,0
2024-11-13 00:00:00+00:00,1.06163,1.06289,1.06106,1.06188,6172,9,0
2024-11-13 04:00:00+00:00,1.06188,1.06224,1.06021,1.06027,5928,9,0
2024-11-13 08:00:00+00:00,1.06026,1.0637699999999999,1.0593,1.0637,10168,9,0
2024-11-13 12:00:00+00:00,1.06372,1.06534,1.05554,1.05883,28139,8,0
2024-11-13 16:00:00+00:00,1.05885,1.05917,1.05559,1.0565,13352,9,0
2024-11-13 20:00:00+00:00,1.05651,1.05685,1.05537,1.05654,4574,9,0
2024-11-14 00:00:00+00:00,1.05654,1.05683,1.0545,1.05473,6528,9,0
2024-11-14 04:00:00+00:00,1.05473,1.05544,1.05336,1.05508,7460,9,0
2024-11-14 08:00:00+00:00,1.05509,1.05576,1.04956,1.05284,14084,9,0
2024-11-14 12:00:00+00:00,1.05283,1.05773,1.05132,1.05744,22732,8,0
2024-11-14 16:00:00+00:00,1.05742,1.05822,1.05431,1.05473,10306,9,0
2024-11-14 20:00:00+00:00,1.05473,1.05485,1.05116,1.05293,10041,9,0
2024-11-15 00:00:00+00:00,1.05293,1.05457,1.05231,1.05397,6796,9,0
2024-11-15 04:00:00+00:00,1.05396,1.05635,1.05332,1.0556,7377,9,0
2024-11-15 08:00:00+00:00,1.05559,1.05796,1.05518,1.0576699999999999,11382,9,0
2024-11-15 12:00:00+00:00,1.0576699999999999,1.05926,1.05225,1.05347,21971,8,0
2024-11-15 16:00:00+00:00,1.05348,1.05597,1.05325,1.05368,12464,9,0
2024-11-15 20:00:00+00:00,1.05368,1.05376,1.05159,1.05375,3906,9,0
2024-11-17 20:00:00+00:00,1.05272,1.05374,1.05271,1.05361,1703,9,0
2024-11-18 00:00:00+00:00,1.05363,1.05502,1.05299,1.05335,7804,9,0
2024-11-18 04:00:00+00:00,1.05337,1.05478,1.05332,1.05466,6666,9,0
2024-11-18 08:00:00+00:00,1.05466,1.05707,1.0532,1.05417,11607,9,0
2024-11-18 12:00:00+00:00,1.0542,1.05752,1.05343,1.0573,12396,9,0
2024-11-18 16:00:00+00:00,1.0573,1.06067,1.05647,1.05904,8640,9,0
2024-11-18 20:00:00+00:00,1.05903,1.06003,1.05886,1.05941,3903,9,0
2024-11-19 00:00:00+00:00,1.05941,1.06004,1.05869,1.05965,6179,9,0
2024-11-19 04:00:00+00:00,1.05965,1.06002,1.05741,1.05772,7046,9,0
2024-11-19 08:00:00+00:00,1.0577,1.05876,1.05228,1.05614,20319,9,0
2024-11-19 12:00:00+00:00,1.05616,1.06006,1.05589,1.05863,18951,9,0
2024-11-19 16:00:00+00:00,1.05865,1.05949,1.05705,1.05931,10378,9,0
2024-11-19 20:00:00+00:00,1.05931,1.06074,1.05907,1.06066,4345,9,0
2024-11-20 00:00:00+00:00,1.06066,1.06093,1.05881,1.05895,5147,9,0
2024-11-20 04:00:00+00:00,1.05895,1.0594999999999999,1.05763,1.0578,7108,9,0
2024-11-20 08:00:00+00:00,1.05779,1.05788,1.05416,1.0554,11598,9,0
2024-11-20 12:00:00+00:00,1.05543,1.05675,1.05153,1.05213,14869,9,0
2024-11-20 16:00:00+00:00,1.05213,1.0542,1.05061,1.0539,10298,9,0
2024-11-20 20:00:00+00:00,1.05389,1.05454,1.05356,1.05452,3417,9,0
2024-11-21 00:00:00+00:00,1.05452,1.05528,1.05418,1.05526,4003,9,0
2024-11-21 04:00:00+00:00,1.05526,1.05545,1.05292,1.05359,7110,9,0
2024-11-21 08:00:00+00:00,1.05362,1.05427,1.05132,1.052,12651,9,0
2024-11-21 12:00:00+00:00,1.05202,1.05445,1.05086,1.051,16096,8,0
2024-11-21 16:00:00+00:00,1.05102,1.05145,1.04617,1.0484,16884,9,0
2024-11-21 20:00:00+00:00,1.04838,1.04863,1.04672,1.04685,4169,9,0
2024-11-22 00:00:00+00:00,1.04683,1.04779,1.0466,1.04746,5782,9,0
2024-11-22 04:00:00+00:00,1.04746,1.04888,1.04611,1.04856,7186,9,0
2024-11-22 08:00:00+00:00,1.04859,1.04977,1.03316,1.04163,33290,9,0
2024-11-22 12:00:00+00:00,1.04165,1.04345,1.03946,1.04102,22940,9,0
2024-11-22 16:00:00+00:00,1.04103,1.04251,1.03916,1.04105,10294,9,0
2024-11-22 20:00:00+00:00,1.04104,1.04199,1.04077,1.0418,2722,9,0
2024-11-24 20:00:00+00:00,1.04747,1.05007,1.04608,1.04789,4777,9,0
2024-11-25 00:00:00+00:00,1.04788,1.04897,1.04733,1.04775,9091,9,0
2024-11-25 04:00:00+00:00,1.04775,1.04894,1.04493,1.045,8164,9,0
2024-11-25 08:00:00+00:00,1.04502,1.04969,1.04485,1.04789,16707,9,0
2024-11-25 12:00:00+00:00,1.0479,1.05301,1.04737,1.04882,20817,8,0
2024-11-25 16:00:00+00:00,1.04884,1.05102,1.04661,1.05054,12425,9,0
2024-11-25 20:00:00+00:00,1.05054,1.05092,1.04424,1.04434,6755,9,0
2024-11-26 00:00:00+00:00,1.04436,1.04797,1.04246,1.04775,16392,9,0
2024-11-26 04:00:00+00:00,1.04775,1.049,1.04714,1.04714,9251,9,0
2024-11-26 08:00:00+00:00,1.04716,1.05208,1.04696,1.0513,16334,9,0
2024-11-26 12:00:00+00:00,1.05128,1.05445,1.0478,1.04795,22944,8,0
2024-11-26 16:00:00+00:00,1.04796,1.04858,1.04567,1.04722,15211,9,0
2024-11-26 20:00:00+00:00,1.04722,1.04914,1.04712,1.04911,5888,9,0
2024-11-27 00:00:00+00:00,1.04913,1.0496,1.04774,1.04824,7114,9,0
2024-11-27 04:00:00+00:00,1.04824,1.05048,1.0474,1.04977,7357,9,0
2024-11-27 08:00:00+00:00,1.04978,1.05398,1.04956,1.05256,18908,9,0
2024-11-27 12:00:00+00:00,1.05256,1.05796,1.05195,1.05701,23228,8,0
2024-11-27 16:00:00+00:00,1.05699,1.05871,1.05545,1.05627,12991,9,0
2024-11-27 20:00:00+00:00,1.05626,1.05692,1.0559,1.05618,4375,9,0
2024-11-28 00:00:00+00:00,1.05618,1.05624,1.05472,1.05518,6665,9,0
2024-11-28 04:00:00+00:00,1.05521,1.05576,1.05315,1.05411,7223,9,0
2024-11-28 08:00:00+00:00,1.05408,1.05561,1.05273,1.05496,16363,9,0
2024-11-28 12:00:00+00:00,1.05494,1.05566,1.053,1.05521,12279,8,0
2024-11-28 16:00:00+00:00,1.05518,1.05567,1.05471,1.05563,3415,9,0
2024-11-28 20:00:00+00:00,1.05563,1.05619,1.05481,1.05596,2238,9,0
2024-11-29 00:00:00+00:00,1.05596,1.05754,1.05561,1.05733,8400,9,0
2024-11-29 04:00:00+00:00,1.05733,1.05968,1.05646,1.05789,8912,9,0
2024-11-29 08:00:00+00:00,1.05792,1.05818,1.05517,1.05622,16409,9,0
2024-11-29 12:00:00+00:00,1.05625,1.0568,1.0545,1.05611,15609,9,0
2024-11-29 16:00:00+00:00,1.05612,1.0579,1.0541,1.05786,10575,9,0
2024-11-29 20:00:00+00:00,1.05786,1.05835,1.05743,1.05769,2657,18,0
2024-12-01 20:00:00+00:00,1.05682,1.05704,1.0533,1.05436,3211,9,0
2024-12-02 00:00:00+00:00,1.05436,1.05462,1.05195,1.05231,9082,9,0
2024-12-02 04:00:00+00:00,1.05231,1.05367,1.05016,1.05025,11523,9,0
2024-12-02 08:00:00+00:00,1.05023,1.05283,1.04956,1.05227,17823,9,0
2024-12-02 12:00:00+00:00,1.05224,1.0538,1.04615,1.04688,23564,8,0
2024-12-02 16:00:00+00:00,1.0469,1.04984,1.046,1.04897,14083,9,0
2024-12-02 20:00:00+00:00,1.04897,1.05154,1.04884,1.05003,7235,9,0
2024-12-03 00:00:00+00:00,1.0500099999999999,1.05011,1.04819,1.049,7875,9,0
2024-12-03 04:00:00+00:00,1.049,1.05112,1.04804,1.04976,8080,9,0
2024-12-03 08:00:00+00:00,1.04979,1.05303,1.04969,1.05222,14058,9,0
2024-12-03 12:00:00+00:00,1.05221,1.05286,1.04917,1.05159,17233,8,0
2024-12-03 16:00:00+00:00,1.05162,1.05347,1.05026,1.05044,12332,9,0
2024-12-03 20:00:00+00:00,1.05042,1.05122,1.04991,1.05097,4075,9,0
2024-12-04 00:00:00+00:00,1.05097,1.05122,1.04875,1.04935,7856,9,0
2024-12-04 04:00:00+00:00,1.04935,1.05285,1.04903,1.05089,8889,9,0
2024-12-04 08:00:00+00:00,1.05087,1.05147,1.04821,1.05047,14711,9,0
2024-12-04 12:00:00+00:00,1.05045,1.05436,1.04718,1.05292,22792,8,0
2024-12-04 16:00:00+00:00,1.05293,1.05421,1.05071,1.05134,15139,9,0
2024-12-04 20:00:00+00:00,1.05136,1.05169,1.05046,1.05121,4772,9,0
2024-12-05 00:00:00+00:00,1.05122,1.05229,1.05078,1.05224,5871,9,0
2024-12-05 04:00:00+00:00,1.05224,1.05382,1.05166,1.05349,6681,9,0
2024-12-05 08:00:00+00:00,1.05348,1.0546,1.0521,1.05358,11393,9,0
2024-12-05 12:00:00+00:00,1.05359,1.05894,1.05233,1.05718,20547,9,0
2024-12-05 16:00:00+00:00,1.05715,1.05881,1.05566,1.05866,11249,9,0
2024-12-05 20:00:00+00:00,1.05868,1.0588,1.05805,1.05859,4319,9,0
2024-12-06 00:00:00+00:00,1.05859,1.05861,1.05657,1.05757,6043,9,0
2024-12-06 04:00:00+00:00,1.05756,1.0584,1.0567,1.05832,6226,9,0
2024-12-06 08:00:00+00:00,1.05832,1.05936,1.05709,1.05864,10343,9,0
2024-12-06 12:00:00+00:00,1.05863,1.06292,1.05437,1.0563,26709,8,0
2024-12-06 16:00:00+00:00,1.0563,1.05752,1.0542,1.05537,11547,9,0
2024-12-06 20:00:00+00:00,1.0554,1.05692,1.05536,1.05672,2677,9,0
2024-12-08 20:00:00+00:00,1.05566,1.0569,1.05536,1.05654,1796,9,0
2024-12-09 00:00:00+00:00,1.05654,1.05656,1.05363,1.0537,5456,9,0
2024-12-09 04:00:00+00:00,1.0537,1.05661,1.05318,1.05637,8265,9,0
2024-12-09 08:00:00+00:00,1.0564,1.05849,1.05561,1.05686,12050,9,0
2024-12-09 12:00:00+00:00,1.05686,1.05923,1.05575,1.05904,14121,9,0
2024-12-09 16:00:00+00:00,1.05905,1.0594,1.05513,1.05549,8190,9,0
2024-12-09 20:00:00+00:00,1.05551,1.05574,1.05467,1.0554,4079,9,0
2024-12-10 00:00:00+00:00,1.05542,1.05611,1.05448,1.05563,6174,9,0
2024-12-10 04:00:00+00:00,1.05563,1.05676,1.05464,1.05487,6547,9,0
2024-12-10 08:00:00+00:00,1.05488,1.05513,1.05227,1.05309,11515,9,0
2024-12-10 12:00:00+00:00,1.05311,1.05334,1.04981,1.05033,14535,9,0
2024-12-10 16:00:00+00:00,1.05034,1.05307,1.04995,1.05266,9772,9,0
2024-12-10 20:00:00+00:00,1.05264,1.05313,1.05233,1.05306,3696,9,0
2024-12-11 00:00:00+00:00,1.05308,1.05388,1.05271,1.05279,4962,9,0
2024-12-11 04:00:00+00:00,1.05278,1.053,1.04878,1.04886,8512,9,0
2024-12-11 08:00:00+00:00,1.04961,1.05121,1.04867,1.05031,13064,9,0
2024-12-11 12:00:00+00:00,1.05031,1.05369,1.04797,1.04901,23920,9,0
2024-12-11 16:00:00+00:00,1.04902,1.05115,1.04811,1.0491,11971,9,0
2024-12-11 20:00:00+00:00,1.04911,1.0506,1.0488,1.05048,3653,9,0
2024-12-12 00:00:00+00:00,1.05049,1.05083,1.05004,1.05048,5484,9,0
2024-12-12 04:00:00+00:00,1.05048,1.05305,1.05028,1.05161,6655,9,0
2024-12-12 08:00:00+00:00,1.0516,1.05204,1.0493999999999999,1.05019,12366,9,0
2024-12-12 12:00:00+00:00,1.0502,1.05207,1.04631,1.04726,28753,9,0
2024-12-12 16:00:00+00:00,1.04724,1.05169,1.04714,1.04724,13651,9,0
2024-12-12 20:00:00+00:00,1.04722,1.04744,1.04607,1.04735,4736,9,0
2024-12-13 00:00:00+00:00,1.04735,1.04804,1.04591,1.046,6944,9,0
2024-12-13 04:00:00+00:00,1.046,1.04658,1.04527,1.0459,7177,9,0
2024-12-13 08:00:00+00:00,1.04589,1.04955,1.0456,1.04884,12647,9,0
2024-12-13 12:00:00+00:00,1.04882,1.05237,1.04817,1.04886,15747,9,0
2024-12-13 16:00:00+00:00,1.04884,1.05056,1.04863,1.04942,10231,9,0
2024-12-13 20:00:00+00:00,1.04944,1.05042,1.04922,1.05027,2435,9,0
2024-12-15 20:00:00+00:00,1.04858,1.05105,1.04824,1.05091,1870,9,0
2024-12-16 00:00:00+00:00,1.05091,1.05226,1.05087,1.05113,5996,9,0
2024-12-16 04:00:00+00:00,1.05115,1.0521,1.05041,1.05047,6011,9,0
2024-12-16 08:00:00+00:00,1.05044,1.0524499999999999,1.04828,1.049,11862,9,0
2024-12-16 12:00:00+00:00,1.04903,1.05125,1.04743,1.05061,13883,9,0
2024-12-16 16:00:00+00:00,1.0506,1.05222,1.0495,1.05095,10480,9,0
2024-12-16 20:00:00+00:00,1.05098,1.05181,1.05045,1.05163,3695,9,0
2024-12-17 00:00:00+00:00,1.05163,1.05342,1.05109,1.05121,5868,9,0
2024-12-17 04:00:00+00:00,1.05121,1.05122,1.04953,1.04973,6470,9,0
2024-12-17 08:00:00+00:00,1.04971,1.05,1.04786,1.04911,11257,9,0
2024-12-17 12:00:00+00:00,1.0491,1.05111,1.04876,1.04983,14400,9,0
2024-12-17 16:00:00+00:00,1.04985,1.05154,1.04876,1.04881,10466,9,0
2024-12-17 20:00:00+00:00,1.04881,1.04948,1.04848,1.04939,3054,9,0
2024-12-18 00:00:00+00:00,1.04938,1.05033,1.04924,1.0499,5135,9,0
2024-12-18 04:00:00+00:00,1.04988,1.0512299999999999,1.04932,1.04967,6172,9,0
2024-12-18 08:00:00+00:00,1.04965,1.0503,1.04873,1.04963,9881,9,0
2024-12-18 12:00:00+00:00,1.04964,1.05028,1.04694,1.04735,13407,9,0
2024-12-18 16:00:00+00:00,1.04738,1.0492,1.03728,1.03772,21715,9,0
2024-12-18 20:00:00+00:00,1.03773,1.03802,1.03435,1.03506,14997,9,0
2024-12-19 00:00:00+00:00,1.03503,1.03902,1.03502,1.03779,9929,9,0
2024-12-19 04:00:00+00:00,1.03777,1.04089,1.03744,1.03946,10576,9,0
2024-12-19 08:00:00+00:00,1.03945,1.0422,1.039,1.04032,15825,9,0
2024-12-19 12:00:00+00:00,1.04032,1.04137,1.03764,1.03793,21390,8,0
2024-12-19 16:00:00+00:00,1.03795,1.03842,1.03543,1.03609,14267,9,0
2024-12-19 20:00:00+00:00,1.03612,1.03688,1.03584,1.03643,4358,9,0
2024-12-20 00:00:00+00:00,1.03643,1.03688,1.03585,1.03617,6502,9,0
2024-12-20 04:00:00+00:00,1.03619,1.0385,1.03426,1.03823,10683,9,0
2024-12-20 08:00:00+00:00,1.03822,1.03979,1.03755,1.03912,12454,9,0
2024-12-20 12:00:00+00:00,1.03914,1.04187,1.03855,1.03964,18206,8,0
2024-12-20 16:00:00+00:00,1.03965,1.0447,1.03955,1.04443,13854,9,0
2024-12-20 20:00:00+00:00,1.04441,1.04466,1.04217,1.04281,3636,9,0
2024-12-22 20:00:00+00:00,1.04277,1.04433,1.04261,1.04333,2157,9,0
2024-12-23 00:00:00+00:00,1.04334,1.04426,1.04266,1.04388,4794,9,0
2024-12-23 04:00:00+00:00,1.04388,1.0445,1.04109,1.04124,5709,9,0
2024-12-23 08:00:00+00:00,1.04123,1.0419100000000001,1.03862,1.03995,9450,9,0
2024-12-23 12:00:00+00:00,1.03995,1.0408,1.03836,1.03905,12641,8,0
2024-12-23 16:00:00+00:00,1.03903,1.0417399999999999,1.03889,1.04108,9165,9,0
2024-12-23 20:00:00+00:00,1.04108,1.04138,1.04011,1.04039,3987,9,0
2024-12-24 00:00:00+00:00,1.0404,1.04082,1.03883,1.03907,4161,9,0
2024-12-24 04:00:00+00:00,1.03907,1.03981,1.03898,1.03902,3962,9,0
2024-12-24 08:00:00+00:00,1.03903,1.04052,1.03888,1.03944,6744,9,0
2024-12-24 12:00:00+00:00,1.03946,1.04095,1.03886,1.03915,9192,8,0
2024-12-24 16:00:00+00:00,1.03914,1.03965,1.03828,1.03921,5177,9,0
2024-12-24 20:00:00+00:00,1.0392,1.04,1.03888,1.03927,2619,27,0
2024-12-25 20:00:00+00:00,1.03992,1.04028,1.03958,1.03986,1454,9,0
2024-12-26 00:00:00+00:00,1.03986,1.04038,1.03926,1.04006,4014,9,0
2024-12-26 04:00:00+00:00,1.04006,1.04023,1.03901,1.03971,3405,9,0
2024-12-26 08:00:00+00:00,1.03969,1.04027,1.03909,1.04007,3923,9,0
2024-12-26 12:00:00+00:00,1.04008,1.04147,1.03923,1.04085,7826,9,0
2024-12-26 16:00:00+00:00,1.04083,1.04297,1.04061,1.0417399999999999,7404,9,0
2024-12-26 20:00:00+00:00,1.04172,1.04244,1.04153,1.04214,3427,9,0
2024-12-27 00:00:00+00:00,1.04214,1.04234,1.04063,1.04124,4225,9,0
2024-12-27 04:00:00+00:00,1.04123,1.04243,1.04046,1.04215,4489,9,0
2024-12-27 08:00:00+00:00,1.04212,1.04403,1.04086,1.04381,7561,9,0
2024-12-27 12:00:00+00:00,1.04382,1.0443500000000001,1.04155,1.04216,10689,8,0
2024-12-27 16:00:00+00:00,1.04217,1.0432,1.04142,1.04279,8512,9,0
2024-12-27 20:00:00+00:00,1.04276,1.04281,1.04216,1.04253,2167,9,0
2024-12-29 20:00:00+00:00,1.0427,1.04338,1.04254,1.04292,1458,9,0
2024-12-30 00:00:00+00:00,1.04292,1.04308,1.04206,1.04243,3301,9,0
2024-12-30 04:00:00+00:00,1.04243,1.0431,1.04207,1.04266,3783,9,0
2024-12-30 08:00:00+00:00,1.04265,1.04518,1.04091,1.04476,9980,9,0
2024-12-30 12:00:00+00:00,1.04477,1.04578,1.03714,1.03801,18934,9,0
2024-12-30 16:00:00+00:00,1.03802,1.04067,1.03744,1.03964,10365,9,0
2024-12-30 20:00:00+00:00,1.03963,1.04061,1.03949,1.04052,3800,9,0
2024-12-31 00:00:00+00:00,1.04052,1.04144,1.03968,1.04083,4164,9,0
2024-12-31 04:00:00+00:00,1.04083,1.04125,1.03993,1.04112,3898,9,0
2024-12-31 08:00:00+00:00,1.04115,1.0424,1.04049,1.04099,9614,9,0
2024-12-31 12:00:00+00:00,1.04099,1.04139,1.03521,1.03546,15304,9,0
2024-12-31 16:00:00+00:00,1.03544,1.03642,1.03432,1.03542,11740,9,0
2024-12-31 20:00:00+00:00,1.03543,1.03627,1.03522,1.03526,1932,9,0
2025-01-01 20:00:00+00:00,1.03501,1.03565,1.03461,1.03507,1701,9,0
2025-01-02 00:00:00+00:00,1.03508,1.03736,1.03434,1.03711,5734,9,0
2025-01-02 04:00:00+00:00,1.03712,1.03751,1.03595,1.03624,5370,9,0
2025-01-02 08:00:00+00:00,1.03626,1.03705,1.03132,1.03317,14328,9,0
2025-01-02 12:00:00+00:00,1.03317,1.03338,1.02721,1.02738,19006,8,0
2025-01-02 16:00:00+00:00,1.02737,1.02761,1.02236,1.0251,19904,9,0
2025-01-02 20:00:00+00:00,1.02509,1.02684,1.02503,1.02676,3952,9,0
2025-01-03 00:00:00+00:00,1.02675,1.02742,1.02653,1.02706,4054,9,0
2025-01-03 04:00:00+00:00,1.02705,1.02845,1.02643,1.02805,5940,9,0
2025-01-03 08:00:00+00:00,1.02805,1.02996,1.02724,1.02991,9459,9,0
2025-01-03 12:00:00+00:00,1.02979,1.03054,1.02727,1.02886,11532,9,0
2025-01-03 16:00:00+00:00,1.02888,1.03057,1.02831,1.03007,8589,9,0
2025-01-03 20:00:00+00:00,1.03005,1.03094,1.02984,1.03083,2207,9,0
2025-01-05 20:00:00+00:00,1.03038,1.03075,1.02959,1.03046,1426,9,0
2025-01-06 00:00:00+00:00,1.03046,1.03179,1.02953,1.03161,5501,9,0
2025-01-06 04:00:00+00:00,1.03161,1.03279,1.03074,1.03267,5501,9,0
2025-01-06 08:00:00+00:00,1.03269,1.04324,1.0326,1.04213,24583,9,0
2025-01-06 12:00:00+00:00,1.0421,1.04364,1.0352,1.0393,34000,8,0
2025-01-06 16:00:00+00:00,1.03932,1.04024,1.03768,1.03877,11693,9,0
2025-01-06 20:00:00+00:00,1.0388,1.03919,1.03811,1.0383,3970,9,0
2025-01-07 00:00:00+00:00,1.03829,1.03924,1.03757,1.03923,5243,9,0
2025-01-07 04:00:00+00:00,1.03922,1.04239,1.03899,1.04141,7287,9,0
2025-01-07 08:00:00+00:00,1.04138,1.0434,1.04029,1.04128,12955,9,0
2025-01-07 12:00:00+00:00,1.04128,1.04165,1.03549,1.03725,18249,8,0
2025-01-07 16:00:00+00:00,1.03726,1.03809,1.03491,1.03549,15901,9,0
2025-01-07 20:00:00+00:00,1.0354700000000001,1.03559,1.03357,1.03414,3825,9,0
2025-01-08 00:00:00+00:00,1.03414,1.03544,1.03413,1.03472,4452,9,0
2025-01-08 04:00:00+00:00,1.0347,1.03572,1.03281,1.0332,6271,9,0
2025-01-08 08:00:00+00:00,1.03321,1.03395,1.02726,1.02972,17301,9,0
2025-01-08 12:00:00+00:00,1.02973,1.03098,1.02805,1.03012,21579,8,0
2025-01-08 16:00:00+00:00,1.03013,1.03239,1.02941,1.03088,11248,8,0
2025-01-08 20:00:00+00:00,1.03088,1.0319,1.03075,1.03129,4273,9,0
2025-01-09 00:00:00+00:00,1.03129,1.0321,1.03044,1.03111,4716,9,0
2025-01-09 04:00:00+00:00,1.03108,1.03121,1.02875,1.02907,7534,9,0
2025-01-09 08:00:00+00:00,1.02909,1.03172,1.02833,1.03005,12928,9,0
2025-01-09 12:00:00+00:00,1.03005,1.03189,1.02942,1.02992,10822,9,0
2025-01-09 16:00:00+00:00,1.02992,1.0302,1.02908,1.02978,5685,9,0
2025-01-09 20:00:00+00:00,1.02978,1.03033,1.02946,1.0296,2467,9,0
2025-01-10 00:00:00+00:00,1.0296,1.0304,1.02919,1.02982,4302,9,0
2025-01-10 04:00:00+00:00,1.02982,1.02994,1.02807,1.02964,5387,9,0
2025-01-10 08:00:00+00:00,1.02967,1.03114,1.02923,1.03013,9610,9,0
2025-01-10 12:00:00+00:00,1.03014,1.03115,1.02126,1.02502,32396,8,0
2025-01-10 16:00:00+00:00,1.025,1.02507,1.02271,1.0245,13952,9,0
2025-01-10 20:00:00+00:00,1.02449,1.02485,1.02367,1.02448,2854,9,0
2025-01-12 20:00:00+00:00,1.02371,1.02465,1.02357,1.02428,1509,9,0
2025-01-13 00:00:00+00:00,1.02428,1.02496,1.02123,1.02149,6800,9,0
2025-01-13 04:00:00+00:00,1.02151,1.02245,1.02071,1.02153,8845,9,0
2025-01-13 08:00:00+00:00,1.0215,1.02308,1.0177,1.01953,18827,9,0
2025-01-13 12:00:00+00:00,1.01952,1.02203,1.01873,1.01967,16250,9,0
2025-01-13 16:00:00+00:00,1.01967,1.0221,1.01914,1.0207,9775,9,0
2025-01-13 20:00:00+00:00,1.0207,1.0277,1.02067,1.02637,6928,9,0
2025-01-14 00:00:00+00:00,1.02634,1.02636,1.0238,1.02481,7674,9,0
2025-01-14 04:00:00+00:00,1.02482,1.02656,1.0242,1.02539,8341,9,0
2025-01-14 08:00:00+00:00,1.02542,1.02745,1.02516,1.02534,13711,9,0
2025-01-14 12:00:00+00:00,1.02532,1.02952,1.02391,1.02943,22087,8,0
2025-01-14 16:00:00+00:00,1.02942,1.03049,1.02786,1.02977,11087,9,0
2025-01-14 20:00:00+00:00,1.02978,1.03083,1.02959,1.03057,4036,9,0
2025-01-15 00:00:00+00:00,1.03057,1.03058,1.02949,1.03013,4611,9,0
2025-01-15 04:00:00+00:00,1.03014,1.03078,1.02864,1.03052,7177,9,0
2025-01-15 08:00:00+00:00,1.03054,1.03166,1.02939,1.03008,11352,9,0
2025-01-15 12:00:00+00:00,1.03009,1.03537,1.02932,1.03058,22909,9,0
2025-01-15 16:00:00+00:00,1.03056,1.03074,1.02576,1.02929,12240,9,0
2025-01-15 20:00:00+00:00,1.02928,1.02985,1.0286,1.02948,4032,9,0
2025-01-16 00:00:00+00:00,1.02945,1.02994,1.02843,1.02885,6943,9,0
2025-01-16 04:00:00+00:00,1.02885,1.03012,1.02805,1.02972,6457,9,0
2025-01-16 08:00:00+00:00,1.02974,1.02996,1.02813,1.02896,10172,9,0
2025-01-16 12:00:00+00:00,1.02896,1.03054,1.02603,1.03003,21000,9,0
2025-01-16 16:00:00+00:00,1.03002,1.03147,1.02855,1.03015,14560,9,0
2025-01-16 20:00:00+00:00,1.03013,1.0304,1.0296,1.03011,3682,9,0
2025-01-17 00:00:00+00:00,1.03011,1.03091,1.02978,1.03003,4806,9,0
2025-01-17 04:00:00+00:00,1.03002,1.03006,1.02772,1.02844,6299,9,0
2025-01-17 08:00:00+00:00,1.02843,1.03098,1.02843,1.0304,10278,9,0
2025-01-17 12:00:00+00:00,1.0304,1.03302,1.02649,1.02988,21928,9,0
2025-01-17 16:00:00+00:00,1.02987,1.02998,1.02725,1.02758,10743,9,0
2025-01-17 20:00:00+00:00,1.02758,1.0281,1.02687,1.02702,2791,9,0
2025-01-19 20:00:00+00:00,1.02769,1.02801,1.02653,1.02799,1909,9,0
2025-01-20 00:00:00+00:00,1.028,1.03059,1.02777,1.03055,5949,9,0
2025-01-20 04:00:00+00:00,1.03055,1.03184,1.02991,1.03162,6338,9,0
2025-01-20 08:00:00+00:00,1.03164,1.03261,1.03045,1.03254,10902,9,0
2025-01-20 12:00:00+00:00,1.03254,1.04297,1.03075,1.03999,43275,9,0
2025-01-20 16:00:00+00:00,1.04,1.04228,1.03531,1.04202,15547,9,0
2025-01-20 20:00:00+00:00,1.04201,1.04341,1.04095,1.04206,7091,9,0
2025-01-21 00:00:00+00:00,1.04206,1.04339,1.0352,1.03869,27039,9,0
2025-01-21 04:00:00+00:00,1.0387,1.03987,1.03646,1.03731,8325,9,0
2025-01-21 08:00:00+00:00,1.03729,1.03729,1.03415,1.03528,14511,9,0
2025-01-21 12:00:00+00:00,1.0352999999999999,1.041,1.03453,1.04001,19142,9,0
2025-01-21 16:00:00+00:00,1.03999,1.04351,1.03976,1.04178,10809,9,0
2025-01-21 20:00:00+00:00,1.04177,1.04295,1.03921,1.04054,8134,9,0
2025-01-22 00:00:00+00:00,1.04053,1.04241,1.04053,1.04115,7073,9,0
2025-01-22 04:00:00+00:00,1.04115,1.04208,1.03994,1.0411299999999999,7332,9,0
2025-01-22 08:00:00+00:00,1.04114,1.04569,1.0409,1.04426,14307,9,0
2025-01-22 12:00:00+00:00,1.04423,1.04454,1.04139,1.04197,15751,9,0
2025-01-22 16:00:00+00:00,1.04195,1.04226,1.04114,1.04199,8650,9,0
2025-01-22 20:00:00+00:00,1.04199,1.04226,1.0405,1.04074,3802,9,0
2025-01-23 00:00:00+00:00,1.04074,1.04154,1.03966,1.04085,5812,9,0
2025-01-23 04:00:00+00:00,1.04085,1.04123,1.03894,1.03998,6756,9,0
2025-01-23 08:00:00+00:00,1.03997,1.04198,1.03898,1.0403,10601,9,0
2025-01-23 12:00:00+00:00,1.0403,1.04176,1.03865,1.03967,14397,9,0
2025-01-23 16:00:00+00:00,1.03968,1.04375,1.03715,1.04225,21429,9,0
2025-01-23 20:00:00+00:00,1.04226,1.04288,1.04108,1.04153,4678,9,0
2025-01-24 00:00:00+00:00,1.04155,1.04535,1.04114,1.04456,9873,9,0
2025-01-24 04:00:00+00:00,1.04457,1.04702,1.04431,1.04606,11186,9,0
2025-01-24 08:00:00+00:00,1.04603,1.05146,1.04574,1.04856,16601,9,0
2025-01-24 12:00:00+00:00,1.04856,1.05203,1.04633,1.05157,16564,8,0
2025-01-24 16:00:00+00:00,1.05155,1.05211,1.04917,1.04951,10108,9,0
2025-01-24 20:00:00+00:00,1.04949,1.0497,1.04879,1.04942,2553,9,0
2025-01-26 20:00:00+00:00,1.04789,1.04852,1.04649,1.04672,2097,9,0
2025-01-27 00:00:00+00:00,1.04672,1.04784,1.04587,1.04683,8140,9,0
2025-01-27 04:00:00+00:00,1.04683,1.04708,1.04534,1.04569,8009,9,0
2025-01-27 08:00:00+00:00,1.04568,1.05178,1.04541,1.05126,18074,9,0
2025-01-27 12:00:00+00:00,1.05125,1.05327,1.04935,1.04987,18172,8,0
2025-01-27 16:00:00+00:00,1.04989,1.05071,1.04789,1.04921,12701,9,0
2025-01-27 20:00:00+00:00,1.04921,1.04938,1.04278,1.04368,9650,9,0
2025-01-28 00:00:00+00:00,1.04371,1.04561,1.04238,1.04289,13129,9,0
2025-01-28 04:00:00+00:00,1.04292,1.04438,1.04253,1.04339,7545,9,0
2025-01-28 08:00:00+00:00,1.0434,1.04438,1.0419,1.04231,13205,9,0
2025-01-28 12:00:00+00:00,1.04233,1.04406,1.04134,1.04238,14543,8,0
2025-01-28 16:00:00+00:00,1.0424,1.04378,1.04219,1.04344,10300,9,0
2025-01-28 20:00:00+00:00,1.04346,1.0435,1.04246,1.04268,4007,9,0
2025-01-29 00:00:00+00:00,1.04269,1.04385,1.04255,1.0437,4985,9,0
2025-01-29 04:00:00+00:00,1.0437,1.04432,1.04129,1.04159,6742,9,0
2025-01-29 08:00:00+00:00,1.04161,1.04301,1.03943,1.04011,11983,9,0
2025-01-29 12:00:00+00:00,1.04012,1.04266,1.03818,1.04188,15677,9,0
2025-01-29 16:00:00+00:00,1.04189,1.04284,1.0388,1.04159,21858,8,0
2025-01-29 20:00:00+00:00,1.04158,1.04269,1.04042,1.04243,9284,9,0
2025-01-30 00:00:00+00:00,1.04243,1.04285,1.04187,1.04247,4509,9,0
2025-01-30 04:00:00+00:00,1.04248,1.04274,1.04091,1.04233,6058,9,0
2025-01-30 08:00:00+00:00,1.04236,1.04283,1.0391,1.03916,12763,9,0
2025-01-30 12:00:00+00:00,1.03916,1.04673,1.03897,1.04311,24323,9,0
2025-01-30 16:00:00+00:00,1.04309,1.04344,1.04091,1.04273,8991,9,0
2025-01-30 20:00:00+00:00,1.04276,1.04319,1.03826,1.03963,13873,9,0
2025-01-31 00:00:00+00:00,1.03963,1.04019,1.03763,1.03848,7776,9,0
2025-01-31 04:00:00+00:00,1.0385,1.04123,1.03822,1.04035,7064,9,0
2025-01-31 08:00:00+00:00,1.04033,1.04065,1.03648,1.03753,13881,9,0
2025-01-31 12:00:00+00:00,1.03752,1.04002,1.03597,1.03958,16713,9,0
2025-01-31 16:00:00+00:00,1.0396,1.04336,1.03612,1.03757,28136,9,0
2025-01-31 20:00:00+00:00,1.03759,1.03868,1.03495,1.03585,11439,9,0
2025-02-02 20:00:00+00:00,1.02379,1.02694,1.02336,1.02464,5455,22,0
2025-02-03 00:00:00+00:00,1.02469,1.02669,1.02103,1.02212,23584,9,0
2025-02-03 04:00:00+00:00,1.02212,1.02513,1.02203,1.02246,15468,9,0
2025-02-03 08:00:00+00:00,1.02247,1.02555,1.02124,1.02519,17879,9,0
2025-02-03 12:00:00+00:00,1.02518,1.03352,1.02416,1.03158,38070,9,0
2025-02-03 16:00:00+00:00,1.0316,1.03211,1.02693,1.02843,30553,9,0
2025-02-03 20:00:00+00:00,1.02845,1.03501,1.02824,1.03279,12976,9,0
2025-02-04 00:00:00+00:00,1.03279,1.03308,1.03082,1.03144,8464,9,0
2025-02-04 04:00:00+00:00,1.03143,1.03169,1.02715,1.0311,12780,9,0
2025-02-04 08:00:00+00:00,1.03112,1.03492,1.03083,1.03218,14246,9,0
2025-02-04 12:00:00+00:00,1.03219,1.03856,1.03197,1.038,18411,9,0
2025-02-04 16:00:00+00:00,1.03798,1.03872,1.03653,1.03816,12395,9,0
2025-02-04 20:00:00+00:00,1.03818,1.03873,1.03707,1.03713,4537,9,0
2025-02-05 00:00:00+00:00,1.03714,1.03861,1.03695,1.0379,7274,9,0
2025-02-05 04:00:00+00:00,1.03791,1.04092,1.0373,1.04022,8421,9,0
2025-02-05 08:00:00+00:00,1.0402,1.04301,1.03896,1.04142,14122,9,0
2025-02-05 12:00:00+00:00,1.04142,1.0442,1.04012,1.04217,17778,9,0
2025-02-05 16:00:00+00:00,1.04215,1.04246,1.04042,1.04069,10196,9,0
2025-02-05 20:00:00+00:00,1.04069,1.04069,1.03965,1.03984,4483,9,0
2025-02-06 00:00:00+00:00,1.03986,1.04049,1.03894,1.03917,6341,9,0
2025-02-06 04:00:00+00:00,1.03917,1.03935,1.03777,1.03795,6341,9,0
2025-02-06 08:00:00+00:00,1.03797,1.03807,1.03556,1.0362,11282,9,0
2025-02-06 12:00:00+00:00,1.03617,1.0376,1.03523,1.03688,16387,9,0
2025-02-06 16:00:00+00:00,1.03686,1.03962,1.03654,1.03842,10393,9,0
2025-02-06 20:00:00+00:00,1.03841,1.03904,1.0379,1.03846,3571,9,0
2025-02-07 00:00:00+00:00,1.03846,1.03905,1.0374,1.03796,6147,9,0
2025-02-07 04:00:00+00:00,1.03796,1.03899,1.03723,1.03887,5867,9,0
2025-02-07 08:00:00+00:00,1.03886,1.03995,1.03771,1.03821,8537,9,0
2025-02-07 12:00:00+00:00,1.03821,1.04123,1.03273,1.03548,26309,9,0
2025-02-07 16:00:00+00:00,1.03549,1.03603,1.03049,1.03318,28890,9,0
2025-02-07 20:00:00+00:00,1.03318,1.03379,1.03212,1.03264,3237,9,0
2025-02-09 20:00:00+00:00,1.02813,1.03131,1.02793,1.03094,2357,9,0
2025-02-10 00:00:00+00:00,1.03094,1.0318,1.02982,1.03112,6355,9,0
2025-02-10 04:00:00+00:00,1.03112,1.03251,1.03096,1.03125,6353,9,0
2025-02-10 08:00:00+00:00,1.03124,1.03361,1.03063,1.03204,10510,9,0
2025-02-10 12:00:00+00:00,1.03201,1.03259,1.03039,1.03148,10991,9,0
2025-02-10 16:00:00+00:00,1.03148,1.0318,1.03042,1.03065,7601,9,0
2025-02-10 20:00:00+00:00,1.03065,1.03081,1.02982,1.03003,3814,9,0
2025-02-11 00:00:00+00:00,1.03005,1.03064,1.02918,1.02977,4848,9,0
2025-02-11 04:00:00+00:00,1.02977,1.03101,1.0297,1.03028,5714,9,0
2025-02-11 08:00:00+00:00,1.03028,1.03247,1.02995,1.03214,9113,9,0
2025-02-11 12:00:00+00:00,1.03214,1.03429,1.03162,1.03396,10624,9,0
2025-02-11 16:00:00+00:00,1.03394,1.03811,1.03386,1.03576,10376,9,0
2025-02-11 20:00:00+00:00,1.03574,1.03673,1.03552,1.03627,4455,9,0
2025-02-12 00:00:00+00:00,1.03629,1.03674,1.03536,1.03617,5035,9,0
2025-02-12 04:00:00+00:00,1.03618,1.03787,1.03546,1.03751,5533,9,0
2025-02-12 08:00:00+00:00,1.03754,1.03855,1.03642,1.03749,9920,9,0
2025-02-12 12:00:00+00:00,1.03748,1.03823,1.03165,1.03739,24249,9,0
2025-02-12 16:00:00+00:00,1.03738,1.0429599999999999,1.03498,1.03908,19407,9,0
2025-02-12 20:00:00+00:00,1.03907,1.03972,1.03788,1.0392,5069,9,0
2025-02-13 00:00:00+00:00,1.0392,1.04213,1.0387,1.04185,6578,9,0
2025-02-13 04:00:00+00:00,1.04185,1.04395,1.04181,1.04254,9706,9,0
2025-02-13 08:00:00+00:00,1.04253,1.04287,1.03922,1.04026,13224,9,0
2025-02-13 12:00:00+00:00,1.04026,1.04377,1.03751,1.04329,23725,8,0
2025-02-13 16:00:00+00:00,1.04327,1.04449,1.03727,1.04366,23002,9,0
2025-02-13 20:00:00+00:00,1.04366,1.04669,1.04352,1.04612,5697,9,0
2025-02-14 00:00:00+00:00,1.04612,1.04669,1.04536,1.04583,6274,9,0
2025-02-14 04:00:00+00:00,1.04583,1.04716,1.04469,1.04645,7154,9,0
2025-02-14 08:00:00+00:00,1.04647,1.04874,1.04627,1.04672,11339,9,0
2025-02-14 12:00:00+00:00,1.04669,1.05137,1.04567,1.05078,16239,9,0
2025-02-14 16:00:00+00:00,1.05076,1.05097,1.04938,1.04984,8508,9,0
2025-02-14 20:00:00+00:00,1.04982,1.04982,1.04883,1.04908,2319,9,0
2025-02-16 20:00:00+00:00,1.04841,1.04939,1.04829,1.04879,1729,9,0
2025-02-17 00:00:00+00:00,1.04879,1.05059,1.0485,1.04942,5697,9,0
2025-02-17 04:00:00+00:00,1.04943,1.04978,1.04799,1.04823,7514,9,0
2025-02-17 08:00:00+00:00,1.04823,1.04889,1.04707,1.04816,9526,9,0
2025-02-17 12:00:00+00:00,1.04816,1.04848,1.04667,1.0479,7939,9,0
2025-02-17 16:00:00+00:00,1.04793,1.04845,1.04763,1.04813,3676,9,0
2025-02-17 20:00:00+00:00,1.04813,1.04852,1.04767,1.04846,2402,9,0
2025-02-18 00:00:00+00:00,1.04846,1.04858,1.04617,1.04629,6000,9,0
2025-02-18 04:00:00+00:00,1.04629,1.04688,1.04519,1.04631,6242,9,0
2025-02-18 08:00:00+00:00,1.0463,1.04687,1.04544,1.04624,8911,9,0
2025-02-18 12:00:00+00:00,1.04625,1.04667,1.04412,1.04657,11654,9,0
2025-02-18 16:00:00+00:00,1.04657,1.04691,1.04347,1.04448,7778,9,0
2025-02-18 20:00:00+00:00,1.04447,1.04506,1.04391,1.04479,4060,9,0
2025-02-19 00:00:00+00:00,1.04479,1.04518,1.04408,1.0451,4894,9,0
2025-02-19 04:00:00+00:00,1.0451,1.0461,1.04479,1.04509,5402,9,0
2025-02-19 08:00:00+00:00,1.0451,1.04556,1.04183,1.04241,10893,9,0
2025-02-19 12:00:00+00:00,1.04241,1.04409,1.04211,1.04237,11694,9,0
2025-02-19 16:00:00+00:00,1.0423499999999999,1.0432,1.04005,1.04255,9535,9,0
2025-02-19 20:00:00+00:00,1.0425200000000001,1.04261,1.04177,1.04205,3616,9,0
2025-02-20 00:00:00+00:00,1.04205,1.04371,1.04183,1.04308,7284,9,0
2025-02-20 04:00:00+00:00,1.04307,1.0434,1.04231,1.04311,6215,9,0
2025-02-20 08:00:00+00:00,1.04308,1.04458,1.04284,1.04378,9525,9,0
2025-02-20 12:00:00+00:00,1.04379,1.04749,1.04329,1.04735,14888,9,0
2025-02-20 16:00:00+00:00,1.04733,1.0503,1.04639,1.0501,9933,9,0
2025-02-20 20:00:00+00:00,1.05012,1.05052,1.04922,1.04998,4008,9,0
2025-02-21 00:00:00+00:00,1.04998,1.05042,1.04842,1.05021,6436,9,0
2025-02-21 04:00:00+00:00,1.05021,1.05044,1.04875,1.04918,6367,9,0
2025-02-21 08:00:00+00:00,1.04919,1.04939,1.04626,1.04689,11334,9,0
2025-02-21 12:00:00+00:00,1.04691,1.0492,1.04522,1.04538,13835,9,0
2025-02-21 16:00:00+00:00,1.04539,1.04674,1.04489,1.04619,10260,9,0
2025-02-21 20:00:00+00:00,1.04616,1.0464,1.04568,1.04602,2911,9,0
2025-02-23 20:00:00+00:00,1.04657,1.04842,1.04589,1.04736,2509,9,0
2025-02-24 00:00:00+00:00,1.04737,1.05278,1.04715,1.05189,11224,9,0
2025-02-24 04:00:00+00:00,1.05189,1.05202,1.04864,1.04907,8808,9,0
2025-02-24 08:00:00+00:00,1.04909,1.04924,1.04633,1.04682,11950,9,0
2025-02-24 12:00:00+00:00,1.04681,1.04751,1.04525,1.04687,11929,9,0
2025-02-24 16:00:00+00:00,1.04687,1.04855,1.04652,1.04748,10005,9,0
2025-02-24 20:00:00+00:00,1.0475,1.0479,1.04599,1.0461,5122,9,0
2025-02-25 00:00:00+00:00,1.04612,1.04757,1.04593,1.04727,5019,9,0
2025-02-25 04:00:00+00:00,1.04727,1.04796,1.04631,1.04641,6462,9,0
2025-02-25 08:00:00+00:00,1.04638,1.04893,1.04559,1.04889,11760,9,0
2025-02-25 12:00:00+00:00,1.04888,1.05187,1.04879,1.04981,14056,9,0
2025-02-25 16:00:00+00:00,1.04983,1.05177,1.04837,1.05101,10703,9,0
2025-02-25 20:00:00+00:00,1.051,1.05223,1.05086,1.052,4641,9,0
2025-02-26 00:00:00+00:00,1.0520100000000001,1.05244,1.05011,1.05042,6163,9,0
2025-02-26 04:00:00+00:00,1.05041,1.05051,1.04868,1.04935,6794,9,0
2025-02-26 08:00:00+00:00,1.04934,1.0511,1.04863,1.0491,10811,9,0
2025-02-26 12:00:00+00:00,1.04909,1.05086,1.04745,1.05054,14344,9,0
2025-02-26 16:00:00+00:00,1.05056,1.05284,1.04816,1.04908,18254,9,0
2025-02-26 20:00:00+00:00,1.04906,1.04921,1.04782,1.04876,4282,9,0
2025-02-27 00:00:00+00:00,1.04876,1.04876,1.04644,1.04653,5615,9,0
2025-02-27 04:00:00+00:00,1.04653,1.04796,1.04588,1.0475,6920,9,0
2025-02-27 08:00:00+00:00,1.04753,1.04869,1.04699,1.04756,9891,9,0
2025-02-27 12:00:00+00:00,1.04756,1.0489,1.04092,1.04148,22978,9,0
2025-02-27 16:00:00+00:00,1.04149,1.04178,1.03999,1.0404,10333,9,0
2025-02-27 20:00:00+00:00,1.04043,1.0408,1.03871,1.03935,4798,9,0
2025-02-28 00:00:00+00:00,1.03938,1.04038,1.03799,1.03878,7700,9,0
2025-02-28 04:00:00+00:00,1.03878,1.04002,1.03823,1.03957,7204,9,0
2025-02-28 08:00:00+00:00,1.03958,1.04075,1.03921,1.0398,9717,9,0
2025-02-28 12:00:00+00:00,1.0398,1.04195,1.03928,1.03996,14893,9,0
2025-02-28 16:00:00+00:00,1.03993,1.0411,1.03594,1.03675,19275,9,0
2025-02-28 20:00:00+00:00,1.03676,1.03767,1.03619,1.03749,4395,9,0
2025-03-02 20:00:00+00:00,1.03974,1.04205,1.03949,1.04116,2500,9,0
2025-03-03 00:00:00+00:00,1.04116,1.04228,1.0402,1.04166,9160,9,0
2025-03-03 04:00:00+00:00,1.04165,1.04201,1.04016,1.0405,7233,9,0
2025-03-03 08:00:00+00:00,1.04048,1.04577,1.03882,1.0452,13799,9,0
2025-03-03 12:00:00+00:00,1.04519,1.05035,1.04519,1.04842,18667,9,0
2025-03-03 16:00:00+00:00,1.04839,1.05038,1.04721,1.04727,15129,9,0
2025-03-03 20:00:00+00:00,1.04725,1.04922,1.04661,1.04849,10011,9,0
2025-03-04 00:00:00+00:00,1.0485,1.04956,1.04746,1.04769,9375,9,0
2025-03-04 04:00:00+00:00,1.04769,1.05002,1.04706,1.04928,10664,9,0
2025-03-04 08:00:00+00:00,1.04926,1.05443,1.0486,1.05434,17232,9,0
2025-03-04 12:00:00+00:00,1.05436,1.05593,1.04961,1.0526200000000001,23777,9,0
2025-03-04 16:00:00+00:00,1.05259,1.06017,1.05148,1.06002,20569,9,0
2025-03-04 20:00:00+00:00,1.06002,1.06366,1.06002,1.06228,11160,9,0
2025-03-05 00:00:00+00:00,1.06229,1.06272,1.06017,1.06178,13344,9,0
2025-03-05 04:00:00+00:00,1.06179,1.06762,1.0615,1.06742,12824,9,0
2025-03-05 08:00:00+00:00,1.0674,1.0722,1.06583,1.06785,22099,9,0
2025-03-05 12:00:00+00:00,1.06787,1.07766,1.06782,1.07648,33914,9,0
2025-03-05 16:00:00+00:00,1.07645,1.07905,1.07606,1.07896,24063,9,0
2025-03-05 20:00:00+00:00,1.07896,1.07965,1.07845,1.07936,5458,9,0
2025-03-06 00:00:00+00:00,1.07936,1.08198,1.07869,1.07894,10960,9,0
2025-03-06 04:00:00+00:00,1.07894,1.08221,1.07837,1.0799,13491,9,0
2025-03-06 08:00:00+00:00,1.07989,1.08164,1.07796,1.07986,22739,9,0
2025-03-06 12:00:00+00:00,1.07987,1.08534,1.0788,1.08167,34086,9,0
2025-03-06 16:00:00+00:00,1.0817,1.0838,1.0765500000000001,1.08014,19943,9,0
2025-03-06 20:00:00+00:00,1.08014,1.08031,1.07745,1.07869,6378,9,0
2025-03-07 00:00:00+00:00,1.07866,1.08146,1.07808,1.08053,8186,9,0
2025-03-07 04:00:00+00:00,1.0805,1.08405,1.08026,1.08295,9066,9,0
2025-03-07 08:00:00+00:00,1.08295,1.0871,1.08258,1.0849199999999999,16292,9,0
2025-03-07 12:00:00+00:00,1.08489,1.08883,1.08351,1.08697,33749,9,0
2025-03-07 16:00:00+00:00,1.08697,1.08723,1.08254,1.08424,18809,9,0
2025-03-07 20:00:00+00:00,1.08424,1.08508,1.08323,1.08327,3606,9,0
2025-03-09 20:00:00+00:00,1.08305,1.0865,1.08289,1.08598,4039,9,0
2025-03-10 00:00:00+00:00,1.08598,1.08708,1.08298,1.08312,9210,9,0
2025-03-10 04:00:00+00:00,1.08313,1.08443,1.08107,1.08218,10153,9,0
2025-03-10 08:00:00+00:00,1.0822,1.08742,1.08046,1.08502,26957,9,0
2025-03-10 12:00:00+00:00,1.08505,1.08598,1.0820400000000001,1.08365,19489,9,0
2025-03-10 16:00:00+00:00,1.08364,1.08454,1.08172,1.08311,13154,9,0
2025-03-10 20:00:00+00:00,1.08313,1.0843099999999999,1.08255,1.08389,3880,9,0
2025-03-11 00:00:00+00:00,1.0839,1.086,1.08388,1.08539,9009,9,0
2025-03-11 04:00:00+00:00,1.0854,1.09011,1.08354,1.08903,14682,9,0
2025-03-11 08:00:00+00:00,1.08906,1.09204,1.08807,1.09043,18293,9,0
2025-03-11 12:00:00+00:00,1.09043,1.09303,1.08948,1.09268,21977,9,0
2025-03-11 16:00:00+00:00,1.09268,1.09466,1.09176,1.09196,13617,9,0
2025-03-11 20:00:00+00:00,1.09198,1.09208,1.09046,1.09138,3533,9,0
2025-03-12 00:00:00+00:00,1.0913599999999999,1.0915300000000001,1.08958,1.0897000000000001,6060,9,0
2025-03-12 04:00:00+00:00,1.0897000000000001,1.09084,1.08872,1.09011,9054,9,0
2025-03-12 08:00:00+00:00,1.09011,1.09263,1.08973,1.09007,16566,9,0
2025-03-12 12:00:00+00:00,1.09007,1.09311,1.08751,1.09237,26936,8,0
2025-03-12 16:00:00+00:00,1.0924,1.09277,1.08794,1.08901,11268,9,0
2025-03-12 20:00:00+00:00,1.08899,1.08932,1.0883,1.08853,2666,9,0
2025-03-13 00:00:00+00:00,1.08853,1.08967,1.08821,1.08846,5128,9,0
2025-03-13 04:00:00+00:00,1.08844,1.0893,1.08593,1.08651,9184,9,0
2025-03-13 08:00:00+00:00,1.08648,1.08849,1.08441,1.08557,17784,9,0
2025-03-13 12:00:00+00:00,1.08555,1.08778,1.08222,1.0858,24488,8,0
2025-03-13 16:00:00+00:00,1.08579,1.0878,1.08473,1.0848,12208,9,0
2025-03-13 20:00:00+00:00,1.08481,1.0855299999999999,1.08448,1.08546,3139,9,0
2025-03-14 00:00:00+00:00,1.08546,1.08582,1.0834,1.08452,5999,9,0
2025-03-14 04:00:00+00:00,1.08451,1.08509,1.08302,1.08386,8297,9,0
2025-03-14 08:00:00+00:00,1.08386,1.09123,1.08349,1.08963,22093,9,0
2025-03-14 12:00:00+00:00,1.08964,1.09111,1.08654,1.08713,19938,9,0
2025-03-14 16:00:00+00:00,1.08713,1.08895,1.087,1.08825,8710,9,0
2025-03-14 20:00:00+00:00,1.08824,1.08853,1.0877,1.08784,986,9,0
2025-03-16 20:00:00+00:00,1.08792,1.0884800000000001,1.08735,1.08794,2240,9,0
2025-03-17 00:00:00+00:00,1.08794,1.08899,1.08739,1.0883099999999999,5456,9,0
2025-03-17 04:00:00+00:00,1.08833,1.08934,1.08681,1.0876,8145,9,0
2025-03-17 08:00:00+00:00,1.0876,1.09114,1.08702,1.09016,12113,9,0
2025-03-17 12:00:00+00:00,1.09017,1.09293,1.0887,1.09209,15058,9,0
2025-03-17 16:00:00+00:00,1.09211,1.09261,1.09112,1.09201,7565,9,0
2025-03-17 20:00:00+00:00,1.09203,1.09274,1.09155,1.09179,2756,9,0
2025-03-18 00:00:00+00:00,1.09179,1.09208,1.09059,1.09079,4217,9,0
2025-03-18 04:00:00+00:00,1.0908,1.09361,1.09033,1.09346,6084,9,0
2025-03-18 08:00:00+00:00,1.09344,1.09543,1.09139,1.09161,12619,9,0
2025-03-18 12:00:00+00:00,1.09161,1.09337,1.08923,1.09263,17481,9,0
2025-03-18 16:00:00+00:00,1.09262,1.09513,1.09231,1.09458,10752,9,0
2025-03-18 20:00:00+00:00,1.09457,1.09484,1.09375,1.09383,2777,9,0
2025-03-19 00:00:00+00:00,1.09383,1.09447,1.09316,1.09379,4277,9,0
2025-03-19 04:00:00+00:00,1.09379,1.09379,1.08727,1.08923,9920,9,0
2025-03-19 08:00:00+00:00,1.08925,1.09131,1.08908,1.09078,12915,9,0
2025-03-19 12:00:00+00:00,1.0908,1.09171,1.08751,1.08766,13329,9,0
2025-03-19 16:00:00+00:00,1.08767,1.09129,1.08602,1.08984,18648,8,0
2025-03-19 20:00:00+00:00,1.08982,1.09115,1.08954,1.09115,3138,9,0
2025-03-20 00:00:00+00:00,1.09115,1.09168,1.0903,1.09094,6809,9,0
2025-03-20 04:00:00+00:00,1.09094,1.09102,1.08644,1.0878700000000001,7351,9,0
2025-03-20 08:00:00+00:00,1.08789,1.08852,1.0833,1.0849,16238,9,0
2025-03-20 12:00:00+00:00,1.08491,1.08556,1.08144,1.08467,16384,9,0
2025-03-20 16:00:00+00:00,1.08465,1.08538,1.08388,1.08526,8077,9,0
2025-03-20 20:00:00+00:00,1.08528,1.08586,1.08486,1.08529,2761,9,0
2025-03-21 00:00:00+00:00,1.08529,1.08583,1.08331,1.08344,5541,9,0
2025-03-21 04:00:00+00:00,1.08343,1.08415,1.08196,1.0838700000000001,7780,9,0
2025-03-21 08:00:00+00:00,1.08386,1.08507,1.08236,1.08503,10857,9,0
2025-03-21 12:00:00+00:00,1.08501,1.08611,1.07965,1.08059,15548,9,0
2025-03-21 16:00:00+00:00,1.08058,1.08264,1.08042,1.08175,10268,9,0
2025-03-21 20:00:00+00:00,1.08173,1.08173,1.08115,1.08146,984,9,0
2025-03-23 20:00:00+00:00,1.08133,1.08366,1.08119,1.08355,2514,9,0
2025-03-24 00:00:00+00:00,1.08355,1.08395,1.08197,1.08198,6221,9,0
2025-03-24 04:00:00+00:00,1.08199,1.08494,1.08165,1.08377,7661,9,0
2025-03-24 08:00:00+00:00,1.08379,1.08578,1.08281,1.08323,12412,9,0
2025-03-24 12:00:00+00:00,1.08321,1.08344,1.079,1.07938,16273,9,0
2025-03-24 16:00:00+00:00,1.07936,1.08127,1.07811,1.0802,11013,9,0
2025-03-24 20:00:00+00:00,1.08017,1.08057,1.07927,1.08022,2797,9,0
2025-03-25 00:00:00+00:00,1.08022,1.08079,1.07938,1.08026,5210,9,0
2025-03-25 04:00:00+00:00,1.08028,1.08084,1.07847,1.07871,6438,9,0
2025-03-25 08:00:00+00:00,1.07872,1.08271,1.07765,1.08174,12579,9,0
2025-03-25 12:00:00+00:00,1.08176,1.083,1.07968,1.0803,14303,9,0
2025-03-25 16:00:00+00:00,1.08028,1.08165,1.07906,1.07952,8754,9,0
2025-03-25 20:00:00+00:00,1.0795,1.07954,1.07851,1.07885,2425,9,0
2025-03-26 00:00:00+00:00,1.07886,1.07966,1.07776,1.07857,5549,9,0
2025-03-26 04:00:00+00:00,1.07857,1.07911,1.07773,1.07857,7073,9,0
2025-03-26 08:00:00+00:00,1.07859,1.08023,1.0785,1.07917,10750,9,0
2025-03-26 12:00:00+00:00,1.07917,1.0795,1.07672,1.07806,16072,9,0
2025-03-26 16:00:00+00:00,1.07805,1.07914,1.07437,1.07507,12192,9,0
2025-03-26 20:00:00+00:00,1.0751,1.07563,1.07319,1.07409,4791,9,0
2025-03-27 00:00:00+00:00,1.07412,1.07796,1.07403,1.07776,6080,9,0
2025-03-27 04:00:00+00:00,1.0777700000000001,1.07866,1.0754,1.07642,8971,9,0
2025-03-27 08:00:00+00:00,1.07644,1.07992,1.07554,1.07866,14277,9,0
2025-03-27 12:00:00+00:00,1.07868,1.08207,1.0776,1.07995,16776,9,0
2025-03-27 16:00:00+00:00,1.07994,1.0808200000000001,1.07879,1.07947,9347,9,0
2025-03-27 20:00:00+00:00,1.07945,1.08019,1.07908,1.08006,2350,9,0
2025-03-28 00:00:00+00:00,1.08005,1.08005,1.07881,1.07915,5067,9,0
2025-03-28 04:00:00+00:00,1.07915,1.07996,1.07811,1.07869,6514,9,0
2025-03-28 08:00:00+00:00,1.07866,1.07961,1.07641,1.07713,10922,9,0
2025-03-28 12:00:00+00:00,1.07713,1.08442,1.0765,1.08249,19135,9,0
2025-03-28 16:00:00+00:00,1.08246,1.0832600000000001,1.08117,1.08251,9704,9,0
2025-03-28 20:00:00+00:00,1.0825,1.08357,1.0824799999999999,1.083,1141,9,0
2025-03-30 20:00:00+00:00,1.08267,1.08289,1.08034,1.08233,3905,9,0
2025-03-31 00:00:00+00:00,1.08233,1.08457,1.08227,1.08328,7298,9,0
2025-03-31 04:00:00+00:00,1.08328,1.0849,1.0820400000000001,1.08311,11877,9,0
2025-03-31 08:00:00+00:00,1.0831,1.08338,1.0805,1.08195,12604,9,0
2025-03-31 12:00:00+00:00,1.08195,1.08212,1.07836,1.0794,19276,9,0
2025-03-31 16:00:00+00:00,1.07942,1.08193,1.07847,1.08137,9513,9,0
2025-03-31 20:00:00+00:00,1.08139,1.08199,1.08092,1.08172,2964,9,0
2025-04-01 00:00:00+00:00,1.08172,1.08279,1.08167,1.08264,5817,9,0
2025-04-01 04:00:00+00:00,1.08262,1.08295,1.07986,1.08013,9694,9,0
2025-04-01 08:00:00+00:00,1.08013,1.08288,1.07779,1.07808,14163,9,0
2025-04-01 12:00:00+00:00,1.07811,1.0812,1.0779,1.0799,16774,9,0
2025-04-01 16:00:00+00:00,1.07991,1.08042,1.0785,1.07892,8126,9,0
2025-04-01 20:00:00+00:00,1.0789,1.08077,1.07858,1.07941,3968,9,0
2025-04-02 00:00:00+00:00,1.07941,1.08013,1.07867,1.07954,5253,9,0
2025-04-02 04:00:00+00:00,1.07954,1.07972,1.07797,1.07912,7519,9,0
2025-04-02 08:00:00+00:00,1.0791,1.0808,1.07857,1.0802,10567,9,0
2025-04-02 12:00:00+00:00,1.08019,1.08728,1.0796000000000001,1.0867,17797,9,0
2025-04-02 16:00:00+00:00,1.08674,1.08674,1.08466,1.08497,9524,9,0
2025-04-02 20:00:00+00:00,1.08494,1.09242,1.0803,1.09037,38053,9,0
2025-04-03 00:00:00+00:00,1.09036,1.09243,1.08794,1.09143,18086,9,0
2025-04-03 04:00:00+00:00,1.09144,1.09899,1.09054,1.09701,26337,9,0
2025-04-03 08:00:00+00:00,1.09702,1.11465,1.09702,1.10872,47915,9,0
2025-04-03 12:00:00+00:00,1.10874,1.11351,1.10409,1.10501,45655,9,0
2025-04-03 16:00:00+00:00,1.10503,1.10556,1.10156,1.1026799999999999,17860,9,0
2025-04-03 20:00:00+00:00,1.10267,1.10711,1.10217,1.10449,7646,9,0
2025-04-04 00:00:00+00:00,1.10449,1.10982,1.10362,1.10933,15036,9,0
2025-04-04 04:00:00+00:00,1.10931,1.11073,1.09994,1.10041,21776,9,0
2025-04-04 08:00:00+00:00,1.10038,1.10798,1.0964,1.10597,51175,9,0
2025-04-04 12:00:00+00:00,1.10595,1.10895,1.0959699999999999,1.10131,73994,9,0
2025-04-04 16:00:00+00:00,1.10131,1.10193,1.09238,1.09432,33491,9,0
2025-04-04 20:00:00+00:00,1.09433,1.09662,1.09323,1.09632,3500,9,0
2025-04-06 20:00:00+00:00,1.08912,1.10011,1.0873599999999999,1.0983,17635,9,0
2025-04-07 00:00:00+00:00,1.09832,1.09835,1.09194,1.095,25041,9,0
2025-04-07 04:00:00+00:00,1.09499,1.10498,1.09475,1.10002,34685,9,0
2025-04-07 08:00:00+00:00,1.10005,1.10213,1.09346,1.0969,42166,9,0
2025-04-07 12:00:00+00:00,1.09692,1.0991,1.09006,1.09111,70150,9,0
2025-04-07 16:00:00+00:00,1.0911,1.09527,1.09038,1.09159,26992,9,0
2025-04-07 20:00:00+00:00,1.09161,1.09201,1.0899,1.09144,7902,9,0
2025-04-08 00:00:00+00:00,1.09144,1.09798,1.09143,1.0963,15862,9,0
2025-04-08 04:00:00+00:00,1.09628,1.09916,1.09212,1.09232,22552,9,0
2025-04-08 08:00:00+00:00,1.09232,1.09483,1.09109,1.0934,27136,9,0
2025-04-08 12:00:00+00:00,1.09341,1.09681,1.08879,1.09111,34276,9,0
2025-04-08 16:00:00+00:00,1.09114,1.09775,1.08982,1.09539,24803,9,0
2025-04-08 20:00:00+00:00,1.09536,1.09847,1.09386,1.09771,9313,9,0
2025-04-09 00:00:00+00:00,1.09774,1.10397,1.09709,1.10193,27547,9,0
2025-04-09 04:00:00+00:00,1.10195,1.10895,1.1009,1.10148,48161,9,0
2025-04-09 08:00:00+00:00,1.1014599999999999,1.10575,1.09976,1.10353,44775,9,0
2025-04-09 12:00:00+00:00,1.10354,1.10948,1.10257,1.10379,43581,9,0
2025-04-09 16:00:00+00:00,1.10381,1.10633,1.09129,1.09341,76307,9,0
2025-04-09 20:00:00+00:00,1.09343,1.09624,1.09282,1.09506,13281,9,0
2025-04-10 00:00:00+00:00,1.09505,1.0989,1.09497,1.09813,19272,9,0
2025-04-10 04:00:00+00:00,1.09811,1.10303,1.09623,1.1025800000000001,25093,9,0
2025-04-10 08:00:00+00:00,1.1026,1.10881,1.10159,1.107,31176,9,0
2025-04-10 12:00:00+00:00,1.10698,1.12288,1.10676,1.11909,46097,9,0
2025-04-10 16:00:00+00:00,1.11907,1.12412,1.11585,1.12066,36813,9,0
2025-04-10 20:00:00+00:00,1.12064,1.12621,1.11811,1.12573,18199,9,0
2025-04-11 00:00:00+00:00,1.1257,1.1385,1.12508,1.13406,64196,9,0
2025-04-11 04:00:00+00:00,1.13408,1.1368800000000001,1.12462,1.13642,43581,9,0
2025-04-11 08:00:00+00:00,1.13639,1.14738,1.13196,1.13287,72749,9,0
2025-04-11 12:00:00+00:00,1.13283,1.14119,1.13119,1.13242,73110,9,0
2025-04-11 16:00:00+00:00,1.13241,1.13432,1.12761,1.1341,30964,9,0
2025-04-11 20:00:00+00:00,1.13413,1.13577,1.1335600000000001,1.13572,3228,9,0
2025-04-13 20:00:00+00:00,1.13145,1.13535,1.13132,1.1341700000000001,9029,9,0
2025-04-14 00:00:00+00:00,1.13416,1.14085,1.13404,1.13711,26539,9,0
2025-04-14 04:00:00+00:00,1.13711,1.14243,1.13525,1.13897,27571,9,0
2025-04-14 08:00:00+00:00,1.13896,1.14095,1.13712,1.13837,24301,9,0
2025-04-14 12:00:00+00:00,1.13839,1.13882,1.12955,1.1357,34533,9,0
2025-04-14 16:00:00+00:00,1.1357,1.13699,1.13279,1.13547,18897,9,0
2025-04-14 20:00:00+00:00,1.1354899999999999,1.1360999999999999,1.13333,1.13357,6704,9,0
2025-04-15 00:00:00+00:00,1.13355,1.13526,1.13155,1.13471,11055,9,0
2025-04-15 04:00:00+00:00,1.13473,1.13674,1.13202,1.13569,18337,9,0
2025-04-15 08:00:00+00:00,1.1357,1.13785,1.13134,1.13259,22293,9,0
2025-04-15 12:00:00+00:00,1.1326100000000001,1.13411,1.12818,1.12884,33713,9,0
2025-04-15 16:00:00+00:00,1.12886,1.12917,1.12638,1.1282,13806,9,0
2025-04-15 20:00:00+00:00,1.12822,1.1299,1.12767,1.12933,6293,9,0
2025-04-16 00:00:00+00:00,1.12931,1.1343,1.12924,1.13428,13401,9,0
2025-04-16 04:00:00+00:00,1.13428,1.13918,1.13324,1.13864,18602,9,0
2025-04-16 08:00:00+00:00,1.13869,1.13878,1.13379,1.13624,28505,9,0
2025-04-16 12:00:00+00:00,1.13626,1.13864,1.13401,1.13811,30913,9,0
2025-04-16 16:00:00+00:00,1.1381000000000001,1.14124,1.13589,1.13863,21328,9,0
2025-04-16 20:00:00+00:00,1.13865,1.1408800000000001,1.13815,1.13954,6159,9,0
2025-04-17 00:00:00+00:00,1.13956,1.1396600000000001,1.1355,1.13639,13952,9,0
2025-04-17 04:00:00+00:00,1.13639,1.13784,1.13429,1.13764,15472,9,0
2025-04-17 08:00:00+00:00,1.13766,1.13882,1.13552,1.13564,19346,9,0
2025-04-17 12:00:00+00:00,1.13564,1.13853,1.13351,1.13631,35942,9,0
2025-04-17 16:00:00+00:00,1.1363,1.13757,1.13397,1.13733,15381,9,0
2025-04-17 20:00:00+00:00,1.1373,1.13764,1.13565,1.13693,4361,9,0
2025-04-18 00:00:00+00:00,1.13694,1.13818,1.1360999999999999,1.13715,5247,57,0
2025-04-18 04:00:00+00:00,1.13716,1.13741,1.13562,1.13669,5927,57,0
2025-04-18 08:00:00+00:00,1.1367099999999999,1.13777,1.1362,1.13757,7056,75,0
2025-04-18 12:00:00+00:00,1.13756,1.13924,1.13729,1.13874,5620,94,0
2025-04-18 16:00:00+00:00,1.13874,1.13911,1.13824,1.13894,3260,94,0
2025-04-18 20:00:00+00:00,1.13894,1.13898,1.1384,1.13853,668,95,0
2025-04-20 20:00:00+00:00,1.13928,1.1458,1.13922,1.14485,8621,9,0
2025-04-21 00:00:00+00:00,1.1448800000000001,1.15324,1.1448800000000001,1.15149,22481,9,0
2025-04-21 04:00:00+00:00,1.15147,1.15675,1.1498599999999999,1.15549,17807,9,0
2025-04-21 08:00:00+00:00,1.1555,1.1573,1.15129,1.15424,20282,9,0
2025-04-21 12:00:00+00:00,1.15424,1.15497,1.14813,1.15064,24172,9,0
2025-04-21 16:00:00+00:00,1.15065,1.15267,1.14933,1.15125,12355,9,0
2025-04-21 20:00:00+00:00,1.15127,1.15249,1.15045,1.15137,5720,9,0
2025-04-22 00:00:00+00:00,1.15138,1.15404,1.14817,1.15343,15492,9,0
2025-04-22 04:00:00+00:00,1.15345,1.15468,1.14829,1.15052,23918,9,0
2025-04-22 08:00:00+00:00,1.15053,1.1515,1.14836,1.14856,22133,9,0
2025-04-22 12:00:00+00:00,1.14859,1.14917,1.14554,1.1464699999999999,25709,9,0
2025-04-22 16:00:00+00:00,1.1465,1.14684,1.14196,1.14203,18422,9,0
2025-04-22 20:00:00+00:00,1.14205,1.14297,1.13075,1.13502,18970,9,0
2025-04-23 00:00:00+00:00,1.13499,1.1414900000000001,1.13489,1.1379,20154,9,0
2025-04-23 04:00:00+00:00,1.13789,1.14087,1.13703,1.13853,22563,9,0
2025-04-23 08:00:00+00:00,1.13856,1.14396,1.1379,1.14105,20885,9,0
2025-04-23 12:00:00+00:00,1.14102,1.14193,1.13276,1.13485,46724,9,0
2025-04-23 16:00:00+00:00,1.13487,1.13654,1.13147,1.13269,18419,9,0
2025-04-23 20:00:00+00:00,1.13267,1.13468,1.13079,1.13291,7960,9,0
2025-04-24 00:00:00+00:00,1.13294,1.13571,1.1320999999999999,1.13376,13472,9,0
2025-04-24 04:00:00+00:00,1.13377,1.13801,1.13302,1.1379299999999999,14884,9,0
2025-04-24 08:00:00+00:00,1.13796,1.13946,1.13629,1.13726,18210,9,0
2025-04-24 12:00:00+00:00,1.13724,1.13871,1.13471,1.13605,24030,9,0
2025-04-24 16:00:00+00:00,1.13607,1.13972,1.13574,1.13843,11777,9,0
2025-04-24 20:00:00+00:00,1.13841,1.13979,1.13702,1.13723,5575,9,0
2025-04-25 00:00:00+00:00,1.13721,1.13721,1.13247,1.13257,14030,9,0
2025-04-25 04:00:00+00:00,1.13258,1.13679,1.13154,1.13594,18284,9,0
2025-04-25 08:00:00+00:00,1.13594,1.13664,1.13339,1.13491,17168,9,0
2025-04-25 12:00:00+00:00,1.13493,1.13821,1.13325,1.13797,19712,9,0
2025-04-25 16:00:00+00:00,1.13796,1.13882,1.13584,1.13589,10228,9,0
2025-04-25 20:00:00+00:00,1.13592,1.13642,1.13562,1.13611,1387,9,0
2025-04-27 20:00:00+00:00,1.13605,1.13647,1.13389,1.13447,4821,9,0
2025-04-28 00:00:00+00:00,1.13446,1.1366100000000001,1.13428,1.1356,8996,9,0
2025-04-28 04:00:00+00:00,1.1356,1.13805,1.1329,1.13482,13707,9,0
2025-04-28 08:00:00+00:00,1.13479,1.13601,1.1335,1.13511,14321,9,0
2025-04-28 12:00:00+00:00,1.13514,1.14135,1.13391,1.13858,22729,9,0
2025-04-28 16:00:00+00:00,1.13857,1.14246,1.13848,1.14212,14131,9,0
2025-04-28 20:00:00+00:00,1.14215,1.14246,1.14004,1.14073,5001,9,0
2025-04-29 00:00:00+00:00,1.14075,1.14195,1.1386,1.13902,10911,9,0
2025-04-29 04:00:00+00:00,1.13902,1.14117,1.13737,1.14035,14013,9,0
2025-04-29 08:00:00+00:00,1.1403699999999999,1.14078,1.13706,1.1374,14873,9,0
2025-04-29 12:00:00+00:00,1.13742,1.1417,1.13697,1.13958,24834,9,0
2025-04-29 16:00:00+00:00,1.13958,1.14184,1.13757,1.13811,11521,9,0
2025-04-29 20:00:00+00:00,1.13809,1.13954,1.13762,1.13902,4736,9,0
2025-04-30 00:00:00+00:00,1.13902,1.13948,1.13547,1.13683,9266,9,0
2025-04-30 04:00:00+00:00,1.13683,1.1399,1.13655,1.13771,11704,9,0
2025-04-30 08:00:00+00:00,1.13775,1.13848,1.13557,1.13729,13874,9,0
2025-04-30 12:00:00+00:00,1.1373,1.13883,1.13224,1.13476,32482,9,0
2025-04-30 16:00:00+00:00,1.13474,1.13646,1.13279,1.13296,13315,9,0
2025-04-30 20:00:00+00:00,1.1329799999999999,1.1331,1.13169,1.13217,5528,9,0
2025-05-01 00:00:00+00:00,1.13218,1.13291,1.12991,1.13117,8304,9,0
2025-05-01 04:00:00+00:00,1.13117,1.13138,1.1287099999999999,1.13097,12319,9,0
2025-05-01 08:00:00+00:00,1.13095,1.13407,1.13094,1.13199,11883,9,0
2025-05-01 12:00:00+00:00,1.13199,1.13384,1.12655,1.12786,23439,9,0
2025-05-01 16:00:00+00:00,1.12784,1.1293199999999999,1.12725,1.12881,10380,9,0
2025-05-01 20:00:00+00:00,1.12879,1.12987,1.1284399999999999,1.12953,3916,9,0
2025-05-02 00:00:00+00:00,1.12953,1.13151,1.12738,1.13123,8867,9,0
2025-05-02 04:00:00+00:00,1.13123,1.13373,1.13009,1.13278,13190,9,0
2025-05-02 08:00:00+00:00,1.13278,1.13547,1.13159,1.13459,15405,9,0
2025-05-02 12:00:00+00:00,1.13461,1.13804,1.13042,1.13287,32416,9,0
2025-05-02 16:00:00+00:00,1.13287,1.13384,1.1292200000000001,1.13042,15701,9,0
2025-05-02 20:00:00+00:00,1.1304,1.13051,1.12933,1.12998,1464,9,0
2025-05-04 20:00:00+00:00,1.12987,1.13273,1.12926,1.13209,4088,9,0
2025-05-05 00:00:00+00:00,1.1320999999999999,1.13464,1.1314,1.13317,9582,9,0
2025-05-05 04:00:00+00:00,1.13317,1.1347,1.13128,1.13129,13998,9,0
2025-05-05 08:00:00+00:00,1.13127,1.13572,1.13109,1.13424,15251,9,0
2025-05-05 12:00:00+00:00,1.13421,1.13645,1.13121,1.13141,20582,9,0
2025-05-05 16:00:00+00:00,1.13141,1.13206,1.1296599999999999,1.13142,9743,9,0
2025-05-05 20:00:00+00:00,1.13144,1.13199,1.13093,1.13117,3003,9,0
2025-05-06 00:00:00+00:00,1.13117,1.13171,1.12793,1.13146,11789,9,0
2025-05-06 04:00:00+00:00,1.13144,1.13474,1.13131,1.13388,12856,9,0
2025-05-06 08:00:00+00:00,1.13387,1.13492,1.13051,1.13266,18321,9,0
2025-05-06 12:00:00+00:00,1.13268,1.13692,1.13164,1.13433,20725,9,0
2025-05-06 16:00:00+00:00,1.13434,1.13806,1.13304,1.1372200000000001,11103,9,0
2025-05-06 20:00:00+00:00,1.13721,1.1379299999999999,1.13256,1.13397,9826,9,0
2025-05-07 00:00:00+00:00,1.13396,1.13512,1.13248,1.13453,16036,9,0
2025-05-07 04:00:00+00:00,1.13453,1.13778,1.13424,1.1362,12877,9,0
2025-05-07 08:00:00+00:00,1.13618,1.13734,1.13468,1.13573,13992,9,0
2025-05-07 12:00:00+00:00,1.13574,1.13705,1.13414,1.13468,16119,9,0
2025-05-07 16:00:00+00:00,1.1347,1.13646,1.13003,1.13065,24459,9,0
2025-05-07 20:00:00+00:00,1.13068,1.13124,1.12914,1.13025,5491,9,0
2025-05-08 00:00:00+00:00,1.13025,1.13357,1.1301700000000001,1.13272,12227,9,0
2025-05-08 04:00:00+00:00,1.13272,1.13307,1.12698,1.12967,15573,9,0
2025-05-08 08:00:00+00:00,1.12967,1.13046,1.1274899999999999,1.12953,16045,9,0
2025-05-08 12:00:00+00:00,1.12953,1.13197,1.12339,1.12478,28066,9,0
2025-05-08 16:00:00+00:00,1.12476,1.12493,1.12116,1.12255,15842,9,0
2025-05-08 20:00:00+00:00,1.12257,1.12327,1.12194,1.12265,4253,9,0
2025-05-09 00:00:00+00:00,1.12268,1.12329,1.11961,1.12222,11969,9,0
2025-05-09 04:00:00+00:00,1.12222,1.12579,1.12179,1.12511,11809,9,0
2025-05-09 08:00:00+00:00,1.12513,1.12604,1.12419,1.12539,12678,9,0
2025-05-09 12:00:00+00:00,1.1254,1.12926,1.12469,1.12694,15893,9,0
2025-05-09 16:00:00+00:00,1.12695,1.12748,1.12481,1.12568,7561,9,0
2025-05-09 20:00:00+00:00,1.12565,1.12576,1.12469,1.1248,1159,9,0
2025-05-11 20:00:00+00:00,1.11945,1.1236,1.11858,1.12274,5014,9,0
2025-05-12 00:00:00+00:00,1.12276,1.12423,1.12221,1.12327,11716,9,0
2025-05-12 04:00:00+00:00,1.12325,1.12354,1.10966,1.11046,28622,9,0
2025-05-12 08:00:00+00:00,1.11045,1.11449,1.10714,1.11111,30913,9,0
2025-05-12 12:00:00+00:00,1.1111,1.11341,1.10999,1.11049,23975,9,0
2025-05-12 16:00:00+00:00,1.11051,1.11107,1.10647,1.10918,12021,9,0
2025-05-12 20:00:00+00:00,1.10916,1.10996,1.10817,1.10951,4577,9,0
2025-05-13 00:00:00+00:00,1.10953,1.11164,1.10946,1.1116,10347,9,0
2025-05-13 04:00:00+00:00,1.1116,1.11242,1.11012,1.11156,12772,9,0
2025-05-13 08:00:00+00:00,1.11158,1.11176,1.10968,1.11064,12763,9,0
2025-05-13 12:00:00+00:00,1.11066,1.11776,1.11061,1.11747,23703,9,0
2025-05-13 16:00:00+00:00,1.11749,1.11915,1.11643,1.11893,8985,9,0
2025-05-13 20:00:00+00:00,1.11896,1.11968,1.11811,1.11855,4251,9,0
2025-05-14 00:00:00+00:00,1.11856,1.11975,1.1182,1.11948,10974,9,0
2025-05-14 04:00:00+00:00,1.1195,1.12163,1.11799,1.12145,12936,9,0
2025-05-14 08:00:00+00:00,1.12146,1.12657,1.1212,1.12171,24359,9,0
2025-05-14 12:00:00+00:00,1.12172,1.12351,1.11972,1.12049,22358,9,0
2025-05-14 16:00:00+00:00,1.12051,1.12127,1.11651,1.11669,14653,9,0
2025-05-14 20:00:00+00:00,1.11672,1.11878,1.11641,1.11811,4244,9,0
2025-05-15 00:00:00+00:00,1.1181,1.1201,1.11759,1.11962,9522,9,0
2025-05-15 04:00:00+00:00,1.11961,1.1228,1.1185,1.1197,12844,9,0
2025-05-15 08:00:00+00:00,1.11968,1.12128,1.11791,1.11827,12872,9,0
2025-05-15 12:00:00+00:00,1.11827,1.12232,1.11722,1.11876,22793,9,0
2025-05-15 16:00:00+00:00,1.11874,1.11902,1.11699,1.11831,9277,9,0
2025-05-15 20:00:00+00:00,1.11832,1.11935,1.11779,1.11918,4103,9,0
2025-05-16 00:00:00+00:00,1.11917,1.12082,1.11902,1.12001,9512,9,0
2025-05-16 04:00:00+00:00,1.12001,1.12191,1.1196,1.12083,10757,9,0
2025-05-16 08:00:00+00:00,1.12083,1.12091,1.11877,1.1194,12238,9,0
2025-05-16 12:00:00+00:00,1.11939,1.12055,1.11396,1.11399,18978,9,0
2025-05-16 16:00:00+00:00,1.11396,1.11581,1.11305,1.11488,9551,9,0
2025-05-16 20:00:00+00:00,1.11488,1.11641,1.11447,1.1162,1867,9,0
2025-05-18 20:00:00+00:00,1.11721,1.11936,1.11703,1.11884,4337,9,0
2025-05-19 00:00:00+00:00,1.11886,1.11987,1.1172,1.1181,11464,9,0
2025-05-19 04:00:00+00:00,1.11808,1.12449,1.11757,1.1238,14360,9,0
2025-05-19 08:00:00+00:00,1.12382,1.12879,1.12355,1.12727,18464,9,0
2025-05-19 12:00:00+00:00,1.12724,1.12732,1.12331,1.12358,19614,9,0
2025-05-19 16:00:00+00:00,1.12361,1.12417,1.12237,1.12396,8718,9,0
2025-05-19 20:00:00+00:00,1.12394,1.1244399999999999,1.12311,1.12321,3187,9,0
2025-05-20 00:00:00+00:00,1.12321,1.12509,1.12177,1.12447,10094,9,0
2025-05-20 04:00:00+00:00,1.12447,1.12777,1.124,1.12758,14040,9,0
2025-05-20 08:00:00+00:00,1.12759,1.12759,1.12427,1.12455,12832,9,0
2025-05-20 12:00:00+00:00,1.12457,1.12695,1.12234,1.12528,17584,9,0
2025-05-20 16:00:00+00:00,1.12528,1.12824,1.12448,1.1280000000000001,9250,9,0
2025-05-20 20:00:00+00:00,1.12803,1.12898,1.12766,1.12878,3880,9,0
2025-05-21 00:00:00+00:00,1.1288,1.13394,1.12865,1.13336,11872,9,0
2025-05-21 04:00:00+00:00,1.13334,1.13526,1.1313900000000001,1.13227,15876,9,0
2025-05-21 08:00:00+00:00,1.1323,1.13616,1.1312,1.13232,15848,9,0
2025-05-21 12:00:00+00:00,1.1323400000000001,1.1354,1.1317,1.13421,20968,9,0
2025-05-21 16:00:00+00:00,1.13419,1.13625,1.13181,1.13188,13454,9,0
2025-05-21 20:00:00+00:00,1.13186,1.1332,1.13106,1.13315,5668,9,0
2025-05-22 00:00:00+00:00,1.13315,1.13449,1.13171,1.13329,12969,9,0
2025-05-22 04:00:00+00:00,1.13326,1.13415,1.12952,1.13208,14710,9,0
2025-05-22 08:00:00+00:00,1.13206,1.13343,1.12898,1.1308,16451,9,0
2025-05-22 12:00:00+00:00,1.13082,1.13144,1.12655,1.12804,21346,9,0
2025-05-22 16:00:00+00:00,1.12802,1.12875,1.12553,1.12784,10185,9,0
2025-05-22 20:00:00+00:00,1.12785,1.12887,1.12763,1.12817,3405,9,0
2025-05-23 00:00:00+00:00,1.1282,1.13185,1.12786,1.13113,8465,9,0
2025-05-23 04:00:00+00:00,1.13113,1.13436,1.13073,1.1339,10989,9,0
2025-05-23 08:00:00+00:00,1.13389,1.13755,1.12981,1.13212,24103,9,0
2025-05-23 12:00:00+00:00,1.13213,1.13592,1.12973,1.1348799999999999,29441,9,0
2025-05-23 16:00:00+00:00,1.13491,1.13689,1.13408,1.1363,9388,9,0
2025-05-23 20:00:00+00:00,1.13631,1.13678,1.13583,1.13621,1482,9,0
2025-05-25 20:00:00+00:00,1.13641,1.13816,1.13591,1.13744,5961,9,0
2025-05-26 00:00:00+00:00,1.13744,1.14186,1.13744,1.1411,11706,9,0
2025-05-26 04:00:00+00:00,1.14111,1.14182,1.1388099999999999,1.13889,11286,9,0
2025-05-26 08:00:00+00:00,1.1389,1.13948,1.13736,1.13768,9222,9,0
2025-05-26 12:00:00+00:00,1.1377,1.13851,1.13684,1.13808,7962,9,0
2025-05-26 16:00:00+00:00,1.13809,1.13852,1.13754,1.13851,2312,9,0
2025-05-26 20:00:00+00:00,1.13851,1.13944,1.13777,1.1388099999999999,2943,9,0
2025-05-27 00:00:00+00:00,1.1388099999999999,1.14069,1.13875,1.13934,7708,9,0
2025-05-27 04:00:00+00:00,1.13934,1.13974,1.13367,1.13406,14666,9,0
2025-05-27 08:00:00+00:00,1.13407,1.13577,1.13386,1.13508,13523,9,0
2025-05-27 12:00:00+00:00,1.1351,1.13751,1.13227,1.13253,16865,9,0
2025-05-27 16:00:00+00:00,1.13252,1.13384,1.13229,1.13307,7341,9,0
2025-05-27 20:00:00+00:00,1.13306,1.13378,1.13224,1.13366,3411,9,0
2025-05-28 00:00:00+00:00,1.13366,1.1345399999999999,1.13002,1.1307,11260,9,0
2025-05-28 04:00:00+00:00,1.13071,1.13304,1.12951,1.13262,11258,9,0
2025-05-28 08:00:00+00:00,1.13264,1.13403,1.1316,1.13172,12153,9,0
2025-05-28 12:00:00+00:00,1.13174,1.13244,1.1283400000000001,1.12845,20097,9,0
2025-05-28 16:00:00+00:00,1.12847,1.13004,1.12837,1.12891,9015,9,0
2025-05-28 20:00:00+00:00,1.12892,1.12969,1.12097,1.12297,11405,9,0
2025-05-29 00:00:00+00:00,1.12296,1.12567,1.12229,1.12484,18677,9,0
2025-05-29 04:00:00+00:00,1.12481,1.12824,1.12305,1.12751,14635,9,0
2025-05-29 08:00:00+00:00,1.1275,1.1291,1.12615,1.12705,12464,9,0
2025-05-29 12:00:00+00:00,1.12706,1.13702,1.12706,1.13693,25567,9,0
2025-05-29 16:00:00+00:00,1.13691,1.1384400000000001,1.13615,1.13665,9463,9,0
2025-05-29 20:00:00+00:00,1.13667,1.13791,1.13598,1.13764,4450,9,0
2025-05-30 00:00:00+00:00,1.13762,1.13896,1.13455,1.13492,12290,9,0
2025-05-30 04:00:00+00:00,1.13494,1.13542,1.13273,1.13372,11917,9,0
2025-05-30 08:00:00+00:00,1.13374,1.13443,1.13226,1.1338,12053,9,0
2025-05-30 12:00:00+00:00,1.13382,1.13581,1.13123,1.13461,26988,9,0
2025-05-30 16:00:00+00:00,1.13462,1.13667,1.13428,1.13559,10604,9,0
2025-05-30 20:00:00+00:00,1.13561,1.13561,1.13448,1.13473,1238,9,0
2025-06-01 20:00:00+00:00,1.13466,1.13601,1.13452,1.13527,3620,9,0
2025-06-02 00:00:00+00:00,1.13527,1.13817,1.13523,1.13612,9430,9,0
2025-06-02 04:00:00+00:00,1.13614,1.14364,1.13593,1.14234,10918,9,0
2025-06-02 08:00:00+00:00,1.14232,1.14367,1.14089,1.1414,13735,9,0
2025-06-02 12:00:00+00:00,1.14137,1.1449799999999999,1.1404,1.14301,18338,9,0
2025-06-02 16:00:00+00:00,1.14303,1.1445,1.14115,1.14446,9503,9,0
2025-06-02 20:00:00+00:00,1.14444,1.14535,1.14313,1.14528,3693,9,0
2025-06-03 00:00:00+00:00,1.14527,1.14544,1.14156,1.14195,8985,9,0
2025-06-03 04:00:00+00:00,1.14195,1.1432,1.14118,1.14158,10450,9,0
2025-06-03 08:00:00+00:00,1.14157,1.1418300000000001,1.13861,1.13901,12164,9,0
2025-06-03 12:00:00+00:00,1.13904,1.13946,1.13636,1.13718,17809,9,0
2025-06-03 16:00:00+00:00,1.1372,1.13829,1.13672,1.13685,7320,9,0
2025-06-03 20:00:00+00:00,1.13684,1.13856,1.13635,1.13839,3286,9,0
2025-06-04 00:00:00+00:00,1.13837,1.13928,1.13651,1.1367099999999999,9113,9,0
2025-06-04 04:00:00+00:00,1.13673,1.1396600000000001,1.13567,1.13864,12055,9,0
2025-06-04 08:00:00+00:00,1.13863,1.14035,1.13743,1.13788,10233,9,0
2025-06-04 12:00:00+00:00,1.13789,1.1434199999999999,1.13789,1.14231,19251,9,0
2025-06-04 16:00:00+00:00,1.14231,1.1434,1.14119,1.1412,7775,9,0
2025-06-04 20:00:00+00:00,1.1412,1.14283,1.14097,1.14206,3738,9,0
2025-06-05 00:00:00+00:00,1.14208,1.14345,1.14083,1.14103,9241,9,0
2025-06-05 04:00:00+00:00,1.14103,1.14248,1.14043,1.14116,9463,9,0
2025-06-05 08:00:00+00:00,1.14119,1.14324,1.14086,1.14255,10654,9,0
2025-06-05 12:00:00+00:00,1.14254,1.14947,1.14132,1.1439,34656,9,0
2025-06-05 16:00:00+00:00,1.14392,1.1448,1.14306,1.1437599999999999,11660,9,0
2025-06-05 20:00:00+00:00,1.14374,1.14535,1.14348,1.14531,3892,9,0
2025-06-06 00:00:00+00:00,1.14531,1.14568,1.14328,1.14399,6781,9,0
2025-06-06 04:00:00+00:00,1.14399,1.14421,1.14211,1.14264,8744,9,0
2025-06-06 08:00:00+00:00,1.14263,1.14289,1.14105,1.14177,9742,9,0
2025-06-06 12:00:00+00:00,1.14177,1.14303,1.13714,1.13965,28522,8,0
2025-06-06 16:00:00+00:00,1.13964,1.14016,1.13843,1.13959,9453,9,0
2025-06-06 20:00:00+00:00,1.13956,1.13974,1.1391,1.1394199999999999,914,9,0
2025-06-08 20:00:00+00:00,1.13947,1.14111,1.13901,1.1406,2409,9,0
2025-06-09 00:00:00+00:00,1.1406,1.1425,1.13925,1.14118,6933,9,0
2025-06-09 04:00:00+00:00,1.14118,1.14294,1.14108,1.14221,7448,9,0
2025-06-09 08:00:00+00:00,1.14222,1.14387,1.14054,1.14169,9969,9,0
2025-06-09 12:00:00+00:00,1.1417,1.14252,1.13863,1.14239,13032,9,0
2025-06-09 16:00:00+00:00,1.14237,1.1430500000000001,1.14148,1.14224,6089,9,0
2025-06-09 20:00:00+00:00,1.14223,1.14282,1.14163,1.14259,2347,9,0
2025-06-10 00:00:00+00:00,1.14258,1.14353,1.13856,1.14026,9733,9,0
2025-06-10 04:00:00+00:00,1.1402700000000001,1.14143,1.13727,1.13917,13035,9,0
2025-06-10 08:00:00+00:00,1.13918,1.14337,1.13909,1.14288,11617,9,0
2025-06-10 12:00:00+00:00,1.1429,1.14473,1.14153,1.14224,13347,9,0
2025-06-10 16:00:00+00:00,1.14224,1.14362,1.14156,1.14259,6847,9,0
2025-06-10 20:00:00+00:00,1.14258,1.14391,1.14189,1.1437,4386,9,0
2025-06-11 00:00:00+00:00,1.14371,1.14385,1.14059,1.14157,8739,9,0
2025-06-11 04:00:00+00:00,1.14158,1.14235,1.1405,1.14191,8350,9,0
2025-06-11 08:00:00+00:00,1.14191,1.14456,1.14181,1.14323,10386,9,0
2025-06-11 12:00:00+00:00,1.14322,1.14899,1.14279,1.14889,21259,8,0
2025-06-11 16:00:00+00:00,1.14887,1.14994,1.14789,1.14825,9286,9,0
2025-06-11 20:00:00+00:00,1.14826,1.15129,1.14799,1.15096,5075,9,0
2025-06-12 00:00:00+00:00,1.15096,1.15289,1.15014,1.15192,10542,9,0
2025-06-12 04:00:00+00:00,1.1519,1.1532499999999999,1.15053,1.1526,11863,9,0
2025-06-12 08:00:00+00:00,1.15257,1.16106,1.15226,1.15893,22049,9,0
2025-06-12 12:00:00+00:00,1.15895,1.16313,1.15672,1.15767,22020,9,0
2025-06-12 16:00:00+00:00,1.15767,1.15804,1.15635,1.15758,9044,9,0
2025-06-12 20:00:00+00:00,1.15761,1.16092,1.15751,1.16089,4055,9,0
2025-06-13 00:00:00+00:00,1.16087,1.16144,1.15273,1.15368,26776,9,0
2025-06-13 04:00:00+00:00,1.15369,1.15599,1.15116,1.15353,17793,9,0
2025-06-13 08:00:00+00:00,1.1535,1.15467,1.14884,1.15096,18192,9,0
2025-06-13 12:00:00+00:00,1.15095,1.15692,1.15007,1.15562,17010,9,0
2025-06-13 16:00:00+00:00,1.1556,1.15656,1.1533,1.15495,11045,9,0
2025-06-13 20:00:00+00:00,1.15494,1.15512,1.15375,1.15501,1981,9,0
2025-06-15 20:00:00+00:00,1.1528,1.1547,1.15252,1.15375,5379,9,0
2025-06-16 00:00:00+00:00,1.15375,1.15465,1.15231,1.15271,9648,9,0
2025-06-16 04:00:00+00:00,1.15271,1.15866,1.15269,1.15787,13544,9,0
2025-06-16 08:00:00+00:00,1.15786,1.15857,1.15694,1.15724,10827,9,0
2025-06-16 12:00:00+00:00,1.15725,1.16144,1.15704,1.15798,17733,9,0
2025-06-16 16:00:00+00:00,1.158,1.15857,1.15545,1.15554,8503,9,0
2025-06-16 20:00:00+00:00,1.15552,1.15637,1.15489,1.15534,5269,9,0
2025-06-17 00:00:00+00:00,1.1553499999999999,1.15636,1.15423,1.15615,9269,9,0
2025-06-17 04:00:00+00:00,1.15615,1.1572,1.15448,1.15575,10614,9,0
2025-06-17 08:00:00+00:00,1.15573,1.15732,1.15495,1.15611,10830,9,0
2025-06-17 12:00:00+00:00,1.15612,1.15798,1.15102,1.1534,19063,9,0
2025-06-17 16:00:00+00:00,1.15337,1.15387,1.14743,1.1484,14944,9,0
2025-06-17 20:00:00+00:00,1.14842,1.1485400000000001,1.14738,1.14817,4555,9,0
2025-06-18 00:00:00+00:00,1.14815,1.15046,1.1480299999999999,1.14995,9205,9,0
2025-06-18 04:00:00+00:00,1.14995,1.15231,1.14961,1.1513,9652,9,0
2025-06-18 08:00:00+00:00,1.15128,1.15158,1.14916,1.1507,10551,9,0
2025-06-18 12:00:00+00:00,1.15073,1.15299,1.14839,1.15198,18456,9,0
2025-06-18 16:00:00+00:00,1.15198,1.15289,1.14605,1.1474199999999999,23926,9,0
2025-06-18 20:00:00+00:00,1.1474,1.14887,1.14707,1.14758,5343,9,0
2025-06-19 00:00:00+00:00,1.14756,1.14832,1.14502,1.14653,10566,9,0
2025-06-19 04:00:00+00:00,1.14655,1.14767,1.1446,1.1461000000000001,10574,9,0
2025-06-19 08:00:00+00:00,1.14611,1.14871,1.1455899999999999,1.14807,12497,9,0
2025-06-19 12:00:00+00:00,1.14807,1.14858,1.14582,1.14598,12159,9,0
2025-06-19 16:00:00+00:00,1.14596,1.14996,1.14542,1.14973,5446,9,0
2025-06-19 20:00:00+00:00,1.14973,1.15122,1.14896,1.15112,4202,9,0
2025-06-20 00:00:00+00:00,1.15111,1.15299,1.15102,1.1529,9179,9,0
2025-06-20 04:00:00+00:00,1.15289,1.15319,1.1509800000000001,1.15163,9824,9,0
2025-06-20 08:00:00+00:00,1.15162,1.15347,1.15112,1.15207,9982,9,0
2025-06-20 12:00:00+00:00,1.15206,1.15285,1.1494900000000001,1.15191,17143,9,0
2025-06-20 16:00:00+00:00,1.15192,1.15435,1.1515,1.15153,8113,9,0
2025-06-20 20:00:00+00:00,1.15155,1.15222,1.15135,1.15213,1355,9,0
2025-06-22 20:00:00+00:00,1.14539,1.1507,1.14539,1.14993,7336,9,0
2025-06-23 00:00:00+00:00,1.14995,1.15063,1.14719,1.14935,11341,9,0
2025-06-23 04:00:00+00:00,1.14935,1.15207,1.14851,1.14983,13667,9,0
2025-06-23 08:00:00+00:00,1.14981,1.15017,1.14532,1.14723,14302,9,0
2025-06-23 12:00:00+00:00,1.14722,1.15519,1.14566,1.15368,21741,9,0
2025-06-23 16:00:00+00:00,1.1537,1.15783,1.15175,1.15779,15845,9,0
2025-06-23 20:00:00+00:00,1.15779,1.16082,1.15732,1.15975,7000,9,0
2025-06-24 00:00:00+00:00,1.15978,1.16096,1.1586400000000001,1.16051,11303,9,0
2025-06-24 04:00:00+00:00,1.16053,1.16219,1.15795,1.15919,14995,9,0
2025-06-24 08:00:00+00:00,1.15914,1.16177,1.15852,1.1608,12305,9,0
2025-06-24 12:00:00+00:00,1.16078,1.16416,1.15818,1.1607,20444,9,0
2025-06-24 16:00:00+00:00,1.16072,1.16322,1.1604700000000001,1.16123,8370,9,0
2025-06-24 20:00:00+00:00,1.16126,1.16154,1.1601,1.1611799999999999,3695,9,0
2025-06-25 00:00:00+00:00,1.1611799999999999,1.16314,1.16107,1.16115,8128,9,0
2025-06-25 04:00:00+00:00,1.16115,1.16221,1.15897,1.15981,9126,9,0
2025-06-25 08:00:00+00:00,1.15984,1.1613,1.15917,1.15988,9966,9,0
2025-06-25 12:00:00+00:00,1.1598600000000001,1.16293,1.15895,1.16192,13304,9,0
2025-06-25 16:00:00+00:00,1.1619,1.16649,1.1619,1.16581,8193,9,0
2025-06-25 20:00:00+00:00,1.16582,1.16843,1.16496,1.16829,4707,9,0
2025-06-26 00:00:00+00:00,1.16831,1.17171,1.16672,1.16941,9962,9,0
2025-06-26 04:00:00+00:00,1.16941,1.17131,1.16714,1.171,12307,9,0
2025-06-26 08:00:00+00:00,1.17102,1.17451,1.1693500000000001,1.16946,14458,9,0
2025-06-26 12:00:00+00:00,1.16946,1.17206,1.16894,1.17164,20505,9,0
2025-06-26 16:00:00+00:00,1.17163,1.174,1.17036,1.17043,9940,9,0
2025-06-26 20:00:00+00:00,1.17045,1.17085,1.16806,1.16924,5269,9,0
2025-06-27 00:00:00+00:00,1.16926,1.17092,1.16856,1.16954,8647,9,0
2025-06-27 04:00:00+00:00,1.16954,1.17266,1.16829,1.17143,10653,9,0
2025-06-27 08:00:00+00:00,1.17146,1.17259,1.17009,1.17138,9540,9,0
2025-06-27 12:00:00+00:00,1.17138,1.1754,1.17027,1.17231,20834,9,0
2025-06-27 16:00:00+00:00,1.17231,1.17322,1.16876,1.17063,12205,9,0
2025-06-27 20:00:00+00:00,1.17061,1.17198,1.17056,1.17181,1279,9,0
2025-06-29 20:00:00+00:00,1.17252,1.17383,1.1719,1.17265,3757,9,0
2025-06-30 00:00:00+00:00,1.17267,1.17342,1.17114,1.17119,8302,9,0
2025-06-30 04:00:00+00:00,1.17119,1.17504,1.17119,1.17244,11345,9,0
2025-06-30 08:00:00+00:00,1.17243,1.17324,1.17132,1.17226,10732,9,0
2025-06-30 12:00:00+00:00,1.17228,1.17715,1.17073,1.17695,16439,9,0
2025-06-30 16:00:00+00:00,1.17693,1.17803,1.17486,1.17792,9955,9,0
2025-06-30 20:00:00+00:00,1.17793,1.17904,1.17732,1.17859,4374,9,0
2025-07-01 00:00:00+00:00,1.17859,1.18075,1.17775,1.1789100000000001,7657,9,0
2025-07-01 04:00:00+00:00,1.1789100000000001,1.17936,1.17671,1.17855,9244,9,0
2025-07-01 08:00:00+00:00,1.17855,1.18296,1.17742,1.18136,14197,9,0
2025-07-01 12:00:00+00:00,1.18134,1.18171,1.17686,1.17756,18566,9,0
2025-07-01 16:00:00+00:00,1.17758,1.17909,1.1761,1.17903,9049,9,0
2025-07-01 20:00:00+00:00,1.17902,1.18066,1.17902,1.18047,3878,9,0
2025-07-02 00:00:00+00:00,1.18045,1.181,1.17882,1.17998,6577,9,0
2025-07-02 04:00:00+00:00,1.18,1.18008,1.17707,1.17739,8380,9,0
2025-07-02 08:00:00+00:00,1.17737,1.17812,1.17463,1.17496,10442,9,0
2025-07-02 12:00:00+00:00,1.17493,1.1789399999999999,1.1746699999999999,1.17888,20676,9,0
2025-07-02 16:00:00+00:00,1.17888,1.1803,1.1785,1.18019,7646,9,0
2025-07-02 20:00:00+00:00,1.1802,1.1802,1.17845,1.17981,3092,9,0
2025-07-03 00:00:00+00:00,1.1797900000000001,1.18095,1.1789,1.17911,5833,9,0
2025-07-03 04:00:00+00:00,1.17911,1.18097,1.17862,1.1801,7589,9,0
2025-07-03 08:00:00+00:00,1.18007,1.1808,1.17829,1.17845,8671,9,0
2025-07-03 12:00:00+00:00,1.17842,1.17895,1.17172,1.17566,25626,9,0
2025-07-03 16:00:00+00:00,1.17568,1.1757900000000001,1.1739600000000001,1.17472,5636,9,0
2025-07-03 20:00:00+00:00,1.17472,1.1771099999999999,1.17459,1.17685,3356,9,0
2025-07-04 00:00:00+00:00,1.17686,1.17721,1.17557,1.17697,6084,9,0
2025-07-04 04:00:00+00:00,1.17696,1.17851,1.17673,1.17695,8180,9,0
2025-07-04 08:00:00+00:00,1.17695,1.17817,1.17678,1.17685,8268,9,0
2025-07-04 12:00:00+00:00,1.17685,1.17872,1.17634,1.17784,7869,9,0
2025-07-04 16:00:00+00:00,1.17784,1.17816,1.17718,1.1775,4111,9,0
2025-07-04 20:00:00+00:00,1.17749,1.17821,1.17739,1.17775,3122,9,0
2025-07-06 20:00:00+00:00,1.1782,1.17821,1.17721,1.17798,2523,9,0
2025-07-07 00:00:00+00:00,1.178,1.17898,1.17643,1.17686,7451,9,0
2025-07-07 04:00:00+00:00,1.17686,1.17734,1.17447,1.17453,9379,9,0
2025-07-07 08:00:00+00:00,1.17451,1.17472,1.17217,1.17294,9835,9,0
2025-07-07 12:00:00+00:00,1.17293,1.17451,1.17174,1.17324,11035,9,0
2025-07-07 16:00:00+00:00,1.17327,1.17393,1.16861,1.17191,14231,9,0
2025-07-07 20:00:00+00:00,1.1719,1.17383,1.1705,1.17361,4306,9,0
2025-07-08 00:00:00+00:00,1.17363,1.17485,1.17305,1.17463,7920,9,0
2025-07-08 04:00:00+00:00,1.17463,1.17651,1.17312,1.17594,9712,9,0
2025-07-08 08:00:00+00:00,1.17594,1.17601,1.17208,1.17214,9124,9,0
2025-07-08 12:00:00+00:00,1.17214,1.17243,1.16819,1.17063,14242,9,0
2025-07-08 16:00:00+00:00,1.17064,1.17294,1.16959,1.17241,10892,9,0
2025-07-08 20:00:00+00:00,1.17238,1.1729,1.17134,1.17231,3554,9,0
2025-07-09 00:00:00+00:00,1.17232,1.17258,1.17026,1.17034,7348,9,0
2025-07-09 04:00:00+00:00,1.17033,1.17282,1.17012,1.17076,8859,9,0
2025-07-09 08:00:00+00:00,1.17073,1.17197,1.16894,1.1690800000000001,9614,9,0
2025-07-09 12:00:00+00:00,1.1691,1.17243,1.1691,1.17058,13712,9,0
2025-07-09 16:00:00+00:00,1.1706,1.17229,1.17004,1.17185,6712,9,0
2025-07-09 20:00:00+00:00,1.17183,1.17392,1.17114,1.17375,3239,9,0
2025-07-10 00:00:00+00:00,1.17375,1.17492,1.17333,1.1733500000000001,6912,9,0
2025-07-10 04:00:00+00:00,1.1733500000000001,1.17433,1.17259,1.17324,7530,9,0
2025-07-10 08:00:00+00:00,1.17326,1.17341,1.17077,1.17113,7276,9,0
2025-07-10 12:00:00+00:00,1.17116,1.17142,1.16621,1.16868,16115,9,0
2025-07-10 16:00:00+00:00,1.16868,1.16986,1.16812,1.16951,7542,9,0
2025-07-10 20:00:00+00:00,1.1695,1.17068,1.16941,1.17013,3118,9,0
2025-07-11 00:00:00+00:00,1.17014,1.17045,1.16644,1.16812,11346,9,0
2025-07-11 04:00:00+00:00,1.16812,1.16955,1.16689,1.16887,9386,9,0
2025-07-11 08:00:00+00:00,1.16889,1.17008,1.16792,1.16872,9890,9,0
2025-07-11 12:00:00+00:00,1.16871,1.17136,1.16736,1.16957,14909,9,0
2025-07-11 16:00:00+00:00,1.16955,1.16977,1.16853,1.16875,8097,9,0
2025-07-11 20:00:00+00:00,1.16877,1.16936,1.16783,1.16902,1371,9,0
2025-07-13 20:00:00+00:00,1.16662,1.16833,1.16582,1.1682299999999999,4669,9,0
2025-07-14 00:00:00+00:00,1.16824,1.16974,1.1672500000000001,1.16808,7111,9,0
2025-07-14 04:00:00+00:00,1.16806,1.16871,1.16538,1.16851,8748,9,0
2025-07-14 08:00:00+00:00,1.16853,1.16967,1.1679,1.16882,8384,9,0
2025-07-14 12:00:00+00:00,1.1688,1.16955,1.16667,1.16707,11511,9,0
2025-07-14 16:00:00+00:00,1.16707,1.16756,1.16586,1.16678,7597,9,0
2025-07-14 20:00:00+00:00,1.16678,1.16689,1.16573,1.16648,2877,9,0
2025-07-15 00:00:00+00:00,1.16648,1.16773,1.16644,1.16753,5909,9,0
2025-07-15 04:00:00+00:00,1.16754,1.16922,1.16712,1.16902,7277,9,0
2025-07-15 08:00:00+00:00,1.16903,1.16909,1.1667,1.1669100000000001,7682,9,0
2025-07-15 12:00:00+00:00,1.1669,1.16907,1.16002,1.16176,21203,9,0
2025-07-15 16:00:00+00:00,1.16178,1.16199,1.15926,1.16007,7648,9,0
2025-07-15 20:00:00+00:00,1.16005,1.16075,1.15952,1.1607,2707,9,0
2025-07-16 00:00:00+00:00,1.16071,1.16151,1.1602000000000001,1.16107,5431,9,0
2025-07-16 04:00:00+00:00,1.16107,1.16279,1.16097,1.16184,7075,9,0
2025-07-16 08:00:00+00:00,1.1618,1.1626,1.16004,1.16033,8049,9,0
2025-07-16 12:00:00+00:00,1.16035,1.17212,1.15617,1.16283,51381,9,0
2025-07-16 16:00:00+00:00,1.16282,1.16583,1.1615199999999999,1.16356,21759,9,0
2025-07-16 20:00:00+00:00,1.16353,1.1642299999999999,1.16313,1.16351,3835,9,0
2025-07-17 00:00:00+00:00,1.1635,1.1635900000000001,1.16133,1.16185,6794,9,0
2025-07-17 04:00:00+00:00,1.16184,1.16268,1.15728,1.15902,10475,9,0
2025-07-17 08:00:00+00:00,1.15901,1.16048,1.15697,1.15743,8042,9,0
2025-07-17 12:00:00+00:00,1.15743,1.16022,1.15564,1.15958,15290,9,0
2025-07-17 16:00:00+00:00,1.15961,1.16015,1.15793,1.15968,7217,9,0
2025-07-17 20:00:00+00:00,1.1596899999999999,1.16194,1.15904,1.16145,3575,9,0
2025-07-18 00:00:00+00:00,1.16146,1.16337,1.1614200000000001,1.16237,6373,9,0
2025-07-18 04:00:00+00:00,1.16236,1.16308,1.16116,1.16285,6889,9,0
2025-07-18 08:00:00+00:00,1.16285,1.16477,1.16275,1.16439,8115,9,0
2025-07-18 12:00:00+00:00,1.16438,1.16715,1.1642299999999999,1.16443,13500,9,0
2025-07-18 16:00:00+00:00,1.16445,1.1648399999999999,1.16167,1.16218,8013,9,0
2025-07-18 20:00:00+00:00,1.16216,1.1627,1.16191,1.16242,1415,9,0
2025-07-20 20:00:00+00:00,1.1625,1.16341,1.16219,1.16293,3848,9,0
2025-07-21 00:00:00+00:00,1.16292,1.16358,1.16139,1.1625,6008,9,0
2025-07-21 04:00:00+00:00,1.16249,1.1647,1.16226,1.16429,7362,9,0
2025-07-21 08:00:00+00:00,1.1643,1.16695,1.16333,1.16671,8719,9,0
2025-07-21 12:00:00+00:00,1.16671,1.17166,1.16575,1.17045,13007,9,0
2025-07-21 16:00:00+00:00,1.17043,1.17055,1.1685699999999999,1.16892,7214,9,0
2025-07-21 20:00:00+00:00,1.16892,1.16956,1.16878,1.16944,2831,9,0
2025-07-22 00:00:00+00:00,1.1694499999999999,1.16954,1.16821,1.1687,5172,9,0
2025-07-22 04:00:00+00:00,1.1687,1.16941,1.16812,1.16858,6500,9,0
2025-07-22 08:00:00+00:00,1.16859,1.17089,1.16836,1.17012,8179,9,0
2025-07-22 12:00:00+00:00,1.17012,1.17487,1.16783,1.17473,15619,9,0
2025-07-22 16:00:00+00:00,1.17475,1.17603,1.17415,1.17509,7447,9,0
2025-07-22 20:00:00+00:00,1.17507,1.17556,1.17358,1.17374,3956,9,0
2025-07-23 00:00:00+00:00,1.17375,1.17483,1.17302,1.17389,8470,9,0
2025-07-23 04:00:00+00:00,1.17389,1.17525,1.17267,1.17415,8221,9,0
2025-07-23 08:00:00+00:00,1.17415,1.17477,1.17228,1.17252,9354,9,0
2025-07-23 12:00:00+00:00,1.17254,1.1758,1.17107,1.17462,14825,9,0
2025-07-23 16:00:00+00:00,1.17463,1.17748,1.17427,1.17726,13042,9,0
2025-07-23 20:00:00+00:00,1.17728,1.17785,1.17657,1.17727,3893,9,0
2025-07-24 00:00:00+00:00,1.17726,1.17798,1.17617,1.17749,6728,9,0
2025-07-24 04:00:00+00:00,1.17746,1.17778,1.17548,1.17612,7323,9,0
2025-07-24 08:00:00+00:00,1.17614,1.17678,1.17429,1.1755200000000001,7854,9,0
2025-07-24 12:00:00+00:00,1.17555,1.17886,1.17302,1.17644,20169,9,0
2025-07-24 16:00:00+00:00,1.17644,1.17778,1.17567,1.17581,7414,9,0
2025-07-24 20:00:00+00:00,1.17578,1.17597,1.17354,1.17541,4490,9,0
2025-07-25 00:00:00+00:00,1.17543,1.17583,1.17334,1.17419,6309,9,0
2025-07-25 04:00:00+00:00,1.17418,1.17605,1.1734,1.17523,8958,9,0
2025-07-25 08:00:00+00:00,1.17522,1.17575,1.17106,1.17205,9924,9,0
2025-07-25 12:00:00+00:00,1.17203,1.17383,1.17027,1.17283,17985,9,0
2025-07-25 16:00:00+00:00,1.17286,1.17465,1.17201,1.17434,6633,9,0
2025-07-25 20:00:00+00:00,1.17434,1.17435,1.1737,1.174,1540,9,0
2025-07-27 20:00:00+00:00,1.17533,1.17676,1.175,1.17549,3493,9,0
2025-07-28 00:00:00+00:00,1.17548,1.177,1.17461,1.17559,7725,9,0
2025-07-28 04:00:00+00:00,1.1756,1.17578,1.167,1.16748,11040,9,0
2025-07-28 08:00:00+00:00,1.16747,1.169,1.16432,1.16504,13949,9,0
2025-07-28 12:00:00+00:00,1.16506,1.16646,1.16075,1.16086,17379,9,0
2025-07-28 16:00:00+00:00,1.16087,1.16107,1.1584699999999999,1.15913,7565,9,0
2025-07-28 20:00:00+00:00,1.15913,1.15964,1.15819,1.1595900000000001,3145,9,0
2025-07-29 00:00:00+00:00,1.1596,1.15988,1.15809,1.15824,6552,9,0
2025-07-29 04:00:00+00:00,1.15824,1.15899,1.15261,1.15543,14097,9,0
2025-07-29 08:00:00+00:00,1.15544,1.1588,1.1537,1.15399,12361,9,0
2025-07-29 12:00:00+00:00,1.15397,1.15511,1.15185,1.15331,18831,9,0
2025-07-29 16:00:00+00:00,1.15333,1.15601,1.15333,1.15496,9312,9,0
2025-07-29 20:00:00+00:00,1.15495,1.15524,1.15419,1.15504,2247,9,0
2025-07-30 00:00:00+00:00,1.15501,1.15722,1.15501,1.15614,6308,9,0
2025-07-30 04:00:00+00:00,1.15614,1.15682,1.15396,1.15529,8409,9,0
2025-07-30 08:00:00+00:00,1.15529,1.15603,1.15216,1.15308,9719,9,0
2025-07-30 12:00:00+00:00,1.15311,1.1534200000000001,1.14574,1.14684,20541,9,0
2025-07-30 16:00:00+00:00,1.14685,1.15029,1.14136,1.14238,25614,9,0
2025-07-30 20:00:00+00:00,1.1424,1.14301,1.13982,1.14276,6089,9,0
2025-07-31 00:00:00+00:00,1.14276,1.14379,1.14073,1.14229,9627,9,0
2025-07-31 04:00:00+00:00,1.14228,1.14604,1.14189,1.14483,10727,9,0
2025-07-31 08:00:00+00:00,1.14485,1.14548,1.14203,1.14487,11316,9,0
2025-07-31 12:00:00+00:00,1.14485,1.14507,1.14052,1.143,18918,9,0
2025-07-31 16:00:00+00:00,1.14298,1.14327,1.14117,1.1412,9121,9,0
2025-07-31 20:00:00+00:00,1.1412200000000001,1.14256,1.14087,1.14213,5150,9,0
2025-08-01 00:00:00+00:00,1.14213,1.14285,1.14044,1.14181,8669,9,0
2025-08-01 04:00:00+00:00,1.14182,1.14377,1.14121,1.14185,8441,9,0
2025-08-01 08:00:00+00:00,1.14182,1.1421999999999999,1.13927,1.14044,9770,9,0
2025-08-01 12:00:00+00:00,1.14042,1.15879,1.13909,1.15539,51050,8,0
2025-08-01 16:00:00+00:00,1.15537,1.15818,1.15161,1.15689,17608,9,0
2025-08-01 20:00:00+00:00,1.15687,1.15967,1.15683,1.15872,3257,9,0
2025-08-03 20:00:00+00:00,1.1588,1.15952,1.1577600000000001,1.15871,4935,9,0
2025-08-04 00:00:00+00:00,1.15871,1.15884,1.15496,1.15786,10548,9,0
2025-08-04 04:00:00+00:00,1.15786,1.1585,1.15504,1.15631,11755,9,0
2025-08-04 08:00:00+00:00,1.15633,1.1586,1.15491,1.15663,12626,9,0
2025-08-04 12:00:00+00:00,1.15666,1.15883,1.15564,1.15667,18429,9,0
2025-08-04 16:00:00+00:00,1.1567,1.15775,1.15565,1.15672,8837,9,0
2025-08-04 20:00:00+00:00,1.15675,1.1585,1.1565,1.15835,3694,9,0
2025-08-05 00:00:00+00:00,1.15835,1.15875,1.15536,1.1555,6970,9,0
2025-08-05 04:00:00+00:00,1.1555,1.15618,1.15328,1.15457,8742,9,0
2025-08-05 08:00:00+00:00,1.15457,1.15488,1.15271,1.15389,10759,9,0
2025-08-05 12:00:00+00:00,1.15391,1.15846,1.15297,1.15789,20034,9,0
2025-08-05 16:00:00+00:00,1.15789,1.15859,1.15661,1.15723,7575,9,0
2025-08-05 20:00:00+00:00,1.15723,1.15811,1.15704,1.1578,3082,9,0
2025-08-06 00:00:00+00:00,1.15781,1.1584699999999999,1.15639,1.15795,5409,9,0
2025-08-06 04:00:00+00:00,1.15795,1.15881,1.1571,1.15805,7026,9,0
2025-08-06 08:00:00+00:00,1.15808,1.16149,1.157,1.16041,9582,9,0
2025-08-06 12:00:00+00:00,1.16038,1.16465,1.15999,1.1646,15548,9,0
2025-08-06 16:00:00+00:00,1.1645699999999999,1.16683,1.16304,1.16562,9282,9,0
2025-08-06 20:00:00+00:00,1.16563,1.16657,1.16497,1.16625,4144,9,0
2025-08-07 00:00:00+00:00,1.16624,1.16649,1.16493,1.16642,5894,9,0
2025-08-07 04:00:00+00:00,1.16643,1.1690800000000001,1.16624,1.16892,8091,9,0
2025-08-07 08:00:00+00:00,1.16892,1.16985,1.16338,1.1644,12745,9,0
2025-08-07 12:00:00+00:00,1.16439,1.16621,1.16104,1.16392,22891,9,0
2025-08-07 16:00:00+00:00,1.16395,1.16565,1.16189,1.1654200000000001,10370,9,0
2025-08-07 20:00:00+00:00,1.16543,1.16779,1.1654200000000001,1.16763,5148,9,0
2025-08-08 00:00:00+00:00,1.16766,1.16789,1.16546,1.16596,6838,9,0
2025-08-08 04:00:00+00:00,1.16596,1.16642,1.16384,1.16586,7647,9,0
2025-08-08 08:00:00+00:00,1.16586,1.16626,1.16282,1.16434,9683,9,0
2025-08-08 12:00:00+00:00,1.16431,1.1667399999999999,1.16374,1.16594,12724,9,0
2025-08-08 16:00:00+00:00,1.16594,1.16665,1.1635900000000001,1.1642299999999999,8034,9,0
2025-08-08 20:00:00+00:00,1.16424,1.16433,1.16381,1.16413,1347,9,0
2025-08-10 20:00:00+00:00,1.1645699999999999,1.1650800000000001,1.16418,1.16471,2555,9,0
2025-08-11 00:00:00+00:00,1.16472,1.16751,1.16415,1.16707,5559,9,0
2025-08-11 04:00:00+00:00,1.16707,1.1675,1.16456,1.16464,6317,9,0
2025-08-11 08:00:00+00:00,1.16466,1.16599,1.16227,1.16285,8569,9,0
2025-08-11 12:00:00+00:00,1.16286,1.16308,1.15896,1.16063,12839,9,0
2025-08-11 16:00:00+00:00,1.16062,1.16137,1.15981,1.16045,6244,9,0
2025-08-11 20:00:00+00:00,1.16046,1.16191,1.16038,1.16159,2883,9,0
2025-08-12 00:00:00+00:00,1.16158,1.16253,1.16115,1.16201,5695,9,0
2025-08-12 04:00:00+00:00,1.16201,1.16287,1.16074,1.16199,8866,9,0
2025-08-12 08:00:00+00:00,1.16199,1.16222,1.15982,1.16048,7891,9,0
2025-08-12 12:00:00+00:00,1.1605,1.1696900000000001,1.16009,1.16718,32202,9,0
2025-08-12 16:00:00+00:00,1.16719,1.16854,1.16641,1.16742,9431,9,0
2025-08-12 20:00:00+00:00,1.16741,1.16789,1.16671,1.16774,2939,9,0
2025-08-13 00:00:00+00:00,1.16772,1.16873,1.1670099999999999,1.16835,5842,9,0
2025-08-13 04:00:00+00:00,1.16833,1.17126,1.16763,1.17076,8173,9,0
2025-08-13 08:00:00+00:00,1.17074,1.17299,1.17064,1.1718600000000001,9441,9,0
2025-08-13 12:00:00+00:00,1.1718600000000001,1.17231,1.16924,1.17133,13436,9,0
2025-08-13 16:00:00+00:00,1.17133,1.17149,1.16955,1.16992,6004,9,0
2025-08-13 20:00:00+00:00,1.16992,1.17122,1.16989,1.1712,2672,9,0
2025-08-14 00:00:00+00:00,1.1712,1.17146,1.16987,1.17033,5640,9,0
2025-08-14 04:00:00+00:00,1.17033,1.17064,1.16773,1.16795,8305,9,0
2025-08-14 08:00:00+00:00,1.16794,1.1696900000000001,1.16676,1.16877,9239,9,0
2025-08-14 12:00:00+00:00,1.16878,1.16919,1.16369,1.16426,20059,9,0
2025-08-14 16:00:00+00:00,1.16425,1.16499,1.16306,1.16479,7629,9,0
2025-08-14 20:00:00+00:00,1.16478,1.16526,1.16443,1.16503,2612,9,0
2025-08-15 00:00:00+00:00,1.16503,1.16642,1.16462,1.16598,4971,9,0
2025-08-15 04:00:00+00:00,1.16598,1.16837,1.16583,1.16822,5903,9,0
2025-08-15 08:00:00+00:00,1.16822,1.16914,1.16761,1.16872,7085,9,0
2025-08-15 12:00:00+00:00,1.16872,1.17149,1.16734,1.1706699999999999,15426,9,0
2025-08-15 16:00:00+00:00,1.17066,1.1708,1.1698,1.17007,5869,9,0
2025-08-15 20:00:00+00:00,1.1700599999999999,1.17078,1.17003,1.17043,1392,9,0
2025-08-17 20:00:00+00:00,1.1708,1.17157,1.17034,1.17059,2321,9,0
2025-08-18 00:00:00+00:00,1.17059,1.17105,1.16932,1.17034,5229,9,0
2025-08-18 04:00:00+00:00,1.17034,1.1710099999999999,1.16798,1.16811,7307,9,0
2025-08-18 08:00:00+00:00,1.16811,1.16881,1.16707,1.16746,9265,9,0
2025-08-18 12:00:00+00:00,1.16747,1.16841,1.16601,1.16668,11489,9,0
2025-08-18 16:00:00+00:00,1.16667,1.167,1.16557,1.1667,6377,9,0
2025-08-18 20:00:00+00:00,1.16667,1.16744,1.16578,1.1667399999999999,3113,9,0
2025-08-19 00:00:00+00:00,1.1667399999999999,1.167,1.16388,1.16545,6834,9,0
2025-08-19 04:00:00+00:00,1.16544,1.1684,1.16507,1.16831,7798,9,0
2025-08-19 08:00:00+00:00,1.16832,1.16925,1.16712,1.16852,7696,9,0
2025-08-19 12:00:00+00:00,1.16854,1.1687400000000001,1.16574,1.16584,11612,9,0
2025-08-19 16:00:00+00:00,1.16586,1.16629,1.1642000000000001,1.16461,6115,9,0
2025-08-19 20:00:00+00:00,1.16461,1.1649,1.16403,1.16411,2769,9,0
2025-08-20 00:00:00+00:00,1.16411,1.16422,1.16214,1.16327,7262,9,0
2025-08-20 04:00:00+00:00,1.16326,1.16464,1.16227,1.16442,8345,9,0
2025-08-20 08:00:00+00:00,1.1644,1.16571,1.16311,1.16414,8248,9,0
2025-08-20 12:00:00+00:00,1.16417,1.16733,1.16417,1.16474,14190,9,0
2025-08-20 16:00:00+00:00,1.16474,1.16722,1.16474,1.16525,6808,9,0
2025-08-20 20:00:00+00:00,1.16526,1.16553,1.1644700000000001,1.16505,2940,9,0
2025-08-21 00:00:00+00:00,1.16505,1.16513,1.16408,1.16455,5524,9,0
2025-08-21 04:00:00+00:00,1.16455,1.16608,1.16245,1.16577,7347,9,0
2025-08-21 08:00:00+00:00,1.16578,1.16625,1.16391,1.164,8176,9,0
2025-08-21 12:00:00+00:00,1.16402,1.16559,1.16007,1.16043,17221,9,0
2025-08-21 16:00:00+00:00,1.16041,1.16183,1.16009,1.16048,6189,9,0
2025-08-21 20:00:00+00:00,1.1604700000000001,1.16143,1.1599599999999999,1.16121,2845,9,0
2025-08-22 00:00:00+00:00,1.16121,1.16163,1.15885,1.15891,5608,9,0
2025-08-22 04:00:00+00:00,1.15892,1.1598600000000001,1.15822,1.15943,6842,9,0
2025-08-22 08:00:00+00:00,1.15941,1.16059,1.1590799999999999,1.16039,7198,9,0
2025-08-22 12:00:00+00:00,1.16041,1.17318,1.15972,1.1712,26344,9,0
2025-08-22 16:00:00+00:00,1.17118,1.17421,1.17115,1.17195,9455,9,0
2025-08-22 20:00:00+00:00,1.17194,1.17264,1.17176,1.17206,1444,9,0
2025-08-24 20:00:00+00:00,1.17199,1.17245,1.17071,1.17078,2745,9,0
2025-08-25 00:00:00+00:00,1.17076,1.1708,1.16933,1.17062,5559,9,0
2025-08-25 04:00:00+00:00,1.17062,1.17203,1.1694,1.16973,6598,9,0
2025-08-25 08:00:00+00:00,1.16972,1.17104,1.1685,1.17025,7189,9,0
2025-08-25 12:00:00+00:00,1.17025,1.17086,1.16651,1.1669,11023,9,0
2025-08-25 16:00:00+00:00,1.1669,1.16693,1.16023,1.1609,9819,9,0
2025-08-25 20:00:00+00:00,1.1609,1.1625,1.16088,1.1614200000000001,3547,9,0
2025-08-26 00:00:00+00:00,1.16143,1.16595,1.16097,1.16255,14328,9,0
2025-08-26 04:00:00+00:00,1.16253,1.16439,1.16016,1.1621299999999999,11389,9,0
2025-08-26 08:00:00+00:00,1.16216,1.1660300000000001,1.16054,1.16533,11033,9,0
2025-08-26 12:00:00+00:00,1.16533,1.1665,1.1637,1.16554,14698,9,0
2025-08-26 16:00:00+00:00,1.16556,1.16612,1.16331,1.16399,7309,9,0
2025-08-26 20:00:00+00:00,1.16398,1.16473,1.16332,1.16369,3269,9,0
2025-08-27 00:00:00+00:00,1.16368,1.16415,1.16212,1.16246,5444,9,0
2025-08-27 04:00:00+00:00,1.16246,1.16251,1.15956,1.16033,7112,9,0
2025-08-27 08:00:00+00:00,1.16032,1.16034,1.15738,1.15858,9700,9,0
2025-08-27 12:00:00+00:00,1.15858,1.16117,1.15817,1.16102,14119,9,0
2025-08-27 16:00:00+00:00,1.16102,1.16425,1.16102,1.16332,7783,9,0
2025-08-27 20:00:00+00:00,1.16332,1.16474,1.1631,1.1647,2956,9,0
2025-08-28 00:00:00+00:00,1.1647,1.16544,1.16408,1.16426,5062,9,0
2025-08-28 04:00:00+00:00,1.16427,1.16493,1.16332,1.16434,7396,9,0
2025-08-28 08:00:00+00:00,1.16432,1.16746,1.16284,1.1666,9470,9,0
2025-08-28 12:00:00+00:00,1.16662,1.16865,1.16583,1.16718,16498,9,0
2025-08-28 16:00:00+00:00,1.16715,1.16972,1.16712,1.1682299999999999,6069,9,0
2025-08-28 20:00:00+00:00,1.1682299999999999,1.16831,1.16724,1.16781,3010,9,0
2025-08-29 00:00:00+00:00,1.16782,1.16819,1.16557,1.16621,5843,9,0
2025-08-29 04:00:00+00:00,1.16621,1.16767,1.1658,1.16755,6561,9,0
2025-08-29 08:00:00+00:00,1.16754,1.16899,1.16606,1.16626,8935,9,0
2025-08-29 12:00:00+00:00,1.16625,1.17086,1.16507,1.16938,15737,9,0
2025-08-29 16:00:00+00:00,1.1694,1.1706699999999999,1.16927,1.16976,6413,9,0
2025-08-29 20:00:00+00:00,1.1697899999999999,1.17003,1.16807,1.16851,1177,9,0
2025-08-31 20:00:00+00:00,1.16915,1.16931,1.16852,1.16897,1736,9,0
2025-09-01 00:00:00+00:00,1.16895,1.1714,1.16875,1.17079,5645,9,0
2025-09-01 04:00:00+00:00,1.17077,1.17329,1.17042,1.17248,7205,9,0
2025-09-01 08:00:00+00:00,1.17245,1.17359,1.17127,1.17139,8525,9,0
2025-09-01 12:00:00+00:00,1.17137,1.17175,1.16989,1.16994,7825,9,0
2025-09-01 16:00:00+00:00,1.16995,1.17133,1.16962,1.1712500000000001,2672,9,0
2025-09-01 20:00:00+00:00,1.17122,1.17177,1.17052,1.17143,2265,9,0
2025-09-02 00:00:00+00:00,1.17145,1.17154,1.1692,1.16949,6846,9,0
2025-09-02 04:00:00+00:00,1.16949,1.17061,1.16427,1.16455,10346,9,0
2025-09-02 08:00:00+00:00,1.16456,1.16554,1.16232,1.16462,16378,9,0
2025-09-02 12:00:00+00:00,1.16465,1.16821,1.16124,1.16523,19886,9,0
2025-09-02 16:00:00+00:00,1.16523,1.16546,1.16291,1.16408,7304,9,0
2025-09-02 20:00:00+00:00,1.16409,1.16438,1.16322,1.1632500000000001,2642,9,0
2025-09-03 00:00:00+00:00,1.1632500000000001,1.16361,1.16225,1.1623,5723,9,0
2025-09-03 04:00:00+00:00,1.16232,1.16426,1.16077,1.16354,8634,9,0
2025-09-03 08:00:00+00:00,1.16356,1.16646,1.16351,1.16513,10713,9,0
2025-09-03 12:00:00+00:00,1.1651,1.16819,1.16379,1.16748,16543,9,0
2025-09-03 16:00:00+00:00,1.16748,1.16772,1.16554,1.16581,7130,9,0
2025-09-03 20:00:00+00:00,1.16578,1.16642,1.16551,1.16605,2797,9,0
2025-09-04 00:00:00+00:00,1.16607,1.1669,1.16497,1.16529,6353,9,0
2025-09-04 04:00:00+00:00,1.16529,1.1661,1.16436,1.16504,6911,9,0
2025-09-04 08:00:00+00:00,1.16501,1.16594,1.16388,1.1642299999999999,9487,9,0
2025-09-04 12:00:00+00:00,1.16426,1.16583,1.16294,1.16472,17003,9,0
2025-09-04 16:00:00+00:00,1.1647,1.16516,1.1633499999999999,1.16503,5860,9,0
2025-09-04 20:00:00+00:00,1.16502,1.16573,1.16446,1.16562,2534,9,0
2025-09-05 00:00:00+00:00,1.16562,1.1674,1.16521,1.16708,4828,9,0
2025-09-05 04:00:00+00:00,1.16708,1.16785,1.16647,1.16773,6234,9,0
2025-09-05 08:00:00+00:00,1.1677,1.1696,1.16747,1.16867,7608,9,0
2025-09-05 12:00:00+00:00,1.16868,1.1758899999999999,1.16854,1.1758,29208,9,0
2025-09-05 16:00:00+00:00,1.17578,1.17593,1.17127,1.17177,8575,9,0
2025-09-05 20:00:00+00:00,1.17179,1.17217,1.17143,1.17182,1122,9,0
2025-09-07 20:00:00+00:00,1.17114,1.1718899999999999,1.17034,1.17119,3558,9,0
2025-09-08 00:00:00+00:00,1.17121,1.1717,1.17044,1.17092,7491,9,0
2025-09-08 04:00:00+00:00,1.17092,1.1733500000000001,1.17057,1.17322,8625,9,0
2025-09-08 08:00:00+00:00,1.17324,1.17424,1.17195,1.17287,8945,9,0
2025-09-08 12:00:00+00:00,1.17285,1.17558,1.17222,1.17499,12663,9,0
2025-09-08 16:00:00+00:00,1.17498,1.17652,1.17346,1.17622,6695,9,0
2025-09-08 20:00:00+00:00,1.17619,1.17724,1.17557,1.17682,3629,9,0
2025-09-09 00:00:00+00:00,1.17682,1.17776,1.17631,1.17637,5235,9,0
2025-09-09 04:00:00+00:00,1.17637,1.17798,1.17473,1.17524,7971,9,0
2025-09-09 08:00:00+00:00,1.17523,1.17719,1.17409,1.17416,10798,9,0
2025-09-09 12:00:00+00:00,1.1742,1.1762299999999999,1.1715200000000001,1.17217,18533,9,0
2025-09-09 16:00:00+00:00,1.17219,1.17295,1.17034,1.17063,7882,9,0
2025-09-09 20:00:00+00:00,1.17063,1.17134,1.1696900000000001,1.17021,3596,9,0
2025-09-10 00:00:00+00:00,1.1702,1.17098,1.1689,1.17075,6329,9,0
2025-09-10 04:00:00+00:00,1.17075,1.17181,1.16822,1.17023,9001,9,0
2025-09-10 08:00:00+00:00,1.17024,1.17165,1.16905,1.17043,9413,9,0
2025-09-10 12:00:00+00:00,1.17045,1.17302,1.16907,1.17142,17947,9,0
2025-09-10 16:00:00+00:00,1.17145,1.17159,1.1693,1.16999,6394,9,0
2025-09-10 20:00:00+00:00,1.16997,1.17065,1.16902,1.17023,2839,9,0
2025-09-11 00:00:00+00:00,1.17022,1.17022,1.16926,1.16955,4301,9,0
2025-09-11 04:00:00+00:00,1.16955,1.16992,1.16835,1.16924,8080,9,0
2025-09-11 08:00:00+00:00,1.16925,1.16949,1.1677,1.16836,9393,9,0
2025-09-11 12:00:00+00:00,1.16837,1.17458,1.16602,1.17311,27802,9,0
2025-09-11 16:00:00+00:00,1.17314,1.17393,1.17273,1.17362,7228,9,0
2025-09-11 20:00:00+00:00,1.17362,1.17402,1.173,1.17329,3331,9,0
2025-09-12 00:00:00+00:00,1.17327,1.17341,1.17222,1.17249,5091,9,0
2025-09-12 04:00:00+00:00,1.17248,1.17474,1.17204,1.17401,7161,9,0
2025-09-12 08:00:00+00:00,1.17401,1.1740599999999999,1.1712,1.17209,9282,9,0
2025-09-12 12:00:00+00:00,1.17209,1.17278,1.17008,1.17137,13460,9,0
2025-09-12 16:00:00+00:00,1.17137,1.17414,1.17096,1.17364,6077,9,0
2025-09-12 20:00:00+00:00,1.17361,1.17364,1.1728399999999999,1.17341,1226,9,0
2025-09-14 20:00:00+00:00,1.17314,1.1734499999999999,1.1724700000000001,1.17254,2025,8,0
2025-09-15 00:00:00+00:00,1.17252,1.17339,1.17215,1.17307,4203,8,0
2025-09-15 04:00:00+00:00,1.1730800000000001,1.17439,1.17158,1.17334,6569,8,0
2025-09-15 08:00:00+00:00,1.17333,1.17628,1.17296,1.17605,9455,8,0
2025-09-15 12:00:00+00:00,1.17607,1.17729,1.17506,1.17709,11575,8,0
2025-09-15 16:00:00+00:00,1.17709,1.17743,1.17559,1.17655,6587,8,0
2025-09-15 20:00:00+00:00,1.17652,1.17696,1.17554,1.17625,2658,8,0
2025-09-16 00:00:00+00:00,1.17625,1.17865,1.17571,1.17799,6421,8,0
2025-09-16 04:00:00+00:00,1.17799,1.18014,1.17733,1.17938,9088,8,0
2025-09-16 08:00:00+00:00,1.17937,1.18211,1.17899,1.18137,11789,8,0
2025-09-16 12:00:00+00:00,1.18138,1.18527,1.17901,1.1846700000000001,19313,8,0
2025-09-16 16:00:00+00:00,1.18466,1.18783,1.18459,1.18602,9345,8,0
2025-09-16 20:00:00+00:00,1.1859899999999999,1.18726,1.18525,1.18706,3519,8,0
2025-09-17 00:00:00+00:00,1.18706,1.18728,1.18509,1.18516,5828,8,0
2025-09-17 04:00:00+00:00,1.18516,1.18597,1.1837900000000001,1.18401,6956,8,0
2025-09-17 08:00:00+00:00,1.18401,1.18508,1.18325,1.1839,8460,8,0
2025-09-17 12:00:00+00:00,1.1839,1.18589,1.18338,1.18442,10264,8,0
2025-09-17 16:00:00+00:00,1.18444,1.19185,1.18189,1.18243,39075,8,0
2025-09-17 20:00:00+00:00,1.18243,1.18285,1.18076,1.18249,5616,8,0
2025-09-18 00:00:00+00:00,1.18249,1.1828400000000001,1.18072,1.1812,8463,8,0
2025-09-18 04:00:00+00:00,1.1812,1.18385,1.17801,1.18313,11513,8,0
2025-09-18 08:00:00+00:00,1.18311,1.18478,1.18193,1.18252,12722,8,0
2025-09-18 12:00:00+00:00,1.1825,1.18259,1.17497,1.17791,22579,8,0
2025-09-18 16:00:00+00:00,1.17789,1.17935,1.17717,1.17845,8025,8,0
2025-09-18 20:00:00+00:00,1.17847,1.17903,1.17809,1.17885,3901,8,0
2025-09-19 00:00:00+00:00,1.17886,1.17921,1.17717,1.17815,7793,8,0
2025-09-19 04:00:00+00:00,1.17817,1.17893,1.17571,1.17697,12303,8,0
2025-09-19 08:00:00+00:00,1.17697,1.17708,1.17347,1.17366,10941,8,0
2025-09-19 12:00:00+00:00,1.17366,1.1767400000000001,1.17285,1.17516,15957,8,0
2025-09-19 16:00:00+00:00,1.17514,1.17549,1.17407,1.17473,5950,8,0
2025-09-19 20:00:00+00:00,1.17474,1.17475,1.17403,1.17449,1073,8,0
2025-09-21 20:00:00+00:00,1.17383,1.17487,1.17355,1.17363,2250,8,0
2025-09-22 00:00:00+00:00,1.1736,1.17405,1.17256,1.17321,6823,8,0
2025-09-22 04:00:00+00:00,1.17321,1.1754,1.17261,1.17483,7912,8,0
2025-09-22 08:00:00+00:00,1.17481,1.17854,1.1746699999999999,1.17776,9721,8,0
2025-09-22 12:00:00+00:00,1.17777,1.17877,1.17624,1.17721,13519,8,0
2025-09-22 16:00:00+00:00,1.17722,1.18018,1.1771,1.17993,6446,8,0
2025-09-22 20:00:00+00:00,1.17994,1.18037,1.17887,1.18002,2792,8,0
2025-09-23 00:00:00+00:00,1.18002,1.18198,1.17963,1.18054,5903,8,0
2025-09-23 04:00:00+00:00,1.18054,1.18076,1.17791,1.17906,9549,8,0
2025-09-23 08:00:00+00:00,1.17905,1.18119,1.17835,1.17915,10334,8,0
2025-09-23 12:00:00+00:00,1.17915,1.18051,1.17837,1.1797900000000001,14524,8,0
2025-09-23 16:00:00+00:00,1.1798,1.18179,1.17913,1.18158,9743,8,0
2025-09-23 20:00:00+00:00,1.1816,1.18186,1.1807699999999999,1.18152,4418,8,0
2025-09-24 00:00:00+00:00,1.18151,1.1816200000000001,1.17945,1.17971,7189,8,0
2025-09-24 04:00:00+00:00,1.17971,1.18048,1.17837,1.17885,8505,8,0
2025-09-24 08:00:00+00:00,1.17883,1.17883,1.1746,1.17488,10317,8,0
2025-09-24 12:00:00+00:00,1.17487,1.17577,1.17277,1.17414,15347,8,0
2025-09-24 16:00:00+00:00,1.17414,1.17434,1.17297,1.17376,7400,8,0
2025-09-24 20:00:00+00:00,1.17374,1.17459,1.17346,1.17418,2947,8,0
2025-09-25 00:00:00+00:00,1.17416,1.17533,1.17401,1.17522,5549,8,0
2025-09-25 04:00:00+00:00,1.17521,1.17531,1.17309,1.17332,8050,8,0
2025-09-25 08:00:00+00:00,1.17332,1.17537,1.17302,1.17398,9944,8,0
2025-09-25 12:00:00+00:00,1.17398,1.17451,1.16665,1.1672,21490,8,0
2025-09-25 16:00:00+00:00,1.16722,1.16829,1.16452,1.16604,10098,8,0
2025-09-25 20:00:00+00:00,1.16602,1.16687,1.16539,1.16616,4041,8,0
2025-09-26 00:00:00+00:00,1.16616,1.16792,1.16575,1.16779,5439,8,0
2025-09-26 04:00:00+00:00,1.16777,1.16837,1.1668,1.16726,8210,8,0
2025-09-26 08:00:00+00:00,1.16728,1.1687400000000001,1.16614,1.16673,9193,8,0
2025-09-26 12:00:00+00:00,1.16673,1.17042,1.16663,1.16907,18276,8,0
2025-09-26 16:00:00+00:00,1.1690800000000001,1.17054,1.16862,1.17053,6887,8,0
2025-09-26 20:00:00+00:00,1.17051,1.1707,1.16986,1.16998,1221,8,0
2025-09-28 20:00:00+00:00,1.17012,1.17094,1.16986,1.17045,1979,8,0
2025-09-29 00:00:00+00:00,1.17045,1.17289,1.1703999999999999,1.17246,6055,8,0
2025-09-29 04:00:00+00:00,1.17248,1.17329,1.17173,1.17265,8337,8,0
2025-09-29 08:00:00+00:00,1.17267,1.17306,1.17075,1.17287,9178,8,0
2025-09-29 12:00:00+00:00,1.17287,1.17543,1.17181,1.17286,16491,8,0
2025-09-29 16:00:00+00:00,1.17288,1.17328,1.17197,1.17273,5711,8,0
2025-09-29 20:00:00+00:00,1.17271,1.1732,1.17231,1.17303,2590,8,0
2025-09-30 00:00:00+00:00,1.17301,1.17312,1.17119,1.17234,7090,8,0
2025-09-30 04:00:00+00:00,1.17235,1.17479,1.17181,1.17414,8903,8,0
2025-09-30 08:00:00+00:00,1.17416,1.17614,1.17363,1.17422,9450,8,0
2025-09-30 12:00:00+00:00,1.17421,1.17519,1.1716199999999999,1.17338,16741,8,0
2025-09-30 16:00:00+00:00,1.1734,1.17612,1.17334,1.17392,8272,8,0
2025-09-30 20:00:00+00:00,1.17394,1.17423,1.17291,1.17347,4023,8,0
2025-10-01 00:00:00+00:00,1.17344,1.17402,1.17293,1.17373,5222,8,0
2025-10-01 04:00:00+00:00,1.17375,1.17782,1.17375,1.17497,12995,8,0
2025-10-01 08:00:00+00:00,1.17497,1.17653,1.17155,1.17339,13394,8,0
2025-10-01 12:00:00+00:00,1.17339,1.17683,1.17209,1.17227,30347,8,0
2025-10-01 16:00:00+00:00,1.17224,1.17415,1.17149,1.17303,8875,8,0
2025-10-01 20:00:00+00:00,1.17304,1.1737,1.17258,1.17324,3175,8,0
2025-10-02 00:00:00+00:00,1.17323,1.17417,1.17235,1.1734499999999999,5261,8,0
2025-10-02 04:00:00+00:00,1.1734499999999999,1.17563,1.1729,1.17498,8575,8,0
2025-10-02 08:00:00+00:00,1.17498,1.1758,1.17445,1.17502,9485,8,0
2025-10-02 12:00:00+00:00,1.175,1.17582,1.16828,1.16963,17031,8,0
2025-10-02 16:00:00+00:00,1.16961,1.17263,1.16946,1.17184,6866,8,0
2025-10-02 20:00:00+00:00,1.17184,1.17256,1.17121,1.17241,2832,8,0
2025-10-03 00:00:00+00:00,1.17241,1.17289,1.1716,1.1726,5518,8,0
2025-10-03 04:00:00+00:00,1.17259,1.17338,1.17146,1.17317,7195,8,0
2025-10-03 08:00:00+00:00,1.17319,1.17444,1.17307,1.17337,8354,8,0
2025-10-03 12:00:00+00:00,1.17338,1.17591,1.17264,1.17458,16937,8,0
2025-10-03 16:00:00+00:00,1.1746,1.1748,1.17265,1.17404,6039,8,0
2025-10-03 20:00:00+00:00,1.17404,1.1743999999999999,1.17382,1.17408,1059,8,0
2025-10-05 20:00:00+00:00,1.17239,1.17285,1.1706,1.17115,6162,8,0
2025-10-06 00:00:00+00:00,1.17117,1.17305,1.17094,1.1724,7278,8,0
2025-10-06 04:00:00+00:00,1.1724,1.17272,1.16619,1.16625,15673,8,0
2025-10-06 08:00:00+00:00,1.16623,1.16795,1.16515,1.16751,14493,8,0
2025-10-06 12:00:00+00:00,1.16749,1.17207,1.1672500000000001,1.1706,15299,8,0
2025-10-06 16:00:00+00:00,1.17063,1.17167,1.17027,1.17104,5580,8,0
2025-10-06 20:00:00+00:00,1.17102,1.17143,1.17063,1.1709100000000001,4042,8,0
2025-10-07 00:00:00+00:00,1.17092,1.17109,1.16962,1.17028,5032,8,0
2025-10-07 04:00:00+00:00,1.17027,1.1707,1.16699,1.1676199999999999,8477,8,0
2025-10-07 08:00:00+00:00,1.16759,1.1682299999999999,1.16535,1.16621,9098,8,0
2025-10-07 12:00:00+00:00,1.16621,1.1679599999999999,1.16533,1.16726,13860,8,0
2025-10-07 16:00:00+00:00,1.16728,1.16807,1.16471,1.16501,8056,8,0
2025-10-07 20:00:00+00:00,1.16499,1.16608,1.16486,1.16525,3247,8,0
2025-10-08 00:00:00+00:00,1.16525,1.16528,1.16167,1.16235,8575,8,0
2025-10-08 04:00:00+00:00,1.16235,1.16338,1.16067,1.16306,9790,8,0
2025-10-08 08:00:00+00:00,1.16305,1.1636,1.16054,1.1626,11819,8,0
2025-10-08 12:00:00+00:00,1.16261,1.16444,1.16024,1.16056,13185,8,0
2025-10-08 16:00:00+00:00,1.16058,1.16279,1.1598,1.16276,9451,8,0
2025-10-08 20:00:00+00:00,1.16275,1.16346,1.16218,1.16288,4311,8,0
2025-10-09 00:00:00+00:00,1.16286,1.16473,1.16277,1.16444,5919,8,0
2025-10-09 04:00:00+00:00,1.16445,1.16479,1.1606,1.1610800000000001,8675,8,0
2025-10-09 08:00:00+00:00,1.16105,1.16271,1.16028,1.1611799999999999,11512,8,0
2025-10-09 12:00:00+00:00,1.1612,1.16229,1.15468,1.15583,22201,8,0
2025-10-09 16:00:00+00:00,1.15585,1.15661,1.15417,1.1559300000000001,9944,8,0
2025-10-09 20:00:00+00:00,1.15591,1.15668,1.15567,1.15651,3695,8,0
2025-10-10 00:00:00+00:00,1.15649,1.15738,1.15604,1.15726,5410,8,0
2025-10-10 04:00:00+00:00,1.15726,1.15796,1.15606,1.1577600000000001,9206,8,0
2025-10-10 08:00:00+00:00,1.15777,1.15891,1.15601,1.15608,9642,8,0
2025-10-10 12:00:00+00:00,1.15606,1.16303,1.15587,1.16123,22292,8,0
2025-10-10 16:00:00+00:00,1.16121,1.16254,1.15966,1.16123,11331,8,0
2025-10-10 20:00:00+00:00,1.16123,1.16286,1.16036,1.16217,3355,8,0
2025-10-12 20:00:00+00:00,1.16077,1.16133,1.15917,1.16013,5977,8,0
2025-10-13 00:00:00+00:00,1.16012,1.16273,1.1599599999999999,1.16202,8272,8,0
2025-10-13 04:00:00+00:00,1.16202,1.16295,1.15971,1.1599599999999999,10652,8,0
2025-10-13 08:00:00+00:00,1.15997,1.16045,1.15651,1.1568,11789,8,0
2025-10-13 12:00:00+00:00,1.1568100000000001,1.15771,1.1557,1.15734,13065,8,0
2025-10-13 16:00:00+00:00,1.15735,1.15789,1.15655,1.1566,5900,8,0
2025-10-13 20:00:00+00:00,1.1566,1.15735,1.15632,1.1565400000000001,3117,8,0
2025-10-14 00:00:00+00:00,1.1565400000000001,1.15816,1.15547,1.15783,6574,8,0
2025-10-14 04:00:00+00:00,1.15782,1.15932,1.15421,1.15492,14229,8,0
2025-10-14 08:00:00+00:00,1.15492,1.15628,1.15453,1.15518,12615,8,0
2025-10-14 12:00:00+00:00,1.15519,1.16078,1.15476,1.16067,19581,8,0
2025-10-14 16:00:00+00:00,1.16069,1.16147,1.16008,1.16054,11413,8,0
2025-10-14 20:00:00+00:00,1.16053,1.16094,1.15993,1.16029,3137,8,0
2025-10-15 00:00:00+00:00,1.16029,1.16256,1.16014,1.1622,7020,8,0
2025-10-15 04:00:00+00:00,1.16222,1.16441,1.16165,1.16353,9307,8,0
2025-10-15 08:00:00+00:00,1.16352,1.1645,1.16192,1.16198,10020,8,0
2025-10-15 12:00:00+00:00,1.16199,1.16469,1.16103,1.16365,15788,8,0
2025-10-15 16:00:00+00:00,1.16367,1.16444,1.16267,1.16439,9266,8,0
2025-10-15 20:00:00+00:00,1.16439,1.16517,1.16402,1.16455,3489,8,0
2025-10-16 00:00:00+00:00,1.16454,1.16749,1.16426,1.16617,7926,8,0
2025-10-16 04:00:00+00:00,1.16617,1.16675,1.16426,1.16521,9937,8,0
2025-10-16 08:00:00+00:00,1.16519,1.16635,1.16461,1.16537,10040,8,0
2025-10-16 12:00:00+00:00,1.16535,1.16778,1.16485,1.16642,14115,8,0
2025-10-16 16:00:00+00:00,1.1663999999999999,1.16938,1.16639,1.16885,12441,8,0
2025-10-16 20:00:00+00:00,1.16883,1.16994,1.16843,1.16988,3637,8,0
2025-10-17 00:00:00+00:00,1.16988,1.17121,1.16946,1.17088,7314,8,0
2025-10-17 04:00:00+00:00,1.17089,1.1728,1.1693,1.17111,13571,8,0
2025-10-17 08:00:00+00:00,1.17113,1.17158,1.168,1.16846,14978,8,0
2025-10-17 12:00:00+00:00,1.16848,1.16861,1.16563,1.1673,16386,8,0
2025-10-17 16:00:00+00:00,1.16728,1.1679,1.16636,1.16702,7427,8,0
2025-10-17 20:00:00+00:00,1.16702,1.16702,1.16485,1.16505,2065,8,0
2025-10-19 20:00:00+00:00,1.16626,1.16638,1.16513,1.16576,2749,8,0
2025-10-20 00:00:00+00:00,1.16578,1.16703,1.16563,1.16681,5401,8,0
2025-10-20 04:00:00+00:00,1.1668,1.16751,1.16531,1.16621,7462,8,0
2025-10-20 08:00:00+00:00,1.16622,1.16673,1.16443,1.1656,9430,8,0
2025-10-20 12:00:00+00:00,1.16561,1.16641,1.16458,1.16548,11240,8,0
2025-10-20 16:00:00+00:00,1.16551,1.1658,1.16379,1.16407,5451,8,0
2025-10-20 20:00:00+00:00,1.16406,1.16451,1.16385,1.16438,2434,8,0
2025-10-21 00:00:00+00:00,1.16437,1.16549,1.16324,1.16342,5459,8,0
2025-10-21 04:00:00+00:00,1.16342,1.16376,1.16183,1.16252,8655,8,0
2025-10-21 08:00:00+00:00,1.1625,1.16273,1.16062,1.16128,10843,8,0
2025-10-21 12:00:00+00:00,1.16127,1.1617899999999999,1.15972,1.16149,15303,8,0
2025-10-21 16:00:00+00:00,1.16151,1.16241,1.1599599999999999,1.16005,7540,8,0
2025-10-21 20:00:00+00:00,1.16007,1.16033,1.15967,1.1599,2430,8,0
2025-10-22 00:00:00+00:00,1.15992,1.16105,1.15992,1.16067,4890,8,0
2025-10-22 04:00:00+00:00,1.16067,1.1615199999999999,1.15991,1.16004,8182,8,0
2025-10-22 08:00:00+00:00,1.16003,1.16015,1.15818,1.15824,9003,8,0
2025-10-22 12:00:00+00:00,1.15824,1.16164,1.15765,1.1610800000000001,12913,8,0
2025-10-22 16:00:00+00:00,1.1611,1.16221,1.16045,1.16055,7698,8,0
2025-10-22 20:00:00+00:00,1.16055,1.1614200000000001,1.16054,1.16069,2159,8,0
2025-10-23 00:00:00+00:00,1.16069,1.16072,1.15918,1.15927,4224,8,0
2025-10-23 04:00:00+00:00,1.15926,1.16037,1.15901,1.1599599999999999,6564,8,0
2025-10-23 08:00:00+00:00,1.1599599999999999,1.16059,1.15851,1.15868,7182,8,0
2025-10-23 12:00:00+00:00,1.1587,1.16195,1.15861,1.16111,11161,8,0
2025-10-23 16:00:00+00:00,1.16113,1.16197,1.16041,1.16159,5482,8,0
2025-10-23 20:00:00+00:00,1.16159,1.1621,1.16133,1.16167,2249,8,0
2025-10-24 00:00:00+00:00,1.16166,1.16212,1.16068,1.16087,3796,8,0
2025-10-24 04:00:00+00:00,1.16087,1.16275,1.16004,1.16181,6992,8,0
2025-10-24 08:00:00+00:00,1.16182,1.16234,1.16049,1.16146,8082,8,0
2025-10-24 12:00:00+00:00,1.16147,1.16537,1.16084,1.16251,18337,8,0
2025-10-24 16:00:00+00:00,1.16249,1.16328,1.16209,1.16312,4971,8,0
2025-10-24 20:00:00+00:00,1.1631,1.16356,1.16206,1.16258,1518,8,0
2025-10-26 20:00:00+00:00,1.16327,1.16351,1.16253,1.16307,3388,8,0
2025-10-27 00:00:00+00:00,1.16305,1.16472,1.16268,1.1627399999999999,4410,8,0
2025-10-27 04:00:00+00:00,1.1627399999999999,1.1632,1.16194,1.16195,5182,8,0
2025-10-27 08:00:00+00:00,1.16194,1.16472,1.16174,1.16455,8168,8,0
2025-10-27 12:00:00+00:00,1.16455,1.16512,1.16313,1.1635,8759,8,0
2025-10-27 16:00:00+00:00,1.16348,1.1651799999999999,1.16321,1.16472,5267,8,0
2025-10-27 20:00:00+00:00,1.16472,1.16547,1.16417,1.16507,2433,8,0
2025-10-28 00:00:00+00:00,1.16507,1.16635,1.16462,1.16596,4707,8,0
2025-10-28 04:00:00+00:00,1.16596,1.16675,1.16506,1.1655,5525,8,0
2025-10-28 08:00:00+00:00,1.16549,1.16647,1.16443,1.16587,8277,8,0
2025-10-28 12:00:00+00:00,1.16588,1.1667,1.16252,1.16584,11600,8,0
2025-10-28 16:00:00+00:00,1.16585,1.16684,1.16515,1.16521,7294,8,0
2025-10-28 20:00:00+00:00,1.16521,1.1657,1.16482,1.16568,2493,8,0
2025-10-29 00:00:00+00:00,1.16567,1.16605,1.16366,1.16369,5792,8,0
2025-10-29 04:00:00+00:00,1.16369,1.16374,1.16246,1.16324,6084,8,0
2025-10-29 08:00:00+00:00,1.16323,1.16485,1.16184,1.16392,8342,8,0
2025-10-29 12:00:00+00:00,1.16394,1.16643,1.16271,1.16632,11536,8,0
2025-10-29 16:00:00+00:00,1.16632,1.16655,1.15772,1.15991,27216,8,0
2025-10-29 20:00:00+00:00,1.1599,1.1607,1.15905,1.16025,4434,8,0
2025-10-30 00:00:00+00:00,1.16025,1.16195,1.15966,1.1615,6571,8,0
2025-10-30 04:00:00+00:00,1.16149,1.16372,1.16093,1.16182,9998,8,0
2025-10-30 08:00:00+00:00,1.16182,1.16279,1.15958,1.15976,9940,8,0
2025-10-30 12:00:00+00:00,1.15976,1.15994,1.15468,1.15633,17424,8,0
2025-10-30 16:00:00+00:00,1.15635,1.15714,1.1559,1.15639,6784,8,0
2025-10-30 20:00:00+00:00,1.15641,1.1573,1.15626,1.15714,2659,8,0
2025-10-31 00:00:00+00:00,1.15714,1.15771,1.15646,1.1567,4657,8,0
2025-10-31 04:00:00+00:00,1.15669,1.1573,1.15545,1.15644,5482,8,0
2025-10-31 08:00:00+00:00,1.15644,1.15764,1.15578,1.15663,7514,8,0
2025-10-31 12:00:00+00:00,1.15662,1.15662,1.15218,1.15404,13575,8,0
2025-10-31 16:00:00+00:00,1.15402,1.1543,1.15211,1.15252,6996,8,0
2025-10-31 20:00:00+00:00,1.15255,1.1538,1.15251,1.15364,1490,8,0
2025-11-02 20:00:00+00:00,1.15287,1.15381,1.15251,1.15273,2380,8,0
2025-11-03 00:00:00+00:00,1.15272,1.1534,1.15214,1.15333,4289,8,0
2025-11-03 04:00:00+00:00,1.15334,1.15409,1.1531500000000001,1.15394,4461,8,0
2025-11-03 08:00:00+00:00,1.15396,1.15398,1.15075,1.15152,8134,8,0
2025-11-03 12:00:00+00:00,1.15153,1.15248,1.15048,1.15247,10235,8,0
2025-11-03 16:00:00+00:00,1.15244,1.15374,1.15162,1.15194,6620,8,0
2025-11-03 20:00:00+00:00,1.15194,1.15228,1.1515900000000001,1.15182,2654,8,0
2025-11-04 00:00:00+00:00,1.15181,1.15181,1.14978,1.1513200000000001,5508,8,0
2025-11-04 04:00:00+00:00,1.1513200000000001,1.15333,1.1507,1.15267,6190,8,0
2025-11-04 08:00:00+00:00,1.15266,1.15284,1.1489099999999999,1.14897,8746,8,0
2025-11-04 12:00:00+00:00,1.14899,1.14965,1.14726,1.14912,10526,8,0
2025-11-04 16:00:00+00:00,1.14912,1.14963,1.14783,1.14788,5820,8,0
2025-11-04 20:00:00+00:00,1.14789,1.14855,1.14749,1.14848,3152,8,0
2025-11-05 00:00:00+00:00,1.14847,1.1497600000000001,1.1479300000000001,1.14885,5841,8,0
2025-11-05 04:00:00+00:00,1.14886,1.1494,1.1482999999999999,1.1486399999999999,4222,8,0
2025-11-05 08:00:00+00:00,1.14866,1.1495199999999999,1.14757,1.14879,7029,8,0
2025-11-05 12:00:00+00:00,1.1488,1.14932,1.1468099999999999,1.1479,12013,8,0
2025-11-05 16:00:00+00:00,1.1479,1.14873,1.14697,1.14856,6387,8,0
2025-11-05 20:00:00+00:00,1.14858,1.14965,1.1485,1.14955,2721,8,0
2025-11-06 00:00:00+00:00,1.14955,1.15085,1.14927,1.15065,3657,8,0
2025-11-06 04:00:00+00:00,1.15066,1.15133,1.15033,1.15079,4257,8,0
2025-11-06 08:00:00+00:00,1.1508,1.15235,1.15056,1.152,7319,8,0
2025-11-06 12:00:00+00:00,1.15199,1.15438,1.15138,1.15394,12167,8,0
2025-11-06 16:00:00+00:00,1.15392,1.15519,1.15296,1.15443,7993,8,0
2025-11-06 20:00:00+00:00,1.15442,1.15513,1.15418,1.15484,3502,8,0
2025-11-07 00:00:00+00:00,1.15486,1.15489,1.15346,1.1537600000000001,4191,8,0
2025-11-07 04:00:00+00:00,1.15375,1.15383,1.15294,1.15323,4061,8,0
2025-11-07 08:00:00+00:00,1.15321,1.15608,1.1529,1.15576,7134,8,0
2025-11-07 12:00:00+00:00,1.15576,1.15909,1.15536,1.1571500000000001,11128,8,0
2025-11-07 16:00:00+00:00,1.1571500000000001,1.15834,1.15552,1.15594,6620,8,0
2025-11-07 20:00:00+00:00,1.15591,1.15662,1.15573,1.15642,2171,8,0
2025-11-09 20:00:00+00:00,1.15555,1.15598,1.15414,1.15431,2760,8,0
2025-11-10 00:00:00+00:00,1.1543,1.15604,1.15427,1.15543,6580,8,0
2025-11-10 04:00:00+00:00,1.15544,1.15717,1.15511,1.15674,5457,8,0
2025-11-10 08:00:00+00:00,1.15672,1.15827,1.15536,1.1562999999999999,7681,8,0
2025-11-10 12:00:00+00:00,1.1562999999999999,1.15775,1.15448,1.15452,9230,8,0
2025-11-10 16:00:00+00:00,1.1545,1.15644,1.15409,1.15605,6580,8,0
2025-11-10 20:00:00+00:00,1.15603,1.15642,1.15543,1.15564,2641,8,0
2025-11-11 00:00:00+00:00,1.15566,1.15594,1.15468,1.1555900000000001,4052,8,0
2025-11-11 04:00:00+00:00,1.15558,1.15649,1.15493,1.15599,5483,8,0
2025-11-11 08:00:00+00:00,1.156,1.1577600000000001,1.1553,1.1571500000000001,7333,8,0
2025-11-11 12:00:00+00:00,1.1571500000000001,1.16056,1.1568100000000001,1.15947,11360,8,0
2025-11-11 16:00:00+00:00,1.15947,1.15994,1.15831,1.15841,5218,8,0
2025-11-11 20:00:00+00:00,1.15841,1.15886,1.15795,1.15866,3264,8,0
2025-11-12 00:00:00+00:00,1.1586400000000001,1.15866,1.1574200000000001,1.15771,3769,8,0
2025-11-12 04:00:00+00:00,1.15771,1.1588,1.15699,1.15836,4705,8,0
2025-11-12 08:00:00+00:00,1.1583700000000001,1.15873,1.15647,1.15777,7588,8,0
2025-11-12 12:00:00+00:00,1.15775,1.15954,1.15625,1.1593499999999999,9902,8,0
2025-11-12 16:00:00+00:00,1.1593499999999999,1.15974,1.15838,1.15862,6045,8,0
2025-11-12 20:00:00+00:00,1.15859,1.15942,1.15846,1.15913,2713,8,0
2025-11-13 00:00:00+00:00,1.15915,1.1592500000000001,1.15787,1.15894,4625,8,0
2025-11-13 04:00:00+00:00,1.15893,1.1612,1.158,1.1610800000000001,4791,8,0
2025-11-13 08:00:00+00:00,1.16109,1.16344,1.16043,1.1606,9916,8,0
2025-11-13 12:00:00+00:00,1.1606,1.16427,1.16053,1.16387,11633,8,0
2025-11-13 16:00:00+00:00,1.16387,1.1656,1.16348,1.16353,9186,8,0
2025-11-13 20:00:00+00:00,1.16353,1.16393,1.16231,1.16297,3815,8,0
2025-11-14 00:00:00+00:00,1.16295,1.16445,1.16265,1.16382,5873,8,0
2025-11-14 04:00:00+00:00,1.16382,1.16483,1.16315,1.16328,6129,8,0
2025-11-14 08:00:00+00:00,1.16329,1.16367,1.16083,1.16192,10938,8,0
2025-11-14 12:00:00+00:00,1.16194,1.16532,1.16058,1.16128,15270,8,0
2025-11-14 16:00:00+00:00,1.16128,1.16223,1.16074,1.16175,7379,8,0
2025-11-14 20:00:00+00:00,1.16175,1.16232,1.16157,1.16202,2136,8,0
2025-11-16 20:00:00+00:00,1.16184,1.16243,1.16113,1.16144,1571,8,0
2025-11-17 00:00:00+00:00,1.16145,1.16145,1.15962,1.15981,4778,8,0
2025-11-17 04:00:00+00:00,1.15981,1.16145,1.15948,1.16129,4267,8,0
2025-11-17 08:00:00+00:00,1.16131,1.16148,1.15944,1.1601,7552,8,0
2025-11-17 12:00:00+00:00,1.16009,1.16043,1.15815,1.15971,9292,8,0
2025-11-17 16:00:00+00:00,1.1597,1.16015,1.15829,1.15835,6762,8,0
2025-11-17 20:00:00+00:00,1.1583700000000001,1.15938,1.15821,1.15897,3235,8,0
2025-11-18 00:00:00+00:00,1.15897,1.15956,1.15843,1.1592,3718,8,0
2025-11-18 04:00:00+00:00,1.15919,1.16034,1.15884,1.15907,6005,8,0
2025-11-18 08:00:00+00:00,1.15906,1.1606,1.15792,1.15842,8263,8,0
2025-11-18 12:00:00+00:00,1.15844,1.16076,1.15814,1.15817,11041,8,0
2025-11-18 16:00:00+00:00,1.15819,1.15867,1.15711,1.15851,7955,8,0
2025-11-18 20:00:00+00:00,1.1585,1.15865,1.15757,1.15799,3038,8,0
2025-11-19 00:00:00+00:00,1.15799,1.15845,1.15722,1.15835,4627,8,0
2025-11-19 04:00:00+00:00,1.15834,1.1596899999999999,1.1577,1.15812,5592,8,0
2025-11-19 08:00:00+00:00,1.15814,1.15888,1.1565400000000001,1.15859,10228,8,0
2025-11-19 12:00:00+00:00,1.15859,1.15905,1.154,1.15464,10970,8,0
2025-11-19 16:00:00+00:00,1.15462,1.15473,1.15173,1.15209,9625,8,0
2025-11-19 20:00:00+00:00,1.15208,1.15416,1.15197,1.15391,3853,8,0
2025-11-20 00:00:00+00:00,1.15391,1.15391,1.15096,1.15139,5903,8,0
2025-11-20 04:00:00+00:00,1.15138,1.15229,1.15126,1.15192,5634,8,0
2025-11-20 08:00:00+00:00,1.15191,1.1529099999999999,1.15113,1.1514,7751,8,0
2025-11-20 12:00:00+00:00,1.15139,1.15499,1.15008,1.15271,17621,8,0
2025-11-20 16:00:00+00:00,1.15271,1.15408,1.15243,1.15377,9147,8,0
2025-11-20 20:00:00+00:00,1.15379,1.15383,1.15231,1.15332,3586,8,0
2025-11-21 00:00:00+00:00,1.15332,1.15385,1.1528100000000001,1.15359,4588,8,0
2025-11-21 04:00:00+00:00,1.1536,1.1547399999999999,1.15343,1.15412,6075,8,0
2025-11-21 08:00:00+00:00,1.15411,1.15522,1.15041,1.15057,11337,8,0
2025-11-21 12:00:00+00:00,1.15055,1.15267,1.14963,1.15027,15823,8,0
2025-11-21 16:00:00+00:00,1.15026,1.15173,1.14907,1.15127,8719,8,0
2025-11-21 20:00:00+00:00,1.15128,1.15205,1.15087,1.15139,2401,8,0
2025-11-23 20:00:00+00:00,1.15122,1.15145,1.15051,1.1507,1438,8,0
2025-11-24 00:00:00+00:00,1.1507,1.15187,1.15016,1.15157,3752,8,0
2025-11-24 04:00:00+00:00,1.15156,1.15278,1.1510799999999999,1.15114,4891,8,0
2025-11-24 08:00:00+00:00,1.15116,1.15466,1.15094,1.15448,8862,8,0
2025-11-24 12:00:00+00:00,1.15448,1.155,1.15166,1.15288,10322,8,0
2025-11-24 16:00:00+00:00,1.15287,1.15306,1.15113,1.15273,6211,8,0
2025-11-24 20:00:00+00:00,1.15276,1.1528,1.15182,1.15201,2794,8,0
2025-11-25 00:00:00+00:00,1.15201,1.15299,1.15168,1.15176,4270,8,0
2025-11-25 04:00:00+00:00,1.15176,1.15299,1.15113,1.15225,4944,8,0
2025-11-25 08:00:00+00:00,1.15226,1.15406,1.15204,1.15266,7848,8,0
2025-11-25 12:00:00+00:00,1.15265,1.1583700000000001,1.15249,1.15621,16187,8,0
2025-11-25 16:00:00+00:00,1.15623,1.15855,1.15501,1.15834,11603,8,0
2025-11-25 20:00:00+00:00,1.15833,1.15841,1.15579,1.15643,4050,8,0
2025-11-26 00:00:00+00:00,1.15644,1.15913,1.15631,1.15901,7239,8,0
2025-11-26 04:00:00+00:00,1.15902,1.15955,1.15748,1.15791,6391,8,0
2025-11-26 08:00:00+00:00,1.15792,1.15806,1.15655,1.15739,9611,8,0
2025-11-26 12:00:00+00:00,1.15736,1.15945,1.15466,1.1589,18436,8,0
2025-11-26 16:00:00+00:00,1.15892,1.16005,1.15848,1.15932,7778,8,0
2025-11-26 20:00:00+00:00,1.15931,1.16017,1.15917,1.16016,3069,8,0
2025-11-27 00:00:00+00:00,1.16016,1.16129,1.1599599999999999,1.16017,5479,8,0
2025-11-27 04:00:00+00:00,1.16017,1.16059,1.15854,1.15911,5210,8,0
2025-11-27 08:00:00+00:00,1.15914,1.15953,1.15762,1.15859,7123,8,0
2025-11-27 12:00:00+00:00,1.15861,1.15992,1.15817,1.15938,6542,8,0
2025-11-27 16:00:00+00:00,1.1594,1.16011,1.15909,1.15949,2872,8,0
2025-11-27 20:00:00+00:00,1.15949,1.16011,1.1592500000000001,1.15992,1590,8,0
2025-11-28 00:00:00+00:00,1.15992,1.16016,1.15805,1.15869,11088,8,0
2025-11-28 04:00:00+00:00,1.15871,1.15929,1.15751,1.15792,13252,8,0
2025-11-28 08:00:00+00:00,1.15795,1.15816,1.15544,1.15672,13801,8,0
2025-11-28 12:00:00+00:00,1.15671,1.16062,1.15607,1.1605699999999999,9360,16,0
2025-11-28 16:00:00+00:00,1.16059,1.16059,1.15919,1.16003,5320,24,0
2025-11-28 20:00:00+00:00,1.16003,1.16028,1.15943,1.15946,1190,32,0
2025-11-30 20:00:00+00:00,1.15907,1.16076,1.15893,1.16004,1908,8,0
2025-12-01 00:00:00+00:00,1.16006,1.16153,1.15892,1.15967,7026,8,0
2025-12-01 04:00:00+00:00,1.15967,1.16124,1.15902,1.16067,6026,8,0
2025-12-01 08:00:00+00:00,1.16065,1.16318,1.16039,1.1627399999999999,9354,8,0
2025-12-01 12:00:00+00:00,1.16276,1.1651799999999999,1.16224,1.16283,11726,8,0
2025-12-01 16:00:00+00:00,1.16283,1.16338,1.16069,1.16084,6603,8,0
2025-12-01 20:00:00+00:00,1.16082,1.16106,1.16055,1.16065,2235,8,0
2025-12-02 00:00:00+00:00,1.16067,1.16125,1.16035,1.16119,3251,8,0
2025-12-02 04:00:00+00:00,1.16119,1.1616,1.16046,1.16125,3826,8,0
2025-12-02 08:00:00+00:00,1.16124,1.1616,1.1598,1.16112,7073,8,0
2025-12-02 12:00:00+00:00,1.16112,1.16228,1.15929,1.16055,9562,8,0
2025-12-02 16:00:00+00:00,1.1605699999999999,1.16246,1.1591,1.16202,7264,8,0
2025-12-02 20:00:00+00:00,1.16204,1.16287,1.16178,1.16278,3078,8,0
2025-12-03 00:00:00+00:00,1.16278,1.1638600000000001,1.1627399999999999,1.16373,3266,8,0
2025-12-03 04:00:00+00:00,1.16372,1.16524,1.16356,1.16409,4206,8,0
2025-12-03 08:00:00+00:00,1.16409,1.16656,1.16356,1.1665,7363,8,0
2025-12-03 12:00:00+00:00,1.1665,1.16749,1.1654200000000001,1.16593,11509,8,0
2025-12-03 16:00:00+00:00,1.16593,1.16775,1.16573,1.16722,6512,8,0
2025-12-03 20:00:00+00:00,1.1672,1.16727,1.16633,1.16659,2649,8,0
2025-12-04 00:00:00+00:00,1.16659,1.16671,1.1653,1.16556,3754,8,0
2025-12-04 04:00:00+00:00,1.16556,1.16649,1.16528,1.16649,4290,8,0
2025-12-04 08:00:00+00:00,1.1665,1.16815,1.1663000000000001,1.16799,7771,8,0
2025-12-04 12:00:00+00:00,1.16799,1.16805,1.16519,1.16728,10473,8,0
2025-12-04 16:00:00+00:00,1.16729,1.16731,1.16499,1.16524,5861,8,0
2025-12-04 20:00:00+00:00,1.16521,1.16521,1.16405,1.16431,2952,8,0
2025-12-05 00:00:00+00:00,1.16432,1.16539,1.16431,1.16487,3133,8,0
2025-12-05 04:00:00+00:00,1.16487,1.16714,1.1648399999999999,1.16628,4645,8,0
2025-12-05 08:00:00+00:00,1.16629,1.16639,1.16412,1.16461,6992,8,0
2025-12-05 12:00:00+00:00,1.16462,1.16598,1.16431,1.16479,10302,8,0
2025-12-05 16:00:00+00:00,1.1648,1.16488,1.16278,1.16425,7114,8,0
2025-12-05 20:00:00+00:00,1.1642299999999999,1.16466,1.16394,1.16427,1795,8,0
2025-12-07 20:00:00+00:00,1.16383,1.16461,1.16343,1.16399,1519,8,0
2025-12-08 00:00:00+00:00,1.16401,1.1655,1.16391,1.16498,4640,8,0
2025-12-08 04:00:00+00:00,1.16498,1.16716,1.16493,1.16577,5227,8,0
2025-12-08 08:00:00+00:00,1.1657899999999999,1.16621,1.16464,1.16502,7048,8,0
2025-12-08 12:00:00+00:00,1.165,1.1657,1.16166,1.16248,9810,8,0
2025-12-08 16:00:00+00:00,1.16249,1.16417,1.1616,1.16389,7170,8,0
2025-12-08 20:00:00+00:00,1.16391,1.16415,1.1633499999999999,1.16404,2467,8,0
2025-12-09 00:00:00+00:00,1.16404,1.16486,1.16358,1.16451,3670,8,0
2025-12-09 04:00:00+00:00,1.16451,1.16499,1.16379,1.16395,4441,8,0
2025-12-09 08:00:00+00:00,1.16397,1.1657,1.16334,1.16432,7634,8,0
2025-12-09 12:00:00+00:00,1.16432,1.16441,1.16148,1.16285,12140,8,0
2025-12-09 16:00:00+00:00,1.16286,1.16409,1.16166,1.16281,6745,8,0
2025-12-09 20:00:00+00:00,1.16282,1.16318,1.16233,1.16278,2654,8,0
2025-12-10 00:00:00+00:00,1.16278,1.16287,1.16212,1.1626,3802,8,0
2025-12-10 04:00:00+00:00,1.16262,1.16491,1.16247,1.16476,4121,8,0
2025-12-10 08:00:00+00:00,1.16477,1.16573,1.16273,1.16346,8399,8,0
2025-12-10 12:00:00+00:00,1.16348,1.16509,1.16272,1.16415,10162,8,0
2025-12-10 16:00:00+00:00,1.16412,1.16808,1.16369,1.16778,20649,8,0
2025-12-10 20:00:00+00:00,1.16776,1.17023,1.16733,1.17011,8827,8,0
2025-12-11 00:00:00+00:00,1.17011,1.17071,1.16899,1.16905,6042,8,0
2025-12-11 04:00:00+00:00,1.16905,1.17007,1.16819,1.16933,5322,8,0
2025-12-11 08:00:00+00:00,1.16933,1.17175,1.1687,1.1712500000000001,8553,8,0
2025-12-11 12:00:00+00:00,1.17124,1.17568,1.17095,1.17557,12340,8,0
2025-12-11 16:00:00+00:00,1.17557,1.17626,1.17401,1.17408,8285,8,0
2025-12-11 20:00:00+00:00,1.17408,1.17454,1.17354,1.17404,3403,8,0
2025-12-12 00:00:00+00:00,1.1740599999999999,1.17459,1.1731,1.17339,4703,8,0
2025-12-12 04:00:00+00:00,1.17339,1.1743000000000001,1.1731,1.17376,4782,8,0
2025-12-12 08:00:00+00:00,1.17377,1.1742,1.1722,1.17265,7517,8,0
2025-12-12 12:00:00+00:00,1.17265,1.17446,1.17192,1.17378,10207,8,0
2025-12-12 16:00:00+00:00,1.17377,1.17494,1.1726,1.174,7322,8,0
2025-12-12 20:00:00+00:00,1.17399,1.17462,1.17367,1.1739600000000001,2646,8,0
2025-12-14 20:00:00+00:00,1.17378,1.17402,1.17322,1.17365,1257,8,0
2025-12-15 00:00:00+00:00,1.17368,1.17445,1.17281,1.1734,5397,8,0
2025-12-15 04:00:00+00:00,1.1734,1.17377,1.17275,1.17281,5147,8,0
2025-12-15 08:00:00+00:00,1.1728,1.17498,1.17259,1.17484,7082,8,0
2025-12-15 12:00:00+00:00,1.17484,1.17685,1.17437,1.17625,10722,8,0
2025-12-15 16:00:00+00:00,1.17626,1.17642,1.17381,1.17483,6863,8,0
2025-12-15 20:00:00+00:00,1.17482,1.17554,1.17471,1.1753,2805,8,0
2025-12-16 00:00:00+00:00,1.1753,1.17588,1.17463,1.17515,4843,8,0
2025-12-16 04:00:00+00:00,1.17515,1.1754,1.1743999999999999,1.1751800000000001,4606,8,0
2025-12-16 08:00:00+00:00,1.17519,1.17636,1.17463,1.17627,8249,8,0
2025-12-16 12:00:00+00:00,1.17629,1.18038,1.17567,1.17698,18702,8,0
2025-12-16 16:00:00+00:00,1.177,1.17775,1.17342,1.17573,10330,8,0
2025-12-16 20:00:00+00:00,1.17571,1.17625,1.17442,1.17489,3662,8,0
2025-12-17 00:00:00+00:00,1.1749,1.17519,1.17366,1.17387,4581,8,0
2025-12-17 04:00:00+00:00,1.17387,1.17393,1.17029,1.17126,7601,8,0
2025-12-17 08:00:00+00:00,1.17126,1.17269,1.17056,1.1709,8871,8,0
2025-12-17 12:00:00+00:00,1.1709,1.17577,1.1708,1.17526,12022,8,0
2025-12-17 16:00:00+00:00,1.17524,1.1756,1.17412,1.17446,7733,8,0
2025-12-17 20:00:00+00:00,1.17445,1.1746,1.1737,1.17414,2605,8,0
2025-12-18 00:00:00+00:00,1.17414,1.17455,1.17348,1.17389,4528,8,0
2025-12-18 04:00:00+00:00,1.17389,1.17493,1.17333,1.17334,4979,8,0
2025-12-18 08:00:00+00:00,1.17332,1.17368,1.17169,1.17201,7835,8,0
2025-12-18 12:00:00+00:00,1.172,1.17625,1.17118,1.17269,20734,8,0
2025-12-18 16:00:00+00:00,1.17268,1.17456,1.17147,1.17246,9031,8,0
2025-12-18 20:00:00+00:00,1.17245,1.17273,1.17177,1.17244,3128,8,0
2025-12-19 00:00:00+00:00,1.17243,1.17283,1.1718,1.17209,4491,8,0
2025-12-19 04:00:00+00:00,1.17209,1.1722299999999999,1.1703000000000001,1.17076,5847,8,0
2025-12-19 08:00:00+00:00,1.17075,1.17175,1.17059,1.17109,8358,8,0
2025-12-19 12:00:00+00:00,1.17107,1.17374,1.17018,1.17092,11054,8,0
2025-12-19 16:00:00+00:00,1.17095,1.17268,1.17081,1.17232,6715,8,0
2025-12-19 20:00:00+00:00,1.17231,1.17252,1.17055,1.17087,2384,8,0
2025-12-21 20:00:00+00:00,1.17073,1.17149,1.17059,1.17097,1884,8,0
2025-12-22 00:00:00+00:00,1.17095,1.1719,1.17092,1.1717,5017,8,0
2025-12-22 04:00:00+00:00,1.1717,1.17307,1.17127,1.17285,4291,8,0
2025-12-22 08:00:00+00:00,1.17283,1.1738,1.17228,1.17331,7208,8,0
2025-12-22 12:00:00+00:00,1.17331,1.17691,1.17328,1.17634,9897,8,0
2025-12-22 16:00:00+00:00,1.17634,1.17642,1.1748,1.17549,6043,8,0
2025-12-22 20:00:00+00:00,1.1755,1.17652,1.17517,1.17632,3172,8,0
2025-12-23 00:00:00+00:00,1.17632,1.17802,1.17624,1.1776,4566,8,0
2025-12-23 04:00:00+00:00,1.1776,1.17811,1.17683,1.17784,5422,8,0
2025-12-23 08:00:00+00:00,1.17782,1.18,1.1775,1.1795200000000001,8287,8,0
2025-12-23 12:00:00+00:00,1.17953,1.1801599999999999,1.17636,1.17738,11758,8,0
2025-12-23 16:00:00+00:00,1.17737,1.1791,1.17687,1.17896,6279,8,0
2025-12-23 20:00:00+00:00,1.17895,1.17966,1.17866,1.17942,2916,8,0
2025-12-24 00:00:00+00:00,1.17942,1.18076,1.1786699999999999,1.17872,4949,8,0
2025-12-24 04:00:00+00:00,1.17872,1.18036,1.17856,1.17888,5133,8,0
2025-12-24 08:00:00+00:00,1.1789100000000001,1.18006,1.17794,1.17924,7213,8,0
2025-12-24 12:00:00+00:00,1.17925,1.17929,1.1775,1.17779,8600,8,0
2025-12-24 16:00:00+00:00,1.17778,1.17828,1.17709,1.17765,4243,8,0
2025-12-24 20:00:00+00:00,1.17765,1.17774,1.1773500000000001,1.17748,990,80,0
2025-12-25 20:00:00+00:00,1.17781,1.17847,1.17757,1.17832,2710,8,0
2025-12-26 00:00:00+00:00,1.1783299999999999,1.17931,1.17764,1.17839,6474,8,0
2025-12-26 04:00:00+00:00,1.17839,1.17877,1.17696,1.17725,5997,8,0
2025-12-26 08:00:00+00:00,1.17726,1.1782,1.17662,1.1777,6388,8,0
2025-12-26 12:00:00+00:00,1.1777,1.17963,1.17713,1.17769,8719,8,0
2025-12-26 16:00:00+00:00,1.17769,1.17794,1.17609,1.17761,7145,8,0
2025-12-26 20:00:00+00:00,1.17763,1.17812,1.17655,1.1771099999999999,2463,8,0
2025-12-28 20:00:00+00:00,1.17723,1.17774,1.17676,1.17724,1471,8,0
2025-12-29 00:00:00+00:00,1.17725,1.17861,1.17708,1.17732,5030,8,0
2025-12-29 04:00:00+00:00,1.17732,1.17787,1.17534,1.17765,5807,8,0
2025-12-29 08:00:00+00:00,1.17763,1.17887,1.17575,1.17656,9756,8,0
2025-12-29 12:00:00+00:00,1.17654,1.17884,1.17553,1.17675,11686,8,0
2025-12-29 16:00:00+00:00,1.17672,1.17678,1.17489,1.17668,7630,8,0
2025-12-29 20:00:00+00:00,1.17667,1.1774499999999999,1.1764000000000001,1.17721,3069,8,0
2025-12-30 00:00:00+00:00,1.17721,1.17761,1.17694,1.17723,3635,8,0
2025-12-30 04:00:00+00:00,1.17723,1.17794,1.17659,1.1770100000000001,4297,8,0
2025-12-30 08:00:00+00:00,1.17702,1.17775,1.17637,1.17665,7030,8,0
2025-12-30 12:00:00+00:00,1.17665,1.17677,1.17449,1.17593,10269,8,0
2025-12-30 16:00:00+00:00,1.17592,1.17662,1.17449,1.17465,6289,8,0
2025-12-30 20:00:00+00:00,1.17465,1.17499,1.1743000000000001,1.17453,2566,8,0
2025-12-31 00:00:00+00:00,1.17453,1.17487,1.17386,1.17424,3554,8,0
2025-12-31 04:00:00+00:00,1.17424,1.17424,1.17294,1.17367,4125,8,0
2025-12-31 08:00:00+00:00,1.17367,1.17474,1.17197,1.1746699999999999,7664,8,0
2025-12-31 12:00:00+00:00,1.17468,1.1758899999999999,1.172,1.17436,11512,8,0
2025-12-31 16:00:00+00:00,1.17438,1.17484,1.17283,1.17399,7832,8,0
2025-12-31 20:00:00+00:00,1.17398,1.1752,1.17389,1.17455,1650,8,0
2026-01-01 20:00:00+00:00,1.1743999999999999,1.17504,1.1743999999999999,1.17504,1156,8,0
2026-01-02 00:00:00+00:00,1.17504,1.17646,1.17495,1.17639,3530,8,0
2026-01-02 04:00:00+00:00,1.1764000000000001,1.17645,1.17319,1.17344,4469,8,0
2026-01-02 08:00:00+00:00,1.1734499999999999,1.17379,1.17129,1.17215,9285,8,0
2026-01-02 12:00:00+00:00,1.1721300000000001,1.17517,1.17155,1.17503,10320,8,0
2026-01-02 16:00:00+00:00,1.1750099999999999,1.17541,1.17139,1.17227,8064,8,0
2026-01-02 20:00:00+00:00,1.17229,1.17234,1.17148,1.17196,2450,8,0
2026-01-04 20:00:00+00:00,1.17224,1.17239,1.16985,1.17048,2112,8,0
2026-01-05 00:00:00+00:00,1.1705,1.17107,1.16719,1.16747,7820,8,0
2026-01-05 04:00:00+00:00,1.16748,1.1691799999999999,1.16728,1.16861,5884,8,0
2026-01-05 08:00:00+00:00,1.16859,1.16944,1.16733,1.16814,9423,8,0
2026-01-05 12:00:00+00:00,1.16812,1.17041,1.16587,1.17041,12730,8,0
2026-01-05 16:00:00+00:00,1.17042,1.17285,1.17036,1.17267,8469,8,0
2026-01-05 20:00:00+00:00,1.17264,1.1728399999999999,1.1712500000000001,1.17142,2750,8,0
2026-01-06 00:00:00+00:00,1.17142,1.17378,1.17104,1.17342,5250,8,0
2026-01-06 04:00:00+00:00,1.17344,1.17425,1.17257,1.17289,5162,8,0
2026-01-06 08:00:00+00:00,1.17287,1.17386,1.17046,1.17059,9298,8,0
2026-01-06 12:00:00+00:00,1.17058,1.17172,1.16836,1.16949,12239,8,0
2026-01-06 16:00:00+00:00,1.16948,1.17018,1.16835,1.16893,8139,8,0
2026-01-06 20:00:00+00:00,1.16892,1.16928,1.16839,1.16869,2934,8,0
2026-01-07 00:00:00+00:00,1.1687,1.17023,1.16848,1.16981,4777,8,0
2026-01-07 04:00:00+00:00,1.16981,1.17018,1.16784,1.1682299999999999,5465,8,0
2026-01-07 08:00:00+00:00,1.16822,1.1693500000000001,1.16726,1.16889,7776,8,0
2026-01-07 12:00:00+00:00,1.16889,1.16983,1.16794,1.16896,12407,8,0
2026-01-07 16:00:00+00:00,1.16896,1.16944,1.16783,1.16822,6941,8,0
2026-01-07 20:00:00+00:00,1.16824,1.16836,1.16727,1.16766,2393,8,0
2026-01-08 00:00:00+00:00,1.16766,1.16824,1.16723,1.1679599999999999,3762,8,0
2026-01-08 04:00:00+00:00,1.1679599999999999,1.16827,1.16745,1.16775,5102,8,0
2026-01-08 08:00:00+00:00,1.16777,1.16816,1.16684,1.16773,6617,8,0
2026-01-08 12:00:00+00:00,1.16773,1.16775,1.16558,1.16662,9596,8,0
2026-01-08 16:00:00+00:00,1.16663,1.1667399999999999,1.16424,1.16497,6823,8,0
2026-01-08 20:00:00+00:00,1.16497,1.16621,1.16494,1.16575,3140,8,0
2026-01-09 00:00:00+00:00,1.16577,1.16587,1.1645699999999999,1.16559,4299,8,0
2026-01-09 04:00:00+00:00,1.1656,1.16565,1.1639599999999999,1.16502,4616,8,0
2026-01-09 08:00:00+00:00,1.16505,1.16525,1.16366,1.1645699999999999,6683,8,0
2026-01-09 12:00:00+00:00,1.16458,1.1660300000000001,1.16178,1.16402,18676,8,0
2026-01-09 16:00:00+00:00,1.16403,1.16429,1.16273,1.16344,7135,8,0
2026-01-09 20:00:00+00:00,1.16344,1.16375,1.16291,1.16328,1634,8,0
2026-01-11 20:00:00+00:00,1.16318,1.16346,1.16228,1.16236,1079,8,0
2026-01-12 00:00:00+00:00,1.16234,1.16709,1.1621299999999999,1.1655,8885,8,0
2026-01-12 04:00:00+00:00,1.16548,1.16873,1.16527,1.16844,6660,8,0
2026-01-12 08:00:00+00:00,1.16842,1.16954,1.16753,1.16782,9012,8,0
2026-01-12 12:00:00+00:00,1.1678,1.16982,1.16724,1.16807,11273,8,0
2026-01-12 16:00:00+00:00,1.16807,1.16818,1.16648,1.16717,6442,8,0
2026-01-12 20:00:00+00:00,1.16718,1.16727,1.16625,1.16672,3125,8,0
2026-01-13 00:00:00+00:00,1.16672,1.16672,1.16561,1.16584,4183,8,0
2026-01-13 04:00:00+00:00,1.16584,1.16671,1.16535,1.16636,5217,8,0
2026-01-13 08:00:00+00:00,1.16634,1.16742,1.16581,1.16683,6469,8,0
2026-01-13 12:00:00+00:00,1.16683,1.16771,1.16439,1.1651799999999999,13998,8,0
2026-01-13 16:00:00+00:00,1.1651799999999999,1.16541,1.16341,1.16489,7196,8,0
2026-01-13 20:00:00+00:00,1.1649,1.16496,1.164,1.16418,2820,8,0
2026-01-14 00:00:00+00:00,1.16418,1.16485,1.16357,1.16466,3881,8,0
2026-01-14 04:00:00+00:00,1.16467,1.16515,1.16411,1.16456,3651,8,0
2026-01-14 08:00:00+00:00,1.1645699999999999,1.16576,1.16405,1.16468,7646,8,0
2026-01-14 12:00:00+00:00,1.16468,1.16604,1.16445,1.16593,11599,8,0
2026-01-14 16:00:00+00:00,1.16592,1.1661299999999999,1.16348,1.16361,6804,8,0
2026-01-14 20:00:00+00:00,1.1635900000000001,1.16469,1.1635900000000001,1.16446,3621,8,0
2026-01-15 00:00:00+00:00,1.1644700000000001,1.16453,1.16327,1.1638600000000001,4935,8,0
2026-01-15 04:00:00+00:00,1.16387,1.1639,1.16257,1.16285,4757,8,0
2026-01-15 08:00:00+00:00,1.16283,1.16405,1.16266,1.16306,6970,8,0
2026-01-15 12:00:00+00:00,1.16304,1.16347,1.15928,1.16021,11485,8,0
2026-01-15 16:00:00+00:00,1.16021,1.1616900000000001,1.1598,1.16134,6567,8,0
2026-01-15 20:00:00+00:00,1.16134,1.16151,1.16025,1.16089,2908,8,0
2026-01-16 00:00:00+00:00,1.16086,1.16138,1.16021,1.16117,4191,8,0
2026-01-16 04:00:00+00:00,1.16117,1.16143,1.16039,1.1611799999999999,4016,8,0
2026-01-16 08:00:00+00:00,1.1612,1.16229,1.16076,1.16188,6291,8,0
2026-01-16 12:00:00+00:00,1.16188,1.16271,1.15841,1.15934,12649,8,0
2026-01-16 16:00:00+00:00,1.1593499999999999,1.16055,1.15891,1.1596,7859,8,0
2026-01-16 20:00:00+00:00,1.15962,1.16019,1.15952,1.15983,1712,8,0
2026-01-18 20:00:00+00:00,1.1577,1.16268,1.15748,1.16239,4229,8,0
2026-01-19 00:00:00+00:00,1.16238,1.16376,1.16044,1.16242,9599,8,0
2026-01-19 04:00:00+00:00,1.16242,1.1641,1.16227,1.16258,6461,8,0
2026-01-19 08:00:00+00:00,1.16259,1.16294,1.1610800000000001,1.16276,7790,8,0
2026-01-19 12:00:00+00:00,1.16276,1.16431,1.16247,1.16394,7487,8,0
2026-01-19 16:00:00+00:00,1.16394,1.16485,1.16372,1.16428,3542,8,0
2026-01-19 20:00:00+00:00,1.16428,1.16463,1.16381,1.1639,1785,8,0
2026-01-20 00:00:00+00:00,1.16392,1.16584,1.16323,1.1656,4923,8,0
2026-01-20 04:00:00+00:00,1.1656,1.16934,1.16556,1.16885,7318,8,0
2026-01-20 08:00:00+00:00,1.16887,1.17387,1.16867,1.17344,14796,8,0
2026-01-20 12:00:00+00:00,1.17342,1.17692,1.1715,1.17268,20514,8,0
2026-01-20 16:00:00+00:00,1.17267,1.17422,1.17111,1.17118,9299,8,0
2026-01-20 20:00:00+00:00,1.17118,1.1728399999999999,1.17105,1.17269,3971,8,0
2026-01-21 00:00:00+00:00,1.17267,1.17339,1.17099,1.17184,5917,8,0
2026-01-21 04:00:00+00:00,1.17184,1.17252,1.17096,1.17165,6114,8,0
2026-01-21 08:00:00+00:00,1.17167,1.172,1.17009,1.17138,8675,8,0
2026-01-21 12:00:00+00:00,1.17139,1.17428,1.17003,1.17016,16916,8,0
2026-01-21 16:00:00+00:00,1.17016,1.17111,1.16768,1.1691,13959,8,0
2026-01-21 20:00:00+00:00,1.16912,1.16916,1.16694,1.16727,4708,8,0
2026-01-22 00:00:00+00:00,1.16726,1.16932,1.16724,1.16887,5495,8,0
2026-01-22 04:00:00+00:00,1.16886,1.1696900000000001,1.16839,1.16903,5524,8,0
2026-01-22 08:00:00+00:00,1.16902,1.17037,1.16837,1.17017,9128,8,0
2026-01-22 12:00:00+00:00,1.17016,1.17336,1.16997,1.17336,11989,8,0
2026-01-22 16:00:00+00:00,1.17336,1.1750099999999999,1.17263,1.17436,8563,8,0
2026-01-22 20:00:00+00:00,1.17436,1.1759,1.17415,1.17535,3371,8,0
2026-01-23 00:00:00+00:00,1.17535,1.17536,1.17432,1.17435,4886,8,0
2026-01-23 04:00:00+00:00,1.17435,1.17536,1.17348,1.17358,7206,8,0
2026-01-23 08:00:00+00:00,1.17357,1.17448,1.17279,1.17371,9073,8,0
2026-01-23 12:00:00+00:00,1.17372,1.17609,1.17315,1.17575,8623,8,0
2026-01-23 16:00:00+00:00,1.17575,1.18147,1.17461,1.18113,15200,8,0
2026-01-23 20:00:00+00:00,1.18113,1.18332,1.18094,1.18275,5072,8,0
2026-01-25 20:00:00+00:00,1.18601,1.18973,1.18468,1.18597,5879,8,0
2026-01-26 00:00:00+00:00,1.186,1.18761,1.18442,1.18621,15000,8,0
2026-01-26 04:00:00+00:00,1.18622,1.18695,1.18364,1.18385,10867,8,0
2026-01-26 08:00:00+00:00,1.18387,1.1867,1.1837900000000001,1.18556,13310,8,0
2026-01-26 12:00:00+00:00,1.18554,1.18967,1.18346,1.18948,13130,8,0
2026-01-26 16:00:00+00:00,1.18949,1.19066,1.18702,1.18787,12379,8,0
2026-01-26 20:00:00+00:00,1.18789,1.18859,1.1871,1.18733,4469,8,0
2026-01-27 00:00:00+00:00,1.18733,1.1899,1.18722,1.18794,7028,8,0
2026-01-27 04:00:00+00:00,1.18795,1.18822,1.18608,1.18636,6987,8,0
2026-01-27 08:00:00+00:00,1.18638,1.18967,1.18499,1.18949,12038,8,0
2026-01-27 12:00:00+00:00,1.18948,1.19721,1.18937,1.19506,25002,8,0
2026-01-27 16:00:00+00:00,1.19504,1.19898,1.19493,1.19767,16144,8,0
2026-01-27 20:00:00+00:00,1.19766,1.20829,1.19715,1.20227,27831,8,0
2026-01-28 00:00:00+00:00,1.2022599999999999,1.20234,1.19869,1.19964,11357,8,0
2026-01-28 04:00:00+00:00,1.19964,1.20254,1.19745,1.19912,13243,8,0
2026-01-28 08:00:00+00:00,1.19914,1.20046,1.19615,1.19679,17627,8,0
2026-01-28 12:00:00+00:00,1.19678,1.19831,1.19228,1.19432,27943,8,0
2026-01-28 16:00:00+00:00,1.1943,1.19522,1.18957,1.19402,23761,8,0
2026-01-28 20:00:00+00:00,1.1939899999999999,1.19797,1.1929,1.19793,9031,8,0
2026-01-29 00:00:00+00:00,1.19806,1.19866,1.19529,1.1985999999999999,11347,8,0
2026-01-29 04:00:00+00:00,1.19861,1.19962,1.1967,1.19737,10434,8,0
2026-01-29 08:00:00+00:00,1.1973799999999999,1.19853,1.19376,1.19467,15147,8,0
2026-01-29 12:00:00+00:00,1.19467,1.19721,1.19057,1.19291,30991,8,0
2026-01-29 16:00:00+00:00,1.19288,1.19646,1.19269,1.1951,20240,8,0
2026-01-29 20:00:00+00:00,1.19508,1.19743,1.19454,1.19672,5369,8,0
2026-01-30 00:00:00+00:00,1.19671,1.19729,1.18942,1.19196,23139,8,0
2026-01-30 04:00:00+00:00,1.19197,1.19424,1.19136,1.19373,13998,8,0
2026-01-30 08:00:00+00:00,1.19374,1.19504,1.1898,1.1948699999999999,17764,8,0
2026-01-30 12:00:00+00:00,1.19485,1.19544,1.18826,1.18949,26363,8,0
2026-01-30 16:00:00+00:00,1.18951,1.18973,1.18543,1.18689,24092,8,0
2026-01-30 20:00:00+00:00,1.18691,1.18691,1.18495,1.18495,5259,8,0
2026-02-01 20:00:00+00:00,1.18448,1.18561,1.18392,1.18455,4430,8,0
2026-02-02 00:00:00+00:00,1.18458,1.1874500000000001,1.18458,1.18639,16892,8,0
2026-02-02 04:00:00+00:00,1.1864,1.18722,1.18407,1.18533,14498,8,0
2026-02-02 08:00:00+00:00,1.18534,1.18711,1.18432,1.18643,16340,8,0
2026-02-02 12:00:00+00:00,1.18641,1.18696,1.17898,1.17919,22175,8,0
2026-02-02 16:00:00+00:00,1.1792,1.18122,1.17754,1.17883,14789,8,0
2026-02-02 20:00:00+00:00,1.17883,1.17985,1.178,1.17983,4776,8,0
2026-02-03 00:00:00+00:00,1.17984,1.18145,1.17977,1.18091,6857,8,0
2026-02-03 04:00:00+00:00,1.18091,1.1824,1.18048,1.1815,7355,8,0
2026-02-03 08:00:00+00:00,1.18149,1.18191,1.17823,1.1786699999999999,11219,8,0
2026-02-03 12:00:00+00:00,1.1787,1.18133,1.17797,1.18126,13972,8,0
2026-02-03 16:00:00+00:00,1.18126,1.18286,1.18055,1.1813,12252,8,0
2026-02-03 20:00:00+00:00,1.18132,1.18249,1.18091,1.18154,4021,8,0
2026-02-04 00:00:00+00:00,1.18152,1.18315,1.18084,1.18266,6680,8,0
2026-02-04 04:00:00+00:00,1.18266,1.1836,1.18237,1.18317,6035,8,0
2026-02-04 08:00:00+00:00,1.18315,1.18377,1.18044,1.1810100000000001,10108,8,0
2026-02-04 12:00:00+00:00,1.18099,1.18266,1.1793,1.1796,15738,8,0
2026-02-04 16:00:00+00:00,1.17962,1.18145,1.17901,1.18087,12905,8,0
2026-02-04 20:00:00+00:00,1.18084,1.18094,1.18001,1.1801,3348,8,0
2026-02-05 00:00:00+00:00,1.18012,1.18078,1.17825,1.1789,7122,8,0
2026-02-05 04:00:00+00:00,1.1789100000000001,1.18032,1.1784,1.17983,6189,8,0
2026-02-05 08:00:00+00:00,1.17985,1.18086,1.17799,1.17933,9520,8,0
2026-02-05 12:00:00+00:00,1.17933,1.18214,1.17816,1.1791,24293,8,0
2026-02-05 16:00:00+00:00,1.17908,1.18039,1.17848,1.17939,9764,8,0
2026-02-05 20:00:00+00:00,1.17939,1.17944,1.1774499999999999,1.1776200000000001,4797,8,0
2026-02-06 00:00:00+00:00,1.1776200000000001,1.17912,1.17655,1.17873,6547,8,0
2026-02-06 04:00:00+00:00,1.17875,1.18014,1.17868,1.17912,5461,8,0
2026-02-06 08:00:00+00:00,1.17912,1.17994,1.17853,1.17899,8476,8,0
2026-02-06 12:00:00+00:00,1.17899,1.18259,1.1788,1.1819,10365,8,0
2026-02-06 16:00:00+00:00,1.18191,1.18225,1.18095,1.18188,6895,8,0
2026-02-06 20:00:00+00:00,1.18188,1.18235,1.18132,1.1815,1886,8,0
2026-02-08 20:00:00+00:00,1.18116,1.18275,1.18092,1.18264,2526,8,0
2026-02-09 00:00:00+00:00,1.18264,1.18333,1.18158,1.18185,7283,8,0
2026-02-09 04:00:00+00:00,1.18187,1.18595,1.18185,1.18553,8637,8,0
2026-02-09 08:00:00+00:00,1.18554,1.18717,1.18512,1.18691,10466,8,0
2026-02-09 12:00:00+00:00,1.1869,1.19263,1.1869,1.19118,14926,8,0
2026-02-09 16:00:00+00:00,1.19117,1.19218,1.18927,1.19198,8250,8,0
2026-02-09 20:00:00+00:00,1.19197,1.19209,1.1901,1.19034,3705,8,0
2026-02-10 00:00:00+00:00,1.19034,1.19166,1.18964,1.19112,5556,8,0
2026-02-10 04:00:00+00:00,1.19113,1.19129,1.1899,1.19082,5615,8,0
2026-02-10 08:00:00+00:00,1.1908,1.19196,1.18993,1.19037,7607,8,0
2026-02-10 12:00:00+00:00,1.19039,1.19284,1.18881,1.19135,16013,8,0
2026-02-10 16:00:00+00:00,1.19136,1.19146,1.18864,1.19019,8550,8,0
2026-02-10 20:00:00+00:00,1.19017,1.1903,1.18863,1.18876,3154,8,0
2026-02-11 00:00:00+00:00,1.18876,1.19133,1.18858,1.1911100000000001,5494,8,0
2026-02-11 04:00:00+00:00,1.19109,1.19254,1.19065,1.19176,6019,8,0
2026-02-11 08:00:00+00:00,1.19175,1.19269,1.19045,1.19079,7418,8,0
2026-02-11 12:00:00+00:00,1.1908,1.19088,1.18327,1.18589,28096,8,0
2026-02-11 16:00:00+00:00,1.18588,1.18931,1.18529,1.18794,10536,8,0
2026-02-11 20:00:00+00:00,1.18794,1.1880600000000001,1.1868400000000001,1.18744,3543,8,0
2026-02-12 00:00:00+00:00,1.18744,1.18842,1.18649,1.18691,6404,8,0
2026-02-12 04:00:00+00:00,1.1869,1.18748,1.18521,1.18727,7432,8,0
2026-02-12 08:00:00+00:00,1.18729,1.18876,1.18708,1.1884000000000001,7518,8,0
2026-02-12 12:00:00+00:00,1.18841,1.18882,1.18667,1.18854,11773,8,0
2026-02-12 16:00:00+00:00,1.18855,1.18897,1.18558,1.18696,15266,8,0
2026-02-12 20:00:00+00:00,1.18693,1.18723,1.18632,1.1869,3289,8,0
2026-02-13 00:00:00+00:00,1.18689,1.18731,1.18624,1.18664,4932,8,0
2026-02-13 04:00:00+00:00,1.18664,1.18675,1.1846700000000001,1.18583,6163,8,0
2026-02-13 08:00:00+00:00,1.18581,1.18661,1.18525,1.18581,6905,8,0
2026-02-13 12:00:00+00:00,1.18583,1.18844,1.18473,1.18479,15789,8,0
2026-02-13 16:00:00+00:00,1.1848,1.18824,1.1848,1.18661,7842,8,0
2026-02-13 20:00:00+00:00,1.18662,1.18762,1.18641,1.1868400000000001,2325,8,0
2026-02-15 20:00:00+00:00,1.18696,1.18716,1.18624,1.18664,1393,8,0
2026-02-16 00:00:00+00:00,1.18664,1.18687,1.18587,1.18667,4534,8,0
2026-02-16 04:00:00+00:00,1.18669,1.18698,1.186,1.18624,3387,8,0
2026-02-16 08:00:00+00:00,1.18626,1.18701,1.18564,1.1861,6193,8,0
2026-02-16 12:00:00+00:00,1.18611,1.18632,1.18489,1.1853799999999999,5540,8,0
2026-02-16 16:00:00+00:00,1.1853799999999999,1.18561,1.18458,1.1853799999999999,2945,8,0
2026-02-16 20:00:00+00:00,1.1853799999999999,1.18547,1.18464,1.18499,1552,8,0
2026-02-17 00:00:00+00:00,1.185,1.18518,1.18378,1.18415,4763,8,0
2026-02-17 04:00:00+00:00,1.18413,1.18454,1.18285,1.18323,5150,8,0
2026-02-17 08:00:00+00:00,1.18326,1.18494,1.18237,1.18306,6530,8,0
2026-02-17 12:00:00+00:00,1.18306,1.18354,1.18046,1.18104,12200,8,0
2026-02-17 16:00:00+00:00,1.18104,1.1853,1.18104,1.18476,8261,8,0
2026-02-17 20:00:00+00:00,1.18474,1.18571,1.18465,1.18503,2910,8,0
2026-02-18 00:00:00+00:00,1.18503,1.18532,1.18408,1.1841,3955,8,0
2026-02-18 04:00:00+00:00,1.1841,1.18462,1.18326,1.18346,3705,8,0
2026-02-18 08:00:00+00:00,1.18346,1.18405,1.18279,1.18343,6293,8,0
2026-02-18 12:00:00+00:00,1.18343,1.18482,1.18119,1.18222,10331,8,0
2026-02-18 16:00:00+00:00,1.18222,1.18258,1.1783299999999999,1.1787,9121,8,0
2026-02-18 20:00:00+00:00,1.1787,1.17899,1.17801,1.17883,3269,8,0
2026-02-19 00:00:00+00:00,1.17883,1.1795200000000001,1.17848,1.17903,4187,8,0
2026-02-19 04:00:00+00:00,1.17905,1.18031,1.17844,1.18002,4498,8,0
2026-02-19 08:00:00+00:00,1.18002,1.18072,1.1776200000000001,1.1780599999999999,6994,8,0
2026-02-19 12:00:00+00:00,1.17805,1.1780599999999999,1.17417,1.17629,15194,8,0
2026-02-19 16:00:00+00:00,1.17628,1.17738,1.17556,1.17634,8438,8,0
2026-02-19 20:00:00+00:00,1.17634,1.17778,1.17629,1.1768,3246,8,0
2026-02-20 00:00:00+00:00,1.17683,1.1772,1.1753,1.17567,5127,8,0
2026-02-20 04:00:00+00:00,1.17566,1.17624,1.17492,1.17511,5078,8,0
2026-02-20 08:00:00+00:00,1.1751,1.17687,1.17432,1.17668,7528,8,0
2026-02-20 12:00:00+00:00,1.17668,1.1807,1.17551,1.17878,22237,8,0
2026-02-20 16:00:00+00:00,1.17879,1.17986,1.17652,1.17803,14856,8,0
2026-02-20 20:00:00+00:00,1.17803,1.17911,1.17771,1.17805,2588,8,0
2026-02-22 20:00:00+00:00,1.17822,1.18343,1.17811,1.1832799999999999,3222,8,0
2026-02-23 00:00:00+00:00,1.18326,1.18342,1.1816200000000001,1.18227,9426,8,0
2026-02-23 04:00:00+00:00,1.18228,1.18335,1.18148,1.18229,5440,8,0
2026-02-23 08:00:00+00:00,1.18228,1.18247,1.17804,1.1785700000000001,8426,8,0
2026-02-23 12:00:00+00:00,1.1785700000000001,1.18096,1.17741,1.17943,11856,8,0
2026-02-23 16:00:00+00:00,1.17941,1.18084,1.17877,1.17912,8255,8,0
2026-02-23 20:00:00+00:00,1.17913,1.1795,1.17823,1.17925,3439,8,0
2026-02-24 00:00:00+00:00,1.17925,1.17959,1.17712,1.17749,6050,8,0
2026-02-24 04:00:00+00:00,1.17749,1.17822,1.17676,1.17788,6337,8,0
2026-02-24 08:00:00+00:00,1.17788,1.17927,1.17731,1.17802,7618,8,0
2026-02-24 12:00:00+00:00,1.17802,1.1783299999999999,1.17655,1.17725,10412,8,0
2026-02-24 16:00:00+00:00,1.17726,1.17899,1.17715,1.17786,6180,8,0
2026-02-24 20:00:00+00:00,1.17786,1.1783,1.1770100000000001,1.17738,2850,8,0
2026-02-25 00:00:00+00:00,1.17739,1.1794,1.17728,1.1789,6432,8,0
2026-02-25 04:00:00+00:00,1.1789,1.1807699999999999,1.17873,1.17968,5533,8,0
2026-02-25 08:00:00+00:00,1.17968,1.17996,1.17707,1.17748,7101,8,0
2026-02-25 12:00:00+00:00,1.17746,1.1802,1.17723,1.18008,9745,8,0
2026-02-25 16:00:00+00:00,1.18007,1.1814,1.17982,1.1804999999999999,6353,8,0
2026-02-25 20:00:00+00:00,1.18049,1.18161,1.1803,1.18147,3232,8,0
2026-02-26 00:00:00+00:00,1.18147,1.18285,1.18113,1.18168,5438,8,0
2026-02-26 04:00:00+00:00,1.18168,1.18224,1.18084,1.18152,5925,8,0
2026-02-26 08:00:00+00:00,1.18155,1.18157,1.17929,1.18001,6785,8,0
2026-02-26 12:00:00+00:00,1.18003,1.18163,1.1780599999999999,1.17985,11172,8,0
2026-02-26 16:00:00+00:00,1.17982,1.1799,1.17734,1.17962,8770,8,0
2026-02-26 20:00:00+00:00,1.17963,1.18032,1.17945,1.18026,3003,8,0
2026-02-27 00:00:00+00:00,1.18026,1.18055,1.17886,1.18033,6236,8,0
2026-02-27 04:00:00+00:00,1.18031,1.1819,1.17968,1.18146,5974,8,0
2026-02-27 08:00:00+00:00,1.18149,1.18212,1.17926,1.17997,7366,8,0
2026-02-27 12:00:00+00:00,1.17997,1.18168,1.17902,1.18067,13427,8,0
2026-02-27 16:00:00+00:00,1.18067,1.18266,1.18052,1.18188,8381,8,0
2026-02-27 20:00:00+00:00,1.18188,1.18255,1.18109,1.18139,2712,8,0
2026-03-01 20:00:00+00:00,1.1763,1.17869,1.1754,1.17591,3879,8,0
2026-03-02 00:00:00+00:00,1.17591,1.1795499999999999,1.17554,1.17883,10540,8,0
2026-03-02 04:00:00+00:00,1.17883,1.179,1.17028,1.17159,12510,8,0
2026-03-02 08:00:00+00:00,1.17156,1.17469,1.16976,1.17329,14668,8,0
2026-03-02 12:00:00+00:00,1.17329,1.17337,1.1679599999999999,1.16799,20120,8,0
2026-03-02 16:00:00+00:00,1.16797,1.1713,1.16715,1.17107,13026,8,0
2026-03-02 20:00:00+00:00,1.17109,1.17127,1.16783,1.1694499999999999,8330,8,0
2026-03-03 00:00:00+00:00,1.1694499999999999,1.17064,1.16855,1.16898,8960,8,0
2026-03-03 04:00:00+00:00,1.16901,1.16933,1.16424,1.16432,11832,8,0
2026-03-03 08:00:00+00:00,1.16434,1.1646,1.15816,1.15971,22541,8,0
2026-03-03 12:00:00+00:00,1.1596899999999999,1.16148,1.15297,1.15725,29415,8,0
2026-03-03 16:00:00+00:00,1.15728,1.16254,1.15688,1.16123,25933,8,0
2026-03-03 20:00:00+00:00,1.1612,1.16241,1.1608,1.16102,7320,8,0
2026-03-04 00:00:00+00:00,1.16104,1.16107,1.15744,1.16082,12809,8,0
2026-03-04 04:00:00+00:00,1.16082,1.16278,1.15867,1.16154,11239,8,0
2026-03-04 08:00:00+00:00,1.16154,1.16544,1.15916,1.16349,21505,8,0
2026-03-04 12:00:00+00:00,1.16351,1.16517,1.16165,1.16399,21601,8,0
2026-03-04 16:00:00+00:00,1.16399,1.16459,1.16231,1.16392,10150,8,0
2026-03-04 20:00:00+00:00,1.16393,1.16434,1.1627399999999999,1.16345,3936,8,0
2026-03-05 00:00:00+00:00,1.16345,1.16472,1.16096,1.16128,8885,8,0
2026-03-05 04:00:00+00:00,1.16127,1.16157,1.15875,1.16045,11723,8,0
2026-03-05 08:00:00+00:00,1.16044,1.16441,1.1581,1.16111,22855,8,0
2026-03-05 12:00:00+00:00,1.16112,1.16245,1.15685,1.15828,20073,8,0
2026-03-05 16:00:00+00:00,1.15826,1.15916,1.15584,1.15727,20940,8,0
2026-03-05 20:00:00+00:00,1.15728,1.161,1.15698,1.1606,9335,8,0
2026-03-06 00:00:00+00:00,1.16061,1.16206,1.16049,1.16196,7371,8,0
2026-03-06 04:00:00+00:00,1.16196,1.16207,1.16015,1.16141,7183,8,0
2026-03-06 08:00:00+00:00,1.16143,1.16143,1.15608,1.15622,14705,8,0
2026-03-06 12:00:00+00:00,1.15625,1.1593499999999999,1.15455,1.15791,33019,8,0
2026-03-06 16:00:00+00:00,1.15792,1.16211,1.15786,1.16011,21428,8,0
2026-03-06 20:00:00+00:00,1.16013,1.1618,1.15952,1.16164,5045,8,0
2026-03-08 20:00:00+00:00,1.15536,1.15537,1.15209,1.1524,11011,8,0
2026-03-09 00:00:00+00:00,1.15238,1.15309,1.15067,1.15164,15273,8,0
2026-03-09 04:00:00+00:00,1.15165,1.15711,1.15155,1.15632,21672,8,0
2026-03-09 08:00:00+00:00,1.15633,1.15729,1.15147,1.15608,28366,8,0
2026-03-09 12:00:00+00:00,1.15609,1.15934,1.1547,1.15912,28747,8,0
2026-03-09 16:00:00+00:00,1.15911,1.16334,1.1575,1.16088,22496,8,0
2026-03-09 20:00:00+00:00,1.16085,1.16452,1.16083,1.16161,8266,8,0
2026-03-10 00:00:00+00:00,1.16162,1.16351,1.16076,1.16093,12378,8,0
2026-03-10 04:00:00+00:00,1.16095,1.1663000000000001,1.16066,1.16601,9829,8,0
2026-03-10 08:00:00+00:00,1.16599,1.16617,1.162,1.16381,17700,8,0
2026-03-10 12:00:00+00:00,1.16384,1.16548,1.16211,1.16474,19938,8,0
2026-03-10 16:00:00+00:00,1.1647,1.16669,1.16059,1.1614,22930,8,0
2026-03-10 20:00:00+00:00,1.16141,1.1615,1.16024,1.16112,3958,8,0
2026-03-11 00:00:00+00:00,1.16112,1.16313,1.16053,1.163,8513,8,0
2026-03-11 04:00:00+00:00,1.163,1.16451,1.1613,1.16166,9696,8,0
2026-03-11 08:00:00+00:00,1.1616900000000001,1.1621,1.1589800000000001,1.15942,15929,8,0
2026-03-11 12:00:00+00:00,1.1594,1.16124,1.15652,1.15659,24939,8,0
2026-03-11 16:00:00+00:00,1.15659,1.15762,1.15604,1.1573,11262,8,0
2026-03-11 20:00:00+00:00,1.15729,1.15737,1.15396,1.15426,4508,8,0
2026-03-12 00:00:00+00:00,1.15424,1.15551,1.15319,1.15381,7439,8,0
2026-03-12 04:00:00+00:00,1.15381,1.15524,1.15314,1.1550799999999999,8011,8,0
2026-03-12 08:00:00+00:00,1.1551,1.15658,1.15428,1.1556,9861,8,0
2026-03-12 12:00:00+00:00,1.1555900000000001,1.15571,1.15104,1.15217,21289,8,0
2026-03-12 16:00:00+00:00,1.15216,1.15322,1.15103,1.15146,12724,8,0
2026-03-12 20:00:00+00:00,1.15145,1.15229,1.15078,1.15204,3785,8,0
2026-03-13 00:00:00+00:00,1.1520299999999999,1.15292,1.15045,1.15087,6213,8,0
2026-03-13 04:00:00+00:00,1.15085,1.15091,1.14537,1.14575,8134,8,0
2026-03-13 08:00:00+00:00,1.14573,1.14716,1.14324,1.1468099999999999,15373,8,0
2026-03-13 12:00:00+00:00,1.14679,1.14896,1.1434199999999999,1.1442700000000001,20904,8,0
2026-03-13 16:00:00+00:00,1.14425,1.14501,1.14196,1.1421999999999999,11909,8,0
2026-03-13 20:00:00+00:00,1.14219,1.14224,1.14106,1.1414900000000001,1597,8,0
2026-03-15 20:00:00+00:00,1.1417,1.14383,1.14169,1.14349,5787,8,0
2026-03-16 00:00:00+00:00,1.14348,1.14561,1.14348,1.14501,7716,8,0
2026-03-16 04:00:00+00:00,1.14502,1.14513,1.14139,1.14256,7096,8,0
2026-03-16 08:00:00+00:00,1.14258,1.14867,1.14256,1.14789,13107,8,0
2026-03-16 12:00:00+00:00,1.14791,1.15018,1.14719,1.1486399999999999,14370,8,0
2026-03-16 16:00:00+00:00,1.14866,1.15245,1.14772,1.15078,13287,8,0
2026-03-16 20:00:00+00:00,1.15075,1.15103,1.14943,1.14981,3255,8,0
2026-03-17 00:00:00+00:00,1.14981,1.15024,1.14863,1.1491500000000001,5989,8,0
2026-03-17 04:00:00+00:00,1.1491500000000001,1.14999,1.14656,1.14945,7132,8,0
2026-03-17 08:00:00+00:00,1.14947,1.15244,1.14874,1.15073,11834,8,0
2026-03-17 12:00:00+00:00,1.15073,1.15434,1.1504,1.15245,15682,8,0
2026-03-17 16:00:00+00:00,1.15246,1.1547,1.15177,1.15353,8643,8,0
2026-03-17 20:00:00+00:00,1.15355,1.15444,1.15333,1.15384,3825,8,0
2026-03-18 00:00:00+00:00,1.15385,1.15434,1.15317,1.1536,4819,8,0
2026-03-18 04:00:00+00:00,1.15359,1.15488,1.15232,1.15262,5069,8,0
2026-03-18 08:00:00+00:00,1.1526,1.15549,1.15175,1.15461,9896,8,0
2026-03-18 12:00:00+00:00,1.15463,1.15478,1.14903,1.15128,22392,8,0
2026-03-18 16:00:00+00:00,1.15126,1.15249,1.14682,1.14691,17948,8,0
2026-03-18 20:00:00+00:00,1.1469,1.14702,1.14466,1.14632,6499,8,0
2026-03-19 00:00:00+00:00,1.14629,1.1491,1.14618,1.14745,8019,8,0
2026-03-19 04:00:00+00:00,1.14743,1.14763,1.14505,1.14523,9858,8,0
2026-03-19 08:00:00+00:00,1.14521,1.14876,1.14423,1.1479300000000001,20703,8,0
2026-03-19 12:00:00+00:00,1.1479300000000001,1.15385,1.14623,1.1514,36957,8,0
2026-03-19 16:00:00+00:00,1.15137,1.16163,1.15115,1.15844,28318,8,0
2026-03-19 20:00:00+00:00,1.15845,1.15946,1.1574200000000001,1.15762,5251,8,0
2026-03-20 00:00:00+00:00,1.15762,1.15798,1.15561,1.15564,6142,8,0
2026-03-20 04:00:00+00:00,1.15564,1.1575,1.15522,1.15725,6562,8,0
2026-03-20 08:00:00+00:00,1.15727,1.1580300000000001,1.15347,1.15712,14020,8,0
2026-03-20 12:00:00+00:00,1.1571500000000001,1.15795,1.15244,1.15417,22909,8,0
2026-03-20 16:00:00+00:00,1.15416,1.15716,1.15409,1.15581,18251,8,0
2026-03-20 20:00:00+00:00,1.15579,1.15714,1.15571,1.1569099999999999,1602,8,0
2026-03-22 20:00:00+00:00,1.1534200000000001,1.15643,1.15341,1.15617,4764,8,0
2026-03-23 00:00:00+00:00,1.15619,1.1564,1.15383,1.15468,11086,8,0
2026-03-23 04:00:00+00:00,1.1547,1.1552,1.152,1.15271,10480,8,0
2026-03-23 08:00:00+00:00,1.15273,1.16198,1.1484,1.15561,57922,8,0
2026-03-23 12:00:00+00:00,1.1555900000000001,1.16395,1.1546,1.15858,59288,8,0
2026-03-23 16:00:00+00:00,1.15856,1.16371,1.15762,1.1613,24959,8,0
2026-03-23 20:00:00+00:00,1.16128,1.16174,1.16056,1.16078,4877,8,0
2026-03-24 00:00:00+00:00,1.16079,1.16085,1.1578,1.15827,12901,8,0
2026-03-24 04:00:00+00:00,1.15827,1.16173,1.15753,1.16083,12476,8,0
2026-03-24 08:00:00+00:00,1.1608100000000001,1.1609099999999999,1.15783,1.15887,17527,8,0
2026-03-24 12:00:00+00:00,1.15889,1.16066,1.1567,1.15774,27633,8,0
2026-03-24 16:00:00+00:00,1.15772,1.15923,1.15568,1.15851,20094,8,0
2026-03-24 20:00:00+00:00,1.15849,1.16279,1.15826,1.16132,12078,8,0
2026-03-25 00:00:00+00:00,1.16134,1.16303,1.16005,1.16036,10270,8,0
2026-03-25 04:00:00+00:00,1.16033,1.1605,1.15867,1.15974,8053,8,0
2026-03-25 08:00:00+00:00,1.15973,1.16162,1.15902,1.16051,15208,8,0
2026-03-25 12:00:00+00:00,1.16053,1.16131,1.15625,1.15695,21739,8,0
2026-03-25 16:00:00+00:00,1.15695,1.15834,1.15549,1.15629,13234,8,0
2026-03-25 20:00:00+00:00,1.1562999999999999,1.15632,1.15552,1.15612,2852,8,0
2026-03-26 00:00:00+00:00,1.15612,1.1569099999999999,1.15536,1.15684,5828,8,0
2026-03-26 04:00:00+00:00,1.15682,1.15719,1.15502,1.15531,7130,8,0
2026-03-26 08:00:00+00:00,1.1553200000000001,1.15647,1.1522999999999999,1.15239,10823,8,0
2026-03-26 12:00:00+00:00,1.15242,1.15546,1.15221,1.15409,18911,8,0
2026-03-26 16:00:00+00:00,1.15409,1.1543,1.15212,1.15215,9458,8,0
2026-03-26 20:00:00+00:00,1.15214,1.15586,1.15192,1.1534200000000001,9841,8,0
2026-03-27 00:00:00+00:00,1.1534200000000001,1.15423,1.1524,1.15389,6452,8,0
2026-03-27 04:00:00+00:00,1.15388,1.15459,1.15164,1.15186,6123,8,0
2026-03-27 08:00:00+00:00,1.15183,1.15258,1.15042,1.15074,9943,8,0
2026-03-27 12:00:00+00:00,1.15072,1.15473,1.15016,1.15191,16407,8,0
2026-03-27 16:00:00+00:00,1.15191,1.15288,1.15058,1.15167,11184,8,0
2026-03-27 20:00:00+00:00,1.15167,1.15206,1.15077,1.1508099999999999,2065,8,0
2026-03-29 20:00:00+00:00,1.15013,1.15022,1.14869,1.14913,4303,8,0
2026-03-30 00:00:00+00:00,1.1491500000000001,1.15182,1.14892,1.15152,8190,8,0
2026-03-30 04:00:00+00:00,1.15154,1.15207,1.14935,1.14977,6926,8,0
2026-03-30 08:00:00+00:00,1.14975,1.14999,1.14834,1.14844,10538,8,0
2026-03-30 12:00:00+00:00,1.14846,1.14885,1.14429,1.14535,15161,8,0
2026-03-30 16:00:00+00:00,1.14533,1.1466,1.14468,1.14594,8277,8,0
2026-03-30 20:00:00+00:00,1.14592,1.14654,1.1452,1.14563,3401,8,0
2026-03-31 00:00:00+00:00,1.14566,1.14904,1.14468,1.14692,9330,8,0
2026-03-31 04:00:00+00:00,1.14693,1.14739,1.14602,1.14719,7443,8,0
2026-03-31 08:00:00+00:00,1.1472,1.14907,1.1457,1.14907,11128,8,0
2026-03-31 12:00:00+00:00,1.14909,1.15402,1.14868,1.1516899999999999,22052,8,0
2026-03-31 16:00:00+00:00,1.1517,1.15597,1.15137,1.15584,22711,8,0
2026-03-31 20:00:00+00:00,1.15587,1.15743,1.15501,1.15736,4089,8,0
2026-04-01 00:00:00+00:00,1.15735,1.15784,1.15546,1.15605,7570,8,0
2026-04-01 04:00:00+00:00,1.15604,1.15984,1.15591,1.15816,13196,8,0
2026-04-01 08:00:00+00:00,1.15815,1.16103,1.15771,1.1607,14558,8,0
2026-04-01 12:00:00+00:00,1.16072,1.16269,1.15936,1.16133,23471,8,0
2026-04-01 16:00:00+00:00,1.16131,1.16233,1.15758,1.15836,11198,8,0
2026-04-01 20:00:00+00:00,1.15834,1.15942,1.15825,1.15894,3104,8,0
2026-04-02 00:00:00+00:00,1.15892,1.16052,1.15374,1.15395,18573,8,0
2026-04-02 04:00:00+00:00,1.15396,1.15416,1.15149,1.15321,10964,8,0
2026-04-02 08:00:00+00:00,1.15324,1.15354,1.15086,1.1516899999999999,9319,8,0
2026-04-02 12:00:00+00:00,1.1517,1.15634,1.15164,1.15448,23269,8,0
2026-04-02 16:00:00+00:00,1.1544699999999999,1.1549,1.15327,1.1534200000000001,9937,8,0
2026-04-02 20:00:00+00:00,1.15344,1.15404,1.15319,1.15351,1922,8,0
2026-04-03 00:00:00+00:00,1.15351,1.15398,1.15257,1.15308,2252,120,0
2026-04-03 04:00:00+00:00,1.15308,1.15388,1.15212,1.15344,2091,120,0
2026-04-03 08:00:00+00:00,1.1534200000000001,1.15419,1.15322,1.15418,1991,60,0
2026-04-03 12:00:00+00:00,1.1542,1.15458,1.15178,1.15219,6884,8,0
2026-04-03 16:00:00+00:00,1.15217,1.15222,1.15131,1.15139,3477,8,0
2026-04-03 20:00:00+00:00,1.15138,1.15303,1.15107,1.1514,1333,16,0
2026-04-05 20:00:00+00:00,1.15196,1.15212,1.15048,1.15095,4278,8,0
2026-04-06 00:00:00+00:00,1.15095,1.15283,1.1506,1.15185,6697,8,0
2026-04-06 04:00:00+00:00,1.15185,1.15685,1.15182,1.15642,7394,8,0
2026-04-06 08:00:00+00:00,1.15644,1.15685,1.15372,1.15453,9008,8,0
2026-04-06 12:00:00+00:00,1.15455,1.15714,1.1535199999999999,1.1544,12905,8,0
2026-04-06 16:00:00+00:00,1.15439,1.15521,1.15336,1.15425,8237,8,0
2026-04-06 20:00:00+00:00,1.15426,1.15475,1.15384,1.15405,2526,8,0
2026-04-07 00:00:00+00:00,1.15405,1.15435,1.15238,1.1534,5436,8,0
2026-04-07 04:00:00+00:00,1.15341,1.15457,1.15298,1.15422,6673,8,0
2026-04-07 08:00:00+00:00,1.15422,1.1575199999999999,1.15416,1.15597,16126,8,0
2026-04-07 12:00:00+00:00,1.15599,1.15833,1.15533,1.15709,16635,8,0
2026-04-07 16:00:00+00:00,1.15708,1.16014,1.15661,1.1595,13989,8,0
2026-04-07 20:00:00+00:00,1.15948,1.16904,1.15875,1.16858,20066,8,0
2026-04-08 00:00:00+00:00,1.1686,1.16967,1.16655,1.1670099999999999,17241,8,0
2026-04-08 04:00:00+00:00,1.16703,1.17084,1.16703,1.16952,14794,8,0
2026-04-08 08:00:00+00:00,1.16953,1.17099,1.16686,1.16996,13698,8,0
2026-04-08 12:00:00+00:00,1.16999,1.17214,1.1684,1.16861,21928,8,0
2026-04-08 16:00:00+00:00,1.16858,1.16883,1.16432,1.16673,13528,8,0
2026-04-08 20:00:00+00:00,1.16676,1.1669100000000001,1.16572,1.16587,3486,8,0
2026-04-09 00:00:00+00:00,1.16587,1.1667,1.165,1.16619,6302,8,0
2026-04-09 04:00:00+00:00,1.16619,1.16706,1.1654,1.16626,6793,8,0
2026-04-09 08:00:00+00:00,1.16626,1.16891,1.16593,1.16879,7604,8,0
2026-04-09 12:00:00+00:00,1.16879,1.1706699999999999,1.16736,1.17049,14415,8,0
2026-04-09 16:00:00+00:00,1.17049,1.17232,1.1697,1.17004,9730,8,0
2026-04-09 20:00:00+00:00,1.17003,1.17023,1.16899,1.16913,3168,8,0
2026-04-10 00:00:00+00:00,1.16913,1.16964,1.16853,1.16953,4408,8,0
2026-04-10 04:00:00+00:00,1.16953,1.16963,1.1678600000000001,1.1679599999999999,5408,8,0
2026-04-10 08:00:00+00:00,1.16795,1.17184,1.16771,1.17137,9100,8,0
2026-04-10 12:00:00+00:00,1.17136,1.17394,1.1709100000000001,1.1722299999999999,14058,8,0
2026-04-10 16:00:00+00:00,1.17222,1.1735,1.17134,1.17271,6897,8,0
2026-04-10 20:00:00+00:00,1.1727,1.17305,1.17215,1.1724999999999999,1101,8,0
2026-04-12 20:00:00+00:00,1.16637,1.1679,1.16632,1.16747,4939,8,0
2026-04-13 00:00:00+00:00,1.16749,1.16899,1.16706,1.16875,5544,8,0
2026-04-13 04:00:00+00:00,1.16876,1.16997,1.16775,1.1696900000000001,6664,8,0
2026-04-13 08:00:00+00:00,1.1696900000000001,1.16995,1.16806,1.16815,7130,8,0
2026-04-13 12:00:00+00:00,1.16817,1.17203,1.16802,1.17092,12802,8,0
2026-04-13 16:00:00+00:00,1.1709100000000001,1.17652,1.17066,1.176,10765,8,0
2026-04-13 20:00:00+00:00,1.176,1.17664,1.17525,1.17662,3047,8,0
2026-04-14 00:00:00+00:00,1.17663,1.17679,1.1756,1.17664,3904,8,0
2026-04-14 04:00:00+00:00,1.17663,1.17964,1.17578,1.17798,7590,8,0
2026-04-14 08:00:00+00:00,1.17797,1.1806,1.17747,1.17992,8254,8,0
2026-04-14 12:00:00+00:00,1.17993,1.18109,1.17872,1.17898,13377,8,0
2026-04-14 16:00:00+00:00,1.17898,1.1799,1.17877,1.17915,5771,8,0
2026-04-14 20:00:00+00:00,1.17917,1.1801599999999999,1.1787,1.1797900000000001,3135,8,0
2026-04-15 00:00:00+00:00,1.17977,1.17982,1.17786,1.17866,5018,8,0
2026-04-15 04:00:00+00:00,1.17866,1.1798899999999999,1.17824,1.17854,6162,8,0
2026-04-15 08:00:00+00:00,1.17852,1.17949,1.17718,1.17825,10069,8,0
2026-04-15 12:00:00+00:00,1.17825,1.1807699999999999,1.17769,1.17976,11252,8,0
2026-04-15 16:00:00+00:00,1.17974,1.18044,1.17922,1.17997,6552,8,0
2026-04-15 20:00:00+00:00,1.17997,1.18076,1.1795,1.18062,2495,8,0
2026-04-16 00:00:00+00:00,1.18064,1.18236,1.17964,1.18126,5262,8,0
2026-04-16 04:00:00+00:00,1.18125,1.18128,1.17905,1.17914,6607,8,0
2026-04-16 08:00:00+00:00,1.17912,1.17936,1.17723,1.17837,7783,8,0
2026-04-16 12:00:00+00:00,1.17838,1.17845,1.17665,1.17816,11721,8,0
2026-04-16 16:00:00+00:00,1.17818,1.17868,1.17678,1.17807,7487,8,0
2026-04-16 20:00:00+00:00,1.17808,1.17869,1.17768,1.1780599999999999,2271,8,0
2026-04-17 00:00:00+00:00,1.17805,1.17848,1.17729,1.17828,4023,8,0
2026-04-17 04:00:00+00:00,1.17828,1.17842,1.17716,1.17819,5583,8,0
2026-04-17 08:00:00+00:00,1.17821,1.17992,1.17803,1.17931,5993,8,0
2026-04-17 12:00:00+00:00,1.17932,1.18487,1.1793,1.18005,24415,8,0
2026-04-17 16:00:00+00:00,1.18003,1.18044,1.17665,1.17689,10499,8,0
2026-04-17 20:00:00+00:00,1.17688,1.17715,1.17601,1.17637,1573,8,0
2026-04-19 20:00:00+00:00,1.17391,1.17452,1.17282,1.17386,4173,8,0
2026-04-20 00:00:00+00:00,1.17388,1.17621,1.17366,1.17598,5847,8,0
2026-04-20 04:00:00+00:00,1.17597,1.17716,1.17469,1.17588,8326,8,0
2026-04-20 08:00:00+00:00,1.17586,1.1775,1.1755,1.17666,8110,8,0
2026-04-20 12:00:00+00:00,1.17666,1.17892,1.17555,1.1783299999999999,14456,8,0
2026-04-20 16:00:00+00:00,1.17837,1.179,1.17783,1.1785700000000001,6543,8,0
2026-04-20 20:00:00+00:00,1.17855,1.17907,1.17828,1.17836,2540,8,0
2026-04-21 00:00:00+00:00,1.17837,1.1786,1.1773,1.17751,4389,8,0
2026-04-21 04:00:00+00:00,1.17751,1.17818,1.17632,1.1764000000000001,5776,8,0
2026-04-21 08:00:00+00:00,1.17639,1.17682,1.17557,1.17668,7277,8,0
2026-04-21 12:00:00+00:00,1.1767,1.17756,1.17409,1.17509,12252,8,0
2026-04-21 16:00:00+00:00,1.17511,1.17633,1.17187,1.17254,16400,8,0
2026-04-21 20:00:00+00:00,1.17254,1.17531,1.1723,1.17438,7050,8,0
2026-04-22 00:00:00+00:00,1.17436,1.1751,1.17372,1.17381,4902,8,0
2026-04-22 04:00:00+00:00,1.17381,1.17621,1.17379,1.1755,7000,8,0
2026-04-22 08:00:00+00:00,1.1755,1.17587,1.17318,1.17343,7526,8,0
2026-04-22 12:00:00+00:00,1.17342,1.17429,1.17122,1.17131,12328,8,0
2026-04-22 16:00:00+00:00,1.17133,1.17167,1.17046,1.17055,6039,8,0
2026-04-22 20:00:00+00:00,1.17054,1.17088,1.17021,1.17053,2295,8,0
2026-04-23 00:00:00+00:00,1.17055,1.17132,1.1692,1.16953,8902,8,0
2026-04-23 04:00:00+00:00,1.16954,1.17115,1.1694499999999999,1.17018,6226,8,0
2026-04-23 08:00:00+00:00,1.17019,1.17049,1.16788,1.16905,8362,8,0
2026-04-23 12:00:00+00:00,1.16903,1.17161,1.1683,1.17033,13675,8,0
2026-04-23 16:00:00+00:00,1.17031,1.17053,1.16687,1.16862,15538,8,0
2026-04-23 20:00:00+00:00,1.16862,1.16865,1.1674,1.16833,2863,8,0
2026-04-24 00:00:00+00:00,1.16835,1.16891,1.1672500000000001,1.16776,5017,8,0
2026-04-24 04:00:00+00:00,1.16776,1.1693500000000001,1.16757,1.16906,5377,8,0
2026-04-24 08:00:00+00:00,1.16903,1.17182,1.16837,1.17139,9834,8,0
2026-04-24 12:00:00+00:00,1.17141,1.17199,1.16982,1.17171,14092,8,0
2026-04-24 16:00:00+00:00,1.17173,1.1721,1.17108,1.17181,7082,8,0
2026-04-24 20:00:00+00:00,1.17179,1.17225,1.17153,1.17178,1113,8,0
2026-04-26 20:00:00+00:00,1.16965,1.17095,1.16958,1.17052,1695,8,0
2026-04-27 00:00:00+00:00,1.17054,1.17322,1.17054,1.17292,5308,8,0
2026-04-27 04:00:00+00:00,1.17289,1.17449,1.17164,1.17435,5465,8,0
2026-04-27 08:00:00+00:00,1.17433,1.17507,1.17375,1.17411,6094,8,0
2026-04-27 12:00:00+00:00,1.17412,1.17545,1.1729,1.17305,9679,8,0
2026-04-27 16:00:00+00:00,1.17303,1.17336,1.17185,1.17202,5089,8,0
2026-04-27 20:00:00+00:00,1.17204,1.17231,1.17175,1.17228,1782,8,0
2026-04-28 00:00:00+00:00,1.17228,1.17266,1.17076,1.1713,4741,8,0
2026-04-28 04:00:00+00:00,1.1713,1.17161,1.16856,1.16962,6616,8,0
2026-04-28 08:00:00+00:00,1.16964,1.17073,1.16818,1.16827,8684,8,0
2026-04-28 12:00:00+00:00,1.1683,1.17154,1.1677,1.17131,13594,8,0
2026-04-28 16:00:00+00:00,1.17131,1.17175,1.17052,1.17095,5834,8,0
2026-04-28 20:00:00+00:00,1.17095,1.17179,1.17089,1.17174,1866,8,0
2026-04-29 00:00:00+00:00,1.17175,1.17202,1.17046,1.17055,4666,8,0
2026-04-29 04:00:00+00:00,1.17057,1.17078,1.16962,1.17053,5074,8,0
2026-04-29 08:00:00+00:00,1.1705,1.17095,1.16933,1.17009,6704,8,0
2026-04-29 12:00:00+00:00,1.17007,1.17077,1.1682,1.16941,13079,8,0
2026-04-29 16:00:00+00:00,1.16942,1.16983,1.16609,1.16759,13672,8,0
2026-04-29 20:00:00+00:00,1.16757,1.16861,1.16705,1.1684,3715,8,0
2026-04-30 00:00:00+00:00,1.16843,1.16891,1.16622,1.16656,6836,8,0
2026-04-30 04:00:00+00:00,1.16656,1.16835,1.16547,1.16793,7580,8,0
2026-04-30 08:00:00+00:00,1.16794,1.17192,1.16729,1.17046,18275,8,0
2026-04-30 12:00:00+00:00,1.17044,1.17355,1.16814,1.17279,20645,8,0
2026-04-30 16:00:00+00:00,1.17283,1.17415,1.17217,1.17332,8466,8,0
2026-04-30 20:00:00+00:00,1.1733,1.17361,1.17277,1.1728399999999999,3411,8,0
2026-05-01 00:00:00+00:00,1.17286,1.17361,1.1724,1.1730800000000001,4482,8,0
2026-05-01 04:00:00+00:00,1.1730800000000001,1.17446,1.1718600000000001,1.17342,8112,8,0
2026-05-01 08:00:00+00:00,1.1734499999999999,1.17582,1.17303,1.17509,7666,8,0
2026-05-01 12:00:00+00:00,1.17511,1.17851,1.17437,1.17548,15435,8,0
2026-05-01 16:00:00+00:00,1.17546,1.17569,1.17173,1.17193,8970,8,0
2026-05-01 20:00:00+00:00,1.17193,1.17221,1.17144,1.172,1075,8,0
2026-05-03 20:00:00+00:00,1.17428,1.17462,1.1724700000000001,1.17256,3056,8,0
2026-05-04 00:00:00+00:00,1.17254,1.17385,1.17197,1.1737,6843,8,0
2026-05-04 04:00:00+00:00,1.17372,1.17379,1.17148,1.17174,7089,8,0
2026-05-04 08:00:00+00:00,1.17172,1.17233,1.16885,1.1693,12060,8,0
2026-05-04 12:00:00+00:00,1.16932,1.17175,1.16916,1.16973,14508,8,0
2026-05-04 16:00:00+00:00,1.16971,1.17018,1.16807,1.1695,10533,8,0
2026-05-04 20:00:00+00:00,1.16948,1.16948,1.16866,1.16912,1994,8,0
2026-05-05 00:00:00+00:00,1.16912,1.16936,1.16794,1.16837,3928,8,0
2026-05-05 04:00:00+00:00,1.16835,1.16962,1.1676199999999999,1.16888,6538,8,0
2026-05-05 08:00:00+00:00,1.16886,1.16975,1.16807,1.16888,7819,8,0
2026-05-05 12:00:00+00:00,1.16887,1.17133,1.16848,1.17064,11668,8,0
2026-05-05 16:00:00+00:00,1.17062,1.17086,1.16937,1.16951,5255,8,0
2026-05-05 20:00:00+00:00,1.16949,1.17251,1.16901,1.17146,3775,8,0
2026-05-06 00:00:00+00:00,1.17148,1.17256,1.1711,1.17174,6329,8,0
2026-05-06 04:00:00+00:00,1.17174,1.17426,1.17159,1.17372,10082,8,0
2026-05-06 08:00:00+00:00,1.17371,1.17964,1.17326,1.17698,15686,8,0
2026-05-06 12:00:00+00:00,1.177,1.177,1.17445,1.17525,14436,8,0
2026-05-06 16:00:00+00:00,1.17524,1.17551,1.17417,1.17474,6750,8,0
2026-05-06 20:00:00+00:00,1.17474,1.1751800000000001,1.17444,1.17477,2255,8,0
2026-05-07 00:00:00+00:00,1.17477,1.1763,1.17461,1.17485,6077,8,0
2026-05-07 04:00:00+00:00,1.17485,1.17682,1.17444,1.17665,7936,8,0
2026-05-07 08:00:00+00:00,1.17667,1.17779,1.1762,1.17694,8464,8,0
2026-05-07 12:00:00+00:00,1.17696,1.17776,1.17627,1.17635,10965,8,0
2026-05-07 16:00:00+00:00,1.17632,1.17656,1.17332,1.17334,12662,8,0
2026-05-07 20:00:00+00:00,1.17336,1.17444,1.17198,1.17302,4657,8,0
2026-05-08 00:00:00+00:00,1.17304,1.17343,1.17242,1.1728,5505,8,0
2026-05-08 04:00:00+00:00,1.1728,1.17477,1.17265,1.17428,6185,8,0
2026-05-08 08:00:00+00:00,1.17426,1.17731,1.17418,1.17649,7163,8,0
2026-05-08 12:00:00+00:00,1.17651,1.1786699999999999,1.17556,1.17725,12607,8,0
2026-05-08 16:00:00+00:00,1.17723,1.17829,1.17702,1.17798,5856,8,0
2026-05-08 20:00:00+00:00,1.17799,1.17876,1.17784,1.17848,870,8,0
2026-05-10 20:00:00+00:00,1.17485,1.17696,1.17468,1.17668,2563,8,0
2026-05-11 00:00:00+00:00,1.17668,1.17715,1.17557,1.17564,4732,8,0
2026-05-11 04:00:00+00:00,1.17565,1.17743,1.17484,1.17714,4993,8,0
2026-05-11 08:00:00+00:00,1.17716,1.17817,1.17631,1.17679,6121,8,0
2026-05-11 12:00:00+00:00,1.17681,1.17875,1.1764000000000001,1.1779600000000001,9274,8,0
2026-05-11 16:00:00+00:00,1.17798,1.178,1.17706,1.17769,4977,8,0
2026-05-11 20:00:00+00:00,1.1777,1.17874,1.17734,1.1778,2287,8,0
2026-05-12 00:00:00+00:00,1.17778,1.17778,1.17544,1.17561,4708,8,0
2026-05-12 04:00:00+00:00,1.17561,1.17676,1.17432,1.17476,7078,8,0
2026-05-12 08:00:00+00:00,1.17477,1.17512,1.17346,1.17434,7843,8,0
2026-05-12 12:00:00+00:00,1.17435,1.17497,1.1721300000000001,1.17321,12275,8,0
2026-05-12 16:00:00+00:00,1.17323,1.17464,1.1727,1.17401,6195,8,0
2026-05-12 20:00:00+00:00,1.17402,1.1741,1.17318,1.17349,2031,8,0
2026-05-13 00:00:00+00:00,1.17349,1.17413,1.17316,1.17342,4258,8,0
2026-05-13 04:00:00+00:00,1.17342,1.17367,1.17068,1.1707,4852,8,0
2026-05-13 08:00:00+00:00,1.17068,1.17168,1.16951,1.17116,6988,8,0
2026-05-13 12:00:00+00:00,1.17116,1.17158,1.1696900000000001,1.17108,10114,8,0
2026-05-13 16:00:00+00:00,1.17106,1.17175,1.17036,1.1709100000000001,5475,8,0
2026-05-13 20:00:00+00:00,1.1709,1.17184,1.17084,1.17153,1967,8,0
2026-05-14 00:00:00+00:00,1.17153,1.17183,1.17092,1.17118,3970,8,0
2026-05-14 04:00:00+00:00,1.17118,1.1721,1.17055,1.17073,5709,8,0
2026-05-14 08:00:00+00:00,1.17073,1.17135,1.16991,1.16994,6448,8,0
2026-05-14 12:00:00+00:00,1.16992,1.17053,1.16713,1.16773,10682,8,0
2026-05-14 16:00:00+00:00,1.16771,1.16812,1.16681,1.16706,6323,8,0
2026-05-14 20:00:00+00:00,1.16706,1.16718,1.16611,1.16616,2598,8,0
2026-05-15 00:00:00+00:00,1.16618,1.1663000000000001,1.16453,1.1651799999999999,5598,8,0
2026-05-15 04:00:00+00:00,1.16517,1.16524,1.16315,1.16361,8210,8,0
2026-05-15 08:00:00+00:00,1.16364,1.1655,1.1617,1.16314,10384,8,0
2026-05-15 12:00:00+00:00,1.16312,1.16375,1.16184,1.1626,12278,8,0
2026-05-15 16:00:00+00:00,1.16261,1.16352,1.16164,1.16211,6465,8,0
2026-05-15 20:00:00+00:00,1.16208,1.16254,1.16189,1.16246,863,8,0
2026-05-17 20:00:00+00:00,1.16167,1.16241,1.16115,1.16134,2187,8,0
2026-05-18 00:00:00+00:00,1.16136,1.16221,1.16078,1.16214,6742,8,0
2026-05-18 04:00:00+00:00,1.16214,1.16401,1.16165,1.16317,6934,8,0
2026-05-18 08:00:00+00:00,1.16315,1.16492,1.16261,1.16414,8283,8,0
2026-05-18 12:00:00+00:00,1.16415,1.16568,1.16329,1.1648,13403,8,0
2026-05-18 16:00:00+00:00,1.16482,1.16562,1.16284,1.16507,10060,8,0
2026-05-18 20:00:00+00:00,1.16506,1.16612,1.1648,1.16545,2770,8,0
2026-05-19 00:00:00+00:00,1.16545,1.16557,1.16402,1.16409,5840,8,0
2026-05-19 04:00:00+00:00,1.16411,1.16452,1.16296,1.16344,6602,8,0
2026-05-19 08:00:00+00:00,1.16346,1.16358,1.1610800000000001,1.16163,8352,8,0
2026-05-19 12:00:00+00:00,1.16163,1.16236,1.15917,1.16016,13878,8,0
2026-05-19 16:00:00+00:00,1.16016,1.16144,1.15955,1.1606,6850,8,0
2026-05-19 20:00:00+00:00,1.16061,1.16125,1.16017,1.16064,2064,8,0
2026-05-20 00:00:00+00:00,1.16062,1.16101,1.15933,1.16019,6657,8,0
2026-05-20 04:00:00+00:00,1.16019,1.16065,1.15912,1.15929,6818,8,0
2026-05-20 08:00:00+00:00,1.15928,1.1605,1.15828,1.16006,7075,8,0
2026-05-20 12:00:00+00:00,1.16005,1.16449,1.15822,1.1619,18026,8,0
2026-05-20 16:00:00+00:00,1.1619,1.16354,1.16158,1.16276,9477,8,0
2026-05-20 20:00:00+00:00,1.1627399999999999,1.16282,1.16216,1.16245,2878,8,0
2026-05-21 00:00:00+00:00,1.16245,1.16348,1.16153,1.16186,5518,8,0
2026-05-21 04:00:00+00:00,1.16186,1.16266,1.15937,1.1607,6990,8,0
2026-05-21 08:00:00+00:00,1.16068,1.16353,1.15956,1.15987,12049,8,0
2026-05-21 12:00:00+00:00,1.15987,1.16086,1.15758,1.15881,15110,8,0
2026-05-21 16:00:00+00:00,1.15883,1.16297,1.15842,1.16208,13429,8,0
2026-05-21 20:00:00+00:00,1.1621,1.16224,1.16133,1.16173,2405,8,0
2026-05-22 00:00:00+00:00,1.16173,1.16174,1.16083,1.16116,3842,8,0
2026-05-22 04:00:00+00:00,1.16116,1.16167,1.1601,1.1608100000000001,5083,8,0
2026-05-22 08:00:00+00:00,1.1608,1.16154,1.15929,1.1596,6755,8,0
2026-05-22 12:00:00+00:00,1.1596,1.1617899999999999,1.15879,1.16024,12127,8,0
2026-05-22 16:00:00+00:00,1.16025,1.16188,1.15991,1.16055,7395,8,0
2026-05-22 20:00:00+00:00,1.1605699999999999,1.16064,1.15978,1.1602000000000001,918,8,0
2026-05-24 20:00:00+00:00,1.1622,1.1645699999999999,1.1622,1.16414,2525,8,0
2026-05-25 00:00:00+00:00,1.16412,1.16486,1.16351,1.1637,5204,8,0
2026-05-25 04:00:00+00:00,1.1637,1.16449,1.16291,1.1637,5226,8,0
2026-05-25 08:00:00+00:00,1.16372,1.16505,1.16326,1.16437,4237,8,0
2026-05-25 12:00:00+00:00,1.16439,1.16524,1.1638,1.1642000000000001,5754,8,0
2026-05-25 16:00:00+00:00,1.16418,1.16437,1.16363,1.16419,2321,8,0
2026-05-25 20:00:00+00:00,1.16421,1.16433,1.16339,1.16356,2341,8,0
2026-05-26 00:00:00+00:00,1.16358,1.16395,1.1630099999999999,1.16355,3974,8,0
2026-05-26 04:00:00+00:00,1.16354,1.16399,1.16237,1.16368,4885,8,0
2026-05-26 08:00:00+00:00,1.1637,1.16451,1.16322,1.16345,6724,8,0
2026-05-26 12:00:00+00:00,1.16343,1.16363,1.1616,1.16187,9194,8,0
2026-05-26 16:00:00+00:00,1.1619,1.16323,1.1619,1.16316,4600,8,0
2026-05-26 20:00:00+00:00,1.16313,1.16395,1.16253,1.16361,2374,8,0
2026-05-27 00:00:00+00:00,1.16361,1.16421,1.16323,1.16383,4259,8,0
2026-05-27 04:00:00+00:00,1.16381,1.1649,1.16369,1.16404,5080,8,0
2026-05-27 08:00:00+00:00,1.16406,1.16483,1.16326,1.16374,6230,8,0
2026-05-27 12:00:00+00:00,1.16375,1.16612,1.16222,1.1629800000000001,16735,8,0
2026-05-27 16:00:00+00:00,1.163,1.16327,1.16219,1.16287,5525,8,0
2026-05-27 20:00:00+00:00,1.16284,1.16303,1.16157,1.16171,2621,8,0
2026-05-28 00:00:00+00:00,1.16171,1.16232,1.15866,1.15866,5582,8,0
2026-05-28 04:00:00+00:00,1.15866,1.16173,1.15858,1.16112,6253,8,0
2026-05-28 08:00:00+00:00,1.16115,1.16225,1.16031,1.16168,6567,8,0
2026-05-28 12:00:00+00:00,1.16168,1.16575,1.1615199999999999,1.16477,15521,8,0
2026-05-28 16:00:00+00:00,1.16477,1.1661,1.16453,1.16476,6543,8,0
2026-05-28 20:00:00+00:00,1.16473,1.16528,1.16446,1.16521,2355,8,0
2026-05-29 00:00:00+00:00,1.16521,1.16562,1.16355,1.16369,4447,8,0
2026-05-29 04:00:00+00:00,1.16367,1.1654,1.1634,1.16418,5148,8,0
2026-05-29 08:00:00+00:00,1.16416,1.16479,1.16247,1.16472,6963,8,0
2026-05-29 12:00:00+00:00,1.16473,1.16854,1.16402,1.16776,12219,8,0
2026-05-29 16:00:00+00:00,1.16776,1.16788,1.1660300000000001,1.16645,6509,8,0
2026-05-29 20:00:00+00:00,1.16647,1.16647,1.16584,1.166,827,8,0
2026-05-31 20:00:00+00:00,1.16535,1.16602,1.16482,1.16483,1967,8,0
2026-06-01 00:00:00+00:00,1.16483,1.16533,1.16413,1.16434,4208,8,0
2026-06-01 04:00:00+00:00,1.16434,1.16644,1.16431,1.16563,5278,8,0
2026-06-01 08:00:00+00:00,1.16565,1.1660300000000001,1.16412,1.16459,5621,8,0
2026-06-01 12:00:00+00:00,1.16459,1.16502,1.16063,1.16226,13840,8,0
2026-06-01 16:00:00+00:00,1.16228,1.16375,1.16161,1.16314,6468,8,0
2026-06-01 20:00:00+00:00,1.16312,1.1635900000000001,1.16287,1.16349,1834,8,0
2026-06-02 00:00:00+00:00,1.16349,1.16366,1.16282,1.16337,3711,8,0
2026-06-02 04:00:00+00:00,1.16337,1.1651799999999999,1.16336,1.16483,4711,8,0
2026-06-02 08:00:00+00:00,1.16485,1.16525,1.1638,1.16489,5085,8,0
2026-06-02 12:00:00+00:00,1.16492,1.16553,1.16351,1.16401,8333,8,0
2026-06-02 16:00:00+00:00,1.16401,1.16409,1.16131,1.1632,4830,8,0
2026-06-02 20:00:00+00:00,1.16319,1.16345,1.16193,1.1621,2511,8,0
2026-06-03 00:00:00+00:00,1.16209,1.16331,1.162,1.16272,3644,8,0
2026-06-03 04:00:00+00:00,1.16272,1.16278,1.1612,1.16159,5489,8,0
2026-06-03 08:00:00+00:00,1.16156,1.16224,1.1604700000000001,1.16174,6745,8,0
2026-06-03 12:00:00+00:00,1.16177,1.16182,1.15944,1.16043,10997,8,0
2026-06-03 16:00:00+00:00,1.16045,1.1604700000000001,1.15948,1.15977,4966,8,0
2026-06-03 20:00:00+00:00,1.15979,1.16117,1.15943,1.16086,2871,8,0
2026-06-04 00:00:00+00:00,1.16088,1.16123,1.16022,1.16056,4439,8,0
2026-06-04 04:00:00+00:00,1.16055,1.16145,1.15983,1.16037,5347,8,0
2026-06-04 08:00:00+00:00,1.16036,1.16449,1.16031,1.16414,7854,8,0
2026-06-04 12:00:00+00:00,1.16412,1.16448,1.1622,1.16278,8114,8,0
2026-06-04 16:00:00+00:00,1.16278,1.16295,1.16102,1.16123,3529,8,0
2026-06-04 20:00:00+00:00,1.16124,1.16138,1.16074,1.1612,1931,8,0
2026-06-05 00:00:00+00:00,1.1611799999999999,1.16163,1.16095,1.16145,3913,8,0
2026-06-05 04:00:00+00:00,1.16145,1.16367,1.16125,1.16317,4500,8,0
2026-06-05 08:00:00+00:00,1.16316,1.16439,1.16316,1.1641,5731,8,0
2026-06-05 12:00:00+00:00,1.16412,1.16427,1.15313,1.15323,19248,8,0
2026-06-05 16:00:00+00:00,1.15324,1.15327,1.15181,1.1525,8755,8,0
2026-06-05 20:00:00+00:00,1.1525,1.15256,1.15166,1.15221,1188,8,0
2026-06-07 20:00:00+00:00,1.15119,1.15226,1.15068,1.15215,2868,8,0
2026-06-08 00:00:00+00:00,1.15215,1.15343,1.15115,1.15318,7282,8,0
2026-06-08 04:00:00+00:00,1.15318,1.15394,1.15133,1.15162,8623,8,0
2026-06-08 08:00:00+00:00,1.15163,1.15434,1.14993,1.1536,11881,8,0
2026-06-08 12:00:00+00:00,1.1536,1.15543,1.1531500000000001,1.1543700000000001,12068,8,0
2026-06-08 16:00:00+00:00,1.15436,1.15458,1.15273,1.15305,6365,8,0
2026-06-08 20:00:00+00:00,1.15305,1.15364,1.15276,1.15279,2309,8,0
2026-06-09 00:00:00+00:00,1.15276,1.154,1.15267,1.15377,4785,8,0
2026-06-09 04:00:00+00:00,1.15377,1.15531,1.15367,1.15388,6344,8,0
2026-06-09 08:00:00+00:00,1.15387,1.15739,1.15361,1.15721,6130,8,0
2026-06-09 12:00:00+00:00,1.15723,1.15775,1.15454,1.15549,11396,8,0
2026-06-09 16:00:00+00:00,1.15545,1.1557,1.15282,1.15411,11538,8,0
2026-06-09 20:00:00+00:00,1.15411,1.15452,1.15322,1.15344,2710,8,0
2026-06-10 00:00:00+00:00,1.1534200000000001,1.15518,1.1533,1.1549800000000001,6489,8,0
2026-06-10 04:00:00+00:00,1.1549800000000001,1.15583,1.1544,1.15534,6322,8,0
2026-06-10 08:00:00+00:00,1.15533,1.15594,1.1535199999999999,1.15362,9623,8,0
2026-06-10 12:00:00+00:00,1.15364,1.15728,1.1534200000000001,1.1549,15588,8,0
2026-06-10 16:00:00+00:00,1.1549,1.15591,1.15407,1.15411,8555,8,0
2026-06-10 20:00:00+00:00,1.15409,1.15412,1.15253,1.15348,4475,8,0
2026-06-11 00:00:00+00:00,1.1535,1.15556,1.1535,1.15449,6636,8,0
2026-06-11 04:00:00+00:00,1.15449,1.15552,1.15399,1.15446,6210,8,0
2026-06-11 08:00:00+00:00,1.15445,1.1545,1.15227,1.1538,7389,8,0
2026-06-11 12:00:00+00:00,1.15379,1.1543,1.15136,1.1514199999999999,15562,8,0
2026-06-11 16:00:00+00:00,1.15144,1.15894,1.15026,1.15783,19263,8,0
2026-06-11 20:00:00+00:00,1.15782,1.15861,1.15727,1.15751,4030,8,0
2026-06-12 00:00:00+00:00,1.15753,1.15761,1.15613,1.15716,6694,8,0
2026-06-12 04:00:00+00:00,1.1571799999999999,1.15749,1.15567,1.15663,7659,8,0
2026-06-12 08:00:00+00:00,1.15665,1.15893,1.15649,1.15711,10394,8,0
2026-06-12 12:00:00+00:00,1.15711,1.15832,1.15598,1.15727,13291,8,0
2026-06-12 16:00:00+00:00,1.15725,1.15782,1.15683,1.15712,6786,8,0
2026-06-12 20:00:00+00:00,1.1571,1.1571500000000001,1.15649,1.15668,887,8,0
2026-06-14 20:00:00+00:00,1.1572,1.16171,1.15711,1.16026,4167,8,0
2026-06-15 00:00:00+00:00,1.16024,1.16113,1.15938,1.16038,5150,8,0
2026-06-15 04:00:00+00:00,1.16038,1.16217,1.16005,1.16059,6670,8,0
2026-06-15 08:00:00+00:00,1.1605699999999999,1.16141,1.15968,1.16088,6883,8,0
2026-06-15 12:00:00+00:00,1.16085,1.16201,1.15963,1.1598,8883,8,0
2026-06-15 16:00:00+00:00,1.15981,1.1604700000000001,1.15842,1.1585,5342,8,0
2026-06-15 20:00:00+00:00,1.15848,1.15934,1.15834,1.1590799999999999,2402,8,0
2026-06-16 00:00:00+00:00,1.15906,1.15947,1.15824,1.1586,4340,8,0
2026-06-16 04:00:00+00:00,1.15861,1.15953,1.15744,1.15953,5763,8,0
2026-06-16 08:00:00+00:00,1.15954,1.16125,1.15927,1.15988,6514,8,0
2026-06-16 12:00:00+00:00,1.15988,1.16184,1.15875,1.16136,9659,8,0
2026-06-16 16:00:00+00:00,1.16138,1.16196,1.16056,1.1608,5361,8,0
2026-06-16 20:00:00+00:00,1.16079,1.16145,1.16051,1.16095,2209,8,0
2026-06-17 00:00:00+00:00,1.16095,1.16163,1.1608,1.16099,3111,8,0
2026-06-17 04:00:00+00:00,1.16099,1.16147,1.16035,1.1608100000000001,4652,8,0
2026-06-17 08:00:00+00:00,1.16082,1.16082,1.15851,1.15911,5591,8,0
2026-06-17 12:00:00+00:00,1.15913,1.16025,1.15804,1.15923,8553,8,0
2026-06-17 16:00:00+00:00,1.1592500000000001,1.1596,1.14776,1.14937,27541,8,0
2026-06-17 20:00:00+00:00,1.14939,1.15082,1.14865,1.15063,4110,8,0
2026-06-18 00:00:00+00:00,1.15065,1.15239,1.15065,1.15229,5716,8,0
2026-06-18 04:00:00+00:00,1.1522999999999999,1.1528100000000001,1.15062,1.15124,7766,8,0
2026-06-18 08:00:00+00:00,1.15124,1.15137,1.14539,1.1457,12717,8,0
2026-06-18 12:00:00+00:00,1.1457,1.1487,1.14529,1.1469,15188,8,0
2026-06-18 16:00:00+00:00,1.14691,1.14731,1.14509,1.14571,8360,8,0
2026-06-18 20:00:00+00:00,1.14572,1.1463,1.14536,1.14581,2666,8,0
2026-06-19 00:00:00+00:00,1.14581,1.14652,1.14415,1.14419,4849,8,0
2026-06-19 04:00:00+00:00,1.14422,1.14487,1.14173,1.14458,8872,8,0
2026-06-19 08:00:00+00:00,1.14458,1.14675,1.14458,1.14607,7039,8,0
2026-06-19 12:00:00+00:00,1.14609,1.1476,1.14565,1.1464699999999999,8339,8,0
2026-06-19 16:00:00+00:00,1.1464699999999999,1.1480299999999999,1.14616,1.14755,3276,8,0
2026-06-19 20:00:00+00:00,1.14757,1.1477,1.14654,1.14685,1731,8,0
2026-06-21 20:00:00+00:00,1.14606,1.1467100000000001,1.14544,1.14619,2311,8,0
2026-06-22 00:00:00+00:00,1.14621,1.1473200000000001,1.1454,1.14561,5731,8,0
2026-06-22 04:00:00+00:00,1.14561,1.14631,1.14438,1.14456,6985,8,0
2026-06-22 08:00:00+00:00,1.14455,1.14633,1.14412,1.14483,9025,8,0
2026-06-22 12:00:00+00:00,1.14483,1.14616,1.14252,1.14316,14757,8,0
2026-06-22 16:00:00+00:00,1.14318,1.14331,1.14187,1.14245,5468,8,0
2026-06-22 20:00:00+00:00,1.14247,1.14291,1.14241,1.14267,1988,8,0
2026-06-23 00:00:00+00:00,1.14266,1.14314,1.14181,1.14293,4689,8,0
2026-06-23 04:00:00+00:00,1.14294,1.14385,1.14093,1.14113,7627,8,0
2026-06-23 08:00:00+00:00,1.14115,1.1417,1.1384,1.13853,8389,8,0
2026-06-23 12:00:00+00:00,1.1385399999999999,1.13997,1.13752,1.13824,11936,8,0
2026-06-23 16:00:00+00:00,1.13825,1.13835,1.13757,1.13786,5149,8,0
2026-06-23 20:00:00+00:00,1.13786,1.13832,1.13774,1.13788,2373,8,0
2026-06-24 00:00:00+00:00,1.13788,1.13819,1.13611,1.13669,5921,8,0
2026-06-24 04:00:00+00:00,1.13668,1.13748,1.13509,1.13513,6818,8,0
2026-06-24 08:00:00+00:00,1.13513,1.13554,1.13364,1.134,9665,8,0
2026-06-24 12:00:00+00:00,1.13399,1.13617,1.13242,1.13475,14409,8,0
2026-06-24 16:00:00+00:00,1.13475,1.13675,1.13465,1.13531,7576,8,0
2026-06-24 20:00:00+00:00,1.1353,1.1360000000000001,1.1352,1.13535,2759,8,0
2026-06-25 00:00:00+00:00,1.13535,1.13707,1.13473,1.13696,5328,8,0
2026-06-25 04:00:00+00:00,1.13696,1.13705,1.1344400000000001,1.13587,6429,8,0
2026-06-25 08:00:00+00:00,1.13589,1.13737,1.13329,1.13373,7693,8,0
2026-06-25 12:00:00+00:00,1.13375,1.13877,1.1336,1.13839,16048,8,0
2026-06-25 16:00:00+00:00,1.13841,1.1386,1.1368,1.13721,7048,8,0
2026-06-25 20:00:00+00:00,1.1372200000000001,1.13741,1.13599,1.13612,3289,8,0
2026-06-26 00:00:00+00:00,1.13612,1.13713,1.1353900000000001,1.13712,5747,8,0
2026-06-26 04:00:00+00:00,1.13713,1.13885,1.13682,1.13863,6948,8,0
2026-06-26 08:00:00+00:00,1.13861,1.14117,1.13828,1.13979,9757,8,0
2026-06-26 12:00:00+00:00,1.13978,1.14336,1.13918,1.14025,14550,8,0
2026-06-26 16:00:00+00:00,1.1402700000000001,1.1403,1.13806,1.13864,6170,8,0
2026-06-26 20:00:00+00:00,1.13867,1.13916,1.13809,1.13849,1474,8,0
2026-06-28 20:00:00+00:00,1.13809,1.13873,1.13799,1.13851,1571,8,0
2026-06-29 00:00:00+00:00,1.13851,1.13929,1.13829,1.1383,5319,8,0
2026-06-29 04:00:00+00:00,1.13829,1.14146,1.13806,1.14021,6347,8,0
2026-06-29 08:00:00+00:00,1.14024,1.14112,1.13924,1.14084,7561,8,0
2026-06-29 12:00:00+00:00,1.14084,1.14247,1.14002,1.14232,11182,8,0
2026-06-29 16:00:00+00:00,1.14234,1.14303,1.1421000000000001,1.14252,4966,8,0
2026-06-29 20:00:00+00:00,1.14253,1.14272,1.14188,1.14188,1864,8,0
2026-06-30 00:00:00+00:00,1.14188,1.14202,1.13967,1.13982,5554,8,0
2026-06-30 04:00:00+00:00,1.13983,1.1409,1.13821,1.13983,7041,8,0
2026-06-30 08:00:00+00:00,1.13981,1.14025,1.13831,1.13928,8586,8,0
2026-06-30 12:00:00+00:00,1.13927,1.14362,1.13883,1.14168,13649,8,0
2026-06-30 16:00:00+00:00,1.14168,1.14267,1.14118,1.14262,5690,8,0
2026-06-30 20:00:00+00:00,1.14259,1.14269,1.1412200000000001,1.14128,2037,8,0
2026-07-01 00:00:00+00:00,1.14128,1.14139,1.14013,1.14039,4728,8,0
2026-07-01 04:00:00+00:00,1.1404,1.14104,1.13928,1.14019,5803,8,0
2026-07-01 08:00:00+00:00,1.14017,1.14035,1.1384400000000001,1.13853,7123,8,0
2026-07-01 12:00:00+00:00,1.1385399999999999,1.14117,1.13614,1.13836,18359,8,0
2026-07-01 16:00:00+00:00,1.13837,1.13937,1.13751,1.13786,6955,8,0
2026-07-01 20:00:00+00:00,1.1378300000000001,1.13794,1.13736,1.13772,1736,8,0
2026-07-02 00:00:00+00:00,1.13772,1.1388099999999999,1.13746,1.1381999999999999,4521,8,0
2026-07-02 04:00:00+00:00,1.1381999999999999,1.1408800000000001,1.13813,1.14074,7460,8,0
2026-07-02 08:00:00+00:00,1.14073,1.14207,1.14002,1.1403699999999999,8894,8,0
2026-07-02 12:00:00+00:00,1.14035,1.14723,1.13952,1.1447,24578,8,0
2026-07-02 16:00:00+00:00,1.14472,1.14479,1.1426,1.1430500000000001,7239,8,0
2026-07-02 20:00:00+00:00,1.14303,1.14353,1.14217,1.14222,2359,8,0
2026-07-03 00:00:00+00:00,1.1421999999999999,1.14444,1.14203,1.14407,5679,8,0
2026-07-03 04:00:00+00:00,1.14408,1.14619,1.14387,1.14541,6497,8,0
2026-07-03 08:00:00+00:00,1.14544,1.14574,1.14401,1.14502,6103,8,0
2026-07-03 12:00:00+00:00,1.14504,1.1452499999999999,1.14345,1.14369,6044,8,0
2026-07-03 16:00:00+00:00,1.14368,1.14419,1.14351,1.14361,2925,8,0
2026-07-03 20:00:00+00:00,1.14361,1.14374,1.1433200000000001,1.14356,1059,8,0
2026-07-05 20:00:00+00:00,1.14347,1.14381,1.14326,1.14365,1571,8,0
2026-07-06 00:00:00+00:00,1.14364,1.14407,1.14272,1.1431499999999999,5180,8,0
2026-07-06 04:00:00+00:00,1.14313,1.14338,1.14165,1.14262,6135,8,0
2026-07-06 08:00:00+00:00,1.14262,1.14269,1.14094,1.14148,6754,8,0
2026-07-06 12:00:00+00:00,1.1415,1.14257,1.14081,1.14251,8576,8,0
2026-07-06 16:00:00+00:00,1.14252,1.14445,1.14247,1.14406,4587,8,0
2026-07-06 20:00:00+00:00,1.14404,1.14476,1.14377,1.14411,1936,8,0
2026-07-07 00:00:00+00:00,1.1441,1.14471,1.14357,1.14364,4806,8,0
2026-07-07 04:00:00+00:00,1.1436600000000001,1.14388,1.1424400000000001,1.14248,5613,8,0
2026-07-07 08:00:00+00:00,1.14249,1.14388,1.1423,1.14322,6653,8,0
2026-07-07 12:00:00+00:00,1.14321,1.14419,1.14217,1.14224,9845,8,0
2026-07-07 16:00:00+00:00,1.14226,1.14295,1.14078,1.14163,6829,8,0
2026-07-07 20:00:00+00:00,1.1416,1.14169,1.13973,1.1401,3119,8,0
2026-07-08 00:00:00+00:00,1.14012,1.1416,1.13981,1.1414,5580,8,0
2026-07-08 04:00:00+00:00,1.14139,1.14313,1.14107,1.14255,7085,8,0
2026-07-08 08:00:00+00:00,1.14254,1.14274,1.13928,1.13982,14787,8,0
2026-07-08 12:00:00+00:00,1.13981,1.14134,1.13908,1.1395,12440,8,0
2026-07-08 16:00:00+00:00,1.13952,1.14299,1.1394199999999999,1.1427100000000001,7744,8,0
2026-07-08 20:00:00+00:00,1.1427100000000001,1.14275,1.14117,1.14209,2210,8,0
2026-07-09 00:00:00+00:00,1.14211,1.143,1.14197,1.14266,4623,8,0
2026-07-09 04:00:00+00:00,1.14266,1.14491,1.14229,1.14354,6332,8,0
2026-07-09 08:00:00+00:00,1.14352,1.14378,1.14207,1.1429,7054,8,0
2026-07-09 12:00:00+00:00,1.14293,1.14455,1.14222,1.14384,9489,8,0
2026-07-09 16:00:00+00:00,1.14382,1.1441,1.14252,1.14274,4559,8,0
2026-07-09 20:00:00+00:00,1.14274,1.14335,1.1427,1.14329,1487,8,0
2026-07-10 00:00:00+00:00,1.14329,1.14603,1.14299,1.14492,6815,8,0
2026-07-10 04:00:00+00:00,1.1449,1.1449,1.14353,1.1437,6053,8,0
2026-07-10 08:00:00+00:00,1.14369,1.14418,1.14262,1.1430500000000001,7074,8,0
2026-07-10 12:00:00+00:00,1.14307,1.14415,1.14114,1.14371,11375,8,0
2026-07-10 16:00:00+00:00,1.14373,1.14409,1.14114,1.14155,5721,8,0
2026-07-10 20:00:00+00:00,1.14153,1.14178,1.14113,1.14143,772,8,0
2026-07-12 20:00:00+00:00,1.13997,1.14045,1.13876,1.1403699999999999,2759,8,0
2026-07-13 00:00:00+00:00,1.14039,1.1405,1.13839,1.13984,6271,8,0
2026-07-13 04:00:00+00:00,1.13983,1.14257,1.13955,1.14241,8029,8,0
2026-07-13 08:00:00+00:00,1.14243,1.1445400000000001,1.14236,1.1427100000000001,9136,8,0
2026-07-13 12:00:00+00:00,1.1427,1.14329,1.1396,1.14012,12127,8,0
2026-07-13 16:00:00+00:00,1.14013,1.14023,1.13815,1.13831,7604,8,0
2026-07-13 20:00:00+00:00,1.13832,1.13853,1.13768,1.13831,2465,8,0
2026-07-14 00:00:00+00:00,1.13833,1.13962,1.13778,1.13931,6378,8,0
2026-07-14 04:00:00+00:00,1.13931,1.13972,1.13837,1.13952,6656,8,0
2026-07-14 08:00:00+00:00,1.13955,1.14089,1.13896,1.1406100000000001,7931,8,0
2026-07-14 12:00:00+00:00,1.1406100000000001,1.14622,1.14035,1.14268,21986,8,0
2026-07-14 16:00:00+00:00,1.1427100000000001,1.1434,1.14157,1.14198,6918,8,0
2026-07-14 20:00:00+00:00,1.142,1.14246,1.14167,1.14241,2372,8,0
2026-07-15 00:00:00+00:00,1.14242,1.14419,1.14235,1.14375,4984,8,0
2026-07-15 04:00:00+00:00,1.14378,1.14436,1.14195,1.14231,6095,8,0
2026-07-15 08:00:00+00:00,1.14233,1.1427100000000001,1.14096,1.14114,7500,8,0
2026-07-15 12:00:00+00:00,1.14116,1.14411,1.14058,1.1435,12391,8,0
2026-07-15 16:00:00+00:00,1.14348,1.14821,1.143,1.14636,9837,8,0
2026-07-15 20:00:00+00:00,1.14634,1.14705,1.14606,1.14693,2226,8,0
2026-07-16 00:00:00+00:00,1.14693,1.14743,1.14599,1.14661,5155,8,0
2026-07-16 04:00:00+00:00,1.14661,1.1476,1.1461999999999999,1.14689,5819,8,0
2026-07-16 08:00:00+00:00,1.14687,1.14714,1.14561,1.1468099999999999,7375,8,0
2026-07-16 12:00:00+00:00,1.1468099999999999,1.14702,1.14361,1.14465,11032,8,0
2026-07-16 16:00:00+00:00,1.14465,1.14467,1.14306,1.144,5487,8,0
2026-07-16 20:00:00+00:00,1.14398,1.14461,1.14381,1.14448,1779,8,0
2026-07-17 00:00:00+00:00,1.14449,1.14476,1.14354,1.14387,4371,8,0
2026-07-17 04:00:00+00:00,1.14389,1.14519,1.14343,1.14445,5487,8,0
2026-07-17 08:00:00+00:00,1.14448,1.14474,1.14241,1.14298,7712,8,0
2026-07-17 12:00:00+00:00,1.143,1.1444,1.14242,1.14396,9360,8,0
2026-07-17 16:00:00+00:00,1.14397,1.14411,1.14329,1.14404,4780,8,0
2026-07-17 20:00:00+00:00,1.14406,1.1442,1.1436,1.14373,647,8,0
2026-07-19 20:00:00+00:00,1.14253,1.1431,1.14234,1.1427,2193,8,0
2026-07-20 00:00:00+00:00,1.1427100000000001,1.14424,1.1426,1.14414,4396,8,0
2026-07-20 04:00:00+00:00,1.14414,1.14493,1.14337,1.14438,5323,8,0
2026-07-20 08:00:00+00:00,1.14439,1.14452,1.14272,1.14291,6658,8,0
2026-07-20 12:00:00+00:00,1.14292,1.14299,1.14021,1.14111,9072,8,0
2026-07-20 16:00:00+00:00,1.1411,1.14185,1.14069,1.14152,4809,8,0
2026-07-20 20:00:00+00:00,1.14152,1.14165,1.14078,1.14154,1771,8,0
2026-07-21 00:00:00+00:00,1.14154,1.14179,1.14086,1.1412200000000001,3902,8,0
2026-07-21 04:00:00+00:00,1.1412,1.14273,1.14118,1.14224,4880,8,0
2026-07-21 08:00:00+00:00,1.14224,1.14284,1.14162,1.14187,5966,8,0
2026-07-21 12:00:00+00:00,1.14187,1.14201,1.14022,1.14069,8772,8,0
2026-07-21 16:00:00+00:00,1.14071,1.14104,1.13982,1.14012,3914,8,0
2026-07-21 20:00:00+00:00,1.14013,1.14028,1.13949,1.14019,1525,8,0
2026-07-22 00:00:00+00:00,1.14021,1.14096,1.13984,1.14069,4126,8,0
2026-07-22 04:00:00+00:00,1.14069,1.14179,1.14028,1.14089,5408,8,0
2026-07-22 08:00:00+00:00,1.1408800000000001,1.14131,1.14001,1.1406399999999999,6767,8,0
2026-07-22 12:00:00+00:00,1.14066,1.14212,1.14035,1.14132,8570,8,0
2026-07-22 16:00:00+00:00,1.14132,1.14138,1.14058,1.14108,4082,8,0
2026-07-22 20:00:00+00:00,1.14108,1.14123,1.14046,1.14108,1970,8,0
2026-07-23 00:00:00+00:00,1.1411,1.14304,1.14101,1.14286,4398,8,0
2026-07-23 04:00:00+00:00,1.14286,1.14354,1.14195,1.14241,5656,8,0
2026-07-23 08:00:00+00:00,1.14242,1.14248,1.13831,1.13941,7915,8,0
2026-07-23 12:00:00+00:00,1.1394,1.13957,1.13635,1.13725,13078,8,0
2026-07-23 16:00:00+00:00,1.13724,1.13805,1.13708,1.13768,5538,8,0
2026-07-23 20:00:00+00:00,1.13771,1.13796,1.13739,1.1375899999999999,1709,8,0
2026-07-24 00:00:00+00:00,1.1375899999999999,1.13871,1.13748,1.13818,4568,8,0
2026-07-24 04:00:00+00:00,1.13818,1.14007,1.13761,1.13895,5590,8,0
2026-07-24 08:00:00+00:00,1.13897,1.13925,1.13707,1.13742,6526,8,0
2026-07-24 12:00:00+00:00,1.1374,1.1390500000000001,1.13643,1.13842,9676,8,0
2026-07-24 16:00:00+00:00,1.13842,1.13861,1.13669,1.13696,4612,8,0
2026-07-24 20:00:00+00:00,1.13697,1.13718,1.13672,1.1371,503,8,0
2026-07-26 20:00:00+00:00,1.13873,1.13996,1.13841,1.13941,2583,8,0
2026-07-27 00:00:00+00:00,1.13944,1.14141,1.13944,1.14031,5765,8,0
2026-07-27 04:00:00+00:00,1.14032,1.14178,1.13959,1.13961,5957,8,0
2026-07-27 08:00:00+00:00,1.13961,1.1403,1.13849,1.13863,6823,8,0
2026-07-27 12:00:00+00:00,1.13863,1.13901,1.13679,1.13748,8718,8,0
2026-07-27 16:00:00+00:00,1.13748,1.13848,1.13668,1.13696,5616,8,0
2026-07-27 20:00:00+00:00,1.13696,1.13719,1.13633,1.13689,2149,8,0
2026-07-28 00:00:00+00:00,1.13687,1.13799,1.13664,1.13743,4028,8,0
2026-07-28 04:00:00+00:00,1.13741,1.13741,1.13612,1.13643,5016,8,0
2026-07-28 08:00:00+00:00,1.13643,1.13729,1.13529,1.13648,5828,8,0
2026-07-28 12:00:00+00:00,1.13651,1.14017,1.13605,1.13999,8848,8,0
2026-07-28 16:00:00+00:00,1.14001,1.14049,1.13858,1.1387,4864,8,0
2026-07-28 20:00:00+00:00,1.1387,1.1390500000000001,1.13814,1.13858,2524,8,0
2026-07-29 00:00:00+00:00,1.1386,1.14002,1.13826,1.13967,4545,8,0
2026-07-29 04:00:00+00:00,1.13967,1.14034,1.13896,1.13973,4941,8,0
2026-07-29 08:00:00+00:00,1.13973,1.14002,1.138,1.13817,5389,8,0
2026-07-29 12:00:00+00:00,1.1381999999999999,1.13967,1.13742,1.13824,8399,8,0
2026-07-29 16:00:00+00:00,1.13827,1.14662,1.13764,1.14478,21243,8,0
2026-07-29 20:00:00+00:00,1.14475,1.14746,1.14465,1.14664,4947,8,0
2026-07-30 00:00:00+00:00,1.14662,1.14677,1.14475,1.14495,5006,8,0
2026-07-30 04:00:00+00:00,1.14495,1.14563,1.14341,1.14372,6267,8,0
2026-07-30 08:00:00+00:00,1.14372,1.14838,1.14369,1.14756,9202,8,0
2026-07-30 12:00:00+00:00,1.14755,1.15365,1.1469,1.15205,23106,8,0
2026-07-30 16:00:00+00:00,1.15205,1.1535199999999999,1.15134,1.15307,8750,8,0
2026-07-30 20:00:00+00:00,1.15309,1.15323,1.15217,1.15224,3178,8,0
2026-07-31 00:00:00+00:00,1.15226,1.15262,1.1506,1.1513,6840,8,0
2026-07-31 04:00:00+00:00,1.15129,1.15246,1.15041,1.15141,7679,8,0
2026-07-31 08:00:00+00:00,1.15141,1.15257,1.14842,1.14848,10287,8,0
2026-07-31 12:00:00+00:00,1.14849,1.15185,1.14547,1.15176,19760,8,0
2026-07-31 16:00:00+00:00,1.15177,1.15371,1.15119,1.1531,9775,8,0
2026-07-31 20:00:00+00:00,1.15312,1.15471,1.15235,1.15284,4427,8,0
2026-08-02 20:00:00+00:00,1.15467,1.15573,1.15417,1.15433,4044,8,0
2026-08-03 00:00:00+00:00,1.15435,1.15558,1.15266,1.15294,9600,8,0
2026-08-03 04:00:00+00:00,1.15295,1.15384,1.15204,1.15258,6959,8,0
2026-08-03 08:00:00+00:00,1.1526,1.15324,1.15165,1.15321,7150,8,0
2026-08-03 12:00:00+00:00,1.1532,1.15347,1.15,1.1509,11557,8,0
2026-08-03 16:00:00+00:00,1.15093,1.15144,1.15009,1.151,5278,8,0
2026-08-03 20:00:00+00:00,1.15101,1.1510799999999999,1.15054,1.15066,2365,8,0
2026-08-04 00:00:00+00:00,1.15066,1.15147,1.15017,1.15079,5320,8,0
2026-08-04 04:00:00+00:00,1.15078,1.15167,1.15034,1.15104,5628,8,0
2026-08-04 08:00:00+00:00,1.15105,1.15232,1.15029,1.15158,7550,8,0
2026-08-04 12:00:00+00:00,1.15158,1.15306,1.15088,1.15259,10102,8,0
2026-08-04 16:00:00+00:00,1.1526,1.15334,1.1516,1.15302,4957,8,0
2026-08-04 20:00:00+00:00,1.15302,1.15337,1.1524,1.1531500000000001,2280,8,0
2026-08-05 00:00:00+00:00,1.15314,1.15402,1.1526399999999999,1.15368,4873,8,0
2026-08-05 04:00:00+00:00,1.15368,1.15463,1.1531500000000001,1.15375,5995,8,0
2026-08-05 08:00:00+00:00,1.15374,1.15547,1.15307,1.15522,7174,8,0
2026-08-05 12:00:00+00:00,1.15522,1.1556899999999999,1.15398,1.15454,11272,8,0
2026-08-05 16:00:00+00:00,1.15455,1.15592,1.15423,1.15505,5482,8,0
2026-08-05 20:00:00+00:00,1.15505,1.15574,1.15488,1.15564,2227,8,0
2026-08-06 00:00:00+00:00,1.15566,1.15595,1.15466,1.15486,4264,8,0
2026-08-06 04:00:00+00:00,1.15486,1.15513,1.15407,1.1543700000000001,4525,8,0
2026-08-06 08:00:00+00:00,1.1543700000000001,1.15464,1.15361,1.15446,5688,8,0
2026-08-06 12:00:00+00:00,1.15448,1.15453,1.15187,1.15204,8953,8,0
2026-08-06 16:00:00+00:00,1.15204,1.15253,1.15144,1.15229,5018,8,0
2026-08-06 20:00:00+00:00,1.15228,1.1524,1.15171,1.15239,1767,8,0
2026-08-07 00:00:00+00:00,1.15238,1.15253,1.15178,1.1522999999999999,3205,8,0
2026-08-07 04:00:00+00:00,1.1522999999999999,1.15249,1.15173,1.15219,4055,8,0
2026-08-07 08:00:00+00:00,1.15221,1.15329,1.15178,1.15327,5303,8,0
2026-08-07 12:00:00+00:00,1.15329,1.15807,1.15267,1.1558,16069,8,0
2026-08-07 16:00:00+00:00,1.1558,1.15697,1.15571,1.15614,5689,8,0
2026-08-07 20:00:00+00:00,1.15613,1.15615,1.15552,1.15581,866,8,0
2026-08-09 20:00:00+00:00,1.15609,1.15633,1.15538,1.15551,1528,8,0
2026-08-10 00:00:00+00:00,1.15553,1.15589,1.15483,1.15487,4354,8,0
2026-08-10 04:00:00+00:00,1.15488,1.15651,1.15477,1.15605,4755,8,0
2026-08-10 08:00:00+00:00,1.15607,1.15652,1.15486,1.15522,5300,8,0
2026-08-10 12:00:00+00:00,1.15522,1.15553,1.15434,1.15512,7956,8,0
2026-08-10 16:00:00+00:00,1.15513,1.15539,1.15397,1.15412,4523,8,0
2026-08-10 20:00:00+00:00,1.15414,1.15462,1.15398,1.15456,1493,8,0
2026-08-11 00:00:00+00:00,1.15456,1.15494,1.15383,1.15424,3675,8,0
2026-08-11 04:00:00+00:00,1.15424,1.15449,1.15314,1.15317,5146,8,0
2026-08-11 08:00:00+00:00,1.15318,1.15433,1.15311,1.1536,6000,8,0
2026-08-11 12:00:00+00:00,1.15362,1.15482,1.15335,1.15426,7292,8,0
2026-08-11 16:00:00+00:00,1.15429,1.15432,1.1534,1.15422,3824,8,0
2026-08-11 20:00:00+00:00,1.15424,1.15434,1.15375,1.1543,1557,8,0
2026-08-12 00:00:00+00:00,1.1543,1.15445,1.15346,1.1535199999999999,3080,8,0
2026-08-12 04:00:00+00:00,1.1535199999999999,1.15391,1.15319,1.15371,3381,8,0
2026-08-12 08:00:00+00:00,1.15371,1.15494,1.15319,1.15431,6004,8,0
2026-08-12 12:00:00+00:00,1.15433,1.15628,1.1532499999999999,1.15392,14042,8,0
2026-08-12 16:00:00+00:00,1.15392,1.15398,1.15194,1.15221,4985,8,0
2026-08-12 20:00:00+00:00,1.15221,1.15275,1.15197,1.15274,1606,8,0
2026-08-13 00:00:00+00:00,1.15274,1.1531,1.15194,1.15222,3534,8,0
2026-08-13 04:00:00+00:00,1.15222,1.15274,1.15116,1.15252,4720,8,0
2026-08-13 08:00:00+00:00,1.15252,1.15383,1.15223,1.15337,4864,8,0
2026-08-13 12:00:00+00:00,1.15337,1.1545,1.15253,1.15303,10520,8,0
2026-08-13 16:00:00+00:00,1.15305,1.1532499999999999,1.1524,1.15285,4279,8,0
2026-08-13 20:00:00+00:00,1.15285,1.15338,1.15237,1.15334,1649,8,0
2026-08-14 00:00:00+00:00,1.15332,1.1539,1.15317,1.15367,3456,8,0
2026-08-14 04:00:00+00:00,1.15367,1.15509,1.15364,1.15503,4138,8,0
2026-08-14 08:00:00+00:00,1.15502,1.15714,1.15499,1.15651,5680,8,0
2026-08-14 12:00:00+00:00,1.15652,1.15852,1.15617,1.15796,10974,8,0
2026-08-14 16:00:00+00:00,1.15798,1.15815,1.15627,1.15682,4551,8,0
2026-08-14 20:00:00+00:00,1.15684,1.15701,1.15668,1.15699,698,8,0
2026-08-16 20:00:00+00:00,1.15644,1.15754,1.15618,1.15732,1353,8,0
2026-08-17 00:00:00+00:00,1.15732,1.1584,1.15732,1.1583,3890,8,0
2026-08-17 04:00:00+00:00,1.15832,1.16115,1.15821,1.16062,6224,8,0
2026-08-17 08:00:00+00:00,1.1606,1.16136,1.15873,1.1592,6832,8,0
2026-08-17 12:00:00+00:00,1.15917,1.15995,1.1581299999999999,1.15897,8935,8,0
2026-08-17 16:00:00+00:00,1.15897,1.15915,1.15705,1.15785,4880,8,0
2026-08-17 20:00:00+00:00,1.15783,1.15834,1.15758,1.15824,1691,8,0
2026-08-18 00:00:00+00:00,1.15824,1.15855,1.15712,1.15728,4046,8,0
2026-08-18 04:00:00+00:00,1.15727,1.15771,1.15663,1.15736,5247,8,0
2026-08-18 08:00:00+00:00,1.15737,1.15797,1.15686,1.15763,5072,8,0
2026-08-18 12:00:00+00:00,1.15763,1.15881,1.15701,1.15788,9302,8,0
2026-08-18 16:00:00+00:00,1.15787,1.15852,1.15736,1.15744,4366,8,0
2026-08-18 20:00:00+00:00,1.15743,1.1578,1.15704,1.15759,2048,8,0
2026-08-19 00:00:00+00:00,1.15761,1.15867,1.15696,1.15807,5124,8,0
2026-08-19 04:00:00+00:00,1.15808,1.15983,1.1580300000000001,1.1596,5185,8,0
2026-08-19 08:00:00+00:00,1.1596,1.16114,1.15951,1.16024,6030,8,0
2026-08-19 12:00:00+00:00,1.16024,1.16768,1.16022,1.16635,18340,8,0
2026-08-19 16:00:00+00:00,1.16638,1.1679,1.16583,1.16767,8853,8,0
2026-08-19 20:00:00+00:00,1.16769,1.168,1.16722,1.16738,2398,8,0
2026-08-20 00:00:00+00:00,1.16738,1.16836,1.16696,1.1679,6663,8,0
2026-08-20 04:00:00+00:00,1.16791,1.16934,1.16699,1.16922,7022,8,0
2026-08-20 08:00:00+00:00,1.16924,1.17103,1.16824,1.16845,8882,8,0
2026-08-20 12:00:00+00:00,1.16846,1.16943,1.16705,1.16785,15043,8,0
2026-08-20 16:00:00+00:00,1.16788,1.16797,1.16688,1.16775,5917,8,0
2026-08-20 20:00:00+00:00,1.16777,1.16876,1.16745,1.16871,2073,8,0
2026-08-21 00:00:00+00:00,1.16871,1.17005,1.16825,1.16938,5283,8,0
2026-08-21 04:00:00+00:00,1.16939,1.17003,1.16863,1.16905,6179,8,0
2026-08-21 08:00:00+00:00,1.16905,1.17113,1.16886,1.17005,8969,8,0
2026-08-21 12:00:00+00:00,1.1700599999999999,1.17027,1.16685,1.16827,10367,8,0
2026-08-21 16:00:00+00:00,1.16827,1.16873,1.16791,1.16829,1062,8,0
