time,open,high,low,close,tick_volume,spread,real_volume
2023-08-21 00:00:00+00:00,1.27409,1.27501,1.27297,1.27358,7510,8,0
2023-08-21 04:00:00+00:00,1.27358,1.2745,1.27224,1.27288,9707,8,0
2023-08-21 08:00:00+00:00,1.2729,1.27645,1.27098,1.27594,10924,8,0
2023-08-21 12:00:00+00:00,1.27594,1.27643,1.27226,1.27348,17196,8,0
2023-08-21 16:00:00+00:00,1.27348,1.2766199999999999,1.27347,1.27584,6181,8,0
2023-08-21 20:00:00+00:00,1.27582,1.27652,1.27436,1.27591,2018,8,0
2023-08-22 00:00:00+00:00,1.27594,1.27774,1.27555,1.27733,7915,8,0
2023-08-22 04:00:00+00:00,1.27733,1.27999,1.27686,1.27957,9675,8,0
2023-08-22 08:00:00+00:00,1.27955,1.27987,1.27557,1.27658,10801,8,0
2023-08-22 12:00:00+00:00,1.2765900000000001,1.2769599999999999,1.2718,1.27304,17658,8,0
2023-08-22 16:00:00+00:00,1.27302,1.2743,1.27277,1.27299,5912,8,0
2023-08-22 20:00:00+00:00,1.2729599999999999,1.27347,1.27188,1.27307,1842,8,0
2023-08-23 00:00:00+00:00,1.27307,1.27473,1.27287,1.27473,6768,8,0
2023-08-23 04:00:00+00:00,1.27472,1.27641,1.2705600000000001,1.27194,11746,8,0
2023-08-23 08:00:00+00:00,1.27194,1.2736,1.26218,1.26289,19204,8,0
2023-08-23 12:00:00+00:00,1.26289,1.27179,1.26142,1.27127,20953,8,0
2023-08-23 16:00:00+00:00,1.27127,1.27326,1.27084,1.27175,6731,8,0
2023-08-23 20:00:00+00:00,1.27177,1.27281,1.2707,1.27197,2846,8,0
2023-08-24 00:00:00+00:00,1.27199,1.27281,1.27053,1.27138,7543,8,0
2023-08-24 04:00:00+00:00,1.27139,1.27274,1.2692,1.27021,9035,8,0
2023-08-24 08:00:00+00:00,1.2702200000000001,1.27127,1.2656100000000001,1.26575,9975,8,0
2023-08-24 12:00:00+00:00,1.26577,1.26624,1.2625899999999999,1.26316,17960,8,0
2023-08-24 16:00:00+00:00,1.26316,1.2634400000000001,1.25927,1.25929,7009,8,0
2023-08-24 20:00:00+00:00,1.25926,1.26038,1.2585600000000001,1.2591999999999999,2669,8,0
2023-08-25 00:00:00+00:00,1.25921,1.25976,1.25636,1.25653,7160,8,0
2023-08-25 04:00:00+00:00,1.25653,1.25879,1.25596,1.25751,8801,8,0
2023-08-25 08:00:00+00:00,1.2575,1.26215,1.25717,1.26156,9511,8,0
2023-08-25 12:00:00+00:00,1.26153,1.26531,1.25476,1.25687,26887,8,0
2023-08-25 16:00:00+00:00,1.25688,1.2601,1.25686,1.2588,9548,8,0
2023-08-25 20:00:00+00:00,1.25878,1.259,1.25756,1.25787,940,8,0
2023-08-27 20:00:00+00:00,1.25738,1.2589000000000001,1.25695,1.25887,1744,12,0
2023-08-28 00:00:00+00:00,1.25888,1.2603900000000001,1.25873,1.25989,7314,8,0
2023-08-28 04:00:00+00:00,1.2598799999999999,1.26102,1.2572,1.2574,7161,8,0
2023-08-28 08:00:00+00:00,1.25742,1.25911,1.25651,1.25864,7948,8,0
2023-08-28 12:00:00+00:00,1.25866,1.2597,1.25722,1.25897,12443,8,0
2023-08-28 16:00:00+00:00,1.25898,1.26071,1.25881,1.2604,6341,8,0
2023-08-28 20:00:00+00:00,1.2604199999999999,1.2615,1.25872,1.26104,2094,8,0
2023-08-29 00:00:00+00:00,1.26104,1.2631700000000001,1.26098,1.26276,5916,8,0
2023-08-29 04:00:00+00:00,1.26275,1.26352,1.26075,1.26113,8278,8,0
2023-08-29 08:00:00+00:00,1.26113,1.26186,1.2582900000000001,1.25867,11409,8,0
2023-08-29 12:00:00+00:00,1.25866,1.26335,1.25623,1.26114,23223,8,0
2023-08-29 16:00:00+00:00,1.26113,1.26543,1.26078,1.2650299999999999,8965,8,0
2023-08-29 20:00:00+00:00,1.2650000000000001,1.2650000000000001,1.26314,1.26353,2133,8,0
2023-08-30 00:00:00+00:00,1.26355,1.26426,1.26248,1.26301,5446,8,0
2023-08-30 04:00:00+00:00,1.26301,1.2647300000000001,1.26185,1.26417,9308,8,0
2023-08-30 08:00:00+00:00,1.2641499999999999,1.26691,1.2627,1.26563,12404,8,0
2023-08-30 12:00:00+00:00,1.2656399999999999,1.27453,1.26532,1.27234,22761,8,0
2023-08-30 16:00:00+00:00,1.2723499999999999,1.27285,1.27063,1.2717100000000001,6984,8,0
2023-08-30 20:00:00+00:00,1.2717100000000001,1.27226,1.2705600000000001,1.27107,2046,8,0
2023-08-31 00:00:00+00:00,1.27109,1.2734,1.27104,1.27199,5790,8,0
2023-08-31 04:00:00+00:00,1.27198,1.2724,1.27003,1.2708300000000001,8942,8,0
2023-08-31 08:00:00+00:00,1.27085,1.27162,1.2663,1.26803,13154,8,0
2023-08-31 12:00:00+00:00,1.26803,1.2695699999999999,1.26521,1.2665,23438,8,0
2023-08-31 16:00:00+00:00,1.2665,1.26737,1.2656399999999999,1.26672,7296,8,0
2023-08-31 20:00:00+00:00,1.26671,1.26745,1.26599,1.26707,2448,8,0
2023-09-01 00:00:00+00:00,1.26707,1.26829,1.26579,1.26596,6416,8,0
2023-09-01 04:00:00+00:00,1.26596,1.26891,1.2639,1.26837,8449,8,0
2023-09-01 08:00:00+00:00,1.26838,1.26854,1.26688,1.26702,9071,8,0
2023-09-01 12:00:00+00:00,1.26702,1.27123,1.25905,1.2591,30438,8,0
2023-09-01 16:00:00+00:00,1.25909,1.2598500000000001,1.25769,1.25862,6105,8,0
2023-09-01 20:00:00+00:00,1.2586300000000001,1.25907,1.2585899999999999,1.2586,833,8,0
2023-09-03 20:00:00+00:00,1.2581,1.25916,1.25804,1.25905,1126,12,0
2023-09-04 00:00:00+00:00,1.25906,1.26054,1.25873,1.26029,5304,8,0
2023-09-04 04:00:00+00:00,1.26029,1.26291,1.25996,1.26202,6702,8,0
2023-09-04 08:00:00+00:00,1.26202,1.2642,1.26201,1.26275,8153,8,0
2023-09-04 12:00:00+00:00,1.26273,1.26388,1.26145,1.2624,7544,8,0
2023-09-04 16:00:00+00:00,1.2624,1.26326,1.26204,1.2628300000000001,1460,8,0
2023-09-04 20:00:00+00:00,1.26285,1.26315,1.26152,1.2622,1132,8,0
2023-09-05 00:00:00+00:00,1.2622200000000001,1.26315,1.26121,1.2617099999999999,5524,8,0
2023-09-05 04:00:00+00:00,1.26172,1.26279,1.256,1.25626,10874,8,0
2023-09-05 08:00:00+00:00,1.25625,1.25668,1.25277,1.25488,12597,8,0
2023-09-05 12:00:00+00:00,1.2549000000000001,1.25823,1.25399,1.25801,21599,8,0
2023-09-05 16:00:00+00:00,1.25803,1.25864,1.2558099999999999,1.25614,5998,8,0
2023-09-05 20:00:00+00:00,1.25618,1.25724,1.25526,1.25693,1720,8,0
2023-09-06 00:00:00+00:00,1.25695,1.25736,1.25491,1.2570700000000001,6148,8,0
2023-09-06 04:00:00+00:00,1.25704,1.25875,1.25529,1.25543,10775,8,0
2023-09-06 08:00:00+00:00,1.25542,1.2564600000000001,1.2543,1.25644,11918,8,0
2023-09-06 12:00:00+00:00,1.25644,1.25667,1.24807,1.24972,22321,8,0
2023-09-06 16:00:00+00:00,1.24975,1.25108,1.24952,1.25042,6145,8,0
2023-09-06 20:00:00+00:00,1.25043,1.25074,1.24918,1.24979,1981,8,0
2023-09-07 00:00:00+00:00,1.2498,1.2505899999999999,1.24908,1.25043,5533,8,0
2023-09-07 04:00:00+00:00,1.25043,1.25079,1.24606,1.24724,10064,8,0
2023-09-07 08:00:00+00:00,1.24723,1.2487300000000001,1.245,1.24602,10663,8,0
2023-09-07 12:00:00+00:00,1.24602,1.24894,1.24451,1.24838,16201,8,0
2023-09-07 16:00:00+00:00,1.24839,1.24865,1.24673,1.2469999999999999,6210,8,0
2023-09-07 20:00:00+00:00,1.24701,1.24747,1.24626,1.24747,1684,8,0
2023-09-08 00:00:00+00:00,1.24748,1.25011,1.24728,1.24956,6588,8,0
2023-09-08 04:00:00+00:00,1.24956,1.25096,1.24781,1.24928,7951,8,0
2023-09-08 08:00:00+00:00,1.24929,1.24997,1.24667,1.2482,11622,8,0
2023-09-08 12:00:00+00:00,1.24824,1.25139,1.24689,1.24735,15536,8,0
2023-09-08 16:00:00+00:00,1.24736,1.24759,1.24508,1.24551,5638,8,0
2023-09-08 20:00:00+00:00,1.24551,1.24655,1.24546,1.24652,916,8,0
2023-09-10 20:00:00+00:00,1.2461,1.24918,1.24603,1.24878,2196,12,0
2023-09-11 00:00:00+00:00,1.2488,1.25033,1.24815,1.2501,7040,8,0
2023-09-11 04:00:00+00:00,1.25011,1.2527300000000001,1.25003,1.25224,9480,8,0
2023-09-11 08:00:00+00:00,1.25225,1.2536800000000001,1.25006,1.25142,8752,8,0
2023-09-11 12:00:00+00:00,1.25144,1.25476,1.25111,1.25261,13726,8,0
2023-09-11 16:00:00+00:00,1.25262,1.2542200000000001,1.25071,1.25118,5555,8,0
2023-09-11 20:00:00+00:00,1.2511700000000001,1.2512699999999999,1.24987,1.25074,1614,8,0
2023-09-12 00:00:00+00:00,1.25074,1.25231,1.25006,1.25162,6644,8,0
2023-09-12 04:00:00+00:00,1.25163,1.2528000000000001,1.24767,1.2485,9738,8,0
2023-09-12 08:00:00+00:00,1.2485,1.24881,1.24594,1.24702,9128,8,0
2023-09-12 12:00:00+00:00,1.24702,1.24833,1.2459,1.2475,12888,8,0
2023-09-12 16:00:00+00:00,1.24752,1.24922,1.24749,1.24916,5588,8,0
2023-09-12 20:00:00+00:00,1.24917,1.24984,1.24791,1.2490700000000001,2430,8,0
2023-09-13 00:00:00+00:00,1.24909,1.25017,1.24807,1.24881,6081,8,0
2023-09-13 04:00:00+00:00,1.24881,1.24976,1.24404,1.24673,11099,8,0
2023-09-13 08:00:00+00:00,1.24682,1.24861,1.24554,1.24723,11101,8,0
2023-09-13 12:00:00+00:00,1.24724,1.25114,1.24309,1.24869,27447,8,0
2023-09-13 16:00:00+00:00,1.24869,1.25058,1.24807,1.2487300000000001,7130,8,0
2023-09-13 20:00:00+00:00,1.2487300000000001,1.24916,1.24749,1.2489,2228,8,0
2023-09-14 00:00:00+00:00,1.24892,1.25039,1.24846,1.2497,5533,8,0
2023-09-14 04:00:00+00:00,1.2497,1.2505600000000001,1.2479,1.24855,6991,8,0
2023-09-14 08:00:00+00:00,1.24853,1.24929,1.24602,1.24753,9753,8,0
2023-09-14 12:00:00+00:00,1.24755,1.24798,1.24005,1.24073,28370,8,0
2023-09-14 16:00:00+00:00,1.24072,1.24199,1.23962,1.2406,6752,8,0
2023-09-14 20:00:00+00:00,1.24059,1.24119,1.23993,1.24004,1607,8,0
2023-09-15 00:00:00+00:00,1.24006,1.24218,1.23993,1.24217,5626,8,0
2023-09-15 04:00:00+00:00,1.24218,1.2436099999999999,1.24155,1.2435,8223,8,0
2023-09-15 08:00:00+00:00,1.24352,1.24454,1.23983,1.24058,8637,8,0
2023-09-15 12:00:00+00:00,1.24059,1.2425,1.23846,1.23886,16842,8,0
2023-09-15 16:00:00+00:00,1.23886,1.24005,1.23784,1.2384,5959,8,0
2023-09-15 20:00:00+00:00,1.2383899999999999,1.23856,1.23787,1.23824,937,8,0
2023-09-17 20:00:00+00:00,1.2376800000000001,1.2397,1.23765,1.23968,1053,12,0
2023-09-18 00:00:00+00:00,1.23968,1.24036,1.2386300000000001,1.23874,4597,8,0
2023-09-18 04:00:00+00:00,1.23871,1.24042,1.23755,1.2379,6687,8,0
2023-09-18 08:00:00+00:00,1.2379,1.24098,1.23699,1.2382900000000001,7250,8,0
2023-09-18 12:00:00+00:00,1.2382900000000001,1.2404600000000001,1.23725,1.24004,11863,8,0
2023-09-18 16:00:00+00:00,1.24005,1.2402,1.23738,1.23817,4855,8,0
2023-09-18 20:00:00+00:00,1.23817,1.2387,1.23746,1.23825,1702,8,0
2023-09-19 00:00:00+00:00,1.23827,1.23911,1.23748,1.23775,4087,8,0
2023-09-19 04:00:00+00:00,1.23775,1.23925,1.23686,1.23888,6794,8,0
2023-09-19 08:00:00+00:00,1.23885,1.2411699999999999,1.23709,1.2411699999999999,8928,8,0
2023-09-19 12:00:00+00:00,1.24118,1.24241,1.23817,1.23897,13074,8,0
2023-09-19 16:00:00+00:00,1.23899,1.23963,1.23831,1.23952,5316,8,0
2023-09-19 20:00:00+00:00,1.2395100000000001,1.23958,1.23807,1.23923,1555,8,0
2023-09-20 00:00:00+00:00,1.23925,1.23946,1.2382,1.23856,4411,8,0
2023-09-20 04:00:00+00:00,1.23858,1.23952,1.23303,1.23602,10868,8,0
2023-09-20 08:00:00+00:00,1.23601,1.23759,1.2353399999999999,1.23676,8387,8,0
2023-09-20 12:00:00+00:00,1.23676,1.24096,1.2364,1.23867,12084,8,0
2023-09-20 16:00:00+00:00,1.23869,1.24209,1.2338,1.234,21279,8,0
2023-09-20 20:00:00+00:00,1.234,1.23452,1.23234,1.23264,2718,8,0
2023-09-21 00:00:00+00:00,1.23266,1.23282,1.23039,1.23213,7055,8,0
2023-09-21 04:00:00+00:00,1.23213,1.23311,1.22927,1.23128,9364,8,0
2023-09-21 08:00:00+00:00,1.23125,1.23199,1.22311,1.2268,16615,8,0
2023-09-21 12:00:00+00:00,1.22677,1.23042,1.22438,1.22965,19186,8,0
2023-09-21 16:00:00+00:00,1.22966,1.2307,1.2288000000000001,1.22919,6958,8,0
2023-09-21 20:00:00+00:00,1.22919,1.22942,1.22836,1.22923,1756,8,0
2023-09-22 00:00:00+00:00,1.22925,1.22934,1.22724,1.22778,6050,8,0
2023-09-22 04:00:00+00:00,1.22778,1.22878,1.22504,1.22652,12836,8,0
2023-09-22 08:00:00+00:00,1.22654,1.227,1.22324,1.22546,11560,8,0
2023-09-22 12:00:00+00:00,1.22546,1.22835,1.22448,1.22545,15136,8,0
2023-09-22 16:00:00+00:00,1.22545,1.22596,1.22303,1.22386,6507,8,0
2023-09-22 20:00:00+00:00,1.22385,1.22417,1.2235800000000001,1.22375,902,8,0
2023-09-24 20:00:00+00:00,1.22317,1.22462,1.22294,1.22406,2089,12,0
2023-09-25 00:00:00+00:00,1.22407,1.22494,1.22371,1.22385,4344,8,0
2023-09-25 04:00:00+00:00,1.22385,1.22497,1.22325,1.22414,6232,8,0
2023-09-25 08:00:00+00:00,1.22412,1.22446,1.22121,1.22203,9952,8,0
2023-09-25 12:00:00+00:00,1.22204,1.22269,1.21935,1.22154,15225,8,0
2023-09-25 16:00:00+00:00,1.22154,1.22216,1.22051,1.22111,5570,8,0
2023-09-25 20:00:00+00:00,1.22111,1.22149,1.21998,1.22121,1813,8,0
2023-09-26 00:00:00+00:00,1.22123,1.22145,1.21933,1.2197,5899,8,0
2023-09-26 04:00:00+00:00,1.21972,1.22067,1.2166,1.21723,8400,8,0
2023-09-26 08:00:00+00:00,1.21725,1.21936,1.21691,1.21761,9840,8,0
2023-09-26 12:00:00+00:00,1.21763,1.21917,1.21587,1.21648,14482,8,0
2023-09-26 16:00:00+00:00,1.21648,1.21757,1.21537,1.2155,5739,8,0
2023-09-26 20:00:00+00:00,1.21552,1.21589,1.21424,1.21456,2000,8,0
2023-09-27 00:00:00+00:00,1.21456,1.2157,1.21401,1.21412,5599,8,0
2023-09-27 04:00:00+00:00,1.21411,1.21584,1.21344,1.21478,7473,8,0
2023-09-27 08:00:00+00:00,1.21477,1.2163599999999999,1.21306,1.21384,9597,8,0
2023-09-27 12:00:00+00:00,1.21385,1.21586,1.21233,1.21303,16599,8,0
2023-09-27 16:00:00+00:00,1.21305,1.21528,1.211,1.21384,11980,8,0
2023-09-27 20:00:00+00:00,1.21384,1.21386,1.21238,1.21347,1998,8,0
2023-09-28 00:00:00+00:00,1.21349,1.21448,1.21299,1.21366,5501,8,0
2023-09-28 04:00:00+00:00,1.21366,1.21598,1.21194,1.21527,8770,8,0
2023-09-28 08:00:00+00:00,1.21528,1.22133,1.21487,1.22068,10308,8,0
2023-09-28 12:00:00+00:00,1.22069,1.22241,1.21751,1.22202,20718,8,0
2023-09-28 16:00:00+00:00,1.22205,1.22228,1.21874,1.21989,8975,8,0
2023-09-28 20:00:00+00:00,1.21991,1.2209,1.21914,1.22037,1889,8,0
2023-09-29 00:00:00+00:00,1.22039,1.22279,1.21959,1.22189,5010,8,0
2023-09-29 04:00:00+00:00,1.22189,1.22538,1.22172,1.22426,9514,8,0
2023-09-29 08:00:00+00:00,1.22425,1.22714,1.22289,1.22544,12011,8,0
2023-09-29 12:00:00+00:00,1.22544,1.22662,1.21799,1.22117,24521,8,0
2023-09-29 16:00:00+00:00,1.22116,1.22184,1.21856,1.21995,11388,8,0
2023-09-29 20:00:00+00:00,1.21995,1.2204,1.21993,1.22029,1203,8,0
2023-10-01 20:00:00+00:00,1.21869,1.22044,1.2178499999999999,1.21923,2107,12,0
2023-10-02 00:00:00+00:00,1.21926,1.21961,1.21868,1.219,4368,8,0
2023-10-02 04:00:00+00:00,1.219,1.22194,1.2175,1.21936,7850,8,0
2023-10-02 08:00:00+00:00,1.21935,1.2196799999999999,1.21479,1.21519,10130,8,0
2023-10-02 12:00:00+00:00,1.21519,1.21669,1.21136,1.21269,18510,8,0
2023-10-02 16:00:00+00:00,1.21271,1.21281,1.20915,1.2092100000000001,8613,8,0
2023-10-02 20:00:00+00:00,1.20919,1.20941,1.20795,1.20894,2343,8,0
2023-10-03 00:00:00+00:00,1.20896,1.20902,1.2070400000000001,1.2077,6569,8,0
2023-10-03 04:00:00+00:00,1.20771,1.20883,1.20606,1.20827,9637,8,0
2023-10-03 08:00:00+00:00,1.2082600000000001,1.20965,1.2052,1.20651,11552,8,0
2023-10-03 12:00:00+00:00,1.2065299999999999,1.21015,1.2053,1.20655,29110,8,0
2023-10-03 16:00:00+00:00,1.2065299999999999,1.20911,1.2065299999999999,1.20776,11504,8,0
2023-10-03 20:00:00+00:00,1.20774,1.2080899999999999,1.20649,1.2077,2014,8,0
2023-10-04 00:00:00+00:00,1.20772,1.2084,1.20601,1.20622,6602,8,0
2023-10-04 04:00:00+00:00,1.20622,1.20843,1.2037,1.20832,9750,8,0
2023-10-04 08:00:00+00:00,1.20831,1.21405,1.20813,1.21191,12710,8,0
2023-10-04 12:00:00+00:00,1.21193,1.21766,1.21058,1.2154099999999999,25591,8,0
2023-10-04 16:00:00+00:00,1.21543,1.21657,1.21303,1.21503,10509,8,0
2023-10-04 20:00:00+00:00,1.21503,1.21508,1.21248,1.21365,1852,8,0
2023-10-05 00:00:00+00:00,1.21367,1.21627,1.21305,1.21588,6404,8,0
2023-10-05 04:00:00+00:00,1.21588,1.21628,1.21302,1.21306,8000,8,0
2023-10-05 08:00:00+00:00,1.21306,1.21515,1.21155,1.21489,10912,8,0
2023-10-05 12:00:00+00:00,1.21488,1.2174,1.21073,1.21681,21338,8,0
2023-10-05 16:00:00+00:00,1.21682,1.21956,1.21655,1.21933,9847,8,0
2023-10-05 20:00:00+00:00,1.21934,1.21951,1.21787,1.21868,1649,8,0
2023-10-06 00:00:00+00:00,1.21867,1.21889,1.21765,1.21805,5669,8,0
2023-10-06 04:00:00+00:00,1.21803,1.22066,1.21634,1.22035,7645,8,0
2023-10-06 08:00:00+00:00,1.22035,1.22191,1.2192,1.22117,10968,8,0
2023-10-06 12:00:00+00:00,1.22117,1.2260900000000001,1.2105299999999999,1.22525,34806,8,0
2023-10-06 16:00:00+00:00,1.22523,1.22549,1.2230699999999999,1.22417,11005,8,0
2023-10-06 20:00:00+00:00,1.22418,1.22421,1.22322,1.22374,927,8,0
2023-10-08 20:00:00+00:00,1.2193,1.2221,1.21906,1.22189,2910,12,0
2023-10-09 00:00:00+00:00,1.22192,1.22241,1.21967,1.21977,6769,8,0
2023-10-09 04:00:00+00:00,1.21977,1.22168,1.21673,1.21703,10540,8,0
2023-10-09 08:00:00+00:00,1.21702,1.21906,1.21634,1.21685,10269,8,0
2023-10-09 12:00:00+00:00,1.2168700000000001,1.222,1.21627,1.22033,15053,8,0
2023-10-09 16:00:00+00:00,1.22031,1.22423,1.21959,1.22422,7986,8,0
2023-10-09 20:00:00+00:00,1.22422,1.22512,1.22251,1.2248999999999999,2126,8,0
2023-10-10 00:00:00+00:00,1.22488,1.22562,1.22346,1.22365,8399,8,0
2023-10-10 04:00:00+00:00,1.22367,1.22367,1.22113,1.22306,11425,8,0
2023-10-10 08:00:00+00:00,1.2230699999999999,1.22753,1.2224599999999999,1.22393,16267,8,0
2023-10-10 12:00:00+00:00,1.22393,1.22881,1.22369,1.22861,19584,8,0
2023-10-10 16:00:00+00:00,1.22861,1.22911,1.22633,1.22841,11150,8,0
2023-10-10 20:00:00+00:00,1.22841,1.2294100000000001,1.227,1.22887,2200,8,0
2023-10-11 00:00:00+00:00,1.22889,1.23031,1.2287,1.22923,5995,8,0
2023-10-11 04:00:00+00:00,1.22923,1.23038,1.22695,1.2275800000000001,9529,8,0
2023-10-11 08:00:00+00:00,1.22757,1.22978,1.22695,1.22895,13014,8,0
2023-10-11 12:00:00+00:00,1.22895,1.23368,1.22687,1.23015,22465,8,0
2023-10-11 16:00:00+00:00,1.23015,1.23117,1.22747,1.23084,10625,8,0
2023-10-11 20:00:00+00:00,1.23084,1.23188,1.22991,1.23147,1955,8,0
2023-10-12 00:00:00+00:00,1.23148,1.23225,1.23102,1.23175,6162,8,0
2023-10-12 04:00:00+00:00,1.23174,1.23311,1.22936,1.22948,8642,8,0
2023-10-12 08:00:00+00:00,1.22949,1.23125,1.22927,1.23123,9458,8,0
2023-10-12 12:00:00+00:00,1.23123,1.2314,1.22007,1.22113,25205,8,0
2023-10-12 16:00:00+00:00,1.22112,1.22235,1.21713,1.2175,11457,8,0
2023-10-12 20:00:00+00:00,1.21752,1.21837,1.21647,1.2182,2119,8,0
2023-10-13 00:00:00+00:00,1.2181899999999999,1.22074,1.2181899999999999,1.22029,4807,8,0
2023-10-13 04:00:00+00:00,1.22029,1.22248,1.2184599999999999,1.22108,8543,8,0
2023-10-13 08:00:00+00:00,1.22105,1.22189,1.21596,1.21838,12864,8,0
2023-10-13 12:00:00+00:00,1.21841,1.22009,1.2131,1.21359,20280,8,0
2023-10-13 16:00:00+00:00,1.2136,1.2146,1.21221,1.21397,9695,8,0
2023-10-13 20:00:00+00:00,1.21398,1.21454,1.21334,1.21433,1120,8,0
2023-10-15 20:00:00+00:00,1.213,1.21552,1.21294,1.2154,2161,12,0
2023-10-16 00:00:00+00:00,1.21542,1.21584,1.21445,1.21554,5588,8,0
2023-10-16 04:00:00+00:00,1.21556,1.21775,1.21543,1.21745,9480,8,0
2023-10-16 08:00:00+00:00,1.2174800000000001,1.21803,1.21424,1.2178,11276,8,0
2023-10-16 12:00:00+00:00,1.2178200000000001,1.21993,1.2153,1.2196,16252,8,0
2023-10-16 16:00:00+00:00,1.21959,1.22189,1.21901,1.22169,6756,8,0
2023-10-16 20:00:00+00:00,1.22169,1.22183,1.21984,1.22111,1875,8,0
2023-10-17 00:00:00+00:00,1.22113,1.22154,1.21928,1.22023,5368,8,0
2023-10-17 04:00:00+00:00,1.22023,1.22024,1.21641,1.21759,8438,8,0
2023-10-17 08:00:00+00:00,1.21756,1.21905,1.21492,1.21838,12237,8,0
2023-10-17 12:00:00+00:00,1.21838,1.22034,1.21325,1.22033,22067,8,0
2023-10-17 16:00:00+00:00,1.22033,1.22115,1.21706,1.21844,9110,8,0
2023-10-17 20:00:00+00:00,1.2184300000000001,1.21845,1.21691,1.21776,2004,8,0
2023-10-18 00:00:00+00:00,1.21776,1.21795,1.21581,1.21753,5489,8,0
2023-10-18 04:00:00+00:00,1.21753,1.22108,1.2174,1.21893,9195,8,0
2023-10-18 08:00:00+00:00,1.21892,1.22099,1.21757,1.21887,11531,8,0
2023-10-18 12:00:00+00:00,1.21887,1.22059,1.2138200000000001,1.21478,17557,8,0
2023-10-18 16:00:00+00:00,1.21479,1.2175799999999999,1.21366,1.21395,11081,8,0
2023-10-18 20:00:00+00:00,1.21396,1.21441,1.21308,1.2141,1960,8,0
2023-10-19 00:00:00+00:00,1.2140900000000001,1.21455,1.21264,1.21271,5743,8,0
2023-10-19 04:00:00+00:00,1.21271,1.21445,1.21107,1.21171,8883,8,0
2023-10-19 08:00:00+00:00,1.21169,1.21255,1.20896,1.21205,11635,8,0
2023-10-19 12:00:00+00:00,1.21204,1.21615,1.21187,1.21425,17002,8,0
2023-10-19 16:00:00+00:00,1.21427,1.2191,1.21255,1.21485,27430,8,0
2023-10-19 20:00:00+00:00,1.21483,1.21489,1.21319,1.21349,2542,8,0
2023-10-20 00:00:00+00:00,1.21349,1.21441,1.2117499999999999,1.2137,6503,8,0
2023-10-20 04:00:00+00:00,1.21372,1.21379,1.20929,1.21035,9634,8,0
2023-10-20 08:00:00+00:00,1.21034,1.21449,1.20964,1.214,11492,8,0
2023-10-20 12:00:00+00:00,1.21402,1.21608,1.21197,1.21499,18723,8,0
2023-10-20 16:00:00+00:00,1.21501,1.21699,1.2134800000000001,1.21601,10457,8,0
2023-10-20 20:00:00+00:00,1.21599,1.21655,1.21589,1.21635,968,8,0
2023-10-22 20:00:00+00:00,1.21511,1.21656,1.21491,1.21627,1445,12,0
2023-10-23 00:00:00+00:00,1.21628,1.21633,1.21475,1.21477,4417,8,0
2023-10-23 04:00:00+00:00,1.21475,1.21706,1.21439,1.21677,7955,8,0
2023-10-23 08:00:00+00:00,1.21679,1.2184300000000001,1.21428,1.2169699999999999,11800,8,0
2023-10-23 12:00:00+00:00,1.21696,1.22365,1.21498,1.22319,16636,8,0
2023-10-23 16:00:00+00:00,1.2232,1.22581,1.22201,1.22442,9165,8,0
2023-10-23 20:00:00+00:00,1.2244,1.22533,1.22416,1.22485,2087,8,0
2023-10-24 00:00:00+00:00,1.22488,1.22736,1.22464,1.22653,6270,8,0
2023-10-24 04:00:00+00:00,1.22653,1.22882,1.22584,1.22621,9466,8,0
2023-10-24 08:00:00+00:00,1.2262,1.22654,1.22101,1.2219,12110,8,0
2023-10-24 12:00:00+00:00,1.22187,1.22212,1.21583,1.21677,18914,8,0
2023-10-24 16:00:00+00:00,1.21677,1.21722,1.2153,1.21627,7854,8,0
2023-10-24 20:00:00+00:00,1.2162600000000001,1.21655,1.21507,1.21616,2306,8,0
2023-10-25 00:00:00+00:00,1.21618,1.2174800000000001,1.21603,1.21707,5251,8,0
2023-10-25 04:00:00+00:00,1.21707,1.21757,1.2137,1.21411,7231,8,0
2023-10-25 08:00:00+00:00,1.2141,1.21501,1.21132,1.21177,9785,8,0
2023-10-25 12:00:00+00:00,1.21179,1.21559,1.21157,1.21372,16611,8,0
2023-10-25 16:00:00+00:00,1.21375,1.21397,1.21117,1.21121,9847,8,0
2023-10-25 20:00:00+00:00,1.21119,1.2114,1.20943,1.21018,2507,8,0
2023-10-26 00:00:00+00:00,1.2101899999999999,1.21045,1.20764,1.208,5520,8,0
2023-10-26 04:00:00+00:00,1.208,1.20927,1.20691,1.20889,9176,8,0
2023-10-26 08:00:00+00:00,1.20889,1.20957,1.20739,1.20852,8839,8,0
2023-10-26 12:00:00+00:00,1.20849,1.2133,1.2078,1.21108,21837,8,0
2023-10-26 16:00:00+00:00,1.21107,1.21393,1.20976,1.21216,9734,8,0
2023-10-26 20:00:00+00:00,1.21212,1.21383,1.21132,1.21356,2155,8,0
2023-10-27 00:00:00+00:00,1.2135799999999999,1.21388,1.21218,1.2134,4706,8,0
2023-10-27 04:00:00+00:00,1.21337,1.2141,1.21119,1.21186,7592,8,0
2023-10-27 08:00:00+00:00,1.21186,1.21423,1.21051,1.21085,8577,8,0
2023-10-27 12:00:00+00:00,1.21085,1.21621,1.21055,1.21492,18581,8,0
2023-10-27 16:00:00+00:00,1.21494,1.21538,1.21101,1.212,10551,8,0
2023-10-27 20:00:00+00:00,1.212,1.21223,1.21171,1.21205,1205,8,0
2023-10-29 20:00:00+00:00,1.21112,1.21233,1.21089,1.21125,1573,12,0
2023-10-30 00:00:00+00:00,1.21127,1.21207,1.21059,1.212,4721,8,0
2023-10-30 04:00:00+00:00,1.2119900000000001,1.21329,1.20917,1.20977,5023,8,0
2023-10-30 08:00:00+00:00,1.20975,1.21412,1.2089699999999999,1.21248,11066,8,0
2023-10-30 12:00:00+00:00,1.21251,1.21645,1.21197,1.21553,15388,8,0
2023-10-30 16:00:00+00:00,1.21553,1.2174,1.21411,1.21727,7864,8,0
2023-10-30 20:00:00+00:00,1.21725,1.21725,1.21509,1.21634,2215,8,0
2023-10-31 00:00:00+00:00,1.21635,1.21635,1.21364,1.21441,5980,8,0
2023-10-31 04:00:00+00:00,1.21439,1.21606,1.2138200000000001,1.21555,6406,8,0
2023-10-31 08:00:00+00:00,1.21556,1.22,1.21454,1.21793,10364,8,0
2023-10-31 12:00:00+00:00,1.21789,1.21853,1.2119,1.21327,16492,8,0
2023-10-31 16:00:00+00:00,1.21325,1.2155,1.2123,1.2152,9434,8,0
2023-10-31 20:00:00+00:00,1.21523,1.2154099999999999,1.21318,1.215,2676,8,0
2023-11-01 00:00:00+00:00,1.21501,1.21517,1.21337,1.2144300000000001,5448,8,0
2023-11-01 04:00:00+00:00,1.21442,1.21605,1.21313,1.2152,6014,8,0
2023-11-01 08:00:00+00:00,1.2152,1.21601,1.21228,1.21254,9257,8,0
2023-11-01 12:00:00+00:00,1.21255,1.2164,1.20953,1.21259,21402,8,0
2023-11-01 16:00:00+00:00,1.21257,1.21559,1.20969,1.21477,17794,8,0
2023-11-01 20:00:00+00:00,1.21477,1.218,1.21251,1.218,3043,12,0
2023-11-02 00:00:00+00:00,1.21804,1.2196,1.21784,1.2191,5455,12,0
2023-11-02 04:00:00+00:00,1.21911,1.21911,1.21632,1.21688,5873,12,0
2023-11-02 08:00:00+00:00,1.21686,1.21986,1.21548,1.2193100000000001,9623,12,0
2023-11-02 12:00:00+00:00,1.2193100000000001,1.22247,1.21672,1.21729,16310,12,0
2023-11-02 16:00:00+00:00,1.21727,1.22085,1.21681,1.22068,7802,12,0
2023-11-02 20:00:00+00:00,1.2207,1.22078,1.21736,1.21889,2573,12,0
2023-11-03 00:00:00+00:00,1.21891,1.22038,1.21839,1.21994,4870,12,0
2023-11-03 04:00:00+00:00,1.21996,1.22127,1.21963,1.21993,4818,12,0
2023-11-03 08:00:00+00:00,1.21991,1.223,1.21854,1.22258,8383,12,0
2023-11-03 12:00:00+00:00,1.22258,1.23742,1.2223600000000001,1.23705,19573,12,0
2023-11-03 16:00:00+00:00,1.237,1.2389000000000001,1.23579,1.23731,8275,12,0
2023-11-03 20:00:00+00:00,1.2373,1.23823,1.23728,1.23803,809,12,0
2023-11-05 20:00:00+00:00,1.23659,1.23749,1.23465,1.23696,1282,64,0
2023-11-06 00:00:00+00:00,1.23713,1.23753,1.23644,1.23743,5539,12,0
2023-11-06 04:00:00+00:00,1.23744,1.23957,1.237,1.23822,5829,12,0
2023-11-06 08:00:00+00:00,1.23819,1.24258,1.2376,1.24227,8537,12,0
2023-11-06 12:00:00+00:00,1.24231,1.24274,1.2371,1.23889,10414,12,0
2023-11-06 16:00:00+00:00,1.23889,1.23972,1.23506,1.23512,6511,12,0
2023-11-06 20:00:00+00:00,1.23511,1.23516,1.23201,1.23422,3131,12,0
2023-11-07 00:00:00+00:00,1.23434,1.23462,1.23322,1.23338,4609,12,0
2023-11-07 04:00:00+00:00,1.23338,1.23365,1.23112,1.23144,5238,12,0
2023-11-07 08:00:00+00:00,1.23146,1.23316,1.22748,1.22877,9450,12,0
2023-11-07 12:00:00+00:00,1.22875,1.231,1.22824,1.22984,10805,12,0
2023-11-07 16:00:00+00:00,1.22983,1.23112,1.2262,1.22957,8382,12,0
2023-11-07 20:00:00+00:00,1.22957,1.22997,1.22727,1.22895,4066,12,0
2023-11-08 00:00:00+00:00,1.22906,1.22953,1.22775,1.22802,5150,12,0
2023-11-08 04:00:00+00:00,1.22803,1.22839,1.2264,1.22716,6107,12,0
2023-11-08 08:00:00+00:00,1.22719,1.22756,1.2241,1.22669,9239,12,0
2023-11-08 12:00:00+00:00,1.22669,1.2288000000000001,1.22499,1.22857,11600,12,0
2023-11-08 16:00:00+00:00,1.22857,1.23007,1.22813,1.22834,8796,12,0
2023-11-08 20:00:00+00:00,1.22832,1.22891,1.22605,1.22837,4401,12,0
2023-11-09 00:00:00+00:00,1.22848,1.22931,1.22742,1.22814,4794,12,0
2023-11-09 04:00:00+00:00,1.22814,1.22887,1.22746,1.2281900000000001,5787,12,0
2023-11-09 08:00:00+00:00,1.22817,1.23079,1.22529,1.22606,9901,12,0
2023-11-09 12:00:00+00:00,1.22605,1.22945,1.2251,1.2286,12828,12,0
2023-11-09 16:00:00+00:00,1.2286,1.22883,1.22118,1.22194,12917,12,0
2023-11-09 20:00:00+00:00,1.22194,1.22289,1.22095,1.22154,4784,12,0
2023-11-10 00:00:00+00:00,1.22157,1.22273,1.2211400000000001,1.22208,4713,12,0
2023-11-10 04:00:00+00:00,1.22208,1.22369,1.22155,1.2227000000000001,6398,12,0
2023-11-10 08:00:00+00:00,1.22268,1.22344,1.22024,1.22073,9106,12,0
2023-11-10 12:00:00+00:00,1.22069,1.22265,1.21864,1.21953,12202,12,0
2023-11-10 16:00:00+00:00,1.21953,1.22306,1.21918,1.22177,7753,12,0
2023-11-10 20:00:00+00:00,1.22177,1.22275,1.22143,1.22257,2119,12,0
2023-11-12 20:00:00+00:00,1.22009,1.22293,1.21953,1.22263,1524,64,0
2023-11-13 00:00:00+00:00,1.22286,1.22354,1.22225,1.22265,4380,12,0
2023-11-13 04:00:00+00:00,1.22265,1.22431,1.22257,1.2236799999999999,5198,12,0
2023-11-13 08:00:00+00:00,1.2236799999999999,1.22546,1.2230699999999999,1.22496,8206,12,0
2023-11-13 12:00:00+00:00,1.22494,1.22579,1.22293,1.22517,10457,12,0
2023-11-13 16:00:00+00:00,1.22518,1.22786,1.22474,1.22772,7014,12,0
2023-11-13 20:00:00+00:00,1.22772,1.22798,1.22591,1.22779,2926,12,0
2023-11-14 00:00:00+00:00,1.22787,1.22795,1.2268,1.22705,3484,12,0
2023-11-14 04:00:00+00:00,1.22705,1.22996,1.2264599999999999,1.22943,5215,12,0
2023-11-14 08:00:00+00:00,1.22943,1.23069,1.22759,1.22799,8641,12,0
2023-11-14 12:00:00+00:00,1.22803,1.24742,1.22797,1.24558,18997,12,0
2023-11-14 16:00:00+00:00,1.24553,1.24992,1.24547,1.24986,8929,12,0
2023-11-14 20:00:00+00:00,1.24986,1.25053,1.24711,1.24926,3889,12,0
2023-11-15 00:00:00+00:00,1.2493,1.24952,1.24789,1.24939,4995,12,0
2023-11-15 04:00:00+00:00,1.24939,1.24974,1.24634,1.24692,6630,12,0
2023-11-15 08:00:00+00:00,1.2469000000000001,1.24755,1.24535,1.24716,10921,8,0
2023-11-15 12:00:00+00:00,1.24716,1.24791,1.24031,1.24417,18311,8,0
2023-11-15 16:00:00+00:00,1.24413,1.24536,1.241,1.24181,9753,8,0
2023-11-15 20:00:00+00:00,1.2418,1.24211,1.24021,1.24208,3476,8,0
2023-11-16 00:00:00+00:00,1.24213,1.24238,1.23799,1.23879,5705,8,0
2023-11-16 04:00:00+00:00,1.23879,1.2398500000000001,1.23761,1.238,5461,8,0
2023-11-16 08:00:00+00:00,1.23798,1.24127,1.23763,1.24037,10870,8,0
2023-11-16 12:00:00+00:00,1.24036,1.24551,1.23819,1.24402,17230,8,0
2023-11-16 16:00:00+00:00,1.24402,1.24484,1.24138,1.24172,9026,8,0
2023-11-16 20:00:00+00:00,1.24171,1.24183,1.2405599999999999,1.24136,2741,8,0
2023-11-17 00:00:00+00:00,1.24139,1.24218,1.24038,1.24073,4674,8,0
2023-11-17 04:00:00+00:00,1.24073,1.24183,1.23735,1.2383899999999999,6123,8,0
2023-11-17 08:00:00+00:00,1.2384,1.24374,1.2378,1.2429000000000001,13373,8,0
2023-11-17 12:00:00+00:00,1.24291,1.24394,1.24048,1.24333,16250,8,0
2023-11-17 16:00:00+00:00,1.24334,1.24574,1.24174,1.24484,8683,8,0
2023-11-17 20:00:00+00:00,1.24482,1.24644,1.2446,1.2462900000000001,2382,8,0
2023-11-19 20:00:00+00:00,1.2441200000000001,1.24604,1.24406,1.24504,1517,40,0
2023-11-20 00:00:00+00:00,1.24525,1.24851,1.24455,1.2484,7246,8,0
2023-11-20 04:00:00+00:00,1.2484,1.24949,1.24709,1.24746,6929,8,0
2023-11-20 08:00:00+00:00,1.24748,1.25099,1.2461,1.24704,11939,8,0
2023-11-20 12:00:00+00:00,1.24705,1.24939,1.24616,1.2492,12500,8,0
2023-11-20 16:00:00+00:00,1.24917,1.2517,1.24896,1.25099,9060,8,0
2023-11-20 20:00:00+00:00,1.25098,1.25132,1.24942,1.25069,3654,8,0
2023-11-21 00:00:00+00:00,1.25073,1.25384,1.2504,1.25377,8759,8,0
2023-11-21 04:00:00+00:00,1.25376,1.25394,1.2521,1.2523900000000001,8230,8,0
2023-11-21 08:00:00+00:00,1.25243,1.25534,1.25195,1.2529,13525,8,0
2023-11-21 12:00:00+00:00,1.2529,1.2559,1.25264,1.25362,15925,8,0
2023-11-21 16:00:00+00:00,1.25362,1.25505,1.25175,1.25403,11879,8,0
2023-11-21 20:00:00+00:00,1.2540499999999999,1.25447,1.2522,1.2542,3979,8,0
2023-11-22 00:00:00+00:00,1.2542499999999999,1.25491,1.25313,1.25387,6408,8,0
2023-11-22 04:00:00+00:00,1.25387,1.25408,1.25123,1.25255,7563,8,0
2023-11-22 08:00:00+00:00,1.25259,1.25373,1.2506300000000001,1.2534,12651,8,0
2023-11-22 12:00:00+00:00,1.2534399999999999,1.25482,1.24481,1.24584,19565,8,0
2023-11-22 16:00:00+00:00,1.24585,1.2494399999999999,1.24524,1.24895,9613,8,0
2023-11-22 20:00:00+00:00,1.24895,1.24967,1.2487,1.24884,3526,8,0
2023-11-23 00:00:00+00:00,1.24886,1.25062,1.24882,1.25051,4999,7,0
2023-11-23 04:00:00+00:00,1.2505,1.25184,1.2499500000000001,1.25171,6933,8,0
2023-11-23 08:00:00+00:00,1.2517,1.25693,1.25033,1.25561,14700,8,0
2023-11-23 12:00:00+00:00,1.25562,1.25582,1.2524600000000001,1.25387,10371,8,0
2023-11-23 16:00:00+00:00,1.25384,1.25387,1.25277,1.25333,3622,8,0
2023-11-23 20:00:00+00:00,1.2533400000000001,1.2536,1.25135,1.25299,2271,13,0
2023-11-24 00:00:00+00:00,1.25313,1.25441,1.2523900000000001,1.2535,5401,8,0
2023-11-24 04:00:00+00:00,1.25348,1.2545899999999999,1.2526,1.25322,5811,8,0
2023-11-24 08:00:00+00:00,1.25318,1.25699,1.25289,1.25675,11283,8,0
2023-11-24 12:00:00+00:00,1.25675,1.2615,1.2561200000000001,1.26121,13498,8,0
2023-11-24 16:00:00+00:00,1.26121,1.26144,1.25957,1.26062,6497,8,0
2023-11-24 20:00:00+00:00,1.26062,1.26095,1.26001,1.26023,2998,41,0
2023-11-26 20:00:00+00:00,1.2587,1.26035,1.25861,1.2597,1269,40,0
2023-11-27 00:00:00+00:00,1.2598799999999999,1.26099,1.25907,1.2604899999999999,7726,8,0
2023-11-27 04:00:00+00:00,1.26048,1.26265,1.25992,1.2617,8185,8,0
2023-11-27 08:00:00+00:00,1.2616399999999999,1.2636,1.26017,1.26342,11373,8,0
2023-11-27 12:00:00+00:00,1.26339,1.26438,1.26024,1.26054,17047,8,0
2023-11-27 16:00:00+00:00,1.26055,1.26335,1.26003,1.2631700000000001,10097,8,0
2023-11-27 20:00:00+00:00,1.26321,1.2634,1.26149,1.26335,4258,8,0
2023-11-28 00:00:00+00:00,1.26335,1.2641499999999999,1.26291,1.26316,7094,8,0
2023-11-28 04:00:00+00:00,1.26316,1.26325,1.26087,1.26115,7147,8,0
2023-11-28 08:00:00+00:00,1.26117,1.26398,1.2606,1.26197,11221,8,0
2023-11-28 12:00:00+00:00,1.26199,1.26985,1.2607599999999999,1.26822,20593,8,0
2023-11-28 16:00:00+00:00,1.26824,1.27146,1.26724,1.26979,15019,8,0
2023-11-28 20:00:00+00:00,1.26976,1.2711999999999999,1.26798,1.27114,5120,8,0
2023-11-29 00:00:00+00:00,1.27119,1.27329,1.27033,1.2707600000000001,8993,8,0
2023-11-29 04:00:00+00:00,1.27073,1.27212,1.26891,1.2697,9494,8,0
2023-11-29 08:00:00+00:00,1.26968,1.27133,1.26728,1.26881,14121,8,0
2023-11-29 12:00:00+00:00,1.26879,1.27106,1.26643,1.2696399999999999,21203,8,0
2023-11-29 16:00:00+00:00,1.26958,1.2726899999999999,1.26694,1.27074,10965,8,0
2023-11-29 20:00:00+00:00,1.27072,1.27078,1.26852,1.2694,4544,8,0
2023-11-30 00:00:00+00:00,1.26941,1.2705600000000001,1.26898,1.2698,7285,8,0
2023-11-30 04:00:00+00:00,1.2698,1.2708300000000001,1.26776,1.2692999999999999,8057,8,0
2023-11-30 08:00:00+00:00,1.26932,1.27102,1.2631299999999999,1.26393,15199,8,0
2023-11-30 12:00:00+00:00,1.26394,1.26784,1.2603,1.26566,26561,8,0
2023-11-30 16:00:00+00:00,1.26565,1.26634,1.26124,1.2622900000000001,14340,7,0
2023-11-30 20:00:00+00:00,1.2623,1.26318,1.26115,1.26296,5239,12,0
2023-12-01 00:00:00+00:00,1.26303,1.2656,1.26297,1.26339,7333,8,0
2023-12-01 04:00:00+00:00,1.26338,1.26451,1.26287,1.26331,8152,8,0
2023-12-01 08:00:00+00:00,1.26333,1.2675,1.2629299999999999,1.26456,13308,8,0
2023-12-01 12:00:00+00:00,1.26455,1.2655,1.26136,1.26357,19584,8,0
2023-12-01 16:00:00+00:00,1.26357,1.27154,1.26248,1.26996,19181,8,0
2023-12-01 20:00:00+00:00,1.26996,1.27114,1.26977,1.27101,3043,13,0
2023-12-03 20:00:00+00:00,1.26918,1.27238,1.2681200000000001,1.27098,2708,39,0
2023-12-04 00:00:00+00:00,1.27111,1.27119,1.26669,1.2677,10980,8,0
2023-12-04 04:00:00+00:00,1.2677100000000001,1.26849,1.26609,1.26644,9746,8,0
2023-12-04 08:00:00+00:00,1.2664,1.2687,1.2652700000000001,1.26828,14660,8,0
2023-12-04 12:00:00+00:00,1.26826,1.2683900000000001,1.26034,1.2610299999999999,20876,8,0
2023-12-04 16:00:00+00:00,1.26102,1.2635100000000001,1.2604899999999999,1.26215,11598,8,0
2023-12-04 20:00:00+00:00,1.26218,1.26338,1.26205,1.26326,5048,8,0
2023-12-05 00:00:00+00:00,1.2633,1.2643900000000001,1.2627,1.2633,7727,8,0
2023-12-05 04:00:00+00:00,1.26325,1.2640799999999999,1.26055,1.26092,9209,8,0
2023-12-05 08:00:00+00:00,1.26091,1.26453,1.26088,1.2622,15442,8,0
2023-12-05 12:00:00+00:00,1.26223,1.26513,1.2598,1.26124,22850,8,0
2023-12-05 16:00:00+00:00,1.26128,1.26184,1.25767,1.25823,13341,8,0
2023-12-05 20:00:00+00:00,1.25823,1.25961,1.2579099999999999,1.2593,4941,8,0
2023-12-06 00:00:00+00:00,1.25935,1.26122,1.2591700000000001,1.26102,7428,8,0
2023-12-06 04:00:00+00:00,1.26102,1.26136,1.25932,1.2606600000000001,7907,8,0
2023-12-06 08:00:00+00:00,1.26064,1.26112,1.25814,1.25871,13790,7,0
2023-12-06 12:00:00+00:00,1.25872,1.26044,1.25805,1.25926,19091,8,0
2023-12-06 16:00:00+00:00,1.25922,1.26043,1.25573,1.25613,10581,8,0
2023-12-06 20:00:00+00:00,1.25613,1.25613,1.2551,1.25568,4242,8,0
2023-12-07 00:00:00+00:00,1.25573,1.25641,1.25475,1.25488,6844,8,0
2023-12-07 04:00:00+00:00,1.25484,1.25851,1.25437,1.25804,8601,8,0
2023-12-07 08:00:00+00:00,1.25804,1.25929,1.25614,1.25706,13890,7,0
2023-12-07 12:00:00+00:00,1.2570999999999999,1.25934,1.25452,1.25736,20911,8,0
2023-12-07 16:00:00+00:00,1.25735,1.2612,1.25686,1.25909,13823,8,0
2023-12-07 20:00:00+00:00,1.25908,1.25971,1.25752,1.25861,4425,13,0
2023-12-08 00:00:00+00:00,1.2587,1.26009,1.25841,1.25903,10207,8,0
2023-12-08 04:00:00+00:00,1.25904,1.25957,1.25593,1.25653,10066,8,0
2023-12-08 08:00:00+00:00,1.2564899999999999,1.25864,1.25542,1.25794,13674,8,0
2023-12-08 12:00:00+00:00,1.25797,1.2584,1.25017,1.25458,28435,8,0
2023-12-08 16:00:00+00:00,1.25457,1.2555,1.25225,1.25497,11894,8,0
2023-12-08 20:00:00+00:00,1.25496,1.25501,1.25419,1.25484,3653,8,0
2023-12-10 20:00:00+00:00,1.2523,1.25521,1.2523,1.25518,1794,40,0
2023-12-11 00:00:00+00:00,1.25536,1.25583,1.25401,1.2541,7858,8,0
2023-12-11 04:00:00+00:00,1.25409,1.25471,1.2534399999999999,1.254,7917,8,0
2023-12-11 08:00:00+00:00,1.25403,1.25896,1.25385,1.25892,11813,8,0
2023-12-11 12:00:00+00:00,1.25895,1.25902,1.25478,1.25499,13949,8,0
2023-12-11 16:00:00+00:00,1.25501,1.2566899999999999,1.25378,1.2555,9814,8,0
2023-12-11 20:00:00+00:00,1.25549,1.2559,1.25479,1.2552699999999999,3817,8,0
2023-12-12 00:00:00+00:00,1.2553,1.25753,1.2552400000000001,1.25743,6701,8,0
2023-12-12 04:00:00+00:00,1.25744,1.25839,1.25606,1.25637,8360,8,0
2023-12-12 08:00:00+00:00,1.2563900000000001,1.2581,1.25421,1.25701,11795,8,0
2023-12-12 12:00:00+00:00,1.25702,1.2615,1.25139,1.25599,24307,8,0
2023-12-12 16:00:00+00:00,1.25598,1.25711,1.25413,1.25625,12088,8,0
2023-12-12 20:00:00+00:00,1.25627,1.25715,1.25497,1.25675,5200,8,0
2023-12-13 00:00:00+00:00,1.25682,1.25704,1.25479,1.2551999999999999,6242,8,0
2023-12-13 04:00:00+00:00,1.2551700000000001,1.25597,1.25179,1.25205,8091,8,0
2023-12-13 08:00:00+00:00,1.25208,1.25367,1.25087,1.25268,11321,8,0
2023-12-13 12:00:00+00:00,1.25272,1.25474,1.25045,1.25252,15548,8,0
2023-12-13 16:00:00+00:00,1.25252,1.26311,1.24996,1.2626,21707,8,0
2023-12-13 20:00:00+00:00,1.26265,1.2634400000000001,1.26087,1.26205,11881,8,0
2023-12-14 00:00:00+00:00,1.26208,1.26523,1.26189,1.26453,11723,8,0
2023-12-14 04:00:00+00:00,1.26453,1.26464,1.26117,1.2619799999999999,12077,8,0
2023-12-14 08:00:00+00:00,1.26199,1.26798,1.2615,1.2662900000000001,17892,8,0
2023-12-14 12:00:00+00:00,1.26635,1.27631,1.2662499999999999,1.27583,34384,7,0
2023-12-14 16:00:00+00:00,1.27588,1.27938,1.27478,1.27568,15330,8,0
2023-12-14 20:00:00+00:00,1.27575,1.27716,1.27518,1.27695,6353,8,0
2023-12-15 00:00:00+00:00,1.27697,1.27704,1.2747,1.27661,9056,8,0
2023-12-15 04:00:00+00:00,1.2766,1.27736,1.27522,1.27678,10008,7,0
2023-12-15 08:00:00+00:00,1.27672,1.27901,1.27399,1.27709,16425,8,0
2023-12-15 12:00:00+00:00,1.27711,1.27743,1.26948,1.26984,23458,8,0
2023-12-15 16:00:00+00:00,1.26986,1.27155,1.26679,1.26895,13189,8,0
2023-12-15 20:00:00+00:00,1.26891,1.2696,1.26697,1.26817,5057,8,0
2023-12-17 20:00:00+00:00,1.26667,1.2675100000000001,1.26539,1.26706,1516,40,0
2023-12-18 00:00:00+00:00,1.2671299999999999,1.26993,1.26707,1.26936,8379,8,0
2023-12-18 04:00:00+00:00,1.26936,1.27034,1.26848,1.26904,8278,8,0
2023-12-18 08:00:00+00:00,1.26909,1.2695,1.26453,1.26539,13039,8,0
2023-12-18 12:00:00+00:00,1.26543,1.2671999999999999,1.26353,1.26432,15940,8,0
2023-12-18 16:00:00+00:00,1.26437,1.2655699999999999,1.2628300000000001,1.26393,10938,8,0
2023-12-18 20:00:00+00:00,1.26394,1.26524,1.26311,1.26515,5485,8,0
2023-12-19 00:00:00+00:00,1.26523,1.26638,1.26486,1.2659500000000001,8721,8,0
2023-12-19 04:00:00+00:00,1.26593,1.2677100000000001,1.26508,1.26665,10038,8,0
2023-12-19 08:00:00+00:00,1.26672,1.2713,1.26638,1.27019,13466,8,0
2023-12-19 12:00:00+00:00,1.2701799999999999,1.27573,1.27012,1.2738399999999999,17512,8,0
2023-12-19 16:00:00+00:00,1.27385,1.27618,1.27196,1.27224,10799,8,0
2023-12-19 20:00:00+00:00,1.27224,1.27322,1.27157,1.27297,5501,8,0
2023-12-20 00:00:00+00:00,1.27299,1.27299,1.27154,1.27195,6453,8,0
2023-12-20 04:00:00+00:00,1.27195,1.27251,1.26464,1.26628,10027,8,0
2023-12-20 08:00:00+00:00,1.2663,1.26792,1.26484,1.26508,13835,8,0
2023-12-20 12:00:00+00:00,1.26508,1.26818,1.26295,1.26678,17383,8,0
2023-12-20 16:00:00+00:00,1.26677,1.26749,1.26396,1.2642,11446,8,0
2023-12-20 20:00:00+00:00,1.26416,1.26455,1.26224,1.26395,8663,8,0
2023-12-21 00:00:00+00:00,1.26396,1.26498,1.26299,1.26341,7909,8,0
2023-12-21 04:00:00+00:00,1.26341,1.26507,1.26316,1.2637,8917,8,0
2023-12-21 08:00:00+00:00,1.26367,1.26741,1.2612,1.2665199999999999,12600,8,0
2023-12-21 12:00:00+00:00,1.26655,1.26955,1.26436,1.26555,21313,7,0
2023-12-21 16:00:00+00:00,1.2655699999999999,1.26921,1.26421,1.26845,15393,8,0
2023-12-21 20:00:00+00:00,1.26846,1.26922,1.2662900000000001,1.26824,5883,8,0
2023-12-22 00:00:00+00:00,1.26825,1.2691,1.26784,1.26831,8024,7,0
2023-12-22 04:00:00+00:00,1.26831,1.27148,1.26807,1.26943,9636,8,0
2023-12-22 08:00:00+00:00,1.26945,1.27429,1.26822,1.27335,12948,7,0
2023-12-22 12:00:00+00:00,1.27335,1.27439,1.26928,1.27156,19263,8,0
2023-12-22 16:00:00+00:00,1.27157,1.27281,1.26895,1.2702499999999999,14181,7,0
2023-12-22 20:00:00+00:00,1.27028,1.27047,1.2695400000000001,1.26982,3739,8,0
2023-12-25 20:00:00+00:00,1.2693699999999999,1.2699799999999999,1.26514,1.2693400000000001,1608,184,0
2023-12-26 00:00:00+00:00,1.26932,1.27066,1.26879,1.27034,5922,164,0
2023-12-26 04:00:00+00:00,1.27032,1.27071,1.2683900000000001,1.26892,5766,164,0
2023-12-26 08:00:00+00:00,1.26891,1.26978,1.26742,1.26895,7117,111,0
2023-12-26 12:00:00+00:00,1.26895,1.27192,1.26829,1.27043,9439,13,0
2023-12-26 16:00:00+00:00,1.27045,1.27234,1.27013,1.2722,7824,13,0
2023-12-26 20:00:00+00:00,1.27222,1.27299,1.27124,1.27245,3765,13,0
2023-12-27 00:00:00+00:00,1.27252,1.2728,1.2716,1.2724,6670,12,0
2023-12-27 04:00:00+00:00,1.2724,1.27351,1.27234,1.27254,6640,12,0
2023-12-27 08:00:00+00:00,1.27252,1.27381,1.26977,1.2735,10660,12,0
2023-12-27 12:00:00+00:00,1.27342,1.27881,1.27307,1.27881,13714,12,0
2023-12-27 16:00:00+00:00,1.2787600000000001,1.28022,1.27829,1.27933,10881,12,0
2023-12-27 20:00:00+00:00,1.27938,1.28019,1.27856,1.27993,4715,12,0
2023-12-28 00:00:00+00:00,1.27997,1.28141,1.27983,1.28122,6017,12,0
2023-12-28 04:00:00+00:00,1.28122,1.28272,1.28041,1.28178,7096,12,0
2023-12-28 08:00:00+00:00,1.28183,1.28185,1.27872,1.2791299999999999,10684,12,0
2023-12-28 12:00:00+00:00,1.27914,1.27914,1.27367,1.27704,14824,12,0
2023-12-28 16:00:00+00:00,1.27704,1.27705,1.27119,1.2726199999999999,10505,12,0
2023-12-28 20:00:00+00:00,1.2726199999999999,1.27375,1.27165,1.27336,4714,12,0
2023-12-29 00:00:00+00:00,1.27337,1.27466,1.27287,1.27371,6141,12,0
2023-12-29 04:00:00+00:00,1.2737,1.27722,1.2736100000000001,1.27463,6894,12,0
2023-12-29 08:00:00+00:00,1.27465,1.27566,1.26999,1.27453,10715,12,0
2023-12-29 12:00:00+00:00,1.2745199999999999,1.27592,1.27004,1.2747,16523,12,0
2023-12-29 16:00:00+00:00,1.2747,1.27665,1.27301,1.27453,15130,12,0
2023-12-29 20:00:00+00:00,1.27457,1.27555,1.27298,1.27308,3789,12,0
2024-01-01 20:00:00+00:00,1.27402,1.27444,1.26765,1.27189,1693,175,0
2024-01-02 00:00:00+00:00,1.27194,1.27282,1.27016,1.27105,5949,96,0
2024-01-02 04:00:00+00:00,1.27105,1.27355,1.27027,1.27238,5911,164,0
2024-01-02 08:00:00+00:00,1.27237,1.27523,1.2653400000000001,1.26616,13716,12,0
2024-01-02 12:00:00+00:00,1.26619,1.2662499999999999,1.26146,1.26246,21281,12,0
2024-01-02 16:00:00+00:00,1.26247,1.26366,1.26102,1.26194,12535,12,0
2024-01-02 20:00:00+00:00,1.2619500000000001,1.26262,1.2612700000000001,1.2622,4845,12,0
2024-01-03 00:00:00+00:00,1.26224,1.2640500000000001,1.26194,1.264,6582,12,0
2024-01-03 04:00:00+00:00,1.264,1.26465,1.26237,1.26432,8027,12,0
2024-01-03 08:00:00+00:00,1.2643,1.26521,1.2618,1.26264,13318,12,0
2024-01-03 12:00:00+00:00,1.26267,1.26562,1.26151,1.26274,21633,8,0
2024-01-03 16:00:00+00:00,1.26271,1.26763,1.26266,1.26635,18743,12,0
2024-01-03 20:00:00+00:00,1.26637,1.26732,1.26539,1.26724,7170,12,0
2024-01-04 00:00:00+00:00,1.26727,1.26731,1.26565,1.2673,7115,12,0
2024-01-04 04:00:00+00:00,1.26729,1.2693400000000001,1.26626,1.2692700000000001,9206,12,0
2024-01-04 08:00:00+00:00,1.26929,1.27292,1.26814,1.26895,15218,12,0
2024-01-04 12:00:00+00:00,1.26898,1.27101,1.26641,1.26987,18272,12,0
2024-01-04 16:00:00+00:00,1.2698800000000001,1.27038,1.2671999999999999,1.26825,11517,12,0
2024-01-04 20:00:00+00:00,1.26825,1.26868,1.26711,1.26803,4608,12,0
2024-01-05 00:00:00+00:00,1.2680500000000001,1.26958,1.26785,1.26807,6904,12,0
2024-01-05 04:00:00+00:00,1.26807,1.26858,1.26644,1.26782,8139,12,0
2024-01-05 08:00:00+00:00,1.26784,1.26885,1.26498,1.26529,11937,12,0
2024-01-05 12:00:00+00:00,1.26533,1.27705,1.26102,1.27512,32168,12,0
2024-01-05 16:00:00+00:00,1.27514,1.27548,1.27097,1.27231,16752,12,0
2024-01-05 20:00:00+00:00,1.27229,1.2723499999999999,1.27153,1.27187,4192,12,0
2024-01-07 20:00:00+00:00,1.27055,1.2718099999999999,1.27013,1.27152,1275,40,0
2024-01-08 00:00:00+00:00,1.27166,1.27295,1.26985,1.27014,6541,12,0
2024-01-08 04:00:00+00:00,1.2701,1.27196,1.26974,1.2707899999999999,7220,12,0
2024-01-08 08:00:00+00:00,1.2707899999999999,1.27129,1.26728,1.26976,12723,12,0
2024-01-08 12:00:00+00:00,1.26977,1.27553,1.26976,1.27497,16103,12,0
2024-01-08 16:00:00+00:00,1.27499,1.2766600000000001,1.2739500000000001,1.27586,9828,12,0
2024-01-08 20:00:00+00:00,1.27583,1.27583,1.27396,1.27405,5003,12,0
2024-01-09 00:00:00+00:00,1.27405,1.27647,1.274,1.27556,7628,12,0
2024-01-09 04:00:00+00:00,1.27558,1.27558,1.27336,1.27465,7650,12,0
2024-01-09 08:00:00+00:00,1.27464,1.27464,1.27066,1.27126,11365,12,0
2024-01-09 12:00:00+00:00,1.27125,1.27351,1.27006,1.27029,15498,12,0
2024-01-09 16:00:00+00:00,1.27031,1.27182,1.2689,1.2699,11277,12,0
2024-01-09 20:00:00+00:00,1.2699,1.27109,1.2699,1.27101,4401,12,0
2024-01-10 00:00:00+00:00,1.27104,1.27175,1.26979,1.26987,6363,12,0
2024-01-10 04:00:00+00:00,1.2698800000000001,1.2705199999999999,1.26858,1.26971,6985,12,0
2024-01-10 08:00:00+00:00,1.2697,1.27341,1.26962,1.2725,10740,12,0
2024-01-10 12:00:00+00:00,1.2725,1.27405,1.27128,1.27356,12768,12,0
2024-01-10 16:00:00+00:00,1.27358,1.27423,1.2717800000000001,1.2741799999999999,9119,12,0
2024-01-10 20:00:00+00:00,1.27419,1.2744,1.27236,1.27436,4992,12,0
2024-01-11 00:00:00+00:00,1.27439,1.2769300000000001,1.27436,1.2766199999999999,6712,12,0
2024-01-11 04:00:00+00:00,1.27661,1.27738,1.27591,1.27641,6585,12,0
2024-01-11 08:00:00+00:00,1.27645,1.27677,1.27332,1.27651,10382,12,0
2024-01-11 12:00:00+00:00,1.27655,1.27824,1.2689599999999999,1.27135,30086,12,0
2024-01-11 16:00:00+00:00,1.27133,1.2765,1.2699099999999999,1.27621,17502,12,0
2024-01-11 20:00:00+00:00,1.27619,1.2778399999999999,1.27412,1.27777,6990,12,0
2024-01-12 00:00:00+00:00,1.27782,1.27844,1.27652,1.2775699999999999,7706,12,0
2024-01-12 04:00:00+00:00,1.2775699999999999,1.27779,1.27538,1.27557,8217,12,0
2024-01-12 08:00:00+00:00,1.27552,1.2779,1.27245,1.27249,11245,12,0
2024-01-12 12:00:00+00:00,1.27249,1.2785199999999999,1.27189,1.27612,21569,12,0
2024-01-12 16:00:00+00:00,1.27611,1.27683,1.27319,1.27471,11607,12,0
2024-01-12 20:00:00+00:00,1.27469,1.27539,1.2742200000000001,1.27532,4837,12,0
2024-01-14 20:00:00+00:00,1.27328,1.2748599999999999,1.27313,1.27337,1364,40,0
2024-01-15 00:00:00+00:00,1.27352,1.2765,1.2728,1.2758099999999999,8008,12,0
2024-01-15 04:00:00+00:00,1.2758099999999999,1.27595,1.27405,1.2743,6299,12,0
2024-01-15 08:00:00+00:00,1.27426,1.27586,1.27124,1.27309,11165,12,0
2024-01-15 12:00:00+00:00,1.27306,1.27389,1.27126,1.27302,11161,12,0
2024-01-15 16:00:00+00:00,1.27306,1.27382,1.27245,1.27249,4011,12,0
2024-01-15 20:00:00+00:00,1.27249,1.27284,1.2713700000000001,1.27145,2193,12,0
2024-01-16 00:00:00+00:00,1.27149,1.27163,1.26782,1.26818,8673,12,0
2024-01-16 04:00:00+00:00,1.26816,1.26864,1.26609,1.26723,8297,12,0
2024-01-16 08:00:00+00:00,1.26722,1.2676,1.26197,1.26456,16638,12,0
2024-01-16 12:00:00+00:00,1.26456,1.26722,1.26368,1.26648,21126,12,0
2024-01-16 16:00:00+00:00,1.26653,1.26787,1.26189,1.26311,19479,12,0
2024-01-16 20:00:00+00:00,1.26311,1.26382,1.26272,1.26369,4910,12,0
2024-01-17 00:00:00+00:00,1.26373,1.26434,1.26159,1.26187,7654,12,0
2024-01-17 04:00:00+00:00,1.26185,1.26566,1.25959,1.26562,11454,12,0
2024-01-17 08:00:00+00:00,1.2655699999999999,1.26959,1.26432,1.26913,16061,12,0
2024-01-17 12:00:00+00:00,1.26913,1.2692,1.26377,1.26567,18967,12,0
2024-01-17 16:00:00+00:00,1.26565,1.26852,1.26554,1.2677,12672,12,0
2024-01-17 20:00:00+00:00,1.26773,1.26864,1.26679,1.26758,4977,12,0
2024-01-18 00:00:00+00:00,1.26766,1.26951,1.26708,1.26816,8724,12,0
2024-01-18 04:00:00+00:00,1.26814,1.27035,1.26772,1.26973,9162,12,0
2024-01-18 08:00:00+00:00,1.26975,1.2698,1.26721,1.26844,13981,12,0
2024-01-18 12:00:00+00:00,1.26847,1.26908,1.2647599999999999,1.2673,21872,12,0
2024-01-18 16:00:00+00:00,1.26726,1.27012,1.26695,1.26857,13421,12,0
2024-01-18 20:00:00+00:00,1.26857,1.27112,1.2684,1.27102,4915,12,0
2024-01-19 00:00:00+00:00,1.27105,1.2713999999999999,1.2699500000000001,1.27124,6961,12,0
2024-01-19 04:00:00+00:00,1.27124,1.27127,1.26714,1.26857,8391,12,0
2024-01-19 08:00:00+00:00,1.26855,1.26904,1.26651,1.26807,12775,12,0
2024-01-19 12:00:00+00:00,1.26806,1.26861,1.26608,1.26793,16654,12,0
2024-01-19 16:00:00+00:00,1.26792,1.2698800000000001,1.26647,1.2696399999999999,11039,12,0
2024-01-19 20:00:00+00:00,1.26963,1.2705899999999999,1.2694,1.27037,3268,12,0
2024-01-21 20:00:00+00:00,1.26764,1.27064,1.26764,1.26976,1829,40,0
2024-01-22 00:00:00+00:00,1.26986,1.27177,1.26956,1.27125,7499,12,0
2024-01-22 04:00:00+00:00,1.27125,1.2724,1.26974,1.27028,7474,12,0
2024-01-22 08:00:00+00:00,1.27028,1.2714400000000001,1.26864,1.27135,10838,12,0
2024-01-22 12:00:00+00:00,1.27138,1.27312,1.27094,1.27199,13794,12,0
2024-01-22 16:00:00+00:00,1.272,1.27325,1.26974,1.27045,9674,12,0
2024-01-22 20:00:00+00:00,1.27046,1.27106,1.26994,1.27053,4480,12,0
2024-01-23 00:00:00+00:00,1.27058,1.2728,1.27054,1.27245,7481,12,0
2024-01-23 04:00:00+00:00,1.27246,1.27468,1.27227,1.27417,8556,12,0
2024-01-23 08:00:00+00:00,1.27417,1.27435,1.26994,1.2705899999999999,11494,12,0
2024-01-23 12:00:00+00:00,1.27057,1.27179,1.26578,1.26651,13845,12,0
2024-01-23 16:00:00+00:00,1.26651,1.26819,1.26485,1.26798,9646,12,0
2024-01-23 20:00:00+00:00,1.26797,1.26932,1.26761,1.26902,4242,12,0
2024-01-24 00:00:00+00:00,1.26906,1.26997,1.26852,1.26956,6544,12,0
2024-01-24 04:00:00+00:00,1.26958,1.27123,1.26952,1.27037,7320,12,0
2024-01-24 08:00:00+00:00,1.27039,1.27732,1.27034,1.27401,13737,12,0
2024-01-24 12:00:00+00:00,1.27399,1.27744,1.27277,1.27519,17463,12,0
2024-01-24 16:00:00+00:00,1.27524,1.27541,1.2713,1.27251,12730,12,0
2024-01-24 20:00:00+00:00,1.27247,1.27306,1.2713999999999999,1.27185,4812,12,0
2024-01-25 00:00:00+00:00,1.27179,1.27191,1.27029,1.27127,7586,12,0
2024-01-25 04:00:00+00:00,1.27126,1.27337,1.27066,1.27311,7356,12,0
2024-01-25 08:00:00+00:00,1.27315,1.2742200000000001,1.27198,1.27319,11722,12,0
2024-01-25 12:00:00+00:00,1.27325,1.27402,1.26942,1.26992,23912,12,0
2024-01-25 16:00:00+00:00,1.2699,1.27064,1.26811,1.27002,13015,12,0
2024-01-25 20:00:00+00:00,1.27002,1.27112,1.26952,1.27058,4669,12,0
2024-01-26 00:00:00+00:00,1.27054,1.27155,1.27003,1.271,5773,12,0
2024-01-26 04:00:00+00:00,1.271,1.27111,1.2675100000000001,1.26816,7665,12,0
2024-01-26 08:00:00+00:00,1.26817,1.27461,1.26806,1.27416,11560,12,0
2024-01-26 12:00:00+00:00,1.27416,1.27579,1.27197,1.27221,17659,12,0
2024-01-26 16:00:00+00:00,1.27219,1.27238,1.26984,1.27046,9653,12,0
2024-01-26 20:00:00+00:00,1.27048,1.27093,1.2699500000000001,1.2701799999999999,2768,12,0
2024-01-28 20:00:00+00:00,1.26851,1.27006,1.2682,1.2695400000000001,1983,40,0
2024-01-29 00:00:00+00:00,1.2696399999999999,1.27055,1.26908,1.27024,6968,12,0
2024-01-29 04:00:00+00:00,1.27026,1.27182,1.27,1.27104,7191,12,0
2024-01-29 08:00:00+00:00,1.27102,1.27141,1.26916,1.26948,11096,12,0
2024-01-29 12:00:00+00:00,1.26946,1.27122,1.26616,1.2677399999999999,12236,12,0
2024-01-29 16:00:00+00:00,1.26769,1.26926,1.26732,1.26914,8337,12,0
2024-01-29 20:00:00+00:00,1.26917,1.27167,1.26917,1.27109,5965,12,0
2024-01-30 00:00:00+00:00,1.27114,1.27206,1.27051,1.2707600000000001,6517,12,0
2024-01-30 04:00:00+00:00,1.27077,1.27116,1.26831,1.26951,7619,12,0
2024-01-30 08:00:00+00:00,1.26953,1.26986,1.26705,1.26776,11307,12,0
2024-01-30 12:00:00+00:00,1.26776,1.2687300000000001,1.26395,1.2664900000000001,15653,12,0
2024-01-30 16:00:00+00:00,1.26646,1.26959,1.26587,1.2695,9685,12,0
2024-01-30 20:00:00+00:00,1.26951,1.2699799999999999,1.26856,1.26935,4747,12,0
2024-01-31 00:00:00+00:00,1.26936,1.27002,1.26723,1.26763,6954,12,0
2024-01-31 04:00:00+00:00,1.26761,1.26822,1.26661,1.26743,6579,12,0
2024-01-31 08:00:00+00:00,1.26741,1.26967,1.26664,1.26834,11277,12,0
2024-01-31 12:00:00+00:00,1.26836,1.27502,1.2678,1.2732,20003,12,0
2024-01-31 16:00:00+00:00,1.27318,1.27385,1.26844,1.27114,25639,12,0
2024-01-31 20:00:00+00:00,1.27111,1.27128,1.26577,1.26789,16464,12,0
2024-02-01 00:00:00+00:00,1.26792,1.26978,1.26739,1.26846,8130,12,0
2024-02-01 04:00:00+00:00,1.26849,1.2686,1.2641499999999999,1.26539,8538,12,0
2024-02-01 08:00:00+00:00,1.2653699999999999,1.26582,1.26247,1.2640799999999999,13348,12,0
2024-02-01 12:00:00+00:00,1.26411,1.2685,1.26343,1.26813,21473,12,0
2024-02-01 16:00:00+00:00,1.26811,1.27552,1.26787,1.27465,15313,12,0
2024-02-01 20:00:00+00:00,1.27467,1.27502,1.2739099999999999,1.27451,4987,12,0
2024-02-02 00:00:00+00:00,1.2745600000000001,1.27545,1.27417,1.2747600000000001,6384,12,0
2024-02-02 04:00:00+00:00,1.2747600000000001,1.27568,1.27429,1.275,7661,12,0
2024-02-02 08:00:00+00:00,1.275,1.27718,1.27416,1.27588,10589,12,0
2024-02-02 12:00:00+00:00,1.2759,1.27692,1.26328,1.2656399999999999,23117,12,0
2024-02-02 16:00:00+00:00,1.26565,1.26582,1.2613400000000001,1.26382,12188,12,0
2024-02-02 20:00:00+00:00,1.26382,1.26423,1.26295,1.26327,3357,12,0
2024-02-04 20:00:00+00:00,1.26231,1.2631700000000001,1.26052,1.26204,1841,40,0
2024-02-05 00:00:00+00:00,1.26212,1.26258,1.25983,1.26111,9668,12,0
2024-02-05 04:00:00+00:00,1.2610700000000001,1.26231,1.26029,1.26162,8292,12,0
2024-02-05 08:00:00+00:00,1.26163,1.26289,1.25718,1.2573699999999999,10979,12,0
2024-02-05 12:00:00+00:00,1.25739,1.25755,1.25174,1.25196,13744,12,0
2024-02-05 16:00:00+00:00,1.25197,1.25435,1.25189,1.2534,8266,12,0
2024-02-05 20:00:00+00:00,1.2533699999999999,1.25382,1.25224,1.25327,3941,12,0
2024-02-06 00:00:00+00:00,1.25333,1.2548599999999999,1.2533,1.25413,6856,12,0
2024-02-06 04:00:00+00:00,1.25412,1.25647,1.25411,1.2554400000000001,8919,12,0
2024-02-06 08:00:00+00:00,1.2554400000000001,1.25641,1.25357,1.25537,11242,12,0
2024-02-06 12:00:00+00:00,1.25534,1.25836,1.25403,1.25763,15330,12,0
2024-02-06 16:00:00+00:00,1.2576399999999999,1.25999,1.25724,1.25934,11507,12,0
2024-02-06 20:00:00+00:00,1.25936,1.26047,1.25905,1.26024,5260,12,0
2024-02-07 00:00:00+00:00,1.2603,1.26123,1.25966,1.2601200000000001,6334,12,0
2024-02-07 04:00:00+00:00,1.2601,1.26275,1.25977,1.26273,7343,12,0
2024-02-07 08:00:00+00:00,1.26271,1.26373,1.26157,1.26311,10111,12,0
2024-02-07 12:00:00+00:00,1.2631000000000001,1.26413,1.26192,1.26304,14510,12,0
2024-02-07 16:00:00+00:00,1.26304,1.26339,1.26158,1.26277,10657,12,0
2024-02-07 20:00:00+00:00,1.26275,1.26315,1.26207,1.26261,4528,12,0
2024-02-08 00:00:00+00:00,1.26263,1.26382,1.26247,1.2631999999999999,6029,12,0
2024-02-08 04:00:00+00:00,1.2631999999999999,1.26372,1.26239,1.26274,7416,12,0
2024-02-08 08:00:00+00:00,1.26271,1.26342,1.25997,1.26056,10308,12,0
2024-02-08 12:00:00+00:00,1.26054,1.26111,1.25714,1.2603900000000001,13980,12,0
2024-02-08 16:00:00+00:00,1.26044,1.2629000000000001,1.26028,1.26146,10289,12,0
2024-02-08 20:00:00+00:00,1.26148,1.26202,1.26087,1.2619,4030,12,0
2024-02-09 00:00:00+00:00,1.262,1.26217,1.26123,1.26149,5798,12,0
2024-02-09 04:00:00+00:00,1.26152,1.26339,1.26111,1.2631700000000001,5539,12,0
2024-02-09 08:00:00+00:00,1.26316,1.26342,1.26007,1.26075,10147,12,0
2024-02-09 12:00:00+00:00,1.2607599999999999,1.26425,1.25987,1.26337,17122,12,0
2024-02-09 16:00:00+00:00,1.26338,1.2637,1.26205,1.26282,7612,12,0
2024-02-09 20:00:00+00:00,1.26282,1.26353,1.26246,1.26298,2915,12,0
2024-02-11 20:00:00+00:00,1.2616399999999999,1.2635100000000001,1.26075,1.26341,1839,40,0
2024-02-12 00:00:00+00:00,1.26358,1.26433,1.26262,1.26284,4830,12,0
2024-02-12 04:00:00+00:00,1.26284,1.26541,1.26266,1.2646,5601,12,0
2024-02-12 08:00:00+00:00,1.26458,1.26464,1.26096,1.26151,10857,12,0
2024-02-12 12:00:00+00:00,1.26153,1.26255,1.26057,1.26148,10697,12,0
2024-02-12 16:00:00+00:00,1.26148,1.26398,1.26125,1.26239,8672,12,0
2024-02-12 20:00:00+00:00,1.26239,1.26303,1.2619500000000001,1.2625600000000001,4473,12,0
2024-02-13 00:00:00+00:00,1.26263,1.26276,1.26102,1.26105,4581,12,0
2024-02-13 04:00:00+00:00,1.26104,1.26551,1.26086,1.26514,7022,12,0
2024-02-13 08:00:00+00:00,1.26513,1.26757,1.26358,1.26672,11101,12,0
2024-02-13 12:00:00+00:00,1.26668,1.26935,1.2575,1.2600500000000001,21901,12,0
2024-02-13 16:00:00+00:00,1.2600500000000001,1.2608,1.25727,1.2574100000000001,10551,12,0
2024-02-13 20:00:00+00:00,1.25739,1.25952,1.25733,1.25896,4972,12,0
2024-02-14 00:00:00+00:00,1.25897,1.26018,1.2584,1.25992,7548,12,0
2024-02-14 04:00:00+00:00,1.25992,1.26108,1.25555,1.25638,9967,12,0
2024-02-14 08:00:00+00:00,1.2563900000000001,1.2563900000000001,1.25346,1.2551700000000001,12192,12,0
2024-02-14 12:00:00+00:00,1.25518,1.2567300000000001,1.25392,1.25485,14114,12,0
2024-02-14 16:00:00+00:00,1.25485,1.2570000000000001,1.25477,1.25605,10154,12,0
2024-02-14 20:00:00+00:00,1.25604,1.2567599999999999,1.25586,1.25661,4340,12,0
2024-02-15 00:00:00+00:00,1.25667,1.25729,1.2558099999999999,1.25636,5276,12,0
2024-02-15 04:00:00+00:00,1.25636,1.25726,1.2542200000000001,1.25449,7388,12,0
2024-02-15 08:00:00+00:00,1.25447,1.256,1.25415,1.25489,9780,12,0
2024-02-15 12:00:00+00:00,1.25487,1.25961,1.25403,1.25831,16478,12,0
2024-02-15 16:00:00+00:00,1.2583,1.26001,1.2572999999999999,1.2595100000000001,9535,12,0
2024-02-15 20:00:00+00:00,1.2595399999999999,1.26041,1.25861,1.2598,4470,12,0
2024-02-16 00:00:00+00:00,1.2597800000000001,1.26,1.25788,1.2581,6312,12,0
2024-02-16 04:00:00+00:00,1.25812,1.26055,1.25765,1.25898,7976,12,0
2024-02-16 08:00:00+00:00,1.25896,1.26004,1.25738,1.2598799999999999,10029,12,0
2024-02-16 12:00:00+00:00,1.2598500000000001,1.26002,1.25501,1.2584,16604,12,0
2024-02-16 16:00:00+00:00,1.25839,1.2624,1.25826,1.26059,9720,12,0
2024-02-16 20:00:00+00:00,1.26058,1.26059,1.25969,1.25999,3558,12,0
2024-02-18 20:00:00+00:00,1.25915,1.26085,1.2586300000000001,1.2607599999999999,1995,40,0
2024-02-19 00:00:00+00:00,1.26097,1.26269,1.26097,1.2612,6789,12,0
2024-02-19 04:00:00+00:00,1.2612,1.26292,1.26111,1.2619099999999999,6598,12,0
2024-02-19 08:00:00+00:00,1.2619500000000001,1.26272,1.2606600000000001,1.26106,9708,12,0
2024-02-19 12:00:00+00:00,1.26105,1.26149,1.25838,1.25868,7981,12,0
2024-02-19 16:00:00+00:00,1.2587,1.25989,1.2583,1.2597,3260,12,0
2024-02-19 20:00:00+00:00,1.25968,1.26004,1.25846,1.25871,2463,12,0
2024-02-20 00:00:00+00:00,1.25873,1.25923,1.25799,1.25844,6590,12,0
2024-02-20 04:00:00+00:00,1.25844,1.25933,1.25785,1.25897,6222,12,0
2024-02-20 08:00:00+00:00,1.25895,1.26152,1.2581,1.25898,11412,12,0
2024-02-20 12:00:00+00:00,1.25899,1.2668300000000001,1.25878,1.26615,14177,12,0
2024-02-20 16:00:00+00:00,1.26615,1.2662200000000001,1.26159,1.26183,8528,12,0
2024-02-20 20:00:00+00:00,1.26186,1.26261,1.26136,1.2625600000000001,4578,12,0
2024-02-21 00:00:00+00:00,1.26242,1.26369,1.26189,1.26364,6260,12,0
2024-02-21 04:00:00+00:00,1.26366,1.2637,1.26178,1.2629299999999999,6844,12,0
2024-02-21 08:00:00+00:00,1.2629299999999999,1.26325,1.26021,1.26153,9976,12,0
2024-02-21 12:00:00+00:00,1.26152,1.26339,1.26093,1.2612,11679,12,0
2024-02-21 16:00:00+00:00,1.26117,1.26411,1.2604899999999999,1.26316,11392,12,0
2024-02-21 20:00:00+00:00,1.26315,1.26401,1.26243,1.26371,6028,12,0
2024-02-22 00:00:00+00:00,1.26377,1.26464,1.26307,1.26367,5645,12,0
2024-02-22 04:00:00+00:00,1.26364,1.26753,1.26338,1.26733,6314,12,0
2024-02-22 08:00:00+00:00,1.26732,1.27092,1.26667,1.26798,13293,12,0
2024-02-22 12:00:00+00:00,1.26797,1.26822,1.26108,1.26203,15873,12,0
2024-02-22 16:00:00+00:00,1.26207,1.2664,1.26202,1.26582,9456,12,0
2024-02-22 20:00:00+00:00,1.2658,1.2664,1.26529,1.26606,4291,12,0
2024-02-23 00:00:00+00:00,1.2661,1.2665899999999999,1.26479,1.26635,6353,12,0
2024-02-23 04:00:00+00:00,1.26637,1.26716,1.2658800000000001,1.2669000000000001,5767,12,0
2024-02-23 08:00:00+00:00,1.2669000000000001,1.2684199999999999,1.26484,1.26799,10224,12,0
2024-02-23 12:00:00+00:00,1.26798,1.27009,1.26668,1.26769,12157,12,0
2024-02-23 16:00:00+00:00,1.26768,1.26854,1.2665,1.26742,8757,12,0
2024-02-23 20:00:00+00:00,1.26743,1.26752,1.2666,1.26705,3048,12,0
2024-02-25 20:00:00+00:00,1.2656100000000001,1.26735,1.26556,1.267,1854,40,0
2024-02-26 00:00:00+00:00,1.26695,1.26724,1.26563,1.26583,5275,12,0
2024-02-26 04:00:00+00:00,1.26582,1.26776,1.26569,1.26759,5827,12,0
2024-02-26 08:00:00+00:00,1.26761,1.26962,1.26661,1.26933,9358,12,0
2024-02-26 12:00:00+00:00,1.2693400000000001,1.26989,1.26716,1.26828,11048,12,0
2024-02-26 16:00:00+00:00,1.26829,1.26843,1.26702,1.2677399999999999,7403,12,0
2024-02-26 20:00:00+00:00,1.2677399999999999,1.26875,1.26759,1.26833,3809,12,0
2024-02-27 00:00:00+00:00,1.26833,1.26847,1.2674,1.26795,6122,12,0
2024-02-27 04:00:00+00:00,1.26796,1.26947,1.2677399999999999,1.26901,6727,12,0
2024-02-27 08:00:00+00:00,1.26901,1.26962,1.26706,1.26862,9340,12,0
2024-02-27 12:00:00+00:00,1.26863,1.26944,1.2659799999999999,1.26819,12055,12,0
2024-02-27 16:00:00+00:00,1.26818,1.26945,1.26779,1.26796,9368,12,0
2024-02-27 20:00:00+00:00,1.26796,1.26863,1.26777,1.26798,3837,12,0
2024-02-28 00:00:00+00:00,1.268,1.2683499999999999,1.2665600000000001,1.26679,5784,12,0
2024-02-28 04:00:00+00:00,1.26679,1.26691,1.26446,1.2659,5535,12,0
2024-02-28 08:00:00+00:00,1.2659099999999999,1.26607,1.26209,1.26521,10446,12,0
2024-02-28 12:00:00+00:00,1.26519,1.26574,1.26288,1.26522,13803,12,0
2024-02-28 16:00:00+00:00,1.2652,1.26729,1.26498,1.26529,7828,12,0
2024-02-28 20:00:00+00:00,1.2652999999999999,1.26632,1.26513,1.26594,4321,12,0
2024-02-29 00:00:00+00:00,1.26607,1.2669000000000001,1.2656399999999999,1.26671,6483,12,0
2024-02-29 04:00:00+00:00,1.26671,1.26708,1.2652,1.26535,7153,12,0
2024-02-29 08:00:00+00:00,1.26533,1.26739,1.2646899999999999,1.26506,11794,12,0
2024-02-29 12:00:00+00:00,1.26504,1.26813,1.26346,1.26495,15474,12,0
2024-02-29 16:00:00+00:00,1.2649599999999999,1.26509,1.26122,1.26128,9407,12,0
2024-02-29 20:00:00+00:00,1.26128,1.2625199999999999,1.26128,1.26248,4785,12,0
2024-03-01 00:00:00+00:00,1.26262,1.26348,1.26228,1.26312,5735,12,0
2024-03-01 04:00:00+00:00,1.2631299999999999,1.26359,1.26238,1.26309,5694,12,0
2024-03-01 08:00:00+00:00,1.26312,1.26457,1.2617,1.26423,11258,12,0
2024-03-01 12:00:00+00:00,1.2642,1.26556,1.25991,1.26518,15358,12,0
2024-03-01 16:00:00+00:00,1.26521,1.26632,1.26348,1.26618,9399,12,0
2024-03-01 20:00:00+00:00,1.26617,1.2662,1.26511,1.26525,2883,12,0
2024-03-03 20:00:00+00:00,1.26414,1.266,1.26336,1.26585,1687,40,0
2024-03-04 00:00:00+00:00,1.26601,1.2665899999999999,1.26556,1.26639,4647,12,0
2024-03-04 04:00:00+00:00,1.26639,1.26777,1.26603,1.26776,4994,12,0
2024-03-04 08:00:00+00:00,1.2677800000000001,1.26792,1.2664900000000001,1.26768,8674,12,0
2024-03-04 12:00:00+00:00,1.26768,1.26994,1.26654,1.26971,10366,12,0
2024-03-04 16:00:00+00:00,1.26971,1.2705899999999999,1.26894,1.26904,7082,12,0
2024-03-04 20:00:00+00:00,1.2690299999999999,1.26935,1.26847,1.26887,3558,12,0
2024-03-05 00:00:00+00:00,1.26889,1.26941,1.26821,1.26891,4819,12,0
2024-03-05 04:00:00+00:00,1.26892,1.26902,1.2671000000000001,1.26762,5640,12,0
2024-03-05 08:00:00+00:00,1.26765,1.2689,1.26708,1.26775,8910,12,0
2024-03-05 12:00:00+00:00,1.26777,1.27344,1.26736,1.27316,14086,12,0
2024-03-05 16:00:00+00:00,1.27315,1.27325,1.26992,1.27017,8999,12,0
2024-03-05 20:00:00+00:00,1.2701799999999999,1.27073,1.26955,1.27038,4683,12,0
2024-03-06 00:00:00+00:00,1.27041,1.27042,1.26895,1.26985,5209,12,0
2024-03-06 04:00:00+00:00,1.26986,1.27149,1.26971,1.27098,5742,12,0
2024-03-06 08:00:00+00:00,1.27096,1.27309,1.27082,1.27225,9170,12,0
2024-03-06 12:00:00+00:00,1.27225,1.27474,1.27051,1.27419,14881,12,0
2024-03-06 16:00:00+00:00,1.2741799999999999,1.27613,1.27359,1.27409,11033,12,0
2024-03-06 20:00:00+00:00,1.27404,1.27407,1.27169,1.2733400000000001,5126,12,0
2024-03-07 00:00:00+00:00,1.27353,1.2739099999999999,1.27226,1.2733400000000001,7136,12,0
2024-03-07 04:00:00+00:00,1.27331,1.27436,1.27311,1.2735699999999999,7214,12,0
2024-03-07 08:00:00+00:00,1.2735400000000001,1.27623,1.27287,1.27539,9625,12,0
2024-03-07 12:00:00+00:00,1.27539,1.2790300000000001,1.27445,1.27884,15479,12,0
2024-03-07 16:00:00+00:00,1.27884,1.28081,1.27832,1.28044,9637,12,0
2024-03-07 20:00:00+00:00,1.28044,1.28126,1.27997,1.28125,4574,12,0
2024-03-08 00:00:00+00:00,1.28128,1.28196,1.28036,1.28072,5713,12,0
2024-03-08 04:00:00+00:00,1.28072,1.28132,1.2800500000000001,1.2803200000000001,6378,12,0
2024-03-08 08:00:00+00:00,1.2803200000000001,1.28397,1.28004,1.28295,10025,12,0
2024-03-08 12:00:00+00:00,1.28294,1.28932,1.2825,1.28799,20069,12,0
2024-03-08 16:00:00+00:00,1.288,1.28808,1.28395,1.28562,12050,12,0
2024-03-08 20:00:00+00:00,1.2856,1.28586,1.2848,1.28586,3421,12,0
2024-03-10 20:00:00+00:00,1.28553,1.28577,1.28446,1.28548,2679,12,0
2024-03-11 00:00:00+00:00,1.28548,1.28616,1.2845,1.285,6485,12,0
2024-03-11 04:00:00+00:00,1.285,1.28573,1.28426,1.28449,6415,12,0
2024-03-11 08:00:00+00:00,1.28449,1.28533,1.28311,1.28502,9338,12,0
2024-03-11 12:00:00+00:00,1.28502,1.28504,1.27945,1.28047,11698,12,0
2024-03-11 16:00:00+00:00,1.28047,1.28128,1.27979,1.28085,8199,12,0
2024-03-11 20:00:00+00:00,1.28087,1.28189,1.28078,1.28185,3128,12,0
2024-03-12 00:00:00+00:00,1.28174,1.2822200000000001,1.28131,1.2818,5992,12,0
2024-03-12 04:00:00+00:00,1.28182,1.2823,1.27888,1.27901,7325,12,0
2024-03-12 08:00:00+00:00,1.27901,1.27984,1.27758,1.27911,9003,12,0
2024-03-12 12:00:00+00:00,1.27909,1.28075,1.27457,1.27833,21123,12,0
2024-03-12 16:00:00+00:00,1.27833,1.27933,1.27701,1.27933,8594,12,0
2024-03-12 20:00:00+00:00,1.27933,1.27954,1.2783,1.27946,2602,12,0
2024-03-13 00:00:00+00:00,1.27942,1.27985,1.27908,1.27939,4920,12,0
2024-03-13 04:00:00+00:00,1.27938,1.27961,1.2775400000000001,1.27851,6584,12,0
2024-03-13 08:00:00+00:00,1.2784900000000001,1.28085,1.2774,1.28073,9311,12,0
2024-03-13 12:00:00+00:00,1.28075,1.28086,1.27866,1.27963,11742,12,0
2024-03-13 16:00:00+00:00,1.27962,1.28109,1.27898,1.27957,8012,12,0
2024-03-13 20:00:00+00:00,1.27957,1.28021,1.27885,1.28007,3009,12,0
2024-03-14 00:00:00+00:00,1.2801,1.2804,1.27887,1.27894,5448,12,0
2024-03-14 04:00:00+00:00,1.27894,1.28051,1.27863,1.28025,6307,12,0
2024-03-14 08:00:00+00:00,1.2802799999999999,1.28224,1.28015,1.2809599999999999,8104,12,0
2024-03-14 12:00:00+00:00,1.28099,1.28131,1.27302,1.27461,17541,12,0
2024-03-14 16:00:00+00:00,1.27464,1.27567,1.27423,1.27551,8510,12,0
2024-03-14 20:00:00+00:00,1.27553,1.2757100000000001,1.27427,1.27448,3315,12,0
2024-03-15 00:00:00+00:00,1.27448,1.27468,1.27295,1.27363,5441,12,0
2024-03-15 04:00:00+00:00,1.27363,1.27448,1.27325,1.27352,5420,12,0
2024-03-15 08:00:00+00:00,1.27349,1.2758,1.2732700000000001,1.27539,8284,12,0
2024-03-15 12:00:00+00:00,1.2753700000000001,1.27568,1.27313,1.27387,11995,12,0
2024-03-15 16:00:00+00:00,1.27387,1.27402,1.27246,1.2738,7156,12,0
2024-03-15 20:00:00+00:00,1.2738,1.27389,1.27337,1.27342,917,12,0
2024-03-17 20:00:00+00:00,1.27198,1.2736100000000001,1.27152,1.27307,2087,12,0
2024-03-18 00:00:00+00:00,1.27307,1.27373,1.27257,1.27263,4656,12,0
2024-03-18 04:00:00+00:00,1.27263,1.27417,1.2726199999999999,1.27406,4525,12,0
2024-03-18 08:00:00+00:00,1.27406,1.27462,1.2726899999999999,1.2742,7039,12,0
2024-03-18 12:00:00+00:00,1.2742,1.27451,1.27216,1.27318,9489,12,0
2024-03-18 16:00:00+00:00,1.27317,1.2732700000000001,1.27172,1.2726199999999999,6357,12,0
2024-03-18 20:00:00+00:00,1.27265,1.2729,1.27229,1.27259,3314,12,0
2024-03-19 00:00:00+00:00,1.2726,1.27282,1.27133,1.27217,6408,12,0
2024-03-19 04:00:00+00:00,1.27219,1.27249,1.26943,1.26984,8228,12,0
2024-03-19 08:00:00+00:00,1.26986,1.27012,1.2667,1.26916,9071,12,0
2024-03-19 12:00:00+00:00,1.26916,1.27158,1.26895,1.27101,9388,12,0
2024-03-19 16:00:00+00:00,1.27099,1.27324,1.27078,1.27211,6441,12,0
2024-03-19 20:00:00+00:00,1.27207,1.27225,1.27168,1.2717399999999999,3060,12,0
2024-03-20 00:00:00+00:00,1.2717399999999999,1.27238,1.27099,1.2723,4945,12,0
2024-03-20 04:00:00+00:00,1.2723200000000001,1.2729300000000001,1.2699,1.27135,6625,12,0
2024-03-20 08:00:00+00:00,1.27134,1.27139,1.26864,1.2692999999999999,7882,12,0
2024-03-20 12:00:00+00:00,1.26929,1.27125,1.26837,1.27099,8243,12,0
2024-03-20 16:00:00+00:00,1.27098,1.27861,1.27085,1.2782200000000001,21752,12,0
2024-03-20 20:00:00+00:00,1.27821,1.27976,1.27801,1.27976,4076,12,0
2024-03-21 00:00:00+00:00,1.27972,1.28021,1.27882,1.27955,7181,12,0
2024-03-21 04:00:00+00:00,1.27955,1.2802799999999999,1.27829,1.2784499999999999,6539,12,0
2024-03-21 08:00:00+00:00,1.2784200000000001,1.27899,1.27434,1.2747,11578,12,0
2024-03-21 12:00:00+00:00,1.27474,1.27493,1.26577,1.26669,15747,12,0
2024-03-21 16:00:00+00:00,1.26667,1.26727,1.26497,1.26506,7878,12,0
2024-03-21 20:00:00+00:00,1.26505,1.26627,1.2650000000000001,1.26602,2914,12,0
2024-03-22 00:00:00+00:00,1.26601,1.26745,1.26338,1.26421,7031,12,0
2024-03-22 04:00:00+00:00,1.2642,1.26449,1.25982,1.26067,7640,12,0
2024-03-22 08:00:00+00:00,1.2606600000000001,1.26085,1.25746,1.2583199999999999,9154,12,0
2024-03-22 12:00:00+00:00,1.2582900000000001,1.26233,1.25812,1.26004,10912,12,0
2024-03-22 16:00:00+00:00,1.26,1.26058,1.2585,1.25938,6461,12,0
2024-03-22 20:00:00+00:00,1.2594,1.26007,1.25915,1.25996,1073,12,0
2024-03-24 20:00:00+00:00,1.25813,1.25995,1.25801,1.25969,2237,12,0
2024-03-25 00:00:00+00:00,1.2597,1.26166,1.25912,1.26059,5600,12,0
2024-03-25 04:00:00+00:00,1.2606,1.2613699999999999,1.25989,1.26021,4926,12,0
2024-03-25 08:00:00+00:00,1.2602,1.26392,1.25945,1.26357,7894,12,0
2024-03-25 12:00:00+00:00,1.26357,1.26517,1.2635399999999999,1.2643499999999999,7928,12,0
2024-03-25 16:00:00+00:00,1.2643499999999999,1.26446,1.2634699999999999,1.26379,4428,12,0
2024-03-25 20:00:00+00:00,1.2637800000000001,1.26384,1.2631000000000001,1.26359,2557,12,0
2024-03-26 00:00:00+00:00,1.2636,1.2646600000000001,1.26336,1.26368,5026,12,0
2024-03-26 04:00:00+00:00,1.26369,1.26585,1.26363,1.2650299999999999,5034,12,0
2024-03-26 08:00:00+00:00,1.2650000000000001,1.26674,1.26395,1.26528,8171,12,0
2024-03-26 12:00:00+00:00,1.2652999999999999,1.2656,1.2622900000000001,1.26278,9869,12,0
2024-03-26 16:00:00+00:00,1.26278,1.26349,1.26213,1.2623199999999999,5781,12,0
2024-03-26 20:00:00+00:00,1.2623199999999999,1.26298,1.26211,1.26273,3078,12,0
2024-03-27 00:00:00+00:00,1.26274,1.26274,1.26082,1.2613400000000001,5110,12,0
2024-03-27 04:00:00+00:00,1.26135,1.2631299999999999,1.26125,1.26292,5437,12,0
2024-03-27 08:00:00+00:00,1.26295,1.26379,1.26102,1.26152,8441,12,0
2024-03-27 12:00:00+00:00,1.2615,1.26295,1.2604899999999999,1.2628300000000001,9138,12,0
2024-03-27 16:00:00+00:00,1.26281,1.26376,1.26224,1.26368,5737,12,0
2024-03-27 20:00:00+00:00,1.26368,1.26406,1.2613699999999999,1.26163,3293,12,0
2024-03-28 00:00:00+00:00,1.26165,1.26343,1.26104,1.26269,5466,12,0
2024-03-28 04:00:00+00:00,1.26269,1.26366,1.26109,1.26157,4961,12,0
2024-03-28 08:00:00+00:00,1.26159,1.26254,1.25854,1.26116,7606,12,0
2024-03-28 12:00:00+00:00,1.26116,1.26539,1.26105,1.26309,12829,12,0
2024-03-28 16:00:00+00:00,1.26312,1.26446,1.26151,1.26203,6996,12,0
2024-03-28 20:00:00+00:00,1.26203,1.26267,1.2616,1.26217,4273,12,0
2024-03-29 00:00:00+00:00,1.26213,1.26304,1.26157,1.2622,2635,13,0
2024-03-29 04:00:00+00:00,1.2622,1.2626,1.2617,1.26178,1747,13,0
2024-03-29 08:00:00+00:00,1.26178,1.26263,1.26043,1.26095,2732,13,0
2024-03-29 12:00:00+00:00,1.26095,1.264,1.26058,1.26312,3040,109,0
2024-03-29 16:00:00+00:00,1.26312,1.26312,1.26106,1.26126,1511,108,0
2024-03-29 20:00:00+00:00,1.26126,1.262,1.26101,1.26151,810,113,0
2024-03-31 20:00:00+00:00,1.26062,1.26406,1.26062,1.2635399999999999,3075,12,0
2024-04-01 00:00:00+00:00,1.2637,1.26414,1.2624900000000001,1.26335,5508,12,0
2024-04-01 04:00:00+00:00,1.26335,1.26349,1.2617099999999999,1.26201,4944,12,0
2024-04-01 08:00:00+00:00,1.26201,1.26272,1.26082,1.26139,5102,12,0
2024-04-01 12:00:00+00:00,1.2614,1.2616,1.25391,1.2542,10353,12,0
2024-04-01 16:00:00+00:00,1.2542,1.25497,1.25404,1.2547,4843,12,0
2024-04-01 20:00:00+00:00,1.2547,1.2554,1.25384,1.25454,2715,12,0
2024-04-02 00:00:00+00:00,1.25455,1.25489,1.25403,1.25409,5212,12,0
2024-04-02 04:00:00+00:00,1.25412,1.25567,1.25389,1.25535,6111,12,0
2024-04-02 08:00:00+00:00,1.25534,1.25754,1.25475,1.25726,8037,12,0
2024-04-02 12:00:00+00:00,1.25725,1.2577099999999999,1.25519,1.25733,12025,12,0
2024-04-02 16:00:00+00:00,1.25731,1.2576800000000001,1.25657,1.25763,4875,12,0
2024-04-02 20:00:00+00:00,1.25762,1.25803,1.2572,1.2576,2433,12,0
2024-04-03 00:00:00+00:00,1.25754,1.25801,1.25665,1.25784,4812,12,0
2024-04-03 04:00:00+00:00,1.25784,1.25824,1.25621,1.25652,5858,12,0
2024-04-03 08:00:00+00:00,1.2565,1.25878,1.25638,1.25774,7501,12,0
2024-04-03 12:00:00+00:00,1.25772,1.26352,1.2566899999999999,1.2631999999999999,14036,12,0
2024-04-03 16:00:00+00:00,1.26324,1.26553,1.26244,1.26487,7477,12,0
2024-04-03 20:00:00+00:00,1.26489,1.26558,1.26451,1.26511,2680,12,0
2024-04-04 00:00:00+00:00,1.26506,1.26542,1.26438,1.26518,4460,12,0
2024-04-04 04:00:00+00:00,1.26518,1.26692,1.2650299999999999,1.2662200000000001,6225,12,0
2024-04-04 08:00:00+00:00,1.2662200000000001,1.26685,1.2647300000000001,1.26501,7272,12,0
2024-04-04 12:00:00+00:00,1.26501,1.2683,1.26474,1.2665899999999999,9419,12,0
2024-04-04 16:00:00+00:00,1.26662,1.26727,1.26348,1.26377,8549,12,0
2024-04-04 20:00:00+00:00,1.26377,1.26447,1.2635,1.26391,3457,12,0
2024-04-05 00:00:00+00:00,1.26387,1.2648,1.26209,1.26254,6203,12,0
2024-04-05 04:00:00+00:00,1.26254,1.2631000000000001,1.2613699999999999,1.26263,6372,12,0
2024-04-05 08:00:00+00:00,1.26262,1.26402,1.26208,1.26318,7433,12,0
2024-04-05 12:00:00+00:00,1.26318,1.26443,1.25738,1.263,18433,12,0
2024-04-05 16:00:00+00:00,1.26299,1.26401,1.2625600000000001,1.26341,7051,12,0
2024-04-05 20:00:00+00:00,1.26343,1.26379,1.26325,1.26373,788,12,0
2024-04-07 20:00:00+00:00,1.26133,1.26331,1.26133,1.26234,2601,12,0
2024-04-08 00:00:00+00:00,1.26236,1.26391,1.26141,1.26302,8322,12,0
2024-04-08 04:00:00+00:00,1.26301,1.26342,1.26205,1.26267,7842,12,0
2024-04-08 08:00:00+00:00,1.26267,1.26357,1.26149,1.2618800000000001,8244,12,0
2024-04-08 12:00:00+00:00,1.26187,1.2655699999999999,1.2612700000000001,1.26525,11816,12,0
2024-04-08 16:00:00+00:00,1.26526,1.26635,1.26428,1.26543,6639,12,0
2024-04-08 20:00:00+00:00,1.26546,1.26592,1.26495,1.26566,2566,12,0
2024-04-09 00:00:00+00:00,1.2656800000000001,1.2661,1.26518,1.2654,5471,12,0
2024-04-09 04:00:00+00:00,1.2654,1.26641,1.26481,1.26533,5924,12,0
2024-04-09 08:00:00+00:00,1.2653400000000001,1.26902,1.26489,1.26797,7650,12,0
2024-04-09 12:00:00+00:00,1.26798,1.2709,1.26664,1.26715,12590,12,0
2024-04-09 16:00:00+00:00,1.26715,1.26749,1.26626,1.2674699999999999,6349,12,0
2024-04-09 20:00:00+00:00,1.26748,1.26793,1.26715,1.26763,2780,12,0
2024-04-10 00:00:00+00:00,1.26766,1.26782,1.26685,1.26755,5481,12,0
2024-04-10 04:00:00+00:00,1.26755,1.26886,1.26722,1.26877,5839,12,0
2024-04-10 08:00:00+00:00,1.26877,1.27042,1.26829,1.2693400000000001,6732,12,0
2024-04-10 12:00:00+00:00,1.2693400000000001,1.27069,1.25335,1.25417,26998,12,0
2024-04-10 16:00:00+00:00,1.25419,1.25536,1.25198,1.25408,13868,12,0
2024-04-10 20:00:00+00:00,1.25408,1.25424,1.2525,1.2536,3312,12,0
2024-04-11 00:00:00+00:00,1.25362,1.25489,1.25317,1.25446,6798,12,0
2024-04-11 04:00:00+00:00,1.25446,1.25619,1.25319,1.25602,7515,12,0
2024-04-11 08:00:00+00:00,1.25603,1.25691,1.25294,1.25385,9185,12,0
2024-04-11 12:00:00+00:00,1.25385,1.25778,1.25101,1.25335,21043,12,0
2024-04-11 16:00:00+00:00,1.25338,1.25634,1.25285,1.25589,9139,12,0
2024-04-11 20:00:00+00:00,1.25589,1.2559,1.25472,1.2554,2658,12,0
2024-04-12 00:00:00+00:00,1.25543,1.2558500000000001,1.25435,1.25446,6182,12,0
2024-04-12 04:00:00+00:00,1.25445,1.25455,1.25049,1.25186,8226,12,0
2024-04-12 08:00:00+00:00,1.25191,1.2522,1.24621,1.24709,10095,12,0
2024-04-12 12:00:00+00:00,1.24711,1.2475100000000001,1.24261,1.24553,17899,12,0
2024-04-12 16:00:00+00:00,1.24552,1.24615,1.2442199999999999,1.24458,11044,12,0
2024-04-12 20:00:00+00:00,1.24457,1.24519,1.24455,1.2448299999999999,889,12,0
2024-04-14 20:00:00+00:00,1.24341,1.24616,1.24155,1.246,3510,12,0
2024-04-15 00:00:00+00:00,1.24589,1.24643,1.24403,1.24601,8099,12,0
2024-04-15 04:00:00+00:00,1.24601,1.2477,1.24542,1.2475,9430,12,0
2024-04-15 08:00:00+00:00,1.24752,1.2498,1.24742,1.2477800000000001,10231,12,0
2024-04-15 12:00:00+00:00,1.24779,1.24958,1.24444,1.24633,17741,12,0
2024-04-15 16:00:00+00:00,1.24634,1.2468,1.24352,1.24478,10416,12,0
2024-04-15 20:00:00+00:00,1.24475,1.24491,1.24365,1.24457,3250,12,0
2024-04-16 00:00:00+00:00,1.2446,1.2448,1.24197,1.24279,8444,12,0
2024-04-16 04:00:00+00:00,1.24278,1.2447,1.24081,1.24373,10355,12,0
2024-04-16 08:00:00+00:00,1.24375,1.24598,1.2434,1.24574,10141,12,0
2024-04-16 12:00:00+00:00,1.24572,1.24713,1.24286,1.24348,17381,12,0
2024-04-16 16:00:00+00:00,1.24346,1.24505,1.24051,1.2431,16060,12,0
2024-04-16 20:00:00+00:00,1.24309,1.24329,1.2421,1.24293,3877,12,0
2024-04-17 00:00:00+00:00,1.24301,1.24392,1.24246,1.24298,7550,12,0
2024-04-17 04:00:00+00:00,1.24298,1.24783,1.24165,1.24547,10169,12,0
2024-04-17 08:00:00+00:00,1.24546,1.24815,1.24532,1.24567,10275,12,0
2024-04-17 12:00:00+00:00,1.2457,1.2469000000000001,1.24389,1.24413,14841,12,0
2024-04-17 16:00:00+00:00,1.2441,1.24648,1.24236,1.24524,14516,12,0
2024-04-17 20:00:00+00:00,1.24521,1.24577,1.24493,1.24524,3364,12,0
2024-04-18 00:00:00+00:00,1.24528,1.24695,1.24469,1.24689,6542,12,0
2024-04-18 04:00:00+00:00,1.24689,1.24838,1.2462,1.2471700000000001,7413,12,0
2024-04-18 08:00:00+00:00,1.24714,1.24816,1.2465,1.2471,8858,12,0
2024-04-18 12:00:00+00:00,1.24715,1.24736,1.24358,1.24621,16055,12,0
2024-04-18 16:00:00+00:00,1.24623,1.24654,1.2433,1.2437,9607,12,0
2024-04-18 20:00:00+00:00,1.24371,1.24386,1.24313,1.2435,2705,12,0
2024-04-19 00:00:00+00:00,1.24344,1.2436,1.23886,1.2417,16209,12,0
2024-04-19 04:00:00+00:00,1.24167,1.24511,1.24031,1.24487,12010,12,0
2024-04-19 08:00:00+00:00,1.24487,1.24552,1.24291,1.24396,10742,12,0
2024-04-19 12:00:00+00:00,1.24399,1.24678,1.2396,1.23964,15434,12,0
2024-04-19 16:00:00+00:00,1.23965,1.24013,1.23664,1.23715,11335,12,0
2024-04-19 20:00:00+00:00,1.2371699999999999,1.23733,1.23677,1.23703,1154,12,0
2024-04-21 20:00:00+00:00,1.23557,1.2378,1.23557,1.2375,2744,12,0
2024-04-22 00:00:00+00:00,1.2375,1.23918,1.2371699999999999,1.23813,7119,12,0
2024-04-22 04:00:00+00:00,1.23813,1.23896,1.23505,1.23675,7743,12,0
2024-04-22 08:00:00+00:00,1.23676,1.2372,1.23084,1.23146,10288,12,0
2024-04-22 12:00:00+00:00,1.23146,1.23398,1.22988,1.23382,11531,12,0
2024-04-22 16:00:00+00:00,1.23382,1.23611,1.23382,1.23519,6277,12,0
2024-04-22 20:00:00+00:00,1.23522,1.23538,1.23457,1.23493,2405,12,0
2024-04-23 00:00:00+00:00,1.23493,1.2358,1.2347,1.2352,5906,12,0
2024-04-23 04:00:00+00:00,1.2352,1.2372,1.23313,1.23641,9042,12,0
2024-04-23 08:00:00+00:00,1.2364,1.24007,1.23453,1.24001,11425,12,0
2024-04-23 12:00:00+00:00,1.24,1.24579,1.23806,1.24311,17830,12,0
2024-04-23 16:00:00+00:00,1.24314,1.24581,1.24281,1.24489,7227,12,0
2024-04-23 20:00:00+00:00,1.24494,1.2454,1.24371,1.24533,2843,12,0
2024-04-24 00:00:00+00:00,1.24535,1.24643,1.24484,1.24558,5932,12,0
2024-04-24 04:00:00+00:00,1.24558,1.24577,1.24271,1.24293,6227,12,0
2024-04-24 08:00:00+00:00,1.24296,1.24433,1.24222,1.24348,6791,12,0
2024-04-24 12:00:00+00:00,1.24348,1.24548,1.24259,1.24313,13536,12,0
2024-04-24 16:00:00+00:00,1.2431,1.24694,1.24299,1.2462900000000001,7426,12,0
2024-04-24 20:00:00+00:00,1.24631,1.24634,1.2452,1.24588,2989,12,0
2024-04-25 00:00:00+00:00,1.24588,1.24679,1.24539,1.24631,6552,12,0
2024-04-25 04:00:00+00:00,1.24631,1.25095,1.2462,1.25053,7723,12,0
2024-04-25 08:00:00+00:00,1.25055,1.25226,1.2503600000000001,1.25118,8815,12,0
2024-04-25 12:00:00+00:00,1.25118,1.25262,1.24563,1.24917,22224,12,0
2024-04-25 16:00:00+00:00,1.24917,1.2522199999999999,1.24868,1.2513,10642,12,0
2024-04-25 20:00:00+00:00,1.25128,1.25153,1.2503600000000001,1.2506599999999999,3909,12,0
2024-04-26 00:00:00+00:00,1.2506599999999999,1.25082,1.24936,1.24992,6623,12,0
2024-04-26 04:00:00+00:00,1.24992,1.25152,1.24962,1.25049,8013,12,0
2024-04-26 08:00:00+00:00,1.25047,1.25403,1.25026,1.25105,11614,12,0
2024-04-26 12:00:00+00:00,1.25106,1.25404,1.24487,1.24709,18489,12,0
2024-04-26 16:00:00+00:00,1.24709,1.25035,1.24698,1.24972,6808,12,0
2024-04-26 20:00:00+00:00,1.2497099999999999,1.24999,1.24915,1.2493400000000001,1231,12,0
2024-04-28 20:00:00+00:00,1.24741,1.2509700000000001,1.24662,1.25088,2477,12,0
2024-04-29 00:00:00+00:00,1.25089,1.25278,1.25065,1.2521900000000001,6662,12,0
2024-04-29 04:00:00+00:00,1.2521900000000001,1.25478,1.25138,1.25297,13430,12,0
2024-04-29 08:00:00+00:00,1.25293,1.2540200000000001,1.25071,1.25316,10389,12,0
2024-04-29 12:00:00+00:00,1.25317,1.25545,1.25141,1.25501,12183,12,0
2024-04-29 16:00:00+00:00,1.25502,1.25689,1.25498,1.25606,8187,12,0
2024-04-29 20:00:00+00:00,1.25606,1.25641,1.25564,1.2559,2951,12,0
2024-04-30 00:00:00+00:00,1.25589,1.2560799999999999,1.25417,1.2545,5730,12,0
2024-04-30 04:00:00+00:00,1.2545,1.25461,1.25238,1.25411,7335,12,0
2024-04-30 08:00:00+00:00,1.25413,1.25541,1.25262,1.2539799999999999,9025,12,0
2024-04-30 12:00:00+00:00,1.2539799999999999,1.2545600000000001,1.25021,1.25107,20548,12,0
2024-04-30 16:00:00+00:00,1.2511,1.25148,1.24927,1.24952,8482,12,0
2024-04-30 20:00:00+00:00,1.2495,1.24975,1.24843,1.24886,4131,12,0
2024-05-01 00:00:00+00:00,1.24886,1.24911,1.24716,1.24732,4331,12,0
2024-05-01 04:00:00+00:00,1.24732,1.24859,1.24659,1.24842,5695,12,0
2024-05-01 08:00:00+00:00,1.24841,1.24978,1.24757,1.24843,7269,12,0
2024-05-01 12:00:00+00:00,1.24843,1.24998,1.24764,1.24868,14344,12,0
2024-05-01 16:00:00+00:00,1.24869,1.25496,1.24775,1.24928,25152,12,0
2024-05-01 20:00:00+00:00,1.24927,1.25397,1.2489,1.25357,7034,12,0
2024-05-02 00:00:00+00:00,1.25357,1.25389,1.25201,1.25301,7431,12,0
2024-05-02 04:00:00+00:00,1.25301,1.25441,1.25183,1.2528000000000001,10235,12,0
2024-05-02 08:00:00+00:00,1.25281,1.25325,1.25044,1.25145,11019,12,0
2024-05-02 12:00:00+00:00,1.25147,1.25325,1.24714,1.25058,18337,12,0
2024-05-02 16:00:00+00:00,1.25058,1.25383,1.25013,1.25358,10185,12,0
2024-05-02 20:00:00+00:00,1.25357,1.25414,1.2524899999999999,1.25388,3876,12,0
2024-05-03 00:00:00+00:00,1.25387,1.25564,1.25306,1.25522,6753,12,0
2024-05-03 04:00:00+00:00,1.25519,1.2554400000000001,1.25387,1.25474,7475,12,0
2024-05-03 08:00:00+00:00,1.25471,1.25668,1.25455,1.25543,9411,12,0
2024-05-03 12:00:00+00:00,1.25541,1.26336,1.25289,1.2547,30969,12,0
2024-05-03 16:00:00+00:00,1.25471,1.25541,1.25385,1.25488,9197,12,0
2024-05-03 20:00:00+00:00,1.25488,1.25504,1.25458,1.25462,991,12,0
2024-05-05 20:00:00+00:00,1.25392,1.25528,1.2530700000000001,1.25404,2274,12,0
2024-05-06 00:00:00+00:00,1.25404,1.25564,1.25378,1.2546599999999999,7306,12,0
2024-05-06 04:00:00+00:00,1.2546599999999999,1.25731,1.25415,1.25675,7075,12,0
2024-05-06 08:00:00+00:00,1.2567300000000001,1.25838,1.25633,1.25759,7839,12,0
2024-05-06 12:00:00+00:00,1.25759,1.25939,1.25677,1.25726,9403,12,0
2024-05-06 16:00:00+00:00,1.25724,1.2573400000000001,1.25574,1.25599,7159,12,0
2024-05-06 20:00:00+00:00,1.256,1.25633,1.25566,1.25587,2727,12,0
2024-05-07 00:00:00+00:00,1.25587,1.25701,1.25508,1.25568,6773,12,0
2024-05-07 04:00:00+00:00,1.25569,1.25571,1.25335,1.25372,8887,12,0
2024-05-07 08:00:00+00:00,1.2537,1.25472,1.25287,1.25439,8314,12,0
2024-05-07 12:00:00+00:00,1.25442,1.25643,1.2530999999999999,1.25319,10114,12,0
2024-05-07 16:00:00+00:00,1.25321,1.25374,1.2500200000000001,1.25087,7570,12,0
2024-05-07 20:00:00+00:00,1.25086,1.25102,1.2496800000000001,1.25014,2740,12,0
2024-05-08 00:00:00+00:00,1.25011,1.25028,1.24838,1.24864,6915,12,0
2024-05-08 04:00:00+00:00,1.24864,1.24927,1.24708,1.24721,7328,12,0
2024-05-08 08:00:00+00:00,1.2472,1.25003,1.24671,1.24839,8689,12,0
2024-05-08 12:00:00+00:00,1.2484,1.25044,1.24725,1.25016,10668,12,0
2024-05-08 16:00:00+00:00,1.25016,1.25022,1.24901,1.24962,6583,12,0
2024-05-08 20:00:00+00:00,1.24962,1.24989,1.24893,1.24926,2489,12,0
2024-05-09 00:00:00+00:00,1.24926,1.25011,1.24869,1.24961,5640,12,0
2024-05-09 04:00:00+00:00,1.2496,1.24982,1.24705,1.24767,5996,12,0
2024-05-09 08:00:00+00:00,1.24767,1.24967,1.2445599999999999,1.24691,12944,12,0
2024-05-09 12:00:00+00:00,1.24694,1.2522,1.2468,1.25028,15395,12,0
2024-05-09 16:00:00+00:00,1.2502900000000001,1.25264,1.2502900000000001,1.25221,7390,12,0
2024-05-09 20:00:00+00:00,1.25217,1.25285,1.25195,1.2524,2686,12,0
2024-05-10 00:00:00+00:00,1.25241,1.25257,1.25118,1.25166,5844,12,0
2024-05-10 04:00:00+00:00,1.25167,1.2541,1.25139,1.2530000000000001,8350,12,0
2024-05-10 08:00:00+00:00,1.2530000000000001,1.25356,1.25224,1.25277,8652,12,0
2024-05-10 12:00:00+00:00,1.25278,1.2536800000000001,1.25021,1.2525,11335,12,0
2024-05-10 16:00:00+00:00,1.25255,1.25366,1.25217,1.25265,6456,12,0
2024-05-10 20:00:00+00:00,1.25265,1.25302,1.25224,1.2523900000000001,893,12,0
2024-05-12 20:00:00+00:00,1.25069,1.2527,1.25012,1.25213,2034,12,0
2024-05-13 00:00:00+00:00,1.2521,1.25272,1.25172,1.25264,7555,12,0
2024-05-13 04:00:00+00:00,1.25264,1.2535,1.25172,1.2523,6645,12,0
2024-05-13 08:00:00+00:00,1.25229,1.25533,1.25187,1.25454,7315,12,0
2024-05-13 12:00:00+00:00,1.25455,1.25681,1.25445,1.25598,9909,12,0
2024-05-13 16:00:00+00:00,1.256,1.25664,1.25525,1.25548,6351,12,0
2024-05-13 20:00:00+00:00,1.2555,1.2561499999999999,1.2553,1.25592,2438,12,0
2024-05-14 00:00:00+00:00,1.25592,1.25603,1.25523,1.25584,6120,12,0
2024-05-14 04:00:00+00:00,1.2558500000000001,1.25629,1.2545600000000001,1.25515,7046,12,0
2024-05-14 08:00:00+00:00,1.25514,1.25586,1.25088,1.25513,9433,12,0
2024-05-14 12:00:00+00:00,1.25512,1.25922,1.25197,1.25874,17142,12,0
2024-05-14 16:00:00+00:00,1.25875,1.25916,1.25803,1.25895,6447,12,0
2024-05-14 20:00:00+00:00,1.25895,1.25918,1.2583,1.25838,2712,12,0
2024-05-15 00:00:00+00:00,1.25837,1.25989,1.2582900000000001,1.25975,5015,12,0
2024-05-15 04:00:00+00:00,1.25975,1.25999,1.25864,1.25939,6421,12,0
2024-05-15 08:00:00+00:00,1.25936,1.26242,1.25936,1.26126,8430,12,0
2024-05-15 12:00:00+00:00,1.26126,1.26725,1.26114,1.26553,19191,12,0
2024-05-15 16:00:00+00:00,1.26555,1.26833,1.26489,1.26817,7708,12,0
2024-05-15 20:00:00+00:00,1.26816,1.26936,1.26764,1.26878,3091,12,0
2024-05-16 00:00:00+00:00,1.26883,1.27,1.26826,1.26911,7907,12,0
2024-05-16 04:00:00+00:00,1.26911,1.26915,1.26737,1.26796,7262,12,0
2024-05-16 08:00:00+00:00,1.26795,1.26827,1.26539,1.26559,7236,12,0
2024-05-16 12:00:00+00:00,1.26562,1.26794,1.2643,1.26789,11852,12,0
2024-05-16 16:00:00+00:00,1.26789,1.26791,1.26668,1.26687,6155,12,0
2024-05-16 20:00:00+00:00,1.2668599999999999,1.26719,1.26658,1.26709,2043,12,0
2024-05-17 00:00:00+00:00,1.26709,1.26722,1.26515,1.26576,6279,12,0
2024-05-17 04:00:00+00:00,1.26576,1.26692,1.2653699999999999,1.2656100000000001,6146,12,0
2024-05-17 08:00:00+00:00,1.2656100000000001,1.26582,1.26444,1.26531,6624,12,0
2024-05-17 12:00:00+00:00,1.26531,1.27075,1.26506,1.27008,9861,12,0
2024-05-17 16:00:00+00:00,1.27008,1.2711299999999999,1.26984,1.27061,5913,12,0
2024-05-17 20:00:00+00:00,1.27062,1.27062,1.26994,1.27005,757,12,0
2024-05-19 20:00:00+00:00,1.26843,1.27074,1.26775,1.27051,1779,12,0
2024-05-20 00:00:00+00:00,1.27051,1.2707899999999999,1.2696399999999999,1.27039,6268,12,0
2024-05-20 04:00:00+00:00,1.27039,1.27107,1.26887,1.26939,6565,12,0
2024-05-20 08:00:00+00:00,1.26938,1.27064,1.26921,1.26949,6747,12,0
2024-05-20 12:00:00+00:00,1.26949,1.27115,1.26917,1.2704,10081,12,0
2024-05-20 16:00:00+00:00,1.27042,1.27249,1.27039,1.27071,5371,12,0
2024-05-20 20:00:00+00:00,1.27071,1.27104,1.2699,1.2709,2118,12,0
2024-05-21 00:00:00+00:00,1.27091,1.2711000000000001,1.26967,1.27058,5877,12,0
2024-05-21 04:00:00+00:00,1.27058,1.27202,1.27048,1.27121,5938,12,0
2024-05-21 08:00:00+00:00,1.27121,1.2723200000000001,1.27029,1.27197,6976,12,0
2024-05-21 12:00:00+00:00,1.27198,1.27265,1.2686,1.2707899999999999,12860,12,0
2024-05-21 16:00:00+00:00,1.2707899999999999,1.27152,1.27012,1.27126,6322,12,0
2024-05-21 20:00:00+00:00,1.27126,1.27134,1.27023,1.27092,2653,12,0
2024-05-22 00:00:00+00:00,1.27093,1.27223,1.2709,1.27123,6515,12,0
2024-05-22 04:00:00+00:00,1.27121,1.27609,1.27075,1.27466,9030,12,0
2024-05-22 08:00:00+00:00,1.27468,1.27478,1.26997,1.27089,8558,12,0
2024-05-22 12:00:00+00:00,1.2709,1.27471,1.27081,1.27341,11701,12,0
2024-05-22 16:00:00+00:00,1.27341,1.27498,1.27099,1.27161,10031,12,0
2024-05-22 20:00:00+00:00,1.27164,1.2720799999999999,1.27131,1.27195,3243,12,0
2024-05-23 00:00:00+00:00,1.27195,1.27284,1.27164,1.27282,6316,12,0
2024-05-23 04:00:00+00:00,1.27282,1.27332,1.27157,1.2724199999999999,8261,12,0
2024-05-23 08:00:00+00:00,1.2723900000000001,1.27413,1.27047,1.27396,9577,12,0
2024-05-23 12:00:00+00:00,1.27399,1.27461,1.27042,1.27161,16107,12,0
2024-05-23 16:00:00+00:00,1.2716,1.27222,1.26849,1.26932,10057,12,0
2024-05-23 20:00:00+00:00,1.26932,1.26985,1.26904,1.26928,2761,12,0
2024-05-24 00:00:00+00:00,1.26926,1.26975,1.26867,1.26881,5746,12,0
2024-05-24 04:00:00+00:00,1.26881,1.27046,1.26754,1.2698,7615,12,0
2024-05-24 08:00:00+00:00,1.2698,1.27248,1.26943,1.2717100000000001,7046,12,0
2024-05-24 12:00:00+00:00,1.2717100000000001,1.27503,1.27099,1.27435,12045,12,0
2024-05-24 16:00:00+00:00,1.27434,1.275,1.27317,1.2739500000000001,6953,12,0
2024-05-24 20:00:00+00:00,1.2739099999999999,1.27399,1.27348,1.27371,718,12,0
2024-05-26 20:00:00+00:00,1.27311,1.2741799999999999,1.27244,1.27336,1708,12,0
2024-05-27 00:00:00+00:00,1.27336,1.27431,1.27331,1.27417,4133,12,0
2024-05-27 04:00:00+00:00,1.27417,1.27463,1.27351,1.27404,4571,12,0
2024-05-27 08:00:00+00:00,1.27407,1.2757,1.2733400000000001,1.27515,5444,12,0
2024-05-27 12:00:00+00:00,1.27515,1.27773,1.27428,1.27716,7473,12,0
2024-05-27 16:00:00+00:00,1.27716,1.27736,1.2767,1.27704,2250,12,0
2024-05-27 20:00:00+00:00,1.27705,1.27719,1.2764,1.27714,1912,12,0
2024-05-28 00:00:00+00:00,1.27714,1.2783,1.27697,1.27803,6281,12,0
2024-05-28 04:00:00+00:00,1.27804,1.2781799999999999,1.27682,1.2772700000000001,6709,12,0
2024-05-28 08:00:00+00:00,1.27725,1.27882,1.27619,1.2785,7552,12,0
2024-05-28 12:00:00+00:00,1.2785199999999999,1.2800500000000001,1.27718,1.27837,11715,12,0
2024-05-28 16:00:00+00:00,1.27835,1.2784499999999999,1.27536,1.27631,9031,12,0
2024-05-28 20:00:00+00:00,1.2763,1.27636,1.27561,1.27576,2875,12,0
2024-05-29 00:00:00+00:00,1.27576,1.27591,1.27467,1.27502,6468,12,0
2024-05-29 04:00:00+00:00,1.27501,1.27712,1.27459,1.27631,8002,12,0
2024-05-29 08:00:00+00:00,1.27627,1.27653,1.27351,1.2748,10083,12,0
2024-05-29 12:00:00+00:00,1.2748,1.27552,1.27046,1.2711700000000001,13507,12,0
2024-05-29 16:00:00+00:00,1.27115,1.2718,1.26987,1.2701799999999999,8814,12,0
2024-05-29 20:00:00+00:00,1.2702,1.27035,1.2695400000000001,1.26973,2848,12,0
2024-05-30 00:00:00+00:00,1.26972,1.27024,1.26897,1.26946,7257,12,0
2024-05-30 04:00:00+00:00,1.26948,1.2708599999999999,1.26802,1.2707899999999999,8438,12,0
2024-05-30 08:00:00+00:00,1.27074,1.27219,1.2695400000000001,1.27094,9221,12,0
2024-05-30 12:00:00+00:00,1.27095,1.27466,1.2704900000000001,1.27365,13233,12,0
2024-05-30 16:00:00+00:00,1.27366,1.27435,1.27257,1.27305,7140,12,0
2024-05-30 20:00:00+00:00,1.27305,1.2732999999999999,1.27267,1.27283,2916,12,0
2024-05-31 00:00:00+00:00,1.27283,1.27337,1.27148,1.27223,6905,12,0
2024-05-31 04:00:00+00:00,1.27223,1.27234,1.26996,1.2705899999999999,7802,12,0
2024-05-31 08:00:00+00:00,1.27061,1.2727,1.2705,1.27139,9004,12,0
2024-05-31 12:00:00+00:00,1.27139,1.27654,1.27068,1.2734,15790,12,0
2024-05-31 16:00:00+00:00,1.27339,1.27464,1.2720500000000001,1.27439,7933,12,0
2024-05-31 20:00:00+00:00,1.27442,1.27451,1.27404,1.2741500000000001,1205,12,0
2024-06-02 20:00:00+00:00,1.27295,1.27448,1.2721,1.27433,2159,12,0
2024-06-03 00:00:00+00:00,1.27434,1.27553,1.27374,1.27389,6281,12,0
2024-06-03 04:00:00+00:00,1.2739,1.2744900000000001,1.27132,1.27141,7621,12,0
2024-06-03 08:00:00+00:00,1.2713999999999999,1.27324,1.26936,1.2728,10010,12,0
2024-06-03 12:00:00+00:00,1.27283,1.2793700000000001,1.27257,1.27921,13192,12,0
2024-06-03 16:00:00+00:00,1.27921,1.28002,1.27749,1.27995,8519,12,0
2024-06-03 20:00:00+00:00,1.27994,1.28116,1.27994,1.2809,2699,12,0
2024-06-04 00:00:00+00:00,1.2809,1.28172,1.2803200000000001,1.28088,5594,12,0
2024-06-04 04:00:00+00:00,1.28086,1.28122,1.27857,1.27904,7240,12,0
2024-06-04 08:00:00+00:00,1.27907,1.27921,1.27421,1.27604,11664,12,0
2024-06-04 12:00:00+00:00,1.27607,1.2789,1.27573,1.2782,14161,12,0
2024-06-04 16:00:00+00:00,1.2782200000000001,1.27966,1.27708,1.27712,9232,12,0
2024-06-04 20:00:00+00:00,1.27714,1.2772999999999999,1.27577,1.27721,2415,12,0
2024-06-05 00:00:00+00:00,1.27722,1.27802,1.27678,1.27711,5728,12,0
2024-06-05 04:00:00+00:00,1.27707,1.27824,1.2764199999999999,1.27719,7117,12,0
2024-06-05 08:00:00+00:00,1.27718,1.2778800000000001,1.2766,1.27778,7522,12,0
2024-06-05 12:00:00+00:00,1.2778,1.2794699999999999,1.27548,1.27692,15312,12,0
2024-06-05 16:00:00+00:00,1.27686,1.27943,1.27623,1.27909,7096,12,0
2024-06-05 20:00:00+00:00,1.27909,1.27935,1.27796,1.27929,2492,12,0
2024-06-06 00:00:00+00:00,1.2793,1.28085,1.27925,1.27983,5306,12,0
2024-06-06 04:00:00+00:00,1.27983,1.27997,1.27857,1.27915,6523,12,0
2024-06-06 08:00:00+00:00,1.27917,1.27919,1.2766899999999999,1.27702,7297,12,0
2024-06-06 12:00:00+00:00,1.27702,1.27911,1.27621,1.27827,14485,12,0
2024-06-06 16:00:00+00:00,1.27828,1.27952,1.2775699999999999,1.27888,6459,12,0
2024-06-06 20:00:00+00:00,1.27889,1.27942,1.27851,1.2792,2118,12,0
2024-06-07 00:00:00+00:00,1.2792,1.2792,1.27832,1.2788300000000001,5599,12,0
2024-06-07 04:00:00+00:00,1.2788300000000001,1.28015,1.27812,1.27996,6679,12,0
2024-06-07 08:00:00+00:00,1.27999,1.28081,1.2782,1.28067,7705,12,0
2024-06-07 12:00:00+00:00,1.28067,1.28175,1.27152,1.27238,19919,12,0
2024-06-07 16:00:00+00:00,1.2724,1.27294,1.27173,1.27203,8499,12,0
2024-06-07 20:00:00+00:00,1.2720099999999999,1.27229,1.2718099999999999,1.27182,748,12,0
2024-06-09 20:00:00+00:00,1.27114,1.2729,1.27042,1.27276,3142,12,0
2024-06-10 00:00:00+00:00,1.27275,1.27306,1.27134,1.27138,4675,12,0
2024-06-10 04:00:00+00:00,1.27139,1.27236,1.27065,1.27223,7454,12,0
2024-06-10 08:00:00+00:00,1.27225,1.27245,1.26874,1.27135,8456,12,0
2024-06-10 12:00:00+00:00,1.27139,1.2730299999999999,1.27033,1.27301,9802,12,0
2024-06-10 16:00:00+00:00,1.27301,1.27367,1.27238,1.27302,7056,12,0
2024-06-10 20:00:00+00:00,1.27304,1.27332,1.27213,1.27253,2566,12,0
2024-06-11 00:00:00+00:00,1.27253,1.2736,1.2723900000000001,1.2735400000000001,5193,12,0
2024-06-11 04:00:00+00:00,1.27353,1.27399,1.27133,1.27224,6951,12,0
2024-06-11 08:00:00+00:00,1.27226,1.27489,1.27199,1.27377,10105,12,0
2024-06-11 12:00:00+00:00,1.27378,1.27472,1.2705199999999999,1.2721,11883,12,0
2024-06-11 16:00:00+00:00,1.27211,1.27509,1.27172,1.2741,6588,12,0
2024-06-11 20:00:00+00:00,1.27411,1.27424,1.27348,1.27389,1987,12,0
2024-06-12 00:00:00+00:00,1.27389,1.27445,1.27322,1.27427,4870,12,0
2024-06-12 04:00:00+00:00,1.27427,1.27522,1.2736399999999999,1.27498,5751,12,0
2024-06-12 08:00:00+00:00,1.275,1.2767,1.2748300000000001,1.27595,6862,12,0
2024-06-12 12:00:00+00:00,1.27594,1.28598,1.27559,1.28399,18091,12,0
2024-06-12 16:00:00+00:00,1.28399,1.28497,1.27907,1.2796699999999999,23545,12,0
2024-06-12 20:00:00+00:00,1.27969,1.28009,1.27889,1.27959,2872,12,0
2024-06-13 00:00:00+00:00,1.27959,1.2799,1.27833,1.27846,6160,12,0
2024-06-13 04:00:00+00:00,1.2784499999999999,1.27907,1.27722,1.2787899999999999,6327,12,0
2024-06-13 08:00:00+00:00,1.2788,1.28,1.27633,1.27641,7976,12,0
2024-06-13 12:00:00+00:00,1.27641,1.2807,1.27515,1.27622,15309,12,0
2024-06-13 16:00:00+00:00,1.27623,1.2766600000000001,1.27378,1.27648,9009,12,0
2024-06-13 20:00:00+00:00,1.27647,1.27658,1.27531,1.27533,2646,12,0
2024-06-14 00:00:00+00:00,1.27534,1.27628,1.27493,1.27522,5599,12,0
2024-06-14 04:00:00+00:00,1.27522,1.27539,1.27215,1.27297,7771,12,0
2024-06-14 08:00:00+00:00,1.27298,1.27319,1.26926,1.27035,12672,12,0
2024-06-14 12:00:00+00:00,1.2704,1.27053,1.26562,1.26822,14707,12,0
2024-06-14 16:00:00+00:00,1.26825,1.26922,1.26757,1.26892,7107,12,0
2024-06-14 20:00:00+00:00,1.26895,1.26901,1.26831,1.26861,947,12,0
2024-06-16 20:00:00+00:00,1.2675,1.26871,1.26642,1.2683,2272,12,0
2024-06-17 00:00:00+00:00,1.26829,1.26881,1.26761,1.26818,5462,12,0
2024-06-17 04:00:00+00:00,1.26819,1.26845,1.26608,1.26678,7825,12,0
2024-06-17 08:00:00+00:00,1.26676,1.26779,1.26581,1.26624,8556,12,0
2024-06-17 12:00:00+00:00,1.26624,1.26891,1.26613,1.26865,9554,12,0
2024-06-17 16:00:00+00:00,1.26864,1.2709,1.26864,1.27026,6669,12,0
2024-06-17 20:00:00+00:00,1.27026,1.2713700000000001,1.26939,1.27128,2401,12,0
2024-06-18 00:00:00+00:00,1.27128,1.27145,1.2692999999999999,1.26967,5289,12,0
2024-06-18 04:00:00+00:00,1.26968,1.27017,1.26757,1.26788,7405,12,0
2024-06-18 08:00:00+00:00,1.26788,1.26894,1.26706,1.26738,8842,12,0
2024-06-18 12:00:00+00:00,1.26741,1.27203,1.2668300000000001,1.26946,13670,12,0
2024-06-18 16:00:00+00:00,1.26949,1.2709,1.26913,1.27075,7684,12,0
2024-06-18 20:00:00+00:00,1.27073,1.2711000000000001,1.2701,1.27063,2306,12,0
2024-06-19 00:00:00+00:00,1.27063,1.27129,1.27024,1.27077,3947,12,0
2024-06-19 04:00:00+00:00,1.27075,1.2732,1.26994,1.2726600000000001,8163,12,0
2024-06-19 08:00:00+00:00,1.27267,1.2739500000000001,1.27243,1.27325,7791,12,0
2024-06-19 12:00:00+00:00,1.2732700000000001,1.27337,1.27151,1.27237,6761,12,0
2024-06-19 16:00:00+00:00,1.2723499999999999,1.27253,1.27134,1.2717800000000001,2039,12,0
2024-06-19 20:00:00+00:00,1.27179,1.27229,1.2715,1.27193,2252,12,0
2024-06-20 00:00:00+00:00,1.27193,1.2720099999999999,1.27095,1.27146,4440,12,0
2024-06-20 04:00:00+00:00,1.27148,1.2717399999999999,1.2702,1.27065,5772,12,0
2024-06-20 08:00:00+00:00,1.27063,1.27082,1.26776,1.26806,9381,12,0
2024-06-20 12:00:00+00:00,1.26807,1.2694,1.2666,1.26675,11116,12,0
2024-06-20 16:00:00+00:00,1.26675,1.26817,1.26585,1.2662900000000001,7941,12,0
2024-06-20 20:00:00+00:00,1.26628,1.26648,1.2651,1.26594,3075,12,0
2024-06-21 00:00:00+00:00,1.26596,1.2665,1.26545,1.26604,4565,12,0
2024-06-21 04:00:00+00:00,1.26604,1.26749,1.26368,1.26424,6984,12,0
2024-06-21 08:00:00+00:00,1.26429,1.26611,1.26304,1.26426,9667,12,0
2024-06-21 12:00:00+00:00,1.26424,1.26504,1.26217,1.26419,12374,12,0
2024-06-21 16:00:00+00:00,1.26421,1.26502,1.2635,1.26475,6577,12,0
2024-06-21 20:00:00+00:00,1.26475,1.26507,1.26387,1.26431,1057,12,0
2024-06-23 20:00:00+00:00,1.26355,1.26453,1.2625,1.2637399999999999,2275,12,0
2024-06-24 00:00:00+00:00,1.26375,1.2644199999999999,1.26323,1.2641499999999999,5561,12,0
2024-06-24 04:00:00+00:00,1.2641499999999999,1.26558,1.2640799999999999,1.26538,6000,12,0
2024-06-24 08:00:00+00:00,1.26539,1.26712,1.2653400000000001,1.26626,7892,12,0
2024-06-24 12:00:00+00:00,1.26623,1.26974,1.26599,1.26814,9449,12,0
2024-06-24 16:00:00+00:00,1.2681200000000001,1.26933,1.26728,1.26855,6651,12,0
2024-06-24 20:00:00+00:00,1.26852,1.26887,1.26796,1.26813,2729,12,0
2024-06-25 00:00:00+00:00,1.26813,1.26959,1.2681200000000001,1.26956,4797,12,0
2024-06-25 04:00:00+00:00,1.2695699999999999,1.26985,1.26824,1.26886,5869,12,0
2024-06-25 08:00:00+00:00,1.26886,1.2702,1.26753,1.26819,7337,12,0
2024-06-25 12:00:00+00:00,1.26819,1.2687,1.26698,1.26741,10143,12,0
2024-06-25 16:00:00+00:00,1.26742,1.2695400000000001,1.26732,1.26892,5926,12,0
2024-06-25 20:00:00+00:00,1.26887,1.26894,1.2680500000000001,1.2683499999999999,2242,12,0
2024-06-26 00:00:00+00:00,1.2683499999999999,1.2692999999999999,1.26788,1.2686600000000001,5180,12,0
2024-06-26 04:00:00+00:00,1.2686600000000001,1.26879,1.26669,1.26701,6672,12,0
2024-06-26 08:00:00+00:00,1.26699,1.26734,1.2639,1.2659,8158,12,0
2024-06-26 12:00:00+00:00,1.2659099999999999,1.26623,1.26174,1.26231,12138,12,0
2024-06-26 16:00:00+00:00,1.2623,1.2637399999999999,1.2615,1.26244,7234,12,0
2024-06-26 20:00:00+00:00,1.26242,1.26253,1.26185,1.26207,2590,12,0
2024-06-27 00:00:00+00:00,1.26205,1.2631999999999999,1.26123,1.26295,4829,12,0
2024-06-27 04:00:00+00:00,1.26294,1.26467,1.26287,1.26329,6444,12,0
2024-06-27 08:00:00+00:00,1.26326,1.26535,1.26258,1.2640799999999999,7903,12,0
2024-06-27 12:00:00+00:00,1.2641,1.267,1.26406,1.26506,12939,12,0
2024-06-27 16:00:00+00:00,1.2650299999999999,1.26554,1.26372,1.2638,6578,12,0
2024-06-27 20:00:00+00:00,1.26384,1.26452,1.26343,1.2643499999999999,2471,12,0
2024-06-28 00:00:00+00:00,1.2643499999999999,1.26463,1.2622200000000001,1.26294,6139,12,0
2024-06-28 04:00:00+00:00,1.26295,1.26492,1.26213,1.26427,6431,12,0
2024-06-28 08:00:00+00:00,1.26425,1.26578,1.26304,1.26417,8429,12,0
2024-06-28 12:00:00+00:00,1.26416,1.26651,1.2619099999999999,1.26362,16069,12,0
2024-06-28 16:00:00+00:00,1.26361,1.26535,1.26303,1.2640500000000001,7983,12,0
2024-06-28 20:00:00+00:00,1.26407,1.26456,1.26383,1.26443,1360,12,0
2024-06-30 20:00:00+00:00,1.26332,1.26506,1.26267,1.26479,2592,12,0
2024-07-01 00:00:00+00:00,1.26479,1.2665199999999999,1.26461,1.26556,5678,12,0
2024-07-01 04:00:00+00:00,1.26555,1.26887,1.26541,1.26632,8065,12,0
2024-07-01 08:00:00+00:00,1.26631,1.26795,1.2661,1.26763,8261,12,0
2024-07-01 12:00:00+00:00,1.26764,1.27107,1.26359,1.26459,13605,12,0
2024-07-01 16:00:00+00:00,1.26459,1.26573,1.26328,1.2643,6576,12,0
2024-07-01 20:00:00+00:00,1.26429,1.26512,1.26416,1.26447,2428,12,0
2024-07-02 00:00:00+00:00,1.26447,1.26471,1.26315,1.26338,4139,12,0
2024-07-02 04:00:00+00:00,1.26338,1.26392,1.26151,1.26242,6456,12,0
2024-07-02 08:00:00+00:00,1.26242,1.2652999999999999,1.26214,1.2652700000000001,7703,12,0
2024-07-02 12:00:00+00:00,1.26531,1.26844,1.2652999999999999,1.26748,12678,12,0
2024-07-02 16:00:00+00:00,1.2674699999999999,1.26871,1.26647,1.2687,5221,12,0
2024-07-02 20:00:00+00:00,1.26868,1.26906,1.26748,1.26867,2167,12,0
2024-07-03 00:00:00+00:00,1.26867,1.2692999999999999,1.2681,1.26858,4029,12,0
2024-07-03 04:00:00+00:00,1.26858,1.26973,1.2677800000000001,1.2692999999999999,5491,12,0
2024-07-03 08:00:00+00:00,1.2692700000000001,1.27077,1.26875,1.2705600000000001,6679,12,0
2024-07-03 12:00:00+00:00,1.27057,1.27769,1.27016,1.27629,12671,12,0
2024-07-03 16:00:00+00:00,1.27634,1.27653,1.27333,1.2739500000000001,5464,12,0
2024-07-03 20:00:00+00:00,1.2739500000000001,1.2747600000000001,1.27365,1.27469,2183,12,0
2024-07-04 00:00:00+00:00,1.27469,1.27531,1.27407,1.27416,3994,12,0
2024-07-04 04:00:00+00:00,1.27417,1.27532,1.27404,1.27529,5481,12,0
2024-07-04 08:00:00+00:00,1.27529,1.27631,1.27463,1.27522,6794,12,0
2024-07-04 12:00:00+00:00,1.27522,1.27673,1.27467,1.27597,6115,12,0
2024-07-04 16:00:00+00:00,1.27596,1.27625,1.2758099999999999,1.27607,1901,12,0
2024-07-04 20:00:00+00:00,1.2760799999999999,1.27611,1.27528,1.27546,2051,12,0
2024-07-05 00:00:00+00:00,1.27546,1.2771,1.2754400000000001,1.27706,5030,12,0
2024-07-05 04:00:00+00:00,1.27706,1.27801,1.27625,1.27796,5699,12,0
2024-07-05 08:00:00+00:00,1.27798,1.2790599999999999,1.27731,1.27838,6121,12,0
2024-07-05 12:00:00+00:00,1.27839,1.28135,1.27618,1.2806,17159,12,0
2024-07-05 16:00:00+00:00,1.28061,1.28168,1.27956,1.2815400000000001,5960,12,0
2024-07-05 20:00:00+00:00,1.2815400000000001,1.28159,1.28133,1.28137,762,12,0
2024-07-07 20:00:00+00:00,1.27794,1.28137,1.27786,1.28051,2670,12,0
2024-07-08 00:00:00+00:00,1.28047,1.28185,1.28018,1.28137,5062,12,0
2024-07-08 04:00:00+00:00,1.28137,1.2816,1.27992,1.28135,6984,12,0
2024-07-08 08:00:00+00:00,1.28135,1.28321,1.28119,1.28318,8846,12,0
2024-07-08 12:00:00+00:00,1.2832,1.2845,1.28238,1.28254,8822,12,0
2024-07-08 16:00:00+00:00,1.2825,1.28262,1.28071,1.28094,4562,12,0
2024-07-08 20:00:00+00:00,1.28094,1.28152,1.28011,1.28149,2287,12,0
2024-07-09 00:00:00+00:00,1.28149,1.28164,1.27981,1.28044,4449,12,0
2024-07-09 04:00:00+00:00,1.28045,1.28121,1.27957,1.27973,5880,12,0
2024-07-09 08:00:00+00:00,1.27973,1.2824499999999999,1.27933,1.27992,7506,12,0
2024-07-09 12:00:00+00:00,1.27992,1.28209,1.27771,1.27841,12050,12,0
2024-07-09 16:00:00+00:00,1.27841,1.279,1.27776,1.27891,6426,12,0
2024-07-09 20:00:00+00:00,1.27892,1.27893,1.27812,1.27873,2184,12,0
2024-07-10 00:00:00+00:00,1.27873,1.27941,1.27837,1.27921,4322,12,0
2024-07-10 04:00:00+00:00,1.2792,1.28014,1.27878,1.27921,5156,12,0
2024-07-10 08:00:00+00:00,1.27919,1.28122,1.27888,1.28058,7259,12,0
2024-07-10 12:00:00+00:00,1.28057,1.28465,1.28044,1.28403,9793,12,0
2024-07-10 16:00:00+00:00,1.2840500000000001,1.28465,1.28341,1.28452,5418,12,0
2024-07-10 20:00:00+00:00,1.28451,1.28537,1.2844,1.28533,1775,12,0
2024-07-11 00:00:00+00:00,1.28534,1.28639,1.28488,1.28603,4058,12,0
2024-07-11 04:00:00+00:00,1.28604,1.28702,1.28543,1.28656,6067,12,0
2024-07-11 08:00:00+00:00,1.28656,1.28815,1.28655,1.28763,6955,12,0
2024-07-11 12:00:00+00:00,1.28762,1.2949,1.28685,1.29159,20983,12,0
2024-07-11 16:00:00+00:00,1.29159,1.29179,1.2898399999999999,1.29111,9054,12,0
2024-07-11 20:00:00+00:00,1.29109,1.2923499999999999,1.29065,1.2922799999999999,3589,12,0
2024-07-12 00:00:00+00:00,1.2923,1.29237,1.29017,1.2907,6110,12,0
2024-07-12 04:00:00+00:00,1.2907,1.29297,1.2902,1.2927,6473,12,0
2024-07-12 08:00:00+00:00,1.29273,1.2966,1.2927,1.2960099999999999,7942,12,0
2024-07-12 12:00:00+00:00,1.29604,1.29902,1.29311,1.29839,16312,12,0
2024-07-12 16:00:00+00:00,1.2983799999999999,1.29901,1.298,1.29855,6177,12,0
2024-07-12 20:00:00+00:00,1.29857,1.29888,1.29841,1.29884,596,12,0
2024-07-14 20:00:00+00:00,1.29578,1.29776,1.29541,1.29667,3011,3,0
2024-07-15 00:00:00+00:00,1.29667,1.29746,1.29611,1.29736,4496,12,0
2024-07-15 04:00:00+00:00,1.29736,1.29825,1.2962799999999999,1.29816,6746,12,0
2024-07-15 08:00:00+00:00,1.2981500000000001,1.29909,1.2968899999999999,1.2973,8263,12,0
2024-07-15 12:00:00+00:00,1.29732,1.29943,1.29669,1.29818,10602,12,0
2024-07-15 16:00:00+00:00,1.29818,1.29889,1.29615,1.29676,9709,12,0
2024-07-15 20:00:00+00:00,1.29677,1.29692,1.29552,1.29688,2752,7,0
2024-07-16 00:00:00+00:00,1.29688,1.29694,1.2961,1.29633,4740,12,0
2024-07-16 04:00:00+00:00,1.29633,1.2972299999999999,1.29509,1.29683,6605,12,0
2024-07-16 08:00:00+00:00,1.29684,1.29718,1.29546,1.29683,8898,12,0
2024-07-16 12:00:00+00:00,1.29683,1.29794,1.2937699999999999,1.29549,11804,12,0
2024-07-16 16:00:00+00:00,1.29554,1.29762,1.2947899999999999,1.2974,6314,12,0
2024-07-16 20:00:00+00:00,1.2974,1.2977400000000001,1.29671,1.29769,3111,12,0
2024-07-17 00:00:00+00:00,1.29771,1.2978100000000001,1.2966,1.29748,5102,12,0
2024-07-17 04:00:00+00:00,1.29748,1.30129,1.29656,1.30073,8840,12,0
2024-07-17 08:00:00+00:00,1.30076,1.3044,1.30065,1.30325,10665,12,0
2024-07-17 12:00:00+00:00,1.30325,1.3035700000000001,1.29986,1.30053,12340,12,0
2024-07-17 16:00:00+00:00,1.30048,1.3011599999999999,1.29984,1.30076,7999,12,0
2024-07-17 20:00:00+00:00,1.30075,1.30115,1.2998,1.30077,3296,12,0
2024-07-18 00:00:00+00:00,1.30075,1.30103,1.29986,1.3001800000000001,5409,12,0
2024-07-18 04:00:00+00:00,1.3001800000000001,1.30124,1.2983799999999999,1.29996,7882,12,0
2024-07-18 08:00:00+00:00,1.2999800000000001,1.30032,1.29775,1.29809,7982,12,0
2024-07-18 12:00:00+00:00,1.2981099999999999,1.29897,1.2968,1.2972000000000001,12532,12,0
2024-07-18 16:00:00+00:00,1.29718,1.29766,1.294,1.29451,8431,12,0
2024-07-18 20:00:00+00:00,1.29453,1.29505,1.2936,1.29488,3116,12,0
2024-07-19 00:00:00+00:00,1.29489,1.2949,1.29339,1.294,5409,12,0
2024-07-19 04:00:00+00:00,1.29401,1.29426,1.2924,1.29285,7141,12,0
2024-07-19 08:00:00+00:00,1.29287,1.2929300000000001,1.29004,1.29265,8804,12,0
2024-07-19 12:00:00+00:00,1.29268,1.29284,1.2911000000000001,1.29202,10412,12,0
2024-07-19 16:00:00+00:00,1.29202,1.29243,1.29063,1.29104,6596,12,0
2024-07-19 20:00:00+00:00,1.29105,1.29136,1.29084,1.29124,900,12,0
2024-07-21 20:00:00+00:00,1.28975,1.29386,1.28968,1.2932000000000001,2725,12,0
2024-07-22 00:00:00+00:00,1.29317,1.29329,1.29117,1.29222,4921,12,0
2024-07-22 04:00:00+00:00,1.29222,1.29307,1.29093,1.29236,8095,12,0
2024-07-22 08:00:00+00:00,1.2923499999999999,1.2941799999999999,1.29209,1.29242,7882,12,0
2024-07-22 12:00:00+00:00,1.29241,1.2929,1.29044,1.29081,9642,12,0
2024-07-22 16:00:00+00:00,1.29081,1.29288,1.29054,1.29284,5992,12,0
2024-07-22 20:00:00+00:00,1.29285,1.29342,1.29211,1.29302,2522,12,0
2024-07-23 00:00:00+00:00,1.29302,1.29344,1.29241,1.29299,5013,12,0
2024-07-23 04:00:00+00:00,1.293,1.29318,1.29107,1.29162,6221,12,0
2024-07-23 08:00:00+00:00,1.29156,1.29283,1.28871,1.29114,9065,12,0
2024-07-23 12:00:00+00:00,1.29112,1.29192,1.29035,1.29134,9967,12,0
2024-07-23 16:00:00+00:00,1.29135,1.29161,1.28997,1.29026,5447,12,0
2024-07-23 20:00:00+00:00,1.29027,1.29074,1.28991,1.29003,2538,12,0
2024-07-24 00:00:00+00:00,1.29003,1.2901500000000001,1.28861,1.2888899999999999,5109,12,0
2024-07-24 04:00:00+00:00,1.28888,1.29012,1.28819,1.28864,7478,12,0
2024-07-24 08:00:00+00:00,1.2886199999999999,1.29192,1.28772,1.29176,8815,12,0
2024-07-24 12:00:00+00:00,1.29178,1.29371,1.29142,1.2922,11253,12,0
2024-07-24 16:00:00+00:00,1.29222,1.2927,1.28989,1.29026,7563,12,0
2024-07-24 20:00:00+00:00,1.29025,1.29089,1.28966,1.28974,2865,12,0
2024-07-25 00:00:00+00:00,1.28974,1.2898399999999999,1.28857,1.2892700000000001,6630,12,0
2024-07-25 04:00:00+00:00,1.2892700000000001,1.28962,1.2873700000000001,1.28926,8224,12,0
2024-07-25 08:00:00+00:00,1.28925,1.2913000000000001,1.28698,1.28718,9827,12,0
2024-07-25 12:00:00+00:00,1.28718,1.28914,1.28593,1.28804,15959,12,0
2024-07-25 16:00:00+00:00,1.28809,1.2889300000000001,1.28519,1.28525,8255,12,0
2024-07-25 20:00:00+00:00,1.28525,1.28567,1.2842799999999999,1.2854700000000001,2931,12,0
2024-07-26 00:00:00+00:00,1.28551,1.28648,1.28535,1.28638,4755,12,0
2024-07-26 04:00:00+00:00,1.28639,1.28723,1.28562,1.28627,5838,12,0
2024-07-26 08:00:00+00:00,1.28631,1.28735,1.2859,1.2871000000000001,7641,12,0
2024-07-26 12:00:00+00:00,1.28711,1.28729,1.28495,1.28613,11190,12,0
2024-07-26 16:00:00+00:00,1.28612,1.28775,1.28607,1.2873299999999999,6483,12,0
2024-07-26 20:00:00+00:00,1.2873299999999999,1.28744,1.28643,1.28658,797,12,0
2024-07-28 20:00:00+00:00,1.28535,1.2871000000000001,1.28456,1.2866,2476,12,0
2024-07-29 00:00:00+00:00,1.2866,1.28878,1.28624,1.28802,5571,12,0
2024-07-29 04:00:00+00:00,1.28802,1.28811,1.28294,1.28325,6648,12,0
2024-07-29 08:00:00+00:00,1.28323,1.28457,1.28061,1.28266,9509,12,0
2024-07-29 12:00:00+00:00,1.28266,1.2856,1.28217,1.28492,9750,12,0
2024-07-29 16:00:00+00:00,1.28492,1.28674,1.28454,1.28646,6325,12,0
2024-07-29 20:00:00+00:00,1.2864499999999999,1.28657,1.28566,1.28592,2502,12,0
2024-07-30 00:00:00+00:00,1.2859099999999999,1.2859099999999999,1.28448,1.28545,4341,12,0
2024-07-30 04:00:00+00:00,1.28545,1.28596,1.28426,1.28507,5918,12,0
2024-07-30 08:00:00+00:00,1.28509,1.28641,1.28431,1.28445,6704,12,0
2024-07-30 12:00:00+00:00,1.28444,1.2846600000000001,1.28195,1.28277,10929,12,0
2024-07-30 16:00:00+00:00,1.28277,1.28388,1.2825199999999999,1.28315,7384,12,0
2024-07-30 20:00:00+00:00,1.28317,1.28413,1.28234,1.28372,3881,12,0
2024-07-31 00:00:00+00:00,1.28372,1.2852000000000001,1.2831299999999999,1.28402,7497,12,0
2024-07-31 04:00:00+00:00,1.28399,1.28468,1.28262,1.2839,9152,12,0
2024-07-31 08:00:00+00:00,1.28389,1.28481,1.28202,1.28345,9722,12,0
2024-07-31 12:00:00+00:00,1.28345,1.28545,1.28293,1.28391,13952,12,0
2024-07-31 16:00:00+00:00,1.28389,1.28638,1.28206,1.28532,13619,12,0
2024-07-31 20:00:00+00:00,1.28535,1.28626,1.28498,1.2852299999999999,3800,12,0
2024-08-01 00:00:00+00:00,1.28519,1.286,1.28473,1.28524,7242,12,0
2024-08-01 04:00:00+00:00,1.28524,1.2858800000000001,1.27889,1.27918,8861,12,0
2024-08-01 08:00:00+00:00,1.2792,1.27993,1.27512,1.27922,12747,12,0
2024-08-01 12:00:00+00:00,1.27927,1.28391,1.27658,1.2767,15617,12,0
2024-08-01 16:00:00+00:00,1.27673,1.2776399999999999,1.27261,1.2741799999999999,10007,12,0
2024-08-01 20:00:00+00:00,1.27416,1.27417,1.27272,1.27274,4711,12,0
2024-08-02 00:00:00+00:00,1.27272,1.27286,1.2711999999999999,1.27204,7050,12,0
2024-08-02 04:00:00+00:00,1.27204,1.2739099999999999,1.27064,1.27128,9359,12,0
2024-08-02 08:00:00+00:00,1.27131,1.27503,1.2713,1.27409,10221,12,0
2024-08-02 12:00:00+00:00,1.27411,1.28397,1.27403,1.27968,22369,12,0
2024-08-02 16:00:00+00:00,1.2796699999999999,1.2812000000000001,1.27835,1.28085,10951,12,0
2024-08-02 20:00:00+00:00,1.28083,1.28105,1.27995,1.28043,1106,12,0
2024-08-04 20:00:00+00:00,1.27926,1.28085,1.27811,1.27867,4239,12,0
2024-08-05 00:00:00+00:00,1.27867,1.2802,1.27775,1.27996,12021,12,0
2024-08-05 04:00:00+00:00,1.27996,1.28121,1.271,1.27938,27133,12,0
2024-08-05 08:00:00+00:00,1.27939,1.28164,1.2726899999999999,1.27651,19907,12,0
2024-08-05 12:00:00+00:00,1.27657,1.27953,1.2745600000000001,1.2763499999999999,35510,12,0
2024-08-05 16:00:00+00:00,1.2763200000000001,1.2785,1.27438,1.27737,15143,12,0
2024-08-05 20:00:00+00:00,1.27734,1.27927,1.27636,1.27871,7199,12,0
2024-08-06 00:00:00+00:00,1.27875,1.28027,1.27773,1.27787,12304,12,0
2024-08-06 04:00:00+00:00,1.27787,1.27799,1.2733400000000001,1.27394,15288,12,0
2024-08-06 08:00:00+00:00,1.27396,1.2747,1.26792,1.26924,15787,12,0
2024-08-06 12:00:00+00:00,1.26929,1.27257,1.26723,1.2693699999999999,18978,12,0
2024-08-06 16:00:00+00:00,1.26938,1.27118,1.2684199999999999,1.26908,11450,12,0
2024-08-06 20:00:00+00:00,1.2691,1.26981,1.26784,1.26841,5280,12,0
2024-08-07 00:00:00+00:00,1.2683900000000001,1.27139,1.26811,1.27138,10415,12,0
2024-08-07 04:00:00+00:00,1.2713999999999999,1.27176,1.2686899999999999,1.26979,12143,12,0
2024-08-07 08:00:00+00:00,1.2698,1.27353,1.2692999999999999,1.27261,11490,12,0
2024-08-07 12:00:00+00:00,1.27265,1.27301,1.27068,1.27152,12915,12,0
2024-08-07 16:00:00+00:00,1.27152,1.27152,1.26828,1.2689300000000001,10817,12,0
2024-08-07 20:00:00+00:00,1.26892,1.26938,1.26779,1.26821,4538,12,0
2024-08-08 00:00:00+00:00,1.2682,1.27,1.2678,1.26987,7834,12,0
2024-08-08 04:00:00+00:00,1.26989,1.27131,1.26895,1.2699799999999999,10063,12,0
2024-08-08 08:00:00+00:00,1.27,1.27093,1.26642,1.26949,11129,12,0
2024-08-08 12:00:00+00:00,1.2695,1.27424,1.2664900000000001,1.27403,17904,8,0
2024-08-08 16:00:00+00:00,1.27403,1.27518,1.27302,1.2744,9619,12,0
2024-08-08 20:00:00+00:00,1.27444,1.27503,1.2739500000000001,1.2744900000000001,3841,12,0
2024-08-09 00:00:00+00:00,1.2744900000000001,1.2758099999999999,1.27375,1.27576,6127,12,0
2024-08-09 04:00:00+00:00,1.27576,1.27718,1.27475,1.27627,7876,12,0
2024-08-09 08:00:00+00:00,1.27627,1.27713,1.27289,1.27404,8283,12,0
2024-08-09 12:00:00+00:00,1.27405,1.27733,1.27255,1.27641,10852,8,0
2024-08-09 16:00:00+00:00,1.2764,1.27694,1.27533,1.27595,7125,12,0
2024-08-09 20:00:00+00:00,1.27593,1.27618,1.27548,1.2757399999999999,934,12,0
2024-08-11 20:00:00+00:00,1.27509,1.27606,1.27439,1.2748300000000001,2283,12,0
2024-08-12 00:00:00+00:00,1.27482,1.2763,1.27464,1.2757800000000001,4326,12,0
2024-08-12 04:00:00+00:00,1.2757800000000001,1.27819,1.27575,1.27685,6402,12,0
2024-08-12 08:00:00+00:00,1.27687,1.2772299999999999,1.27522,1.27691,7663,12,0
2024-08-12 12:00:00+00:00,1.27691,1.27933,1.2757800000000001,1.2772000000000001,11733,12,0
2024-08-12 16:00:00+00:00,1.2772000000000001,1.2772000000000001,1.2755,1.2768,7589,12,0
2024-08-12 20:00:00+00:00,1.27682,1.27704,1.27497,1.2770000000000001,2864,12,0
2024-08-13 00:00:00+00:00,1.2770000000000001,1.27773,1.27629,1.27733,4007,12,0
2024-08-13 04:00:00+00:00,1.27733,1.28124,1.27733,1.28085,7588,12,0
2024-08-13 08:00:00+00:00,1.28083,1.28086,1.27789,1.27916,8564,12,0
2024-08-13 12:00:00+00:00,1.27917,1.2837,1.27792,1.28264,13752,12,0
2024-08-13 16:00:00+00:00,1.28265,1.28725,1.2825,1.28654,7265,12,0
2024-08-13 20:00:00+00:00,1.28657,1.28681,1.28476,1.28646,1943,12,0
2024-08-14 00:00:00+00:00,1.2864499999999999,1.2868,1.28533,1.2855400000000001,3091,12,0
2024-08-14 04:00:00+00:00,1.28555,1.28626,1.2817,1.28383,7185,12,0
2024-08-14 08:00:00+00:00,1.28381,1.28529,1.28226,1.28478,5212,12,0
2024-08-14 12:00:00+00:00,1.2848,1.28635,1.28262,1.28473,12542,12,0
2024-08-14 16:00:00+00:00,1.28475,1.28482,1.28204,1.28268,3790,12,0
2024-08-14 20:00:00+00:00,1.28266,1.28312,1.28225,1.2824,1764,12,0
2024-08-15 00:00:00+00:00,1.28243,1.28336,1.2819099999999999,1.28334,2333,12,0
2024-08-15 04:00:00+00:00,1.2833,1.28573,1.28328,1.28499,3654,12,0
2024-08-15 08:00:00+00:00,1.28497,1.28634,1.28397,1.2860800000000001,3628,12,0
2024-08-15 12:00:00+00:00,1.28609,1.28714,1.27983,1.28619,14304,8,0
2024-08-15 16:00:00+00:00,1.28621,1.28708,1.28476,1.28546,4209,12,0
2024-08-15 20:00:00+00:00,1.2854700000000001,1.28596,1.28499,1.2858399999999999,1757,12,0
2024-08-16 00:00:00+00:00,1.28585,1.28747,1.28568,1.28675,2627,12,0
2024-08-16 04:00:00+00:00,1.2867199999999999,1.2885900000000001,1.28658,1.28792,3874,12,0
2024-08-16 08:00:00+00:00,1.28793,1.291,1.28793,1.29082,4679,12,0
2024-08-16 12:00:00+00:00,1.29084,1.29139,1.2881,1.29046,7228,8,0
2024-08-16 16:00:00+00:00,1.29044,1.29454,1.2904,1.29441,3843,12,0
2024-08-16 20:00:00+00:00,1.2944,1.29456,1.29407,1.29441,431,12,0
2024-08-18 20:00:00+00:00,1.29276,1.29504,1.2925900000000001,1.29458,1382,12,0
2024-08-19 00:00:00+00:00,1.29457,1.296,1.29421,1.2953700000000001,3081,12,0
2024-08-19 04:00:00+00:00,1.29534,1.29684,1.29514,1.29644,5254,12,0
2024-08-19 08:00:00+00:00,1.29645,1.29749,1.29419,1.2956699999999999,5472,12,0
2024-08-19 12:00:00+00:00,1.29568,1.2996699999999999,1.29393,1.29793,8343,12,0
2024-08-19 16:00:00+00:00,1.29791,1.2995700000000001,1.29727,1.29894,4318,12,0
2024-08-19 20:00:00+00:00,1.29897,1.29935,1.29833,1.29887,1851,12,0
2024-08-20 00:00:00+00:00,1.29889,1.29928,1.29766,1.2978,3219,12,0
2024-08-20 04:00:00+00:00,1.2978100000000001,1.30036,1.29738,1.3002099999999999,4510,12,0
2024-08-20 08:00:00+00:00,1.30024,1.30152,1.29912,1.30073,6683,12,0
2024-08-20 12:00:00+00:00,1.30071,1.30518,1.30061,1.30253,11146,8,0
2024-08-20 16:00:00+00:00,1.30254,1.30351,1.3017,1.30322,5000,12,0
2024-08-20 20:00:00+00:00,1.30321,1.30354,1.30256,1.30334,2906,12,0
2024-08-21 00:00:00+00:00,1.3033299999999999,1.30378,1.30228,1.30267,3361,12,0
2024-08-21 04:00:00+00:00,1.30266,1.30309,1.301,1.3014700000000001,4927,12,0
2024-08-21 08:00:00+00:00,1.30152,1.30431,1.30122,1.30313,4879,12,0
2024-08-21 12:00:00+00:00,1.30316,1.30793,1.30266,1.30755,15558,12,0
2024-08-21 16:00:00+00:00,1.30753,1.31193,1.30713,1.30896,6868,12,0
2024-08-21 20:00:00+00:00,1.30898,1.30954,1.30803,1.30922,2190,12,0
2024-08-22 00:00:00+00:00,1.3092,1.30966,1.30819,1.30863,2730,12,0
2024-08-22 04:00:00+00:00,1.30862,1.31057,1.30805,1.30969,4349,12,0
2024-08-22 08:00:00+00:00,1.30971,1.31281,1.30927,1.31112,7815,12,0
2024-08-22 12:00:00+00:00,1.31113,1.313,1.30814,1.30934,11495,8,0
2024-08-22 16:00:00+00:00,1.30935,1.31017,1.30758,1.30843,5842,12,0
2024-08-22 20:00:00+00:00,1.30841,1.30975,1.30839,1.30964,1968,12,0
2024-08-23 00:00:00+00:00,1.30961,1.31071,1.30912,1.31022,3159,12,0
2024-08-23 04:00:00+00:00,1.3102,1.31251,1.3102,1.31168,4103,12,0
2024-08-23 08:00:00+00:00,1.31169,1.31364,1.31105,1.31213,5676,12,0
2024-08-23 12:00:00+00:00,1.31209,1.32301,1.31081,1.31939,19594,8,0
2024-08-23 16:00:00+00:00,1.31941,1.32205,1.31742,1.32095,8757,12,0
2024-08-23 20:00:00+00:00,1.32092,1.32188,1.32057,1.32163,1233,12,0
2024-08-25 20:00:00+00:00,1.32039,1.32151,1.31985,1.32139,1939,10,0
2024-08-26 00:00:00+00:00,1.3214000000000001,1.3222,1.32015,1.32023,3727,10,0
2024-08-26 04:00:00+00:00,1.32025,1.32095,1.31893,1.31944,4513,10,0
2024-08-26 08:00:00+00:00,1.31947,1.32053,1.3179400000000001,1.3189,5632,10,0
2024-08-26 12:00:00+00:00,1.31887,1.32089,1.31799,1.31844,11085,7,0
2024-08-26 16:00:00+00:00,1.31841,1.3207,1.3180100000000001,1.31847,5013,10,0
2024-08-26 20:00:00+00:00,1.31849,1.3192599999999999,1.31802,1.31913,2163,10,0
2024-08-27 00:00:00+00:00,1.31915,1.31948,1.3179400000000001,1.31903,2604,10,0
2024-08-27 04:00:00+00:00,1.319,1.32154,1.31893,1.31998,5426,10,0
2024-08-27 08:00:00+00:00,1.31994,1.32465,1.31978,1.32202,7770,10,0
2024-08-27 12:00:00+00:00,1.3220399999999999,1.32419,1.32031,1.32336,11446,7,0
2024-08-27 16:00:00+00:00,1.32337,1.32649,1.3226200000000001,1.32622,5680,10,0
2024-08-27 20:00:00+00:00,1.3262,1.32659,1.32519,1.32549,2801,10,0
2024-08-28 00:00:00+00:00,1.3255,1.3260100000000001,1.32419,1.32477,3337,10,0
2024-08-28 04:00:00+00:00,1.32476,1.32491,1.32186,1.32311,4017,10,0
2024-08-28 08:00:00+00:00,1.32313,1.32431,1.32057,1.32093,7971,10,0
2024-08-28 12:00:00+00:00,1.32095,1.323,1.31895,1.31998,12408,10,0
2024-08-28 16:00:00+00:00,1.31993,1.31993,1.31669,1.31839,6424,10,0
2024-08-28 20:00:00+00:00,1.3184,1.3194,1.3182800000000001,1.31925,2243,10,0
2024-08-29 00:00:00+00:00,1.3192599999999999,1.3211300000000001,1.3192599999999999,1.32068,3151,10,0
2024-08-29 04:00:00+00:00,1.3207,1.32267,1.32051,1.3219699999999999,5716,10,0
2024-08-29 08:00:00+00:00,1.32196,1.32196,1.31681,1.31847,11130,10,0
2024-08-29 12:00:00+00:00,1.31845,1.31848,1.31447,1.31842,15730,7,0
2024-08-29 16:00:00+00:00,1.31843,1.319,1.3163,1.31654,8413,10,0
2024-08-29 20:00:00+00:00,1.31659,1.3171,1.3158400000000001,1.31646,3165,10,0
2024-08-30 00:00:00+00:00,1.3165,1.3171300000000001,1.31615,1.3163,4799,10,0
2024-08-30 04:00:00+00:00,1.3163,1.3197999999999999,1.31596,1.31901,6984,10,0
2024-08-30 08:00:00+00:00,1.319,1.31997,1.3168199999999999,1.31786,8760,10,0
2024-08-30 12:00:00+00:00,1.31788,1.3186499999999999,1.3124799999999999,1.31305,19210,10,0
2024-08-30 16:00:00+00:00,1.31305,1.31338,1.3109199999999999,1.3131599999999999,9631,10,0
2024-08-30 20:00:00+00:00,1.31312,1.31357,1.3125200000000001,1.3127,1572,10,0
2024-09-01 20:00:00+00:00,1.31234,1.31331,1.31132,1.31294,2019,10,0
2024-09-02 00:00:00+00:00,1.31294,1.31376,1.3119399999999999,1.31276,4921,10,0
2024-09-02 04:00:00+00:00,1.3127499999999999,1.31453,1.31219,1.31341,6077,10,0
2024-09-02 08:00:00+00:00,1.31341,1.31459,1.31267,1.31292,7812,10,0
2024-09-02 12:00:00+00:00,1.3129,1.31548,1.31289,1.31446,7274,10,0
2024-09-02 16:00:00+00:00,1.31447,1.31468,1.31355,1.31455,1753,10,0
2024-09-02 20:00:00+00:00,1.31455,1.31491,1.31373,1.31395,2041,10,0
2024-09-03 00:00:00+00:00,1.31395,1.3146900000000001,1.31271,1.3128600000000001,5979,10,0
2024-09-03 04:00:00+00:00,1.31287,1.31393,1.31083,1.3121800000000001,8846,10,0
2024-09-03 08:00:00+00:00,1.31215,1.3128,1.31091,1.31215,11202,10,0
2024-09-03 12:00:00+00:00,1.31216,1.31459,1.30877,1.31022,18256,10,0
2024-09-03 16:00:00+00:00,1.31022,1.31076,1.3087,1.3106900000000001,8588,10,0
2024-09-03 20:00:00+00:00,1.31073,1.31164,1.3104,1.31121,3776,10,0
2024-09-04 00:00:00+00:00,1.31119,1.31148,1.3101099999999999,1.31107,6479,10,0
2024-09-04 04:00:00+00:00,1.31103,1.31203,1.31002,1.31151,8151,10,0
2024-09-04 08:00:00+00:00,1.31148,1.31271,1.31087,1.31192,8982,10,0
2024-09-04 12:00:00+00:00,1.31192,1.31748,1.3106,1.31411,15863,10,0
2024-09-04 16:00:00+00:00,1.3140800000000001,1.31527,1.31266,1.3143500000000001,9284,10,0
2024-09-04 20:00:00+00:00,1.3143500000000001,1.3149,1.3140800000000001,1.31434,4894,10,0
2024-09-05 00:00:00+00:00,1.31437,1.31562,1.31405,1.31468,5416,10,0
2024-09-05 04:00:00+00:00,1.31467,1.31564,1.31364,1.31475,7205,10,0
2024-09-05 08:00:00+00:00,1.31474,1.31732,1.3144,1.3159399999999999,9176,10,0
2024-09-05 12:00:00+00:00,1.31596,1.3179699999999999,1.31509,1.31638,18217,7,0
2024-09-05 16:00:00+00:00,1.31636,1.31851,1.3163,1.31708,9472,10,0
2024-09-05 20:00:00+00:00,1.3170600000000001,1.31817,1.31701,1.31753,3493,10,0
2024-09-06 00:00:00+00:00,1.31753,1.31815,1.31724,1.3176700000000001,4574,10,0
2024-09-06 04:00:00+00:00,1.3176700000000001,1.31928,1.3171300000000001,1.31813,7608,10,0
2024-09-06 08:00:00+00:00,1.31813,1.31839,1.3159399999999999,1.31763,8569,10,0
2024-09-06 12:00:00+00:00,1.31764,1.32379,1.31264,1.31322,36543,10,0
2024-09-06 16:00:00+00:00,1.31319,1.31389,1.31093,1.31328,13544,10,0
2024-09-06 20:00:00+00:00,1.3133,1.31339,1.3128199999999999,1.3129,2311,10,0
2024-09-08 20:00:00+00:00,1.31135,1.31378,1.3113000000000001,1.3131,2735,10,0
2024-09-09 00:00:00+00:00,1.31312,1.3142800000000001,1.31287,1.31302,6302,10,0
2024-09-09 04:00:00+00:00,1.31302,1.31326,1.30905,1.31048,8243,10,0
2024-09-09 08:00:00+00:00,1.31048,1.31078,1.3072300000000001,1.30869,9114,10,0
2024-09-09 12:00:00+00:00,1.30869,1.3100399999999999,1.3067,1.3081800000000001,12068,10,0
2024-09-09 16:00:00+00:00,1.3081800000000001,1.31017,1.30719,1.30732,8373,10,0
2024-09-09 20:00:00+00:00,1.30728,1.30766,1.30688,1.3070599999999999,3278,10,0
2024-09-10 00:00:00+00:00,1.30705,1.30738,1.30572,1.30721,4674,10,0
2024-09-10 04:00:00+00:00,1.30721,1.31074,1.30709,1.30892,7557,10,0
2024-09-10 08:00:00+00:00,1.30893,1.31042,1.30781,1.30891,8503,10,0
2024-09-10 12:00:00+00:00,1.30891,1.30945,1.3048899999999999,1.30641,13115,10,0
2024-09-10 16:00:00+00:00,1.30641,1.30863,1.30556,1.3085,8972,10,0
2024-09-10 20:00:00+00:00,1.30849,1.3085499999999999,1.30707,1.3079100000000001,4053,10,0
2024-09-11 00:00:00+00:00,1.3079,1.3097400000000001,1.30697,1.30935,6756,10,0
2024-09-11 04:00:00+00:00,1.30933,1.31112,1.30771,1.30823,8844,10,0
2024-09-11 08:00:00+00:00,1.30824,1.30975,1.30743,1.30911,8744,10,0
2024-09-11 12:00:00+00:00,1.30912,1.3093,1.30015,1.3023,21864,7,0
2024-09-11 16:00:00+00:00,1.30227,1.30494,1.30198,1.3043,9384,10,0
2024-09-11 20:00:00+00:00,1.30433,1.30453,1.30374,1.30374,3423,10,0
2024-09-12 00:00:00+00:00,1.30374,1.30429,1.30315,1.30426,5052,10,0
2024-09-12 04:00:00+00:00,1.30426,1.30562,1.30369,1.30386,6209,10,0
2024-09-12 08:00:00+00:00,1.30383,1.3060100000000001,1.3032,1.3038,8767,10,0
2024-09-12 12:00:00+00:00,1.3038,1.30841,1.3037,1.30798,17011,7,0
2024-09-12 16:00:00+00:00,1.30798,1.31195,1.3079399999999999,1.31181,10971,10,0
2024-09-12 20:00:00+00:00,1.31179,1.31321,1.31144,1.31319,3617,10,0
2024-09-13 00:00:00+00:00,1.31319,1.3149600000000001,1.31305,1.31483,6428,10,0
2024-09-13 04:00:00+00:00,1.31486,1.31503,1.31241,1.31456,7811,10,0
2024-09-13 08:00:00+00:00,1.31455,1.3152,1.3115700000000001,1.31216,10126,10,0
2024-09-13 12:00:00+00:00,1.31215,1.31576,1.31144,1.31392,14508,7,0
2024-09-13 16:00:00+00:00,1.3139,1.31393,1.31174,1.31235,7935,10,0
2024-09-13 20:00:00+00:00,1.31233,1.31267,1.31217,1.3124,2066,10,0
2024-09-15 20:00:00+00:00,1.31152,1.31365,1.31106,1.31345,2286,10,0
2024-09-16 00:00:00+00:00,1.31345,1.31628,1.31345,1.3159399999999999,4807,10,0
2024-09-16 04:00:00+00:00,1.3159100000000001,1.31735,1.31519,1.31702,6590,10,0
2024-09-16 08:00:00+00:00,1.31705,1.32037,1.3169,1.31995,9502,10,0
2024-09-16 12:00:00+00:00,1.31996,1.32138,1.3187,1.32005,12008,10,0
2024-09-16 16:00:00+00:00,1.32005,1.32134,1.31941,1.32121,6818,10,0
2024-09-16 20:00:00+00:00,1.32122,1.32179,1.3204500000000001,1.32095,3318,10,0
2024-09-17 00:00:00+00:00,1.32096,1.3211300000000001,1.31998,1.3202,4710,10,0
2024-09-17 04:00:00+00:00,1.32019,1.32185,1.31977,1.3216999999999999,6517,10,0
2024-09-17 08:00:00+00:00,1.32168,1.32294,1.32064,1.3220100000000001,9079,10,0
2024-09-17 12:00:00+00:00,1.3220100000000001,1.32245,1.31579,1.3163,18071,8,0
2024-09-17 16:00:00+00:00,1.31627,1.31687,1.31454,1.3162,9749,10,0
2024-09-17 20:00:00+00:00,1.31622,1.31678,1.31521,1.31669,3419,10,0
2024-09-18 00:00:00+00:00,1.31666,1.31718,1.31609,1.31646,5388,10,0
2024-09-18 04:00:00+00:00,1.3164799999999999,1.31992,1.31559,1.31978,8100,10,0
2024-09-18 08:00:00+00:00,1.3197999999999999,1.32268,1.31943,1.32101,9507,10,0
2024-09-18 12:00:00+00:00,1.32102,1.32537,1.31944,1.31978,12945,8,0
2024-09-18 16:00:00+00:00,1.31973,1.32973,1.31747,1.31876,41908,10,0
2024-09-18 20:00:00+00:00,1.31873,1.32178,1.31854,1.32027,10658,10,0
2024-09-19 00:00:00+00:00,1.32029,1.3213300000000001,1.31528,1.32102,12252,10,0
2024-09-19 04:00:00+00:00,1.32104,1.3258,1.32002,1.32467,12397,10,0
2024-09-19 08:00:00+00:00,1.32465,1.33141,1.32443,1.32846,16353,10,0
2024-09-19 12:00:00+00:00,1.32849,1.3290600000000001,1.32192,1.3278400000000001,21055,8,0
2024-09-19 16:00:00+00:00,1.32786,1.32891,1.32733,1.32815,10643,10,0
2024-09-19 20:00:00+00:00,1.32813,1.3286,1.32759,1.32806,3491,10,0
2024-09-20 00:00:00+00:00,1.32805,1.33012,1.32715,1.32938,7403,10,0
2024-09-20 04:00:00+00:00,1.3294000000000001,1.33398,1.32863,1.33121,11779,10,0
2024-09-20 08:00:00+00:00,1.3311899999999999,1.33167,1.32803,1.32995,11049,10,0
2024-09-20 12:00:00+00:00,1.3299400000000001,1.33228,1.32677,1.33036,17694,10,0
2024-09-20 16:00:00+00:00,1.33038,1.3331,1.33018,1.33155,11881,10,0
2024-09-20 20:00:00+00:00,1.33158,1.33232,1.33129,1.33215,3104,10,0
2024-09-22 20:00:00+00:00,1.33009,1.33225,1.33007,1.33118,2538,10,0
2024-09-23 00:00:00+00:00,1.33117,1.33196,1.33075,1.33091,5164,10,0
2024-09-23 04:00:00+00:00,1.3309,1.33201,1.32596,1.32619,10167,10,0
2024-09-23 08:00:00+00:00,1.32617,1.33185,1.32481,1.33121,12378,10,0
2024-09-23 12:00:00+00:00,1.33121,1.33592,1.32993,1.33501,17398,8,0
2024-09-23 16:00:00+00:00,1.33503,1.33538,1.33368,1.33465,9803,10,0
2024-09-23 20:00:00+00:00,1.33469,1.33501,1.3336299999999999,1.3348200000000001,3586,10,0
2024-09-24 00:00:00+00:00,1.3348200000000001,1.33568,1.33396,1.33524,7795,10,0
2024-09-24 04:00:00+00:00,1.33524,1.3366,1.33314,1.33488,12221,10,0
2024-09-24 08:00:00+00:00,1.33488,1.3382800000000001,1.33484,1.3369900000000001,11422,10,0
2024-09-24 12:00:00+00:00,1.33698,1.33983,1.33673,1.33748,16214,8,0
2024-09-24 16:00:00+00:00,1.33751,1.3415,1.33749,1.34145,9391,10,0
2024-09-24 20:00:00+00:00,1.34146,1.34275,1.34088,1.34265,3796,10,0
2024-09-25 00:00:00+00:00,1.34265,1.34294,1.3410199999999999,1.34223,7677,10,0
2024-09-25 04:00:00+00:00,1.3422399999999999,1.34232,1.33822,1.3388900000000001,10020,10,0
2024-09-25 08:00:00+00:00,1.33887,1.33936,1.33633,1.33754,12355,10,0
2024-09-25 12:00:00+00:00,1.33752,1.3412,1.33344,1.33374,19272,8,0
2024-09-25 16:00:00+00:00,1.33373,1.33417,1.33121,1.33156,12883,10,0
2024-09-25 20:00:00+00:00,1.33154,1.33231,1.3312,1.33134,4310,10,0
2024-09-26 00:00:00+00:00,1.33132,1.33402,1.3312,1.33385,6315,10,0
2024-09-26 04:00:00+00:00,1.33385,1.33576,1.33338,1.33436,9066,10,0
2024-09-26 08:00:00+00:00,1.33433,1.33888,1.3333599999999999,1.3373599999999999,12904,10,0
2024-09-26 12:00:00+00:00,1.33737,1.34341,1.33504,1.34279,24555,8,0
2024-09-26 16:00:00+00:00,1.34277,1.34277,1.34045,1.34143,12970,10,0
2024-09-26 20:00:00+00:00,1.34143,1.34155,1.34053,1.34104,4761,10,0
2024-09-27 00:00:00+00:00,1.34103,1.34105,1.33845,1.33925,7439,10,0
2024-09-27 04:00:00+00:00,1.33925,1.33963,1.33602,1.33667,14055,10,0
2024-09-27 08:00:00+00:00,1.3367,1.33972,1.33593,1.33877,11463,10,0
2024-09-27 12:00:00+00:00,1.33876,1.34271,1.33799,1.33933,20642,8,0
2024-09-27 16:00:00+00:00,1.33933,1.33959,1.3372,1.33762,12615,10,0
2024-09-27 20:00:00+00:00,1.33758,1.33768,1.33689,1.33721,2576,10,0
2024-09-29 20:00:00+00:00,1.33678,1.33836,1.33651,1.3382,2161,10,0
2024-09-30 00:00:00+00:00,1.3382,1.33891,1.33731,1.33837,7626,10,0
2024-09-30 04:00:00+00:00,1.33837,1.33987,1.33738,1.33981,9759,10,0
2024-09-30 08:00:00+00:00,1.33981,1.34225,1.33854,1.34022,12902,10,0
2024-09-30 12:00:00+00:00,1.3402,1.34168,1.33598,1.33969,19702,10,0
2024-09-30 16:00:00+00:00,1.33969,1.34077,1.3349199999999999,1.33707,17190,10,0
2024-09-30 20:00:00+00:00,1.33709,1.3382100000000001,1.33662,1.33768,4116,10,0
2024-10-01 00:00:00+00:00,1.3377,1.33894,1.33686,1.3370199999999999,8234,10,0
2024-10-01 04:00:00+00:00,1.3370199999999999,1.33847,1.33339,1.33382,12851,10,0
2024-10-01 08:00:00+00:00,1.33384,1.33488,1.33105,1.33199,14704,10,0
2024-10-01 12:00:00+00:00,1.33199,1.33278,1.32632,1.32789,27439,8,0
2024-10-01 16:00:00+00:00,1.32788,1.3289900000000001,1.32367,1.32802,17114,10,0
2024-10-01 20:00:00+00:00,1.32806,1.32864,1.32715,1.32734,4959,10,0
2024-10-02 00:00:00+00:00,1.32738,1.32955,1.32737,1.32852,7196,10,0
2024-10-02 04:00:00+00:00,1.32853,1.33003,1.32599,1.32873,11854,10,0
2024-10-02 08:00:00+00:00,1.3287,1.3305,1.32745,1.32928,11452,10,0
2024-10-02 12:00:00+00:00,1.32931,1.32958,1.32453,1.32698,17086,8,0
2024-10-02 16:00:00+00:00,1.327,1.3277999999999999,1.32579,1.32707,9977,10,0
2024-10-02 20:00:00+00:00,1.32706,1.32768,1.32589,1.32622,4302,10,0
2024-10-03 00:00:00+00:00,1.3262,1.32649,1.32457,1.32501,8471,10,0
2024-10-03 04:00:00+00:00,1.3250199999999999,1.3252,1.3148,1.31542,18480,10,0
2024-10-03 08:00:00+00:00,1.31544,1.3155700000000001,1.30921,1.31125,16433,10,0
2024-10-03 12:00:00+00:00,1.3112300000000001,1.31263,1.30914,1.31113,26403,8,0
2024-10-03 16:00:00+00:00,1.31113,1.31315,1.311,1.31208,10465,10,0
2024-10-03 20:00:00+00:00,1.31206,1.31315,1.3118,1.3128,3843,10,0
2024-10-04 00:00:00+00:00,1.3127900000000001,1.31352,1.31229,1.31278,7875,10,0
2024-10-04 04:00:00+00:00,1.31278,1.3167,1.3123,1.31581,11440,10,0
2024-10-04 08:00:00+00:00,1.31583,1.31738,1.31442,1.31691,12266,10,0
2024-10-04 12:00:00+00:00,1.31691,1.31745,1.30689,1.31056,28156,8,0
2024-10-04 16:00:00+00:00,1.31056,1.31285,1.30953,1.31261,10990,10,0
2024-10-04 20:00:00+00:00,1.31263,1.31292,1.31171,1.31251,3459,10,0
2024-10-06 20:00:00+00:00,1.31013,1.31246,1.31006,1.3122500000000001,3375,10,0
2024-10-07 00:00:00+00:00,1.3122500000000001,1.31344,1.31182,1.31288,8882,10,0
2024-10-07 04:00:00+00:00,1.31292,1.31307,1.3099,1.31116,11221,10,0
2024-10-07 08:00:00+00:00,1.31119,1.31164,1.3059,1.30815,14393,10,0
2024-10-07 12:00:00+00:00,1.3081800000000001,1.30938,1.30659,1.3079399999999999,17343,10,0
2024-10-07 16:00:00+00:00,1.3079100000000001,1.30962,1.30685,1.3082,9008,10,0
2024-10-07 20:00:00+00:00,1.30822,1.30878,1.30779,1.30838,4197,10,0
2024-10-08 00:00:00+00:00,1.30837,1.31032,1.30837,1.30923,9956,10,0
2024-10-08 04:00:00+00:00,1.30924,1.3103,1.30634,1.3101099999999999,11492,10,0
2024-10-08 08:00:00+00:00,1.31014,1.3107,1.30857,1.31048,11729,10,0
2024-10-08 12:00:00+00:00,1.31048,1.3113000000000001,1.30804,1.3092,14749,10,0
2024-10-08 16:00:00+00:00,1.30918,1.3100399999999999,1.30755,1.30993,9369,10,0
2024-10-08 20:00:00+00:00,1.30995,1.31051,1.30927,1.30929,4476,10,0
2024-10-09 00:00:00+00:00,1.30927,1.3102800000000001,1.3082500000000001,1.30849,8295,10,0
2024-10-09 04:00:00+00:00,1.30849,1.31014,1.30552,1.30824,13249,10,0
2024-10-09 08:00:00+00:00,1.30822,1.30953,1.30675,1.30838,10783,10,0
2024-10-09 12:00:00+00:00,1.30841,1.30888,1.3065,1.3078400000000001,13446,10,0
2024-10-09 16:00:00+00:00,1.30781,1.30781,1.30617,1.30639,8935,10,0
2024-10-09 20:00:00+00:00,1.3064,1.30749,1.30593,1.3066200000000001,4024,10,0
2024-10-10 00:00:00+00:00,1.30663,1.30775,1.3064200000000001,1.30753,7451,10,0
2024-10-10 04:00:00+00:00,1.30753,1.30885,1.30673,1.30829,8631,10,0
2024-10-10 08:00:00+00:00,1.30832,1.30934,1.30658,1.30663,10611,10,0
2024-10-10 12:00:00+00:00,1.3066499999999999,1.30891,1.30217,1.30517,28336,8,0
2024-10-10 16:00:00+00:00,1.30521,1.30591,1.30215,1.30548,12441,10,0
2024-10-10 20:00:00+00:00,1.30553,1.3064,1.30521,1.3061,3624,10,0
2024-10-11 00:00:00+00:00,1.30609,1.3066200000000001,1.30514,1.30544,5707,10,0
2024-10-11 04:00:00+00:00,1.30544,1.30747,1.30411,1.30742,8019,10,0
2024-10-11 08:00:00+00:00,1.30743,1.3081,1.30511,1.30605,8948,10,0
2024-10-11 12:00:00+00:00,1.30607,1.30829,1.30544,1.3069,16034,8,0
2024-10-11 16:00:00+00:00,1.30688,1.30779,1.30637,1.30646,6470,10,0
2024-10-11 20:00:00+00:00,1.30641,1.30714,1.30622,1.30679,2642,10,0
2024-10-13 20:00:00+00:00,1.30575,1.30658,1.30461,1.3048,2452,10,0
2024-10-14 00:00:00+00:00,1.3048,1.30622,1.30401,1.30588,8017,10,0
2024-10-14 04:00:00+00:00,1.30587,1.30715,1.30556,1.30613,7530,10,0
2024-10-14 08:00:00+00:00,1.30613,1.30677,1.30368,1.30383,10600,10,0
2024-10-14 12:00:00+00:00,1.30381,1.30597,1.30294,1.3049,14200,10,0
2024-10-14 16:00:00+00:00,1.30488,1.30609,1.30414,1.3054700000000001,7684,10,0
2024-10-14 20:00:00+00:00,1.30545,1.3067199999999999,1.30535,1.3066499999999999,3558,10,0
2024-10-15 00:00:00+00:00,1.3066499999999999,1.30684,1.30533,1.3054000000000001,6466,10,0
2024-10-15 04:00:00+00:00,1.3054000000000001,1.30736,1.3035,1.30728,10971,10,0
2024-10-15 08:00:00+00:00,1.30728,1.30963,1.30667,1.30756,10442,10,0
2024-10-15 12:00:00+00:00,1.30761,1.31023,1.30736,1.30817,15204,8,0
2024-10-15 16:00:00+00:00,1.3081800000000001,1.3084799999999999,1.306,1.3067199999999999,8056,10,0
2024-10-15 20:00:00+00:00,1.30667,1.30754,1.30625,1.30645,4519,10,0
2024-10-16 00:00:00+00:00,1.30645,1.30769,1.30594,1.30705,6650,10,0
2024-10-16 04:00:00+00:00,1.30704,1.3076400000000001,1.29818,1.30005,14294,10,0
2024-10-16 08:00:00+00:00,1.30005,1.3032,1.29911,1.30304,12002,10,0
2024-10-16 12:00:00+00:00,1.3030599999999999,1.30371,1.29953,1.29989,12483,8,0
2024-10-16 16:00:00+00:00,1.2999,1.30053,1.29764,1.29816,7125,10,0
2024-10-16 20:00:00+00:00,1.29817,1.2991,1.29809,1.29909,3639,10,0
2024-10-17 00:00:00+00:00,1.29907,1.3001,1.29802,1.29861,8620,10,0
2024-10-17 04:00:00+00:00,1.29863,1.29926,1.29732,1.29837,9205,10,0
2024-10-17 08:00:00+00:00,1.29836,1.3017,1.29746,1.3014999999999999,10233,10,0
2024-10-17 12:00:00+00:00,1.30151,1.30228,1.29791,1.30071,22389,8,0
2024-10-17 16:00:00+00:00,1.30072,1.30149,1.29983,1.30124,8681,10,0
2024-10-17 20:00:00+00:00,1.30124,1.30164,1.30058,1.3014000000000001,3260,10,0
2024-10-18 00:00:00+00:00,1.30141,1.30261,1.30104,1.30205,8055,10,0
2024-10-18 04:00:00+00:00,1.30203,1.3070599999999999,1.30191,1.30517,10503,10,0
2024-10-18 08:00:00+00:00,1.3052000000000001,1.30531,1.30338,1.3044799999999999,11380,10,0
2024-10-18 12:00:00+00:00,1.3045,1.30663,1.30194,1.3021099999999999,13323,8,0
2024-10-18 16:00:00+00:00,1.3021099999999999,1.3045499999999999,1.30196,1.30422,8202,10,0
2024-10-18 20:00:00+00:00,1.3042,1.30512,1.30409,1.30511,1743,10,0
2024-10-20 20:00:00+00:00,1.30378,1.30555,1.3030300000000001,1.30512,2633,10,0
2024-10-21 00:00:00+00:00,1.30514,1.30531,1.30415,1.30498,7699,10,0
2024-10-21 04:00:00+00:00,1.30497,1.30498,1.30193,1.30217,8268,10,0
2024-10-21 08:00:00+00:00,1.30216,1.3033000000000001,1.30115,1.30187,9226,10,0
2024-10-21 12:00:00+00:00,1.30185,1.3033000000000001,1.29792,1.29794,12732,10,0
2024-10-21 16:00:00+00:00,1.29792,1.2991,1.29764,1.29837,7376,10,0
2024-10-21 20:00:00+00:00,1.29836,1.29853,1.29779,1.29822,3461,10,0
2024-10-22 00:00:00+00:00,1.29823,1.2995,1.29793,1.29946,7285,10,0
2024-10-22 04:00:00+00:00,1.29947,1.30144,1.2993000000000001,1.3008899999999999,8487,10,0
2024-10-22 08:00:00+00:00,1.3008600000000001,1.30101,1.2965200000000001,1.29787,9927,10,0
2024-10-22 12:00:00+00:00,1.29787,1.29847,1.29441,1.29679,14322,10,0
2024-10-22 16:00:00+00:00,1.29676,1.2984,1.29653,1.29826,7361,10,0
2024-10-22 20:00:00+00:00,1.29824,1.29881,1.29775,1.29803,3481,10,0
2024-10-23 00:00:00+00:00,1.298,1.29912,1.29707,1.29849,7842,10,0
2024-10-23 04:00:00+00:00,1.29849,1.29944,1.2962099999999999,1.29635,8600,10,0
2024-10-23 08:00:00+00:00,1.29633,1.29885,1.29495,1.29507,8917,10,0
2024-10-23 12:00:00+00:00,1.29508,1.29613,1.29345,1.2943500000000001,12688,10,0
2024-10-23 16:00:00+00:00,1.29434,1.2947600000000001,1.2906900000000001,1.29322,8756,10,0
2024-10-23 20:00:00+00:00,1.29322,1.2933,1.29068,1.2915,3551,10,0
2024-10-24 00:00:00+00:00,1.29153,1.29282,1.2911299999999999,1.29248,6998,10,0
2024-10-24 04:00:00+00:00,1.29247,1.29681,1.29236,1.29615,10168,10,0
2024-10-24 08:00:00+00:00,1.29615,1.2981099999999999,1.2948,1.2972299999999999,11080,10,0
2024-10-24 12:00:00+00:00,1.2972299999999999,1.29878,1.2953299999999999,1.29629,14317,8,0
2024-10-24 16:00:00+00:00,1.29627,1.29775,1.2947600000000001,1.29749,8090,10,0
2024-10-24 20:00:00+00:00,1.29752,1.29772,1.29669,1.2971,3047,10,0
2024-10-25 00:00:00+00:00,1.29714,1.29734,1.29605,1.29627,7172,10,0
2024-10-25 04:00:00+00:00,1.29627,1.29764,1.29553,1.29701,7886,10,0
2024-10-25 08:00:00+00:00,1.29697,1.2992,1.29681,1.29863,7887,10,0
2024-10-25 12:00:00+00:00,1.29861,1.29982,1.29763,1.2977,11144,8,0
2024-10-25 16:00:00+00:00,1.2977,1.29796,1.29579,1.29593,8070,10,0
2024-10-25 20:00:00+00:00,1.29593,1.29624,1.29578,1.29609,2321,10,0
2024-10-27 20:00:00+00:00,1.29494,1.29634,1.29494,1.29573,2702,10,0
2024-10-28 00:00:00+00:00,1.2957,1.29632,1.29421,1.29425,8491,10,0
2024-10-28 04:00:00+00:00,1.29424,1.2971599999999999,1.2939,1.29698,7729,10,0
2024-10-28 08:00:00+00:00,1.29697,1.29938,1.29597,1.29909,10179,10,0
2024-10-28 12:00:00+00:00,1.29907,1.30014,1.29778,1.29798,11735,10,0
2024-10-28 16:00:00+00:00,1.29797,1.29882,1.29673,1.29733,9008,10,0
2024-10-28 20:00:00+00:00,1.29735,1.29755,1.29642,1.2974,3117,10,0
2024-10-29 00:00:00+00:00,1.29741,1.29768,1.29575,1.296,7566,10,0
2024-10-29 04:00:00+00:00,1.2960099999999999,1.29738,1.29577,1.29704,7360,10,0
2024-10-29 08:00:00+00:00,1.29702,1.29924,1.29692,1.29853,10771,10,0
2024-10-29 12:00:00+00:00,1.29853,1.30069,1.29666,1.30036,17833,8,0
2024-10-29 16:00:00+00:00,1.30039,1.3011300000000001,1.29893,1.30054,10261,10,0
2024-10-29 20:00:00+00:00,1.30053,1.30164,1.30005,1.30108,3959,10,0
2024-10-30 00:00:00+00:00,1.30107,1.30199,1.2995999999999999,1.29986,7592,10,0
2024-10-30 04:00:00+00:00,1.29986,1.30132,1.29951,1.30081,7437,10,0
2024-10-30 08:00:00+00:00,1.30081,1.30267,1.2962099999999999,1.29708,13893,10,0
2024-10-30 12:00:00+00:00,1.29705,1.30429,1.29364,1.30112,23660,8,0
2024-10-30 16:00:00+00:00,1.30109,1.30179,1.29667,1.29699,11448,10,0
2024-10-30 20:00:00+00:00,1.29695,1.29702,1.2953700000000001,1.29579,4803,10,0
2024-10-31 00:00:00+00:00,1.29579,1.29596,1.29421,1.29493,7173,10,0
2024-10-31 04:00:00+00:00,1.29492,1.2999,1.29459,1.29951,8111,10,0
2024-10-31 08:00:00+00:00,1.29948,1.29995,1.29577,1.29779,11916,10,0
2024-10-31 12:00:00+00:00,1.29779,1.29976,1.28429,1.28553,29559,8,0
2024-10-31 16:00:00+00:00,1.28549,1.28936,1.28544,1.28915,15167,10,0
2024-10-31 20:00:00+00:00,1.28913,1.29024,1.28849,1.28963,3767,10,0
2024-11-01 00:00:00+00:00,1.28963,1.2902,1.28882,1.2898100000000001,7364,10,0
2024-11-01 04:00:00+00:00,1.2898100000000001,1.29026,1.2884,1.28976,7349,10,0
2024-11-01 08:00:00+00:00,1.28973,1.2922500000000001,1.28874,1.2919399999999999,10635,10,0
2024-11-01 12:00:00+00:00,1.29192,1.29798,1.2916,1.2959,21851,8,0
2024-11-01 16:00:00+00:00,1.29586,1.2962500000000001,1.29196,1.29202,10649,10,0
2024-11-01 20:00:00+00:00,1.29202,1.29224,1.29156,1.29195,2336,10,0
2024-11-03 20:00:00+00:00,1.29667,1.29668,1.29484,1.29517,2757,10,0
2024-11-04 00:00:00+00:00,1.29519,1.29983,1.29508,1.29927,8668,10,0
2024-11-04 04:00:00+00:00,1.29926,1.29968,1.29687,1.29694,7876,10,0
2024-11-04 08:00:00+00:00,1.29699,1.29827,1.29449,1.29767,12203,10,0
2024-11-04 12:00:00+00:00,1.29764,1.29931,1.29588,1.29803,14925,8,0
2024-11-04 16:00:00+00:00,1.29804,1.2981099999999999,1.29338,1.29534,11974,10,0
2024-11-04 20:00:00+00:00,1.29532,1.29586,1.29489,1.2953700000000001,4396,10,0
2024-11-05 00:00:00+00:00,1.2953700000000001,1.29616,1.29474,1.29532,6307,10,0
2024-11-05 04:00:00+00:00,1.29531,1.29813,1.29523,1.29764,6733,10,0
2024-11-05 08:00:00+00:00,1.29766,1.29941,1.29706,1.29904,8222,10,0
2024-11-05 12:00:00+00:00,1.29908,1.30205,1.29783,1.30014,13435,8,0
2024-11-05 16:00:00+00:00,1.30014,1.30371,1.29999,1.3020800000000001,9920,10,0
2024-11-05 20:00:00+00:00,1.30206,1.30474,1.30157,1.3042,6168,10,0
2024-11-06 00:00:00+00:00,1.3042099999999999,1.30434,1.28632,1.28878,39798,10,0
2024-11-06 04:00:00+00:00,1.28876,1.29274,1.28457,1.28657,36429,10,0
2024-11-06 08:00:00+00:00,1.28654,1.2923200000000001,1.28507,1.28565,26361,10,0
2024-11-06 12:00:00+00:00,1.28564,1.28892,1.28336,1.28891,31251,10,0
2024-11-06 16:00:00+00:00,1.28891,1.2919,1.287,1.289,21027,10,0
2024-11-06 20:00:00+00:00,1.28901,1.28979,1.28638,1.28822,5824,10,0
2024-11-07 00:00:00+00:00,1.2882,1.29233,1.28754,1.29217,8999,10,0
2024-11-07 04:00:00+00:00,1.29218,1.29468,1.2913999999999999,1.2929599999999999,9122,10,0
2024-11-07 08:00:00+00:00,1.29298,1.29389,1.28987,1.29055,14129,10,0
2024-11-07 12:00:00+00:00,1.29066,1.30088,1.28989,1.29954,24358,10,0
2024-11-07 16:00:00+00:00,1.29953,1.30005,1.29481,1.29651,21318,8,0
2024-11-07 20:00:00+00:00,1.2965200000000001,1.29912,1.29604,1.29823,8907,10,0
2024-11-08 00:00:00+00:00,1.29823,1.29839,1.29623,1.29644,8162,10,0
2024-11-08 04:00:00+00:00,1.29643,1.2974,1.29608,1.29645,8273,10,0
2024-11-08 08:00:00+00:00,1.29642,1.29763,1.2934999999999999,1.29675,15033,10,0
2024-11-08 12:00:00+00:00,1.29677,1.29683,1.29219,1.2938100000000001,16886,8,0
2024-11-08 16:00:00+00:00,1.29378,1.29444,1.2882799999999999,1.29119,13850,10,0
2024-11-08 20:00:00+00:00,1.29118,1.29245,1.29087,1.2919800000000001,3983,10,0
2024-11-10 20:00:00+00:00,1.28956,1.29173,1.28935,1.29149,2166,10,0
2024-11-11 00:00:00+00:00,1.29148,1.29254,1.29091,1.29138,7514,10,0
2024-11-11 04:00:00+00:00,1.29138,1.29219,1.28907,1.28949,7934,10,0
2024-11-11 08:00:00+00:00,1.2894700000000001,1.29063,1.28765,1.28848,12736,10,0
2024-11-11 12:00:00+00:00,1.28847,1.28898,1.28556,1.28691,13477,10,0
2024-11-11 16:00:00+00:00,1.28693,1.28777,1.28567,1.28617,8814,10,0
2024-11-11 20:00:00+00:00,1.2862,1.28734,1.28617,1.28734,4019,10,0
2024-11-12 00:00:00+00:00,1.2873,1.2873,1.28402,1.28412,8545,10,0
2024-11-12 04:00:00+00:00,1.2841,1.2846899999999999,1.2800099999999999,1.28138,11568,10,0
2024-11-12 08:00:00+00:00,1.28135,1.28309,1.27918,1.28206,13628,10,0
2024-11-12 12:00:00+00:00,1.28206,1.28285,1.27555,1.27627,16607,10,0
2024-11-12 16:00:00+00:00,1.27625,1.27654,1.27185,1.27359,14338,10,0
2024-11-12 20:00:00+00:00,1.2736,1.27505,1.2735,1.27362,5886,10,0
2024-11-13 00:00:00+00:00,1.27363,1.27545,1.27307,1.27437,8234,10,0
2024-11-13 04:00:00+00:00,1.27438,1.2747600000000001,1.27294,1.27356,7938,10,0
2024-11-13 08:00:00+00:00,1.2735400000000001,1.27557,1.27292,1.27539,11608,10,0
2024-11-13 12:00:00+00:00,1.27541,1.27687,1.2686,1.27236,26453,8,0
2024-11-13 16:00:00+00:00,1.2723200000000001,1.2726,1.2699500000000001,1.27047,14758,10,0
2024-11-13 20:00:00+00:00,1.2705,1.27114,1.26938,1.27066,5769,10,0
2024-11-14 00:00:00+00:00,1.27067,1.27102,1.26824,1.2683499999999999,8256,10,0
2024-11-14 04:00:00+00:00,1.2683499999999999,1.26951,1.26725,1.26867,8740,10,0
2024-11-14 08:00:00+00:00,1.2686899999999999,1.2692700000000001,1.26291,1.26581,14569,10,0
2024-11-14 12:00:00+00:00,1.26579,1.27114,1.26451,1.27074,22598,8,0
2024-11-14 16:00:00+00:00,1.27071,1.27197,1.26824,1.26868,12149,10,0
2024-11-14 20:00:00+00:00,1.2686600000000001,1.26877,1.26467,1.26666,11947,10,0
2024-11-15 00:00:00+00:00,1.26666,1.26821,1.26562,1.26752,9465,10,0
2024-11-15 04:00:00+00:00,1.26748,1.2690000000000001,1.26658,1.26663,9764,10,0
2024-11-15 08:00:00+00:00,1.26661,1.26966,1.26484,1.2689,13735,10,0
2024-11-15 12:00:00+00:00,1.26891,1.26921,1.26135,1.26278,22731,8,0
2024-11-15 16:00:00+00:00,1.2628,1.2642,1.26108,1.26112,15046,10,0
2024-11-15 20:00:00+00:00,1.26112,1.26211,1.25966,1.26189,5148,10,0
2024-11-17 20:00:00+00:00,1.26101,1.26215,1.25969,1.26189,2400,10,0
2024-11-18 00:00:00+00:00,1.2619,1.26419,1.26147,1.26248,9518,10,0
2024-11-18 04:00:00+00:00,1.2625,1.26404,1.26187,1.26255,7986,10,0
2024-11-18 08:00:00+00:00,1.26257,1.2636,1.26124,1.26179,13356,10,0
2024-11-18 12:00:00+00:00,1.26179,1.26434,1.2616,1.26393,13627,10,0
2024-11-18 16:00:00+00:00,1.26391,1.26863,1.26386,1.26711,10754,10,0
2024-11-18 20:00:00+00:00,1.26709,1.2681200000000001,1.26704,1.2678099999999999,4799,10,0
2024-11-19 00:00:00+00:00,1.2678,1.26889,1.26654,1.26848,7153,10,0
2024-11-19 04:00:00+00:00,1.2685,1.26892,1.2662499999999999,1.26724,7630,10,0
2024-11-19 08:00:00+00:00,1.26722,1.26794,1.26126,1.2634400000000001,19671,10,0
2024-11-19 12:00:00+00:00,1.2634699999999999,1.26703,1.26269,1.26637,17801,10,0
2024-11-19 16:00:00+00:00,1.26638,1.26818,1.2661,1.26755,11615,10,0
2024-11-19 20:00:00+00:00,1.26754,1.2693699999999999,1.26728,1.2693699999999999,5102,10,0
2024-11-20 00:00:00+00:00,1.26936,1.26952,1.26796,1.26816,6220,10,0
2024-11-20 04:00:00+00:00,1.26816,1.27143,1.26785,1.26949,8668,10,0
2024-11-20 08:00:00+00:00,1.2695400000000001,1.26965,1.26485,1.26623,12460,10,0
2024-11-20 12:00:00+00:00,1.26627,1.26752,1.26376,1.26529,15589,10,0
2024-11-20 16:00:00+00:00,1.26529,1.26615,1.26303,1.26471,10966,10,0
2024-11-20 20:00:00+00:00,1.2646899999999999,1.2655,1.26425,1.26549,4577,10,0
2024-11-21 00:00:00+00:00,1.26548,1.2659099999999999,1.26497,1.26584,5795,10,0
2024-11-21 04:00:00+00:00,1.26583,1.2659799999999999,1.26363,1.2648,8188,10,0
2024-11-21 08:00:00+00:00,1.26482,1.26512,1.2622499999999999,1.26379,13245,10,0
2024-11-21 12:00:00+00:00,1.2638099999999999,1.26573,1.26165,1.26176,16634,8,0
2024-11-21 16:00:00+00:00,1.26176,1.2622,1.25756,1.26011,15117,10,0
2024-11-21 20:00:00+00:00,1.2600799999999999,1.2604899999999999,1.2583,1.25845,4891,10,0
2024-11-22 00:00:00+00:00,1.25844,1.25938,1.25801,1.25836,7804,10,0
2024-11-22 04:00:00+00:00,1.25833,1.25872,1.25511,1.25717,9988,10,0
2024-11-22 08:00:00+00:00,1.25718,1.25813,1.24867,1.25125,27942,10,0
2024-11-22 12:00:00+00:00,1.25129,1.25372,1.25015,1.25264,20896,10,0
2024-11-22 16:00:00+00:00,1.25265,1.25347,1.25069,1.25248,11793,10,0
2024-11-22 20:00:00+00:00,1.25253,1.25338,1.25216,1.25321,5165,10,0
2024-11-24 20:00:00+00:00,1.2582200000000001,1.25964,1.25675,1.2592400000000001,3484,10,0
2024-11-25 00:00:00+00:00,1.2592400000000001,1.2606600000000001,1.25869,1.25927,9157,10,0
2024-11-25 04:00:00+00:00,1.25925,1.2604899999999999,1.25706,1.25714,8835,10,0
2024-11-25 08:00:00+00:00,1.2570999999999999,1.25827,1.25478,1.25648,14835,10,0
2024-11-25 12:00:00+00:00,1.25648,1.26132,1.2547,1.25505,18914,8,0
2024-11-25 16:00:00+00:00,1.25504,1.25767,1.25411,1.25743,12798,10,0
2024-11-25 20:00:00+00:00,1.25742,1.2578,1.25292,1.25321,7323,10,0
2024-11-26 00:00:00+00:00,1.25323,1.25489,1.25068,1.2548300000000001,16141,10,0
2024-11-26 04:00:00+00:00,1.2548300000000001,1.25621,1.25421,1.2543,10821,10,0
2024-11-26 08:00:00+00:00,1.2542900000000001,1.25925,1.25373,1.25835,14789,10,0
2024-11-26 12:00:00+00:00,1.25831,1.2616100000000001,1.25545,1.25628,20958,8,0
2024-11-26 16:00:00+00:00,1.25624,1.25666,1.25243,1.25453,16387,10,0
2024-11-26 20:00:00+00:00,1.25454,1.25738,1.25442,1.25731,6763,10,0
2024-11-27 00:00:00+00:00,1.25731,1.2579500000000001,1.25686,1.25714,8921,10,0
2024-11-27 04:00:00+00:00,1.25713,1.25976,1.2566,1.25918,8400,10,0
2024-11-27 08:00:00+00:00,1.25918,1.2619,1.25885,1.26098,15671,10,0
2024-11-27 12:00:00+00:00,1.26096,1.26874,1.2606899999999999,1.26764,20201,10,0
2024-11-27 16:00:00+00:00,1.26764,1.26942,1.26645,1.26727,12952,10,0
2024-11-27 20:00:00+00:00,1.26724,1.26825,1.26689,1.26766,5284,10,0
2024-11-28 00:00:00+00:00,1.26766,1.2677800000000001,1.26606,1.26624,8176,10,0
2024-11-28 04:00:00+00:00,1.26627,1.26691,1.26452,1.26512,8372,10,0
2024-11-28 08:00:00+00:00,1.2651,1.26736,1.26444,1.26663,13398,10,0
2024-11-28 12:00:00+00:00,1.26664,1.26825,1.2659,1.26816,11310,8,0
2024-11-28 16:00:00+00:00,1.26811,1.2689599999999999,1.26756,1.26892,4204,10,0
2024-11-28 20:00:00+00:00,1.26892,1.2695699999999999,1.26823,1.26949,2801,10,0
2024-11-29 00:00:00+00:00,1.26948,1.27148,1.26923,1.27124,9151,10,0
2024-11-29 04:00:00+00:00,1.27124,1.27499,1.2704900000000001,1.27225,10437,10,0
2024-11-29 08:00:00+00:00,1.27224,1.27259,1.2681499999999999,1.26971,13942,10,0
2024-11-29 12:00:00+00:00,1.26975,1.27138,1.26715,1.27082,15994,10,0
2024-11-29 16:00:00+00:00,1.27084,1.2738399999999999,1.26907,1.27378,11422,10,0
2024-11-29 20:00:00+00:00,1.27379,1.2744900000000001,1.27336,1.27344,4471,24,0
2024-12-01 20:00:00+00:00,1.27175,1.27319,1.26952,1.27011,3142,10,0
2024-12-02 00:00:00+00:00,1.27011,1.2705600000000001,1.26796,1.26887,10559,10,0
2024-12-02 04:00:00+00:00,1.26887,1.27085,1.26792,1.26823,11830,10,0
2024-12-02 08:00:00+00:00,1.26819,1.27222,1.2678099999999999,1.27107,15452,10,0
2024-12-02 12:00:00+00:00,1.27108,1.27133,1.2616399999999999,1.26275,21116,8,0
2024-12-02 16:00:00+00:00,1.26278,1.26541,1.2616800000000001,1.2649,13994,10,0
2024-12-02 20:00:00+00:00,1.26491,1.26701,1.2646600000000001,1.26581,7551,10,0
2024-12-03 00:00:00+00:00,1.2658,1.2659799999999999,1.26379,1.26458,9008,10,0
2024-12-03 04:00:00+00:00,1.26458,1.26722,1.26391,1.26621,8915,10,0
2024-12-03 08:00:00+00:00,1.26624,1.2696399999999999,1.2659799999999999,1.26624,14207,10,0
2024-12-03 12:00:00+00:00,1.26624,1.26733,1.26363,1.26615,18126,8,0
2024-12-03 16:00:00+00:00,1.26611,1.26994,1.26507,1.26675,12964,10,0
2024-12-03 20:00:00+00:00,1.26677,1.26769,1.26651,1.26736,4976,10,0
2024-12-04 00:00:00+00:00,1.26735,1.2678,1.26513,1.26553,8962,10,0
2024-12-04 04:00:00+00:00,1.26553,1.27012,1.26513,1.26814,9607,10,0
2024-12-04 08:00:00+00:00,1.2681,1.26946,1.26297,1.26793,19316,10,0
2024-12-04 12:00:00+00:00,1.26792,1.2711700000000001,1.266,1.2707600000000001,21572,8,0
2024-12-04 16:00:00+00:00,1.27078,1.27211,1.2686600000000001,1.27,14199,10,0
2024-12-04 20:00:00+00:00,1.27003,1.27072,1.26922,1.27006,5132,10,0
2024-12-05 00:00:00+00:00,1.27007,1.27094,1.26925,1.2708599999999999,7161,10,0
2024-12-05 04:00:00+00:00,1.27087,1.2731,1.27002,1.27291,7956,10,0
2024-12-05 08:00:00+00:00,1.27288,1.27399,1.27135,1.27314,11371,10,0
2024-12-05 12:00:00+00:00,1.27313,1.27702,1.27135,1.27565,17994,10,0
2024-12-05 16:00:00+00:00,1.27564,1.2762,1.27313,1.27562,11688,10,0
2024-12-05 20:00:00+00:00,1.27562,1.27612,1.2749,1.27597,4534,10,0
2024-12-06 00:00:00+00:00,1.276,1.2760099999999999,1.2739500000000001,1.27503,6928,10,0
2024-12-06 04:00:00+00:00,1.27504,1.27648,1.27402,1.27631,7147,10,0
2024-12-06 08:00:00+00:00,1.27633,1.27738,1.2749,1.2769599999999999,10092,10,0
2024-12-06 12:00:00+00:00,1.27695,1.2811,1.27274,1.27432,24446,8,0
2024-12-06 16:00:00+00:00,1.27434,1.27552,1.27209,1.27346,11853,10,0
2024-12-06 20:00:00+00:00,1.2735,1.2743,1.27337,1.27413,2909,12,0
2024-12-08 20:00:00+00:00,1.27255,1.27499,1.27238,1.27478,2237,10,0
2024-12-09 00:00:00+00:00,1.2747899999999999,1.27482,1.27223,1.2723200000000001,6780,10,0
2024-12-09 04:00:00+00:00,1.2723200000000001,1.27628,1.27163,1.2762,8617,10,0
2024-12-09 08:00:00+00:00,1.27618,1.27829,1.27552,1.27649,11716,10,0
2024-12-09 12:00:00+00:00,1.27645,1.27979,1.2751000000000001,1.27946,14667,10,0
2024-12-09 16:00:00+00:00,1.27945,1.27984,1.27481,1.27534,9546,10,0
2024-12-09 20:00:00+00:00,1.27535,1.2756,1.27413,1.27481,4719,10,0
2024-12-10 00:00:00+00:00,1.27481,1.27535,1.27348,1.27471,7707,10,0
2024-12-10 04:00:00+00:00,1.27472,1.27628,1.27397,1.27408,7784,10,0
2024-12-10 08:00:00+00:00,1.2741,1.27653,1.27365,1.27585,12090,10,0
2024-12-10 12:00:00+00:00,1.27588,1.27624,1.2723499999999999,1.27375,14506,10,0
2024-12-10 16:00:00+00:00,1.27378,1.27775,1.27358,1.27728,10634,10,0
2024-12-10 20:00:00+00:00,1.27732,1.2779099999999999,1.27636,1.2779,4872,10,0
2024-12-11 00:00:00+00:00,1.2779099999999999,1.27814,1.2771,1.27728,6517,10,0
2024-12-11 04:00:00+00:00,1.2772700000000001,1.27742,1.27302,1.27316,9136,10,0
2024-12-11 08:00:00+00:00,1.27397,1.27557,1.27127,1.2735400000000001,12605,10,0
2024-12-11 12:00:00+00:00,1.2735400000000001,1.27812,1.2732299999999999,1.27431,22760,10,0
2024-12-11 16:00:00+00:00,1.27432,1.27657,1.27322,1.2745,12919,10,0
2024-12-11 20:00:00+00:00,1.2745199999999999,1.27651,1.27417,1.27645,5118,10,0
2024-12-12 00:00:00+00:00,1.27645,1.27715,1.27597,1.27652,7260,10,0
2024-12-12 04:00:00+00:00,1.27655,1.27875,1.2760500000000001,1.27623,7104,10,0
2024-12-12 08:00:00+00:00,1.27622,1.27677,1.2735699999999999,1.27401,12056,10,0
2024-12-12 12:00:00+00:00,1.27399,1.27432,1.26707,1.26887,25092,10,0
2024-12-12 16:00:00+00:00,1.26886,1.27189,1.26697,1.26701,13953,10,0
2024-12-12 20:00:00+00:00,1.26701,1.2678,1.2664900000000001,1.26766,5720,10,0
2024-12-13 00:00:00+00:00,1.26763,1.26787,1.2659099999999999,1.2661,7390,10,0
2024-12-13 04:00:00+00:00,1.2661,1.26651,1.2618,1.26265,8899,10,0
2024-12-13 08:00:00+00:00,1.26264,1.26541,1.26202,1.26443,12027,10,0
2024-12-13 12:00:00+00:00,1.26441,1.2668,1.26078,1.26133,14278,10,0
2024-12-13 16:00:00+00:00,1.26136,1.26346,1.26117,1.2616399999999999,11265,10,0
2024-12-13 20:00:00+00:00,1.26166,1.2624,1.26128,1.2619500000000001,3677,10,0
2024-12-15 20:00:00+00:00,1.2602,1.26271,1.2597800000000001,1.26261,2013,10,0
2024-12-16 00:00:00+00:00,1.2625899999999999,1.26389,1.2625600000000001,1.26322,6199,10,0
2024-12-16 04:00:00+00:00,1.26322,1.26413,1.26304,1.2631999999999999,6176,10,0
2024-12-16 08:00:00+00:00,1.26321,1.26714,1.26289,1.26481,11233,10,0
2024-12-16 12:00:00+00:00,1.26478,1.26918,1.2635100000000001,1.26897,13566,10,0
2024-12-16 16:00:00+00:00,1.2690000000000001,1.26983,1.26772,1.26831,10668,10,0
2024-12-16 20:00:00+00:00,1.26834,1.26914,1.2674699999999999,1.2689599999999999,4563,10,0
2024-12-17 00:00:00+00:00,1.26897,1.2698,1.2681499999999999,1.26828,6244,10,0
2024-12-17 04:00:00+00:00,1.26827,1.27065,1.26654,1.26984,8430,10,0
2024-12-17 08:00:00+00:00,1.26987,1.27058,1.26701,1.26987,12498,10,0
2024-12-17 12:00:00+00:00,1.2698800000000001,1.27156,1.26837,1.27093,15283,10,0
2024-12-17 16:00:00+00:00,1.27094,1.27284,1.2701799999999999,1.27101,10641,10,0
2024-12-17 20:00:00+00:00,1.27099,1.27146,1.2702,1.27101,4163,10,0
2024-12-18 00:00:00+00:00,1.27101,1.27132,1.2696,1.26969,6608,10,0
2024-12-18 04:00:00+00:00,1.26968,1.2727,1.26844,1.26909,8093,10,0
2024-12-18 08:00:00+00:00,1.26907,1.2722,1.26793,1.27068,11827,10,0
2024-12-18 12:00:00+00:00,1.27068,1.27203,1.26849,1.26922,14546,10,0
2024-12-18 16:00:00+00:00,1.26925,1.2718,1.2591700000000001,1.25942,22640,10,0
2024-12-18 20:00:00+00:00,1.2594400000000001,1.2600500000000001,1.25618,1.2567,15328,10,0
2024-12-19 00:00:00+00:00,1.25671,1.25961,1.25671,1.2587,10617,10,0
2024-12-19 04:00:00+00:00,1.2587,1.26143,1.2581,1.26129,10078,10,0
2024-12-19 08:00:00+00:00,1.2612700000000001,1.26664,1.2605,1.26301,16639,10,0
2024-12-19 12:00:00+00:00,1.26303,1.26309,1.25446,1.25499,23765,8,0
2024-12-19 16:00:00+00:00,1.25494,1.25627,1.25027,1.25038,16121,10,0
2024-12-19 20:00:00+00:00,1.25042,1.25111,1.24945,1.24966,5889,10,0
2024-12-20 00:00:00+00:00,1.24967,1.25016,1.24741,1.24799,7799,10,0
2024-12-20 04:00:00+00:00,1.24801,1.25108,1.24769,1.2502900000000001,10087,10,0
2024-12-20 08:00:00+00:00,1.25031,1.25202,1.24913,1.25054,12640,10,0
2024-12-20 12:00:00+00:00,1.2505600000000001,1.25603,1.25021,1.2540200000000001,18282,8,0
2024-12-20 16:00:00+00:00,1.25403,1.26136,1.2537099999999999,1.2598,14343,10,0
2024-12-20 20:00:00+00:00,1.2597800000000001,1.26031,1.25644,1.2567599999999999,4548,10,0
2024-12-22 20:00:00+00:00,1.2553,1.2574,1.25485,1.2570000000000001,2275,10,0
2024-12-23 00:00:00+00:00,1.2570000000000001,1.25877,1.25696,1.25781,6316,10,0
2024-12-23 04:00:00+00:00,1.25779,1.25843,1.2555,1.25582,6657,10,0
2024-12-23 08:00:00+00:00,1.25584,1.25828,1.25288,1.25327,10302,10,0
2024-12-23 12:00:00+00:00,1.25325,1.2538,1.25121,1.25175,13727,8,0
2024-12-23 16:00:00+00:00,1.25175,1.25365,1.25096,1.25343,10351,10,0
2024-12-23 20:00:00+00:00,1.25343,1.25388,1.25282,1.25322,5252,10,0
2024-12-24 00:00:00+00:00,1.25322,1.25417,1.25248,1.2530999999999999,5299,10,0
2024-12-24 04:00:00+00:00,1.25311,1.2540200000000001,1.25304,1.25317,5560,10,0
2024-12-24 08:00:00+00:00,1.25316,1.25449,1.2526,1.25331,8009,10,0
2024-12-24 12:00:00+00:00,1.25333,1.25742,1.25309,1.2539500000000001,11004,8,0
2024-12-24 16:00:00+00:00,1.2539500000000001,1.25435,1.2518,1.25291,6458,10,0
2024-12-24 20:00:00+00:00,1.25291,1.25469,1.25287,1.2534399999999999,1732,37,0
2024-12-25 20:00:00+00:00,1.25267,1.2548,1.25267,1.25428,1784,10,0
2024-12-26 00:00:00+00:00,1.25427,1.2548,1.25372,1.25458,4574,10,0
2024-12-26 04:00:00+00:00,1.2545600000000001,1.25474,1.25216,1.25301,4542,10,0
2024-12-26 08:00:00+00:00,1.2530299999999999,1.25346,1.25234,1.25301,5227,10,0
2024-12-26 12:00:00+00:00,1.25299,1.25304,1.25007,1.25102,10367,10,0
2024-12-26 16:00:00+00:00,1.25102,1.2536,1.25084,1.25248,9280,10,0
2024-12-26 20:00:00+00:00,1.25245,1.25316,1.25183,1.25274,5228,10,0
2024-12-27 00:00:00+00:00,1.25274,1.25302,1.25179,1.25258,6556,10,0
2024-12-27 04:00:00+00:00,1.25258,1.2532,1.2517800000000001,1.25296,6062,10,0
2024-12-27 08:00:00+00:00,1.25298,1.25556,1.25047,1.25516,10125,10,0
2024-12-27 12:00:00+00:00,1.25518,1.25922,1.25481,1.25763,14397,8,0
2024-12-27 16:00:00+00:00,1.25765,1.25912,1.2554699999999999,1.25807,11132,10,0
2024-12-27 20:00:00+00:00,1.25809,1.25814,1.25727,1.25776,3792,10,0
2024-12-29 20:00:00+00:00,1.25666,1.25871,1.25561,1.25772,1612,10,0
2024-12-30 00:00:00+00:00,1.25772,1.25836,1.25723,1.2579099999999999,4854,10,0
2024-12-30 04:00:00+00:00,1.2579099999999999,1.2588599999999999,1.2570700000000001,1.2579099999999999,6019,10,0
2024-12-30 08:00:00+00:00,1.2579500000000001,1.26068,1.25609,1.2597800000000001,10412,10,0
2024-12-30 12:00:00+00:00,1.25977,1.26057,1.25058,1.2511999999999999,17865,10,0
2024-12-30 16:00:00+00:00,1.25119,1.25584,1.25073,1.25435,12730,10,0
2024-12-30 20:00:00+00:00,1.25434,1.25537,1.25289,1.25477,5009,10,0
2024-12-31 00:00:00+00:00,1.25477,1.25594,1.25377,1.25514,4803,10,0
2024-12-31 04:00:00+00:00,1.25514,1.25651,1.25411,1.25613,5207,10,0
2024-12-31 08:00:00+00:00,1.25614,1.2569,1.25317,1.25386,11710,10,0
2024-12-31 12:00:00+00:00,1.25386,1.2554,1.25186,1.2527300000000001,17940,10,0
2024-12-31 16:00:00+00:00,1.2527300000000001,1.25329,1.25048,1.25094,14055,10,0
2024-12-31 20:00:00+00:00,1.25094,1.25271,1.25087,1.25122,3054,10,0
2025-01-01 20:00:00+00:00,1.25048,1.25193,1.24989,1.25191,2038,10,0
2025-01-02 00:00:00+00:00,1.2518799999999999,1.25363,1.25091,1.25358,6055,10,0
2025-01-02 04:00:00+00:00,1.25358,1.254,1.25196,1.2521499999999999,5663,10,0
2025-01-02 08:00:00+00:00,1.25214,1.2524,1.24346,1.24529,15040,10,0
2025-01-02 12:00:00+00:00,1.2453,1.24567,1.23696,1.23744,19190,8,0
2025-01-02 16:00:00+00:00,1.23745,1.238,1.23519,1.23688,16937,10,0
2025-01-02 20:00:00+00:00,1.23685,1.23846,1.23685,1.23795,5182,10,0
2025-01-03 00:00:00+00:00,1.23792,1.23955,1.23779,1.23933,5054,10,0
2025-01-03 04:00:00+00:00,1.23933,1.24062,1.23855,1.23993,6509,10,0
2025-01-03 08:00:00+00:00,1.2399499999999999,1.24162,1.23858,1.2412,10321,10,0
2025-01-03 12:00:00+00:00,1.24092,1.2417,1.23875,1.2404,11881,10,0
2025-01-03 16:00:00+00:00,1.24038,1.24335,1.2402,1.24272,10059,10,0
2025-01-03 20:00:00+00:00,1.24269,1.24336,1.24194,1.24219,2748,10,0
2025-01-05 20:00:00+00:00,1.24125,1.24335,1.24027,1.24242,2053,10,0
2025-01-06 00:00:00+00:00,1.24245,1.2442,1.24172,1.2435100000000001,7123,10,0
2025-01-06 04:00:00+00:00,1.2435,1.24565,1.24315,1.24519,6053,10,0
2025-01-06 08:00:00+00:00,1.24518,1.25473,1.24513,1.2543,20623,10,0
2025-01-06 12:00:00+00:00,1.25428,1.25508,1.24679,1.25075,32646,8,0
2025-01-06 16:00:00+00:00,1.25075,1.25346,1.25011,1.25123,12236,10,0
2025-01-06 20:00:00+00:00,1.25123,1.25233,1.25085,1.25092,4634,10,0
2025-01-07 00:00:00+00:00,1.25096,1.25327,1.25035,1.25324,6540,10,0
2025-01-07 04:00:00+00:00,1.25323,1.25628,1.25286,1.25519,7918,10,0
2025-01-07 08:00:00+00:00,1.2551700000000001,1.25754,1.25314,1.25391,12625,10,0
2025-01-07 12:00:00+00:00,1.25391,1.25481,1.24791,1.2497,18994,8,0
2025-01-07 16:00:00+00:00,1.24972,1.25067,1.2483,1.249,16459,10,0
2025-01-07 20:00:00+00:00,1.24898,1.24903,1.24725,1.24755,4102,10,0
2025-01-08 00:00:00+00:00,1.24756,1.24879,1.24755,1.2477800000000001,5656,10,0
2025-01-08 04:00:00+00:00,1.2477800000000001,1.24936,1.2463,1.24677,7238,10,0
2025-01-08 08:00:00+00:00,1.24675,1.24714,1.2324,1.2372,23028,10,0
2025-01-08 12:00:00+00:00,1.23718,1.23735,1.23202,1.23427,28287,8,0
2025-01-08 16:00:00+00:00,1.23426,1.23766,1.23336,1.23571,13468,8,0
2025-01-08 20:00:00+00:00,1.23572,1.23661,1.2351,1.23575,4802,10,0
2025-01-09 00:00:00+00:00,1.23576,1.23649,1.23424,1.2344,6408,10,0
2025-01-09 04:00:00+00:00,1.23438,1.23446,1.2251400000000001,1.22587,13697,10,0
2025-01-09 08:00:00+00:00,1.22588,1.23044,1.22377,1.22887,22117,10,0
2025-01-09 12:00:00+00:00,1.22886,1.23228,1.22698,1.23022,15711,10,0
2025-01-09 16:00:00+00:00,1.23022,1.2313,1.22867,1.23084,8548,10,0
2025-01-09 20:00:00+00:00,1.23084,1.23148,1.22976,1.22981,3762,10,0
2025-01-10 00:00:00+00:00,1.22981,1.23082,1.22937,1.23006,6073,10,0
2025-01-10 04:00:00+00:00,1.23003,1.23034,1.22659,1.22901,7583,10,0
2025-01-10 08:00:00+00:00,1.22897,1.23079,1.22832,1.23019,12882,10,0
2025-01-10 12:00:00+00:00,1.23021,1.23213,1.2190699999999999,1.22293,35713,10,0
2025-01-10 16:00:00+00:00,1.22296,1.22309,1.21943,1.22095,17540,10,0
2025-01-10 20:00:00+00:00,1.22094,1.22137,1.22017,1.22072,3867,10,0
2025-01-12 20:00:00+00:00,1.21891,1.2209,1.21878,1.22038,1811,11,0
2025-01-13 00:00:00+00:00,1.22034,1.22072,1.2137,1.21423,9343,10,0
2025-01-13 04:00:00+00:00,1.21427,1.21599,1.21227,1.21381,11681,10,0
2025-01-13 08:00:00+00:00,1.21378,1.21707,1.21011,1.21096,20909,10,0
2025-01-13 12:00:00+00:00,1.21096,1.21594,1.20991,1.21509,21423,10,0
2025-01-13 16:00:00+00:00,1.21508,1.21828,1.2142,1.21667,13674,10,0
2025-01-13 20:00:00+00:00,1.21667,1.22497,1.21652,1.22309,8224,10,0
2025-01-14 00:00:00+00:00,1.22306,1.22313,1.21918,1.2208700000000001,9601,10,0
2025-01-14 04:00:00+00:00,1.2208700000000001,1.22284,1.21969,1.22094,10464,10,0
2025-01-14 08:00:00+00:00,1.22095,1.22457,1.2169699999999999,1.21761,17550,10,0
2025-01-14 12:00:00+00:00,1.21761,1.22018,1.21389,1.21994,26584,10,0
2025-01-14 16:00:00+00:00,1.21995,1.22121,1.21677,1.21987,15000,10,0
2025-01-14 20:00:00+00:00,1.21991,1.22164,1.21943,1.22101,5400,10,0
2025-01-15 00:00:00+00:00,1.221,1.22103,1.21921,1.22031,6547,10,0
2025-01-15 04:00:00+00:00,1.22032,1.22406,1.21604,1.22337,13253,10,0
2025-01-15 08:00:00+00:00,1.22339,1.22398,1.22001,1.22239,15209,10,0
2025-01-15 12:00:00+00:00,1.22238,1.23057,1.2201,1.22572,28209,10,0
2025-01-15 16:00:00+00:00,1.22571,1.2259,1.21928,1.223,16431,10,0
2025-01-15 20:00:00+00:00,1.22299,1.22444,1.22283,1.2242,5393,10,0
2025-01-16 00:00:00+00:00,1.2242,1.22475,1.22191,1.22258,8651,10,0
2025-01-16 04:00:00+00:00,1.22257,1.22308,1.21994,1.2218499999999999,9113,10,0
2025-01-16 08:00:00+00:00,1.22189,1.22229,1.21892,1.22095,12823,10,0
2025-01-16 12:00:00+00:00,1.22096,1.22382,1.21744,1.22337,23886,10,0
2025-01-16 16:00:00+00:00,1.22339,1.22599,1.22166,1.22347,16505,10,0
2025-01-16 20:00:00+00:00,1.22344,1.22389,1.2227000000000001,1.22339,4916,10,0
2025-01-17 00:00:00+00:00,1.2234,1.22439,1.22286,1.22327,6088,10,0
2025-01-17 04:00:00+00:00,1.22327,1.2234099999999999,1.21598,1.21741,10642,10,0
2025-01-17 08:00:00+00:00,1.21743,1.22163,1.21743,1.21958,13555,10,0
2025-01-17 12:00:00+00:00,1.21956,1.22273,1.21606,1.21978,23290,10,0
2025-01-17 16:00:00+00:00,1.21975,1.21986,1.21643,1.21677,11826,10,0
2025-01-17 20:00:00+00:00,1.21677,1.21742,1.2165,1.21676,3834,10,0
2025-01-19 20:00:00+00:00,1.21585,1.21764,1.21578,1.21744,2265,10,0
2025-01-20 00:00:00+00:00,1.21743,1.22052,1.21742,1.22043,7385,10,0
2025-01-20 04:00:00+00:00,1.22044,1.22213,1.22,1.22146,7026,10,0
2025-01-20 08:00:00+00:00,1.2215,1.22193,1.2165,1.22054,14257,10,0
2025-01-20 12:00:00+00:00,1.22054,1.23262,1.21826,1.22915,44258,10,0
2025-01-20 16:00:00+00:00,1.22917,1.23382,1.22546,1.23349,14917,10,0
2025-01-20 20:00:00+00:00,1.23349,1.23446,1.23123,1.23312,8465,10,0
2025-01-21 00:00:00+00:00,1.23314,1.23447,1.22476,1.22946,31423,10,0
2025-01-21 04:00:00+00:00,1.22948,1.23083,1.22528,1.22668,11271,10,0
2025-01-21 08:00:00+00:00,1.22666,1.22692,1.22291,1.22357,17360,10,0
2025-01-21 12:00:00+00:00,1.22359,1.23127,1.22324,1.22992,22122,10,0
2025-01-21 16:00:00+00:00,1.22992,1.23397,1.2296,1.23271,13026,10,0
2025-01-21 20:00:00+00:00,1.23272,1.23602,1.23217,1.23377,8837,10,0
2025-01-22 00:00:00+00:00,1.23376,1.23535,1.23279,1.23318,9113,10,0
2025-01-22 04:00:00+00:00,1.23318,1.23476,1.23111,1.23188,9784,10,0
2025-01-22 08:00:00+00:00,1.23186,1.23757,1.2316,1.23561,16622,10,0
2025-01-22 12:00:00+00:00,1.2355800000000001,1.23685,1.23117,1.23184,18493,10,0
2025-01-22 16:00:00+00:00,1.2318,1.23308,1.23069,1.23254,11456,10,0
2025-01-22 20:00:00+00:00,1.23251,1.23289,1.23057,1.23133,5286,10,0
2025-01-23 00:00:00+00:00,1.23133,1.2323,1.2301199999999999,1.23145,7900,10,0
2025-01-23 04:00:00+00:00,1.23144,1.23209,1.22945,1.23047,8538,10,0
2025-01-23 08:00:00+00:00,1.23048,1.23303,1.22926,1.23078,12972,10,0
2025-01-23 12:00:00+00:00,1.23075,1.23357,1.22992,1.23226,17229,10,0
2025-01-23 16:00:00+00:00,1.23227,1.2375099999999999,1.22995,1.23588,22582,10,0
2025-01-23 20:00:00+00:00,1.23588,1.2365599999999999,1.23462,1.23532,5882,10,0
2025-01-24 00:00:00+00:00,1.23533,1.24037,1.2348,1.23926,12241,10,0
2025-01-24 04:00:00+00:00,1.2392400000000001,1.24187,1.23762,1.23869,13267,10,0
2025-01-24 08:00:00+00:00,1.23866,1.24475,1.23831,1.24148,17764,10,0
2025-01-24 12:00:00+00:00,1.24146,1.24854,1.24001,1.24827,18855,10,0
2025-01-24 16:00:00+00:00,1.24825,1.25014,1.24784,1.24824,12211,10,0
2025-01-24 20:00:00+00:00,1.2482199999999999,1.24892,1.24773,1.24809,4169,10,0
2025-01-26 20:00:00+00:00,1.24599,1.2471700000000001,1.24554,1.2457799999999999,2750,10,0
2025-01-27 00:00:00+00:00,1.2457799999999999,1.24651,1.24414,1.24551,10000,10,0
2025-01-27 04:00:00+00:00,1.24551,1.24603,1.24289,1.24289,10237,10,0
2025-01-27 08:00:00+00:00,1.24286,1.25146,1.24257,1.24964,19250,10,0
2025-01-27 12:00:00+00:00,1.24961,1.25232,1.24689,1.24731,19595,8,0
2025-01-27 16:00:00+00:00,1.2473,1.249,1.24667,1.24894,14586,10,0
2025-01-27 20:00:00+00:00,1.24894,1.25,1.24358,1.2451,10363,10,0
2025-01-28 00:00:00+00:00,1.24511,1.24651,1.2438500000000001,1.24401,14500,10,0
2025-01-28 04:00:00+00:00,1.24406,1.24533,1.24258,1.24365,9369,10,0
2025-01-28 08:00:00+00:00,1.24367,1.24553,1.24245,1.24258,14339,10,0
2025-01-28 12:00:00+00:00,1.2426,1.24466,1.24139,1.24316,16354,8,0
2025-01-28 16:00:00+00:00,1.24315,1.2445,1.24215,1.2443,12405,10,0
2025-01-28 20:00:00+00:00,1.24429,1.24453,1.24311,1.24403,5324,10,0
2025-01-29 00:00:00+00:00,1.24403,1.24503,1.24338,1.24472,7382,10,0
2025-01-29 04:00:00+00:00,1.24474,1.2463,1.24454,1.2448299999999999,9477,10,0
2025-01-29 08:00:00+00:00,1.24484,1.24567,1.24098,1.24189,14148,10,0
2025-01-29 12:00:00+00:00,1.24192,1.2445599999999999,1.23928,1.24331,18092,10,0
2025-01-29 16:00:00+00:00,1.24334,1.24577,1.24116,1.24442,25428,10,0
2025-01-29 20:00:00+00:00,1.2444,1.24585,1.24302,1.24542,12590,10,0
2025-01-30 00:00:00+00:00,1.24542,1.24596,1.2444600000000001,1.24513,6501,10,0
2025-01-30 04:00:00+00:00,1.24511,1.24538,1.24313,1.24515,7889,10,0
2025-01-30 08:00:00+00:00,1.24516,1.24623,1.24245,1.24271,13417,10,0
2025-01-30 12:00:00+00:00,1.24269,1.24767,1.24238,1.24663,22917,10,0
2025-01-30 16:00:00+00:00,1.24661,1.24711,1.2435100000000001,1.24584,10329,10,0
2025-01-30 20:00:00+00:00,1.24587,1.2463899999999999,1.24049,1.24216,16957,10,0
2025-01-31 00:00:00+00:00,1.24215,1.24308,1.24064,1.2416800000000001,9571,10,0
2025-01-31 04:00:00+00:00,1.2417,1.24393,1.24134,1.24345,8870,10,0
2025-01-31 08:00:00+00:00,1.24342,1.24383,1.24004,1.24088,13326,10,0
2025-01-31 12:00:00+00:00,1.24089,1.24315,1.2387299999999999,1.24247,17701,10,0
2025-01-31 16:00:00+00:00,1.24245,1.24711,1.23853,1.23996,30457,10,0
2025-01-31 20:00:00+00:00,1.23997,1.24105,1.23867,1.23918,12285,10,0
2025-02-02 20:00:00+00:00,1.23039,1.2322899999999999,1.22816,1.22894,4278,31,0
2025-02-03 00:00:00+00:00,1.229,1.2312400000000001,1.22489,1.22626,26489,10,0
2025-02-03 04:00:00+00:00,1.22626,1.22999,1.22489,1.22838,18329,10,0
2025-02-03 08:00:00+00:00,1.22838,1.23225,1.22724,1.23187,18522,10,0
2025-02-03 12:00:00+00:00,1.23187,1.24346,1.23162,1.24114,42828,10,0
2025-02-03 16:00:00+00:00,1.24112,1.2436099999999999,1.23798,1.23944,33605,10,0
2025-02-03 20:00:00+00:00,1.23947,1.24548,1.23922,1.2433,14122,10,0
2025-02-04 00:00:00+00:00,1.2433,1.24367,1.2409,1.24137,9948,10,0
2025-02-04 04:00:00+00:00,1.24138,1.2420499999999999,1.23787,1.24149,14538,10,0
2025-02-04 08:00:00+00:00,1.24145,1.24366,1.24021,1.24041,16129,10,0
2025-02-04 12:00:00+00:00,1.24042,1.24856,1.23954,1.24756,20036,10,0
2025-02-04 16:00:00+00:00,1.24757,1.24929,1.24702,1.24818,13785,10,0
2025-02-04 20:00:00+00:00,1.2482,1.24903,1.24705,1.24748,5961,10,0
2025-02-05 00:00:00+00:00,1.24752,1.24894,1.24684,1.2474,9401,10,0
2025-02-05 04:00:00+00:00,1.24741,1.25061,1.24627,1.25008,10089,10,0
2025-02-05 08:00:00+00:00,1.25004,1.25496,1.24875,1.25312,15279,10,0
2025-02-05 12:00:00+00:00,1.25312,1.25445,1.25012,1.25174,19048,10,0
2025-02-05 16:00:00+00:00,1.25171,1.25233,1.25027,1.25051,10920,10,0
2025-02-05 20:00:00+00:00,1.25048,1.25065,1.24976,1.25011,5273,10,0
2025-02-06 00:00:00+00:00,1.25011,1.2509299999999999,1.24892,1.24939,7765,10,0
2025-02-06 04:00:00+00:00,1.24939,1.24965,1.24705,1.24732,7281,10,0
2025-02-06 08:00:00+00:00,1.24734,1.24748,1.24061,1.24222,14432,10,0
2025-02-06 12:00:00+00:00,1.2422,1.24298,1.236,1.24137,25433,10,0
2025-02-06 16:00:00+00:00,1.24138,1.24551,1.24133,1.24353,12119,10,0
2025-02-06 20:00:00+00:00,1.24352,1.24409,1.24269,1.24338,4942,10,0
2025-02-07 00:00:00+00:00,1.24337,1.24428,1.2422,1.24279,7274,10,0
2025-02-07 04:00:00+00:00,1.24275,1.24453,1.24187,1.24411,6992,10,0
2025-02-07 08:00:00+00:00,1.2441,1.24684,1.24388,1.24528,10352,10,0
2025-02-07 12:00:00+00:00,1.24526,1.24928,1.23918,1.2424,26647,10,0
2025-02-07 16:00:00+00:00,1.24242,1.24253,1.23758,1.24132,28443,10,0
2025-02-07 20:00:00+00:00,1.24133,1.24165,1.23976,1.24014,4978,10,0
2025-02-09 20:00:00+00:00,1.23669,1.23939,1.23637,1.2389000000000001,3244,10,0
2025-02-10 00:00:00+00:00,1.2389000000000001,1.24002,1.23793,1.23962,8396,10,0
2025-02-10 04:00:00+00:00,1.23963,1.2414100000000001,1.23944,1.24041,7832,10,0
2025-02-10 08:00:00+00:00,1.24038,1.24219,1.23904,1.24019,12084,10,0
2025-02-10 12:00:00+00:00,1.24018,1.24037,1.23708,1.2389000000000001,13220,10,0
2025-02-10 16:00:00+00:00,1.23887,1.23936,1.23636,1.23665,8730,10,0
2025-02-10 20:00:00+00:00,1.23665,1.23692,1.23539,1.23591,5214,10,0
2025-02-11 00:00:00+00:00,1.23594,1.23649,1.23447,1.23531,6426,10,0
2025-02-11 04:00:00+00:00,1.23531,1.23662,1.23383,1.23393,6634,10,0
2025-02-11 08:00:00+00:00,1.23391,1.23776,1.23318,1.23659,11097,10,0
2025-02-11 12:00:00+00:00,1.2366,1.2416800000000001,1.23582,1.24048,13633,10,0
2025-02-11 16:00:00+00:00,1.24047,1.24545,1.24036,1.24377,10072,10,0
2025-02-11 20:00:00+00:00,1.24375,1.24516,1.24333,1.2450700000000001,5688,10,0
2025-02-12 00:00:00+00:00,1.2450700000000001,1.24582,1.24377,1.24506,7228,10,0
2025-02-12 04:00:00+00:00,1.24505,1.24603,1.24402,1.24571,7451,10,0
2025-02-12 08:00:00+00:00,1.24569,1.24649,1.24346,1.2456,11326,10,0
2025-02-12 12:00:00+00:00,1.24557,1.24589,1.23772,1.24337,26156,10,0
2025-02-12 16:00:00+00:00,1.24333,1.24832,1.2402,1.24459,17902,10,0
2025-02-12 20:00:00+00:00,1.2446,1.2452,1.24342,1.24501,5933,10,0
2025-02-13 00:00:00+00:00,1.245,1.24796,1.24419,1.24765,8753,10,0
2025-02-13 04:00:00+00:00,1.24765,1.25169,1.24757,1.25089,11409,10,0
2025-02-13 08:00:00+00:00,1.2509000000000001,1.25106,1.24693,1.2475,14372,10,0
2025-02-13 12:00:00+00:00,1.24749,1.25257,1.24521,1.25226,22546,10,0
2025-02-13 16:00:00+00:00,1.25225,1.2544,1.24767,1.25366,22084,10,0
2025-02-13 20:00:00+00:00,1.25366,1.25696,1.25339,1.2564,7326,10,0
2025-02-14 00:00:00+00:00,1.2564,1.25719,1.2555,1.25579,7795,10,0
2025-02-14 04:00:00+00:00,1.25579,1.25747,1.25491,1.25629,8228,10,0
2025-02-14 08:00:00+00:00,1.25627,1.25956,1.25627,1.25811,12489,10,0
2025-02-14 12:00:00+00:00,1.25811,1.26299,1.25714,1.26169,16387,10,0
2025-02-14 16:00:00+00:00,1.26166,1.26216,1.25929,1.2595,9107,10,0
2025-02-14 20:00:00+00:00,1.25948,1.25948,1.25834,1.25864,2911,10,0
2025-02-16 20:00:00+00:00,1.25752,1.2588300000000001,1.25717,1.25834,2491,10,0
2025-02-17 00:00:00+00:00,1.25834,1.26,1.25787,1.2591,8391,10,0
2025-02-17 04:00:00+00:00,1.2591,1.25992,1.25827,1.2595,9148,10,0
2025-02-17 08:00:00+00:00,1.25949,1.26064,1.2583,1.2601499999999999,10637,10,0
2025-02-17 12:00:00+00:00,1.26014,1.26077,1.25848,1.26054,9531,10,0
2025-02-17 16:00:00+00:00,1.26056,1.26343,1.26026,1.26273,4990,10,0
2025-02-17 20:00:00+00:00,1.26273,1.2629000000000001,1.26147,1.26203,3384,10,0
2025-02-18 00:00:00+00:00,1.26203,1.26216,1.25996,1.26028,7549,10,0
2025-02-18 04:00:00+00:00,1.26026,1.26215,1.25925,1.2614,8826,10,0
2025-02-18 08:00:00+00:00,1.2613699999999999,1.2623,1.25906,1.25998,10960,10,0
2025-02-18 12:00:00+00:00,1.26001,1.26205,1.25819,1.26147,13257,8,0
2025-02-18 16:00:00+00:00,1.26146,1.2619,1.25919,1.25974,8822,10,0
2025-02-18 20:00:00+00:00,1.25971,1.2634,1.25933,1.26238,5627,10,0
2025-02-19 00:00:00+00:00,1.26238,1.26274,1.26071,1.26155,7995,10,0
2025-02-19 04:00:00+00:00,1.26155,1.2635399999999999,1.26095,1.26175,8074,10,0
2025-02-19 08:00:00+00:00,1.26173,1.26292,1.25747,1.25839,11832,10,0
2025-02-19 12:00:00+00:00,1.25838,1.26061,1.2577099999999999,1.25891,13618,10,0
2025-02-19 16:00:00+00:00,1.2589000000000001,1.25899,1.25628,1.25836,11033,10,0
2025-02-19 20:00:00+00:00,1.25834,1.25875,1.25709,1.2582499999999999,5023,10,0
2025-02-20 00:00:00+00:00,1.25824,1.25948,1.25799,1.25918,8873,10,0
2025-02-20 04:00:00+00:00,1.2591700000000001,1.26021,1.2588300000000001,1.25946,7456,10,0
2025-02-20 08:00:00+00:00,1.2594400000000001,1.26193,1.2594400000000001,1.26082,10711,10,0
2025-02-20 12:00:00+00:00,1.26085,1.26432,1.25968,1.26399,16200,10,0
2025-02-20 16:00:00+00:00,1.26401,1.267,1.26315,1.26692,10839,10,0
2025-02-20 20:00:00+00:00,1.26688,1.26739,1.26556,1.26688,4642,10,0
2025-02-21 00:00:00+00:00,1.26689,1.26739,1.26533,1.26695,8246,10,0
2025-02-21 04:00:00+00:00,1.26695,1.26783,1.26563,1.26688,8304,10,0
2025-02-21 08:00:00+00:00,1.26688,1.26707,1.26418,1.26445,11302,10,0
2025-02-21 12:00:00+00:00,1.26448,1.2668,1.26296,1.26377,14239,10,0
2025-02-21 16:00:00+00:00,1.26377,1.26491,1.26244,1.2631000000000001,12035,10,0
2025-02-21 20:00:00+00:00,1.26307,1.26362,1.26266,1.26335,3515,10,0
2025-02-23 20:00:00+00:00,1.26196,1.26575,1.26196,1.26483,2550,10,0
2025-02-24 00:00:00+00:00,1.26487,1.26901,1.26438,1.2680500000000001,11157,10,0
2025-02-24 04:00:00+00:00,1.2680500000000001,1.2682,1.2637800000000001,1.2644,9376,10,0
2025-02-24 08:00:00+00:00,1.26444,1.26571,1.26251,1.26395,13271,10,0
2025-02-24 12:00:00+00:00,1.26392,1.26501,1.26115,1.262,14154,10,0
2025-02-24 16:00:00+00:00,1.26199,1.26505,1.26173,1.26321,10916,10,0
2025-02-24 20:00:00+00:00,1.26324,1.26364,1.26151,1.26166,6178,10,0
2025-02-25 00:00:00+00:00,1.26166,1.26357,1.26163,1.2631700000000001,6722,10,0
2025-02-25 04:00:00+00:00,1.26318,1.26385,1.26108,1.26128,7366,10,0
2025-02-25 08:00:00+00:00,1.2612700000000001,1.26531,1.26052,1.26528,11802,10,0
2025-02-25 12:00:00+00:00,1.26526,1.2677399999999999,1.26468,1.26539,15431,10,0
2025-02-25 16:00:00+00:00,1.26541,1.26746,1.26401,1.2669000000000001,12087,10,0
2025-02-25 20:00:00+00:00,1.26689,1.2677,1.26584,1.26714,5259,10,0
2025-02-26 00:00:00+00:00,1.26715,1.26775,1.2647599999999999,1.26493,7732,10,0
2025-02-26 04:00:00+00:00,1.26494,1.26567,1.2634699999999999,1.26479,8257,10,0
2025-02-26 08:00:00+00:00,1.26479,1.26641,1.26392,1.26479,11390,10,0
2025-02-26 12:00:00+00:00,1.26482,1.26984,1.26406,1.26939,14691,10,0
2025-02-26 16:00:00+00:00,1.26942,1.27154,1.2671999999999999,1.26834,17556,10,0
2025-02-26 20:00:00+00:00,1.26836,1.26843,1.26694,1.26802,5366,10,0
2025-02-27 00:00:00+00:00,1.26802,1.26802,1.26556,1.26562,7702,10,0
2025-02-27 04:00:00+00:00,1.26565,1.26706,1.26498,1.26657,8256,10,0
2025-02-27 08:00:00+00:00,1.26661,1.26884,1.26632,1.26721,11089,10,0
2025-02-27 12:00:00+00:00,1.2671999999999999,1.2688,1.26214,1.26275,22800,10,0
2025-02-27 16:00:00+00:00,1.26278,1.26336,1.26044,1.26078,12078,10,0
2025-02-27 20:00:00+00:00,1.26077,1.26126,1.2593,1.25962,5901,10,0
2025-02-28 00:00:00+00:00,1.25966,1.26099,1.25816,1.25842,9297,10,0
2025-02-28 04:00:00+00:00,1.25843,1.25952,1.25726,1.2588,8460,10,0
2025-02-28 08:00:00+00:00,1.25879,1.26065,1.25831,1.2594699999999999,10514,10,0
2025-02-28 12:00:00+00:00,1.2594699999999999,1.26215,1.25823,1.2591700000000001,15461,10,0
2025-02-28 16:00:00+00:00,1.2591999999999999,1.2604199999999999,1.25589,1.25713,18112,10,0
2025-02-28 20:00:00+00:00,1.25715,1.25833,1.25679,1.2576800000000001,6467,10,0
2025-03-02 20:00:00+00:00,1.25688,1.2608,1.25678,1.26016,3249,10,0
2025-03-03 00:00:00+00:00,1.2601499999999999,1.2613400000000001,1.25937,1.26018,10988,10,0
2025-03-03 04:00:00+00:00,1.26018,1.2607300000000001,1.25903,1.2600799999999999,8618,10,0
2025-03-03 08:00:00+00:00,1.26004,1.26623,1.25819,1.2659799999999999,14883,10,0
2025-03-03 12:00:00+00:00,1.26597,1.2713700000000001,1.2659099999999999,1.2698,20953,10,0
2025-03-03 16:00:00+00:00,1.26984,1.27245,1.26867,1.26904,16577,10,0
2025-03-03 20:00:00+00:00,1.26905,1.27093,1.26796,1.2701,9970,10,0
2025-03-04 00:00:00+00:00,1.2701,1.27081,1.26844,1.26871,11121,10,0
2025-03-04 04:00:00+00:00,1.26871,1.27087,1.26783,1.27034,11732,10,0
2025-03-04 08:00:00+00:00,1.27032,1.27412,1.26922,1.27397,16578,10,0
2025-03-04 12:00:00+00:00,1.27399,1.27533,1.26993,1.27157,22724,10,0
2025-03-04 16:00:00+00:00,1.27155,1.2788300000000001,1.27037,1.27867,20603,10,0
2025-03-04 20:00:00+00:00,1.27868,1.27992,1.27829,1.27948,11088,10,0
2025-03-05 00:00:00+00:00,1.2794699999999999,1.27959,1.27673,1.2786,14234,10,0
2025-03-05 04:00:00+00:00,1.2786,1.28213,1.27848,1.282,11980,10,0
2025-03-05 08:00:00+00:00,1.28198,1.28542,1.28143,1.28232,18116,10,0
2025-03-05 12:00:00+00:00,1.28233,1.28728,1.28036,1.28665,27071,10,0
2025-03-05 16:00:00+00:00,1.28662,1.28972,1.28543,1.28963,22427,10,0
2025-03-05 20:00:00+00:00,1.2896,1.29003,1.2886600000000001,1.2889300000000001,6974,10,0
2025-03-06 00:00:00+00:00,1.28891,1.29082,1.2885499999999999,1.2885900000000001,10434,10,0
2025-03-06 04:00:00+00:00,1.2885900000000001,1.2923200000000001,1.2882500000000001,1.29084,11686,10,0
2025-03-06 08:00:00+00:00,1.29085,1.2913999999999999,1.28655,1.28789,19752,10,0
2025-03-06 12:00:00+00:00,1.28786,1.29182,1.28746,1.289,26631,10,0
2025-03-06 16:00:00+00:00,1.28901,1.29136,1.2876400000000001,1.28933,18150,10,0
2025-03-06 20:00:00+00:00,1.28932,1.28951,1.28704,1.2883200000000001,6596,10,0
2025-03-07 00:00:00+00:00,1.28831,1.28922,1.28756,1.28867,8551,10,0
2025-03-07 04:00:00+00:00,1.28867,1.2910599999999999,1.2879399999999999,1.29039,9305,10,0
2025-03-07 08:00:00+00:00,1.2904200000000001,1.29444,1.29012,1.2919399999999999,13550,10,0
2025-03-07 12:00:00+00:00,1.29193,1.29395,1.29001,1.29222,29611,10,0
2025-03-07 16:00:00+00:00,1.2923,1.29292,1.28942,1.29203,18309,10,0
2025-03-07 20:00:00+00:00,1.29205,1.29292,1.29181,1.29213,5144,10,0
2025-03-09 20:00:00+00:00,1.29066,1.29378,1.28961,1.29315,5821,10,0
2025-03-10 00:00:00+00:00,1.29315,1.29454,1.29095,1.29111,9689,10,0
2025-03-10 04:00:00+00:00,1.29112,1.29222,1.28882,1.28948,9955,10,0
2025-03-10 08:00:00+00:00,1.28949,1.29336,1.28734,1.29223,20219,10,0
2025-03-10 12:00:00+00:00,1.2922500000000001,1.29463,1.2898100000000001,1.29046,19308,10,0
2025-03-10 16:00:00+00:00,1.29046,1.29094,1.28607,1.28765,13346,10,0
2025-03-10 20:00:00+00:00,1.28766,1.28807,1.28641,1.28747,5712,10,0
2025-03-11 00:00:00+00:00,1.28748,1.28949,1.28738,1.28897,11157,10,0
2025-03-11 04:00:00+00:00,1.2889300000000001,1.2917399999999999,1.28728,1.29085,13070,10,0
2025-03-11 08:00:00+00:00,1.29088,1.29412,1.29051,1.29243,15188,10,0
2025-03-11 12:00:00+00:00,1.29243,1.29563,1.29173,1.29454,21419,10,0
2025-03-11 16:00:00+00:00,1.29452,1.29654,1.2933,1.29519,15053,10,0
2025-03-11 20:00:00+00:00,1.29518,1.29522,1.29334,1.2943500000000001,4576,10,0
2025-03-12 00:00:00+00:00,1.2943799999999999,1.29459,1.29219,1.29222,7091,10,0
2025-03-12 04:00:00+00:00,1.29222,1.29325,1.2913000000000001,1.29283,8683,10,0
2025-03-12 08:00:00+00:00,1.29281,1.29608,1.29229,1.29439,14190,10,0
2025-03-12 12:00:00+00:00,1.29439,1.29881,1.2924,1.29677,23145,10,0
2025-03-12 16:00:00+00:00,1.29672,1.2982,1.2962500000000001,1.29668,11191,10,0
2025-03-12 20:00:00+00:00,1.29672,1.29702,1.2958,1.29639,3545,10,0
2025-03-13 00:00:00+00:00,1.2964,1.29729,1.29572,1.29573,6569,10,0
2025-03-13 04:00:00+00:00,1.29571,1.29624,1.29409,1.29526,8805,10,0
2025-03-13 08:00:00+00:00,1.29529,1.29656,1.2926,1.29317,14875,10,0
2025-03-13 12:00:00+00:00,1.29315,1.29679,1.29203,1.29433,19750,8,0
2025-03-13 16:00:00+00:00,1.29431,1.29582,1.29356,1.29439,11227,10,0
2025-03-13 20:00:00+00:00,1.2944,1.29572,1.2941500000000001,1.29562,3924,10,0
2025-03-14 00:00:00+00:00,1.2955999999999999,1.29585,1.29353,1.2943799999999999,8359,10,0
2025-03-14 04:00:00+00:00,1.2943799999999999,1.29492,1.2916699999999999,1.2925,9979,10,0
2025-03-14 08:00:00+00:00,1.29248,1.29536,1.29193,1.29388,17088,10,0
2025-03-14 12:00:00+00:00,1.29385,1.29522,1.29102,1.29148,16930,10,0
2025-03-14 16:00:00+00:00,1.29146,1.29359,1.29119,1.2934999999999999,8646,10,0
2025-03-14 20:00:00+00:00,1.29345,1.2938399999999999,1.29308,1.29342,1665,10,0
2025-03-16 20:00:00+00:00,1.2925200000000001,1.2935400000000001,1.29115,1.29268,3663,10,0
2025-03-17 00:00:00+00:00,1.2927,1.29439,1.29266,1.29356,6667,10,0
2025-03-17 04:00:00+00:00,1.29356,1.29448,1.29276,1.29358,7682,10,0
2025-03-17 08:00:00+00:00,1.29358,1.29769,1.29299,1.29704,10553,10,0
2025-03-17 12:00:00+00:00,1.29705,1.29947,1.29586,1.2984,13693,10,0
2025-03-17 16:00:00+00:00,1.29841,1.29986,1.2981099999999999,1.2991,7404,10,0
2025-03-17 20:00:00+00:00,1.29911,1.29976,1.29789,1.29837,3438,10,0
2025-03-18 00:00:00+00:00,1.29837,1.29871,1.29704,1.29735,5366,10,0
2025-03-18 04:00:00+00:00,1.29735,1.29886,1.29673,1.29863,6098,10,0
2025-03-18 08:00:00+00:00,1.29863,1.30044,1.2964,1.29648,11097,10,0
2025-03-18 12:00:00+00:00,1.29649,1.29923,1.29511,1.2983500000000001,15879,10,0
2025-03-18 16:00:00+00:00,1.29837,1.30095,1.29768,1.3005499999999999,9928,10,0
2025-03-18 20:00:00+00:00,1.30053,1.3006,1.29912,1.29997,2901,10,0
2025-03-19 00:00:00+00:00,1.2999399999999999,1.30026,1.29885,1.2993999999999999,5154,10,0
2025-03-19 04:00:00+00:00,1.2993999999999999,1.2993999999999999,1.29569,1.29705,8375,10,0
2025-03-19 08:00:00+00:00,1.29706,1.2982,1.29568,1.29761,11780,10,0
2025-03-19 12:00:00+00:00,1.29763,1.29818,1.29545,1.29658,12008,10,0
2025-03-19 16:00:00+00:00,1.29658,1.30109,1.29554,1.29965,16168,10,0
2025-03-19 20:00:00+00:00,1.2996400000000001,1.30114,1.2989600000000001,1.30096,4257,10,0
2025-03-20 00:00:00+00:00,1.30096,1.30145,1.29981,1.30071,6981,10,0
2025-03-20 04:00:00+00:00,1.30071,1.30081,1.2962,1.2971300000000001,7273,10,0
2025-03-20 08:00:00+00:00,1.29715,1.29792,1.2935699999999999,1.29542,14506,10,0
2025-03-20 12:00:00+00:00,1.29543,1.29788,1.29353,1.29722,16267,10,0
2025-03-20 16:00:00+00:00,1.29724,1.29729,1.2955999999999999,1.29654,7947,10,0
2025-03-20 20:00:00+00:00,1.29657,1.29702,1.2956400000000001,1.29648,3468,10,0
2025-03-21 00:00:00+00:00,1.29647,1.297,1.2944499999999999,1.29457,5991,10,0
2025-03-21 04:00:00+00:00,1.29457,1.2947,1.29243,1.29349,8167,10,0
2025-03-21 08:00:00+00:00,1.2934700000000001,1.29468,1.29217,1.29448,10621,10,0
2025-03-21 12:00:00+00:00,1.2945,1.29551,1.28931,1.28931,14430,10,0
2025-03-21 16:00:00+00:00,1.28931,1.29291,1.28873,1.29185,9665,10,0
2025-03-21 20:00:00+00:00,1.29182,1.29205,1.29105,1.2917399999999999,1772,10,0
2025-03-23 20:00:00+00:00,1.28784,1.29256,1.28784,1.29246,3533,10,0
2025-03-24 00:00:00+00:00,1.29244,1.29344,1.29121,1.29134,7381,10,0
2025-03-24 04:00:00+00:00,1.29135,1.29516,1.29108,1.29471,8508,10,0
2025-03-24 08:00:00+00:00,1.2947199999999999,1.29739,1.29392,1.29444,12855,10,0
2025-03-24 12:00:00+00:00,1.29441,1.2949899999999999,1.29073,1.29115,15735,10,0
2025-03-24 16:00:00+00:00,1.29114,1.29301,1.28952,1.29214,10942,10,0
2025-03-24 20:00:00+00:00,1.29209,1.29271,1.29163,1.29226,3319,10,0
2025-03-25 00:00:00+00:00,1.29226,1.29251,1.29114,1.29243,6047,10,0
2025-03-25 04:00:00+00:00,1.29244,1.29283,1.29026,1.29056,6782,10,0
2025-03-25 08:00:00+00:00,1.29059,1.29572,1.29013,1.29424,12016,10,0
2025-03-25 12:00:00+00:00,1.29426,1.29605,1.29327,1.2947,12764,10,0
2025-03-25 16:00:00+00:00,1.2947199999999999,1.29665,1.29392,1.2946900000000001,8406,10,0
2025-03-25 20:00:00+00:00,1.29462,1.29483,1.29378,1.29446,3392,10,0
2025-03-26 00:00:00+00:00,1.29443,1.29457,1.29267,1.29356,6721,10,0
2025-03-26 04:00:00+00:00,1.29356,1.29429,1.29025,1.29109,8944,10,0
2025-03-26 08:00:00+00:00,1.2911000000000001,1.29134,1.28858,1.28964,12557,10,0
2025-03-26 12:00:00+00:00,1.28965,1.29088,1.28739,1.28853,17592,10,0
2025-03-26 16:00:00+00:00,1.28858,1.2902,1.28788,1.28875,10105,10,0
2025-03-26 20:00:00+00:00,1.28877,1.28931,1.28664,1.28769,5308,10,0
2025-03-27 00:00:00+00:00,1.28769,1.29162,1.2876,1.29105,7211,10,0
2025-03-27 04:00:00+00:00,1.2910599999999999,1.29287,1.29025,1.29118,9073,10,0
2025-03-27 08:00:00+00:00,1.29121,1.29416,1.2901,1.29304,13197,10,0
2025-03-27 12:00:00+00:00,1.29306,1.29916,1.29222,1.29624,17257,10,0
2025-03-27 16:00:00+00:00,1.29623,1.2972299999999999,1.29452,1.29488,9752,10,0
2025-03-27 20:00:00+00:00,1.2949,1.29518,1.2937400000000001,1.2951,2920,10,0
2025-03-28 00:00:00+00:00,1.29508,1.29528,1.29404,1.29449,6183,10,0
2025-03-28 04:00:00+00:00,1.2945,1.29677,1.2937,1.29504,6958,10,0
2025-03-28 08:00:00+00:00,1.29507,1.29593,1.29218,1.2929,11254,10,0
2025-03-28 12:00:00+00:00,1.29288,1.29677,1.29231,1.29409,16677,10,0
2025-03-28 16:00:00+00:00,1.2941099999999999,1.29493,1.2929,1.29444,8914,10,0
2025-03-28 20:00:00+00:00,1.2944200000000001,1.29474,1.29375,1.29394,1350,10,0
2025-03-30 20:00:00+00:00,1.29305,1.29402,1.29163,1.29372,4813,10,0
2025-03-31 00:00:00+00:00,1.29369,1.29714,1.29364,1.29566,9361,10,0
2025-03-31 04:00:00+00:00,1.29568,1.29726,1.29483,1.29561,11627,10,0
2025-03-31 08:00:00+00:00,1.29558,1.29608,1.29177,1.29518,11909,10,0
2025-03-31 12:00:00+00:00,1.29518,1.29583,1.28895,1.28906,18072,10,0
2025-03-31 16:00:00+00:00,1.28908,1.29238,1.2885900000000001,1.29182,9673,10,0
2025-03-31 20:00:00+00:00,1.29184,1.29209,1.2910599999999999,1.29188,3926,10,0
2025-04-01 00:00:00+00:00,1.2919100000000001,1.29358,1.2917399999999999,1.29325,7565,10,0
2025-04-01 04:00:00+00:00,1.29326,1.29403,1.29021,1.29082,10572,10,0
2025-04-01 08:00:00+00:00,1.29078,1.2937699999999999,1.2889599999999999,1.28904,14029,10,0
2025-04-01 12:00:00+00:00,1.28902,1.29292,1.28789,1.29207,16620,10,0
2025-04-01 16:00:00+00:00,1.29207,1.29326,1.2907899999999999,1.292,9111,10,0
2025-04-01 20:00:00+00:00,1.29203,1.29326,1.29173,1.29212,5310,10,0
2025-04-02 00:00:00+00:00,1.29214,1.29299,1.29057,1.29208,6901,10,0
2025-04-02 04:00:00+00:00,1.29208,1.2922,1.29,1.29126,8038,10,0
2025-04-02 08:00:00+00:00,1.29123,1.29496,1.29095,1.29473,11300,10,0
2025-04-02 12:00:00+00:00,1.29474,1.29785,1.29336,1.2973,15624,10,0
2025-04-02 16:00:00+00:00,1.2973,1.29864,1.29626,1.29806,9775,10,0
2025-04-02 20:00:00+00:00,1.29804,1.3052000000000001,1.29536,1.3044799999999999,32147,10,0
2025-04-03 00:00:00+00:00,1.30447,1.3076699999999999,1.30257,1.30702,19488,10,0
2025-04-03 04:00:00+00:00,1.30704,1.31392,1.30555,1.31357,21478,10,0
2025-04-03 08:00:00+00:00,1.3136,1.32073,1.3130899999999999,1.31738,29708,10,0
2025-04-03 12:00:00+00:00,1.31742,1.31955,1.31048,1.31098,32512,10,0
2025-04-03 16:00:00+00:00,1.31101,1.31211,1.30792,1.3081,16082,10,0
2025-04-03 20:00:00+00:00,1.30807,1.3108,1.30796,1.30888,7540,10,0
2025-04-04 00:00:00+00:00,1.30887,1.3109199999999999,1.30802,1.31037,14362,10,0
2025-04-04 04:00:00+00:00,1.31037,1.31134,1.30045,1.30077,19198,10,0
2025-04-04 08:00:00+00:00,1.30078,1.30322,1.29615,1.3020100000000001,45005,10,0
2025-04-04 12:00:00+00:00,1.30202,1.30501,1.29068,1.2925900000000001,63178,10,0
2025-04-04 16:00:00+00:00,1.2926199999999999,1.29287,1.28564,1.28727,30057,10,0
2025-04-04 20:00:00+00:00,1.2873,1.2902,1.28524,1.29005,3867,10,0
2025-04-06 20:00:00+00:00,1.28266,1.29332,1.28196,1.29083,14759,10,0
2025-04-07 00:00:00+00:00,1.29087,1.29169,1.2848899999999999,1.2886,28576,10,0
2025-04-07 04:00:00+00:00,1.28861,1.29337,1.2882500000000001,1.28939,30536,10,0
2025-04-07 08:00:00+00:00,1.28941,1.2913000000000001,1.2803,1.2824,34185,10,0
2025-04-07 12:00:00+00:00,1.2824200000000001,1.2852700000000001,1.27245,1.27249,64817,10,0
2025-04-07 16:00:00+00:00,1.27253,1.2778,1.27097,1.2716,27273,10,0
2025-04-07 20:00:00+00:00,1.27162,1.2738,1.2707600000000001,1.27325,8772,10,0
2025-04-08 00:00:00+00:00,1.27324,1.27914,1.27324,1.27767,15609,10,0
2025-04-08 04:00:00+00:00,1.27765,1.2796,1.27488,1.27499,19168,10,0
2025-04-08 08:00:00+00:00,1.27497,1.27829,1.2724199999999999,1.27782,24735,10,0
2025-04-08 12:00:00+00:00,1.2778399999999999,1.27959,1.27432,1.2768,30546,10,0
2025-04-08 16:00:00+00:00,1.2768,1.28143,1.27545,1.27734,23041,10,0
2025-04-08 20:00:00+00:00,1.27732,1.27909,1.2754699999999999,1.27863,9353,10,0
2025-04-09 00:00:00+00:00,1.27863,1.28452,1.27745,1.28176,23347,10,0
2025-04-09 04:00:00+00:00,1.28174,1.28637,1.2791299999999999,1.27993,35419,10,0
2025-04-09 08:00:00+00:00,1.27991,1.28369,1.2772299999999999,1.27734,34758,10,0
2025-04-09 12:00:00+00:00,1.27738,1.28144,1.27511,1.27691,37238,10,0
2025-04-09 16:00:00+00:00,1.27692,1.28372,1.27428,1.2803,63369,10,0
2025-04-09 20:00:00+00:00,1.2803200000000001,1.28333,1.2793,1.28241,12412,10,0
2025-04-10 00:00:00+00:00,1.28239,1.2852299999999999,1.28216,1.28467,19725,10,0
2025-04-10 04:00:00+00:00,1.28463,1.28813,1.28406,1.28763,22977,10,0
2025-04-10 08:00:00+00:00,1.28768,1.2938,1.28601,1.2931,28009,10,0
2025-04-10 12:00:00+00:00,1.29309,1.29785,1.28918,1.29378,36382,10,0
2025-04-10 16:00:00+00:00,1.2938,1.29956,1.29246,1.29696,28553,10,0
2025-04-10 20:00:00+00:00,1.29694,1.29973,1.29527,1.29915,13302,10,0
2025-04-11 00:00:00+00:00,1.29912,1.30474,1.29873,1.3035700000000001,42157,10,0
2025-04-11 04:00:00+00:00,1.30359,1.30749,1.2984200000000001,1.30671,31456,10,0
2025-04-11 08:00:00+00:00,1.30668,1.31449,1.30539,1.3087900000000001,47647,10,0
2025-04-11 12:00:00+00:00,1.30876,1.31345,1.3039,1.30474,51894,10,0
2025-04-11 16:00:00+00:00,1.30469,1.30832,1.30294,1.30743,25196,10,0
2025-04-11 20:00:00+00:00,1.30745,1.31002,1.30639,1.30861,3939,10,0
2025-04-13 20:00:00+00:00,1.30745,1.3096,1.30624,1.30837,7942,10,0
2025-04-14 00:00:00+00:00,1.30839,1.3127900000000001,1.30831,1.31063,20334,10,0
2025-04-14 04:00:00+00:00,1.31066,1.31738,1.30962,1.31654,20423,10,0
2025-04-14 08:00:00+00:00,1.31653,1.3201,1.3161,1.31757,18750,10,0
2025-04-14 12:00:00+00:00,1.31758,1.3191899999999999,1.3122500000000001,1.31729,24039,10,0
2025-04-14 16:00:00+00:00,1.31729,1.3199100000000001,1.3165499999999999,1.3189899999999999,15310,10,0
2025-04-14 20:00:00+00:00,1.31901,1.31969,1.31674,1.3172,6513,10,0
2025-04-15 00:00:00+00:00,1.31717,1.3199100000000001,1.31639,1.31971,9814,10,0
2025-04-15 04:00:00+00:00,1.31972,1.32273,1.31839,1.32232,15409,10,0
2025-04-15 08:00:00+00:00,1.32232,1.32514,1.3218,1.32309,16952,10,0
2025-04-15 12:00:00+00:00,1.32314,1.3246,1.32046,1.3220100000000001,24183,10,0
2025-04-15 16:00:00+00:00,1.32203,1.32293,1.32057,1.3225799999999999,11577,10,0
2025-04-15 20:00:00+00:00,1.32261,1.32378,1.3213,1.32306,5944,10,0
2025-04-16 00:00:00+00:00,1.32307,1.32632,1.32291,1.3263099999999999,11478,10,0
2025-04-16 04:00:00+00:00,1.32633,1.32887,1.32564,1.32834,15321,10,0
2025-04-16 08:00:00+00:00,1.32836,1.3292,1.32577,1.32717,19323,10,0
2025-04-16 12:00:00+00:00,1.32718,1.32724,1.32257,1.32439,21423,10,0
2025-04-16 16:00:00+00:00,1.3243800000000001,1.32494,1.32116,1.32371,16380,10,0
2025-04-16 20:00:00+00:00,1.32375,1.32426,1.3229600000000001,1.32321,6654,10,0
2025-04-17 00:00:00+00:00,1.32321,1.32335,1.32022,1.32134,11310,10,0
2025-04-17 04:00:00+00:00,1.3213300000000001,1.32453,1.3203,1.32419,12545,10,0
2025-04-17 08:00:00+00:00,1.3242099999999999,1.32474,1.32193,1.3227,14672,10,0
2025-04-17 12:00:00+00:00,1.32271,1.32728,1.32187,1.32571,23767,10,0
2025-04-17 16:00:00+00:00,1.32572,1.32724,1.32462,1.3266200000000001,12332,10,0
2025-04-17 20:00:00+00:00,1.32659,1.32702,1.32488,1.32648,5369,10,0
2025-04-18 00:00:00+00:00,1.32646,1.32799,1.32606,1.32667,15211,77,0
2025-04-18 04:00:00+00:00,1.32664,1.32765,1.32606,1.3262,13183,76,0
2025-04-18 08:00:00+00:00,1.32617,1.32761,1.32552,1.3271899999999999,12208,77,0
2025-04-18 12:00:00+00:00,1.32715,1.32796,1.32654,1.32711,11608,77,0
2025-04-18 16:00:00+00:00,1.32714,1.3285,1.3268900000000001,1.32824,9162,128,0
2025-04-18 20:00:00+00:00,1.32816,1.32921,1.32771,1.3288,1830,128,0
2025-04-20 20:00:00+00:00,1.32683,1.33195,1.32682,1.33141,5598,10,0
2025-04-21 00:00:00+00:00,1.33144,1.33866,1.33144,1.3381,14380,10,0
2025-04-21 04:00:00+00:00,1.33808,1.34142,1.33663,1.34107,13441,10,0
2025-04-21 08:00:00+00:00,1.34103,1.3421699999999999,1.3378700000000001,1.3396,14410,10,0
2025-04-21 12:00:00+00:00,1.33961,1.34089,1.33774,1.33809,17686,10,0
2025-04-21 16:00:00+00:00,1.33809,1.33844,1.33624,1.33748,9481,10,0
2025-04-21 20:00:00+00:00,1.3375,1.3384800000000001,1.33659,1.33793,5184,10,0
2025-04-22 00:00:00+00:00,1.3379400000000001,1.3409900000000001,1.33613,1.34042,11630,10,0
2025-04-22 04:00:00+00:00,1.34043,1.34236,1.33707,1.33768,17495,10,0
2025-04-22 08:00:00+00:00,1.3376700000000001,1.33903,1.3362,1.33769,16656,10,0
2025-04-22 12:00:00+00:00,1.3377,1.33902,1.33547,1.33738,18993,10,0
2025-04-22 16:00:00+00:00,1.3374,1.3377,1.33296,1.33313,14551,10,0
2025-04-22 20:00:00+00:00,1.33316,1.33392,1.32325,1.3271899999999999,13643,10,0
2025-04-23 00:00:00+00:00,1.32718,1.33172,1.32705,1.32921,15526,10,0
2025-04-23 04:00:00+00:00,1.32919,1.33279,1.3287499999999999,1.33053,16622,10,0
2025-04-23 08:00:00+00:00,1.33056,1.33388,1.32808,1.32987,18213,10,0
2025-04-23 12:00:00+00:00,1.32987,1.33194,1.3254000000000001,1.3255,31656,10,0
2025-04-23 16:00:00+00:00,1.32551,1.32768,1.32497,1.3265500000000001,14839,10,0
2025-04-23 20:00:00+00:00,1.32651,1.32732,1.3244500000000001,1.32646,6622,10,0
2025-04-24 00:00:00+00:00,1.32645,1.32865,1.32583,1.32695,9875,10,0
2025-04-24 04:00:00+00:00,1.32695,1.3296299999999999,1.3264,1.32938,12019,10,0
2025-04-24 08:00:00+00:00,1.32938,1.33208,1.32901,1.33083,14100,10,0
2025-04-24 12:00:00+00:00,1.33083,1.33321,1.32896,1.33043,18310,10,0
2025-04-24 16:00:00+00:00,1.33047,1.33442,1.33016,1.3336700000000001,10337,10,0
2025-04-24 20:00:00+00:00,1.33372,1.3348900000000001,1.33239,1.33269,5077,10,0
2025-04-25 00:00:00+00:00,1.33269,1.33269,1.32856,1.32865,10633,10,0
2025-04-25 04:00:00+00:00,1.32868,1.33137,1.32736,1.32974,14228,10,0
2025-04-25 08:00:00+00:00,1.32977,1.33178,1.32866,1.33066,12055,10,0
2025-04-25 12:00:00+00:00,1.33067,1.33296,1.32974,1.33281,15198,10,0
2025-04-25 16:00:00+00:00,1.33282,1.3332,1.33158,1.3318699999999999,8708,10,0
2025-04-25 20:00:00+00:00,1.33189,1.33226,1.33056,1.33105,1688,10,0
2025-04-27 20:00:00+00:00,1.32939,1.33111,1.32876,1.32897,3663,10,0
2025-04-28 00:00:00+00:00,1.32898,1.3305,1.32796,1.32947,8051,10,0
2025-04-28 04:00:00+00:00,1.32947,1.3327,1.32876,1.33049,11214,10,0
2025-04-28 08:00:00+00:00,1.33047,1.33544,1.3304,1.3338,13845,10,0
2025-04-28 12:00:00+00:00,1.33383,1.34201,1.33377,1.33928,18642,10,0
2025-04-28 16:00:00+00:00,1.33925,1.34424,1.33921,1.34384,11212,10,0
2025-04-28 20:00:00+00:00,1.34382,1.34439,1.34284,1.34342,5214,10,0
2025-04-29 00:00:00+00:00,1.3434300000000001,1.34422,1.34085,1.34124,8917,10,0
2025-04-29 04:00:00+00:00,1.34123,1.3422100000000001,1.33938,1.3421699999999999,11232,10,0
2025-04-29 08:00:00+00:00,1.3422,1.3425799999999999,1.33798,1.33832,11946,10,0
2025-04-29 12:00:00+00:00,1.33836,1.34205,1.3382,1.33956,16328,10,0
2025-04-29 16:00:00+00:00,1.33959,1.34198,1.33927,1.34029,9165,10,0
2025-04-29 20:00:00+00:00,1.34025,1.34138,1.33962,1.34113,4352,10,0
2025-04-30 00:00:00+00:00,1.34114,1.34141,1.3382399999999999,1.3384,7645,10,0
2025-04-30 04:00:00+00:00,1.33838,1.3406,1.33803,1.33852,9815,10,0
2025-04-30 08:00:00+00:00,1.33857,1.33883,1.3354,1.33564,12418,10,0
2025-04-30 12:00:00+00:00,1.33566,1.3366799999999999,1.33087,1.33411,23032,10,0
2025-04-30 16:00:00+00:00,1.33409,1.33576,1.3326,1.33284,11184,10,0
2025-04-30 20:00:00+00:00,1.33286,1.33322,1.33183,1.33205,5221,10,0
2025-05-01 00:00:00+00:00,1.3320400000000001,1.33261,1.32926,1.33006,6751,10,0
2025-05-01 04:00:00+00:00,1.33006,1.33067,1.32742,1.33053,10989,10,0
2025-05-01 08:00:00+00:00,1.33056,1.3345,1.3305,1.33236,11354,10,0
2025-05-01 12:00:00+00:00,1.33236,1.33399,1.32644,1.32724,19954,10,0
2025-05-01 16:00:00+00:00,1.32722,1.32862,1.32596,1.32783,10041,10,0
2025-05-01 20:00:00+00:00,1.3278400000000001,1.32863,1.32633,1.32854,4607,10,0
2025-05-02 00:00:00+00:00,1.32855,1.331,1.32735,1.33093,8241,10,0
2025-05-02 04:00:00+00:00,1.33095,1.33217,1.3298,1.32985,11810,10,0
2025-05-02 08:00:00+00:00,1.32989,1.33154,1.32819,1.32934,13181,10,0
2025-05-02 12:00:00+00:00,1.32934,1.33304,1.3259699999999999,1.32804,25054,10,0
2025-05-02 16:00:00+00:00,1.32806,1.32966,1.32671,1.32769,12333,10,0
2025-05-02 20:00:00+00:00,1.32767,1.32786,1.32632,1.327,1258,10,0
2025-05-04 20:00:00+00:00,1.32466,1.32761,1.32462,1.3269199999999999,3291,10,0
2025-05-05 00:00:00+00:00,1.32693,1.33003,1.32613,1.32882,8528,10,0
2025-05-05 04:00:00+00:00,1.32883,1.3306499999999999,1.32749,1.32803,11538,10,0
2025-05-05 08:00:00+00:00,1.32801,1.3324799999999999,1.32763,1.33159,12767,10,0
2025-05-05 12:00:00+00:00,1.3316,1.33362,1.32795,1.32816,16513,10,0
2025-05-05 16:00:00+00:00,1.32817,1.3299,1.32698,1.32925,8577,10,0
2025-05-05 20:00:00+00:00,1.32926,1.32985,1.3277999999999999,1.32901,3176,10,0
2025-05-06 00:00:00+00:00,1.32901,1.32965,1.32595,1.32942,10029,10,0
2025-05-06 04:00:00+00:00,1.3294000000000001,1.33282,1.3284799999999999,1.33194,10951,10,0
2025-05-06 08:00:00+00:00,1.33196,1.33744,1.33072,1.33689,15283,10,0
2025-05-06 12:00:00+00:00,1.33691,1.34022,1.3356,1.33667,17073,10,0
2025-05-06 16:00:00+00:00,1.33671,1.33864,1.33514,1.33784,10657,10,0
2025-05-06 20:00:00+00:00,1.33779,1.33817,1.33432,1.33514,8366,10,0
2025-05-07 00:00:00+00:00,1.33514,1.33617,1.3333,1.33457,12711,10,0
2025-05-07 04:00:00+00:00,1.3345799999999999,1.3366799999999999,1.33403,1.33514,11631,10,0
2025-05-07 08:00:00+00:00,1.3351600000000001,1.33575,1.33225,1.33477,12343,10,0
2025-05-07 12:00:00+00:00,1.33476,1.3376700000000001,1.33382,1.33423,14385,10,0
2025-05-07 16:00:00+00:00,1.3342399999999999,1.33528,1.32892,1.32966,19387,10,0
2025-05-07 20:00:00+00:00,1.32966,1.32976,1.32793,1.32897,5175,10,0
2025-05-08 00:00:00+00:00,1.32898,1.33559,1.32893,1.33442,12194,10,0
2025-05-08 04:00:00+00:00,1.33441,1.33472,1.3266499999999999,1.32898,15567,10,0
2025-05-08 08:00:00+00:00,1.3290199999999999,1.3332600000000001,1.3241100000000001,1.33254,19203,10,0
2025-05-08 12:00:00+00:00,1.33256,1.33446,1.32727,1.3284099999999999,22097,10,0
2025-05-08 16:00:00+00:00,1.3283800000000001,1.32852,1.3235700000000001,1.32437,12548,10,0
2025-05-08 20:00:00+00:00,1.32436,1.32514,1.32327,1.32391,4331,10,0
2025-05-09 00:00:00+00:00,1.3238699999999999,1.3243,1.32116,1.3231,10490,10,0
2025-05-09 04:00:00+00:00,1.3231,1.32688,1.32232,1.32618,10502,10,0
2025-05-09 08:00:00+00:00,1.3262,1.32853,1.32531,1.32761,11870,10,0
2025-05-09 12:00:00+00:00,1.32762,1.33171,1.3272,1.3315000000000001,13804,10,0
2025-05-09 16:00:00+00:00,1.33151,1.33221,1.33015,1.33113,7176,10,0
2025-05-09 20:00:00+00:00,1.33113,1.33113,1.32966,1.33035,1764,10,0
2025-05-11 20:00:00+00:00,1.3259,1.32948,1.3254299999999999,1.3284099999999999,4569,10,0
2025-05-12 00:00:00+00:00,1.3284099999999999,1.32941,1.32743,1.3290600000000001,10966,10,0
2025-05-12 04:00:00+00:00,1.32903,1.32991,1.31628,1.31684,19662,10,0
2025-05-12 08:00:00+00:00,1.31687,1.32043,1.31393,1.31768,23207,10,0
2025-05-12 12:00:00+00:00,1.31765,1.32151,1.3171300000000001,1.31911,19547,10,0
2025-05-12 16:00:00+00:00,1.31913,1.31967,1.3161800000000001,1.31783,11035,10,0
2025-05-12 20:00:00+00:00,1.31785,1.31818,1.3158699999999999,1.31771,4864,10,0
2025-05-13 00:00:00+00:00,1.31771,1.31999,1.31732,1.31977,9821,10,0
2025-05-13 04:00:00+00:00,1.31977,1.32115,1.31888,1.32112,11659,10,0
2025-05-13 08:00:00+00:00,1.32112,1.322,1.31999,1.32128,11852,10,0
2025-05-13 12:00:00+00:00,1.32128,1.328,1.32116,1.32766,20186,10,0
2025-05-13 16:00:00+00:00,1.32766,1.33078,1.32709,1.33048,9216,10,0
2025-05-13 20:00:00+00:00,1.33051,1.3316,1.32986,1.3303,4264,10,0
2025-05-14 00:00:00+00:00,1.33029,1.33198,1.32977,1.33083,10069,10,0
2025-05-14 04:00:00+00:00,1.33086,1.33304,1.3290600000000001,1.33282,11969,10,0
2025-05-14 08:00:00+00:00,1.33285,1.33601,1.33264,1.33332,19563,10,0
2025-05-14 12:00:00+00:00,1.33334,1.33383,1.32864,1.32999,19922,10,0
2025-05-14 16:00:00+00:00,1.33,1.33095,1.32527,1.3259699999999999,13593,10,0
2025-05-14 20:00:00+00:00,1.32596,1.32686,1.3249,1.32629,4284,10,0
2025-05-15 00:00:00+00:00,1.3263,1.32863,1.3259,1.32803,9126,10,0
2025-05-15 04:00:00+00:00,1.32803,1.33047,1.32622,1.32671,12186,10,0
2025-05-15 08:00:00+00:00,1.32671,1.32993,1.32623,1.32702,13391,10,0
2025-05-15 12:00:00+00:00,1.32702,1.33194,1.32629,1.32888,20791,10,0
2025-05-15 16:00:00+00:00,1.3289,1.33075,1.32816,1.33049,9116,10,0
2025-05-15 20:00:00+00:00,1.33049,1.33096,1.32932,1.33029,4166,10,0
2025-05-16 00:00:00+00:00,1.3302800000000001,1.3318400000000001,1.33011,1.33117,9396,10,0
2025-05-16 04:00:00+00:00,1.33117,1.33322,1.33083,1.33139,10221,10,0
2025-05-16 08:00:00+00:00,1.33142,1.33166,1.3281399999999999,1.32819,11995,10,0
2025-05-16 12:00:00+00:00,1.32819,1.32987,1.32526,1.32558,16557,10,0
2025-05-16 16:00:00+00:00,1.32555,1.32831,1.325,1.32756,9202,10,0
2025-05-16 20:00:00+00:00,1.3275299999999999,1.32878,1.32744,1.3279,2062,10,0
2025-05-18 20:00:00+00:00,1.32671,1.33047,1.326,1.33047,3863,10,0
2025-05-19 00:00:00+00:00,1.33048,1.33133,1.329,1.3296700000000001,10511,10,0
2025-05-19 04:00:00+00:00,1.32964,1.33724,1.32908,1.33671,12293,10,0
2025-05-19 08:00:00+00:00,1.33673,1.34037,1.33478,1.33817,16296,10,0
2025-05-19 12:00:00+00:00,1.33815,1.3383099999999999,1.33525,1.3354,16575,10,0
2025-05-19 16:00:00+00:00,1.3354300000000001,1.33609,1.33441,1.33592,8260,10,0
2025-05-19 20:00:00+00:00,1.3359,1.33644,1.33494,1.3358400000000001,3805,10,0
2025-05-20 00:00:00+00:00,1.33583,1.33735,1.33445,1.3366799999999999,10082,10,0
2025-05-20 04:00:00+00:00,1.3366500000000001,1.33944,1.3361100000000001,1.3391199999999999,13417,10,0
2025-05-20 08:00:00+00:00,1.33911,1.3393,1.33532,1.3361399999999999,11629,10,0
2025-05-20 12:00:00+00:00,1.3361100000000001,1.33739,1.3334,1.33689,16284,10,0
2025-05-20 16:00:00+00:00,1.33692,1.33905,1.33585,1.33872,9199,10,0
2025-05-20 20:00:00+00:00,1.33871,1.33974,1.33748,1.33964,3806,10,0
2025-05-21 00:00:00+00:00,1.33964,1.34351,1.33938,1.343,10473,10,0
2025-05-21 04:00:00+00:00,1.34297,1.34684,1.34096,1.34124,16419,10,0
2025-05-21 08:00:00+00:00,1.34122,1.34375,1.3388,1.3413599999999999,16639,10,0
2025-05-21 12:00:00+00:00,1.34139,1.3449499999999999,1.33998,1.34445,19940,10,0
2025-05-21 16:00:00+00:00,1.34443,1.34524,1.34152,1.3416000000000001,12481,10,0
2025-05-21 20:00:00+00:00,1.34161,1.34236,1.34046,1.34199,5224,10,0
2025-05-22 00:00:00+00:00,1.34203,1.3440400000000001,1.3416000000000001,1.34246,11256,10,0
2025-05-22 04:00:00+00:00,1.34243,1.34325,1.34093,1.34323,11989,10,0
2025-05-22 08:00:00+00:00,1.3431899999999999,1.3440400000000001,1.33902,1.34191,15281,10,0
2025-05-22 12:00:00+00:00,1.34195,1.34361,1.34013,1.34243,18282,10,0
2025-05-22 16:00:00+00:00,1.34244,1.3436,1.34033,1.34185,9812,10,0
2025-05-22 20:00:00+00:00,1.34182,1.34265,1.341,1.34191,3636,10,0
2025-05-23 00:00:00+00:00,1.3419400000000001,1.3448,1.34178,1.34471,7906,10,0
2025-05-23 04:00:00+00:00,1.34469,1.34844,1.3443399999999999,1.34792,10532,10,0
2025-05-23 08:00:00+00:00,1.34789,1.35156,1.34734,1.34879,17465,10,0
2025-05-23 12:00:00+00:00,1.34878,1.35333,1.34765,1.3508,22160,10,0
2025-05-23 16:00:00+00:00,1.35083,1.35391,1.35041,1.35339,9218,10,0
2025-05-23 20:00:00+00:00,1.35337,1.35432,1.35318,1.35397,1693,10,0
2025-05-25 20:00:00+00:00,1.35138,1.35422,1.3513,1.35374,4916,10,0
2025-05-26 00:00:00+00:00,1.35375,1.3593,1.35357,1.35785,11044,10,0
2025-05-26 04:00:00+00:00,1.35786,1.35922,1.35651,1.35667,11028,10,0
2025-05-26 08:00:00+00:00,1.3566799999999999,1.35711,1.35537,1.35591,9111,10,0
2025-05-26 12:00:00+00:00,1.35593,1.35679,1.3550499999999999,1.35625,7938,10,0
2025-05-26 16:00:00+00:00,1.35625,1.35648,1.3557000000000001,1.35639,2772,10,0
2025-05-26 20:00:00+00:00,1.35642,1.35681,1.35511,1.35648,3259,10,0
2025-05-27 00:00:00+00:00,1.35648,1.35863,1.35648,1.3568799999999999,7672,10,0
2025-05-27 04:00:00+00:00,1.3568500000000001,1.35747,1.35216,1.35248,14250,10,0
2025-05-27 08:00:00+00:00,1.3525,1.35534,1.35224,1.35481,12935,10,0
2025-05-27 12:00:00+00:00,1.3548499999999999,1.35645,1.34997,1.35022,15376,10,0
2025-05-27 16:00:00+00:00,1.3502399999999999,1.35148,1.35004,1.35046,7801,10,0
2025-05-27 20:00:00+00:00,1.3504399999999999,1.3514599999999999,1.34996,1.3513600000000001,3491,10,0
2025-05-28 00:00:00+00:00,1.3513899999999999,1.35219,1.3476,1.34821,11478,10,0
2025-05-28 04:00:00+00:00,1.3482,1.35039,1.34609,1.3498,11894,10,0
2025-05-28 08:00:00+00:00,1.34982,1.35188,1.34754,1.3479,11433,10,0
2025-05-28 12:00:00+00:00,1.34789,1.34889,1.34494,1.34593,16802,10,0
2025-05-28 16:00:00+00:00,1.34595,1.34794,1.34589,1.34637,8768,10,0
2025-05-28 20:00:00+00:00,1.34639,1.3471,1.34149,1.34284,7870,10,0
2025-05-29 00:00:00+00:00,1.34284,1.34463,1.34183,1.3436,16335,10,0
2025-05-29 04:00:00+00:00,1.34356,1.34705,1.3425799999999999,1.34644,13455,10,0
2025-05-29 08:00:00+00:00,1.34643,1.3483399999999999,1.34539,1.34606,13195,10,0
2025-05-29 12:00:00+00:00,1.34603,1.35067,1.34601,1.34882,19867,10,0
2025-05-29 16:00:00+00:00,1.34878,1.35047,1.3486500000000001,1.34941,9532,10,0
2025-05-29 20:00:00+00:00,1.34944,1.35007,1.34862,1.3498700000000001,4365,10,0
2025-05-30 00:00:00+00:00,1.34985,1.3510499999999999,1.34677,1.34704,11452,10,0
2025-05-30 04:00:00+00:00,1.34706,1.34854,1.34545,1.34774,11726,10,0
2025-05-30 08:00:00+00:00,1.3477700000000001,1.34844,1.34619,1.34749,12278,10,0
2025-05-30 12:00:00+00:00,1.3475,1.34992,1.34473,1.3467,21118,10,0
2025-05-30 16:00:00+00:00,1.3467,1.34763,1.34544,1.34726,9991,10,0
2025-05-30 20:00:00+00:00,1.34728,1.34749,1.34523,1.34523,1729,10,0
2025-06-01 20:00:00+00:00,1.34497,1.3473,1.34408,1.34681,3372,10,0
2025-06-02 00:00:00+00:00,1.3468200000000001,1.35052,1.34673,1.34825,9573,10,0
2025-06-02 04:00:00+00:00,1.34825,1.3557000000000001,1.34805,1.3548,11364,10,0
2025-06-02 08:00:00+00:00,1.3548200000000001,1.35549,1.35266,1.35351,13320,10,0
2025-06-02 12:00:00+00:00,1.3535,1.35593,1.35181,1.35472,16811,10,0
2025-06-02 16:00:00+00:00,1.35474,1.35484,1.35167,1.35456,9357,10,0
2025-06-02 20:00:00+00:00,1.35457,1.35592,1.35341,1.3556599999999999,3798,10,0
2025-06-03 00:00:00+00:00,1.35565,1.35574,1.35144,1.35179,8999,10,0
2025-06-03 04:00:00+00:00,1.35179,1.35371,1.35113,1.35194,10513,10,0
2025-06-03 08:00:00+00:00,1.35194,1.35263,1.34945,1.35029,11541,10,0
2025-06-03 12:00:00+00:00,1.35031,1.3533,1.34913,1.3519700000000001,16104,10,0
2025-06-03 16:00:00+00:00,1.35199,1.35288,1.35098,1.35154,7965,10,0
2025-06-03 20:00:00+00:00,1.35153,1.35311,1.35132,1.35303,3429,10,0
2025-06-04 00:00:00+00:00,1.35304,1.3544399999999999,1.35133,1.3516,9306,10,0
2025-06-04 04:00:00+00:00,1.35162,1.35412,1.35007,1.35281,11638,10,0
2025-06-04 08:00:00+00:00,1.35282,1.35454,1.35127,1.3513600000000001,11046,10,0
2025-06-04 12:00:00+00:00,1.35134,1.35794,1.35113,1.35677,17651,10,0
2025-06-04 16:00:00+00:00,1.35678,1.35735,1.35455,1.3546,8321,10,0
2025-06-04 20:00:00+00:00,1.3546,1.3559700000000001,1.35433,1.3550499999999999,3747,10,0
2025-06-05 00:00:00+00:00,1.35507,1.35655,1.35401,1.35443,9598,10,0
2025-06-05 04:00:00+00:00,1.35445,1.35738,1.3542,1.35598,9663,10,0
2025-06-05 08:00:00+00:00,1.35599,1.35843,1.3559700000000001,1.35702,10714,10,0
2025-06-05 12:00:00+00:00,1.35699,1.36161,1.35657,1.35815,24159,10,0
2025-06-05 16:00:00+00:00,1.35813,1.35893,1.3566099999999999,1.35732,10705,10,0
2025-06-05 20:00:00+00:00,1.35732,1.35807,1.3563,1.35785,3665,10,0
2025-06-06 00:00:00+00:00,1.3578299999999999,1.35843,1.35651,1.35717,7495,10,0
2025-06-06 04:00:00+00:00,1.35717,1.35763,1.35345,1.3545,9712,10,0
2025-06-06 08:00:00+00:00,1.3545,1.35548,1.3529200000000001,1.3550499999999999,9699,10,0
2025-06-06 12:00:00+00:00,1.35506,1.35625,1.35071,1.35307,24604,10,0
2025-06-06 16:00:00+00:00,1.35308,1.3535599999999999,1.35153,1.35313,9614,10,0
2025-06-06 20:00:00+00:00,1.35315,1.35321,1.35232,1.35255,963,10,0
2025-06-08 20:00:00+00:00,1.35118,1.35394,1.35118,1.35368,2423,10,0
2025-06-09 00:00:00+00:00,1.35369,1.35651,1.35274,1.35513,7746,10,0
2025-06-09 04:00:00+00:00,1.3551199999999999,1.35716,1.35484,1.35642,7983,10,0
2025-06-09 08:00:00+00:00,1.35644,1.35809,1.35544,1.35611,9712,10,0
2025-06-09 12:00:00+00:00,1.35614,1.3564,1.35242,1.35617,13506,10,0
2025-06-09 16:00:00+00:00,1.35617,1.35656,1.35511,1.35574,7041,10,0
2025-06-09 20:00:00+00:00,1.35572,1.35574,1.35435,1.3553899999999999,3385,10,0
2025-06-10 00:00:00+00:00,1.3554,1.35638,1.35189,1.35428,10051,10,0
2025-06-10 04:00:00+00:00,1.35429,1.35456,1.34559,1.34721,15181,10,0
2025-06-10 08:00:00+00:00,1.34721,1.35083,1.3471899999999999,1.35047,12805,10,0
2025-06-10 12:00:00+00:00,1.35047,1.3536299999999999,1.34976,1.3507,14709,10,0
2025-06-10 16:00:00+00:00,1.35071,1.35093,1.34896,1.35019,7863,10,0
2025-06-10 20:00:00+00:00,1.35018,1.35097,1.34879,1.3507,5070,10,0
2025-06-11 00:00:00+00:00,1.3507,1.35094,1.34742,1.34821,8752,10,0
2025-06-11 04:00:00+00:00,1.34821,1.34911,1.34635,1.34827,9113,10,0
2025-06-11 08:00:00+00:00,1.3483,1.35052,1.34794,1.34943,10792,10,0
2025-06-11 12:00:00+00:00,1.34947,1.35575,1.3488,1.3554300000000001,19688,8,0
2025-06-11 16:00:00+00:00,1.35544,1.35672,1.35357,1.35381,10372,10,0
2025-06-11 20:00:00+00:00,1.35378,1.35724,1.35375,1.35673,4901,10,0
2025-06-12 00:00:00+00:00,1.35676,1.35931,1.35617,1.35829,10754,10,0
2025-06-12 04:00:00+00:00,1.35828,1.35896,1.3522,1.35425,12436,10,0
2025-06-12 08:00:00+00:00,1.35428,1.35991,1.35374,1.35917,17476,10,0
2025-06-12 12:00:00+00:00,1.3592,1.36233,1.35794,1.35857,19660,10,0
2025-06-12 16:00:00+00:00,1.35859,1.36041,1.3581400000000001,1.36021,8762,10,0
2025-06-12 20:00:00+00:00,1.36021,1.36301,1.3600400000000001,1.36282,4313,10,0
2025-06-13 00:00:00+00:00,1.3628,1.36323,1.35403,1.35522,21020,10,0
2025-06-13 04:00:00+00:00,1.35523,1.35698,1.35209,1.35585,16051,10,0
2025-06-13 08:00:00+00:00,1.35585,1.35689,1.35228,1.35388,16266,10,0
2025-06-13 12:00:00+00:00,1.35388,1.36025,1.35159,1.35918,16578,10,0
2025-06-13 16:00:00+00:00,1.35915,1.36006,1.35582,1.357,11248,10,0
2025-06-13 20:00:00+00:00,1.35697,1.35751,1.35591,1.3574,2774,10,0
2025-06-15 20:00:00+00:00,1.35557,1.35611,1.35366,1.3548499999999999,5656,10,0
2025-06-16 00:00:00+00:00,1.3548499999999999,1.3558,1.35343,1.3536000000000001,10133,10,0
2025-06-16 04:00:00+00:00,1.3536000000000001,1.35924,1.35358,1.35838,12763,10,0
2025-06-16 08:00:00+00:00,1.3584100000000001,1.35907,1.35752,1.35772,11403,10,0
2025-06-16 12:00:00+00:00,1.35772,1.3622,1.35735,1.35968,16700,10,0
2025-06-16 16:00:00+00:00,1.35971,1.36105,1.35733,1.3574,9437,10,0
2025-06-16 20:00:00+00:00,1.35736,1.3583,1.3563100000000001,1.35679,5987,10,0
2025-06-17 00:00:00+00:00,1.3568,1.35758,1.35569,1.35736,9625,10,0
2025-06-17 04:00:00+00:00,1.35735,1.35792,1.3553,1.3565,11040,10,0
2025-06-17 08:00:00+00:00,1.35651,1.3571,1.35411,1.35614,11636,10,0
2025-06-17 12:00:00+00:00,1.35612,1.35731,1.34954,1.35138,17713,10,0
2025-06-17 16:00:00+00:00,1.3513899999999999,1.3516599999999999,1.34223,1.3426,15409,10,0
2025-06-17 20:00:00+00:00,1.3426,1.3433,1.34125,1.34287,5776,10,0
2025-06-18 00:00:00+00:00,1.34284,1.34459,1.34264,1.3437999999999999,9869,10,0
2025-06-18 04:00:00+00:00,1.3437999999999999,1.34761,1.34349,1.34585,11140,10,0
2025-06-18 08:00:00+00:00,1.34583,1.34683,1.34374,1.34508,11519,10,0
2025-06-18 12:00:00+00:00,1.3451,1.34729,1.34347,1.34683,18031,10,0
2025-06-18 16:00:00+00:00,1.34687,1.34762,1.33996,1.34091,22686,10,0
2025-06-18 20:00:00+00:00,1.34089,1.34268,1.34051,1.34139,5940,10,0
2025-06-19 00:00:00+00:00,1.34135,1.34173,1.33868,1.3407,10666,10,0
2025-06-19 04:00:00+00:00,1.3407,1.34171,1.33823,1.34021,10695,10,0
2025-06-19 08:00:00+00:00,1.34021,1.34489,1.33974,1.34467,15351,10,0
2025-06-19 12:00:00+00:00,1.34467,1.34483,1.34167,1.34291,13687,10,0
2025-06-19 16:00:00+00:00,1.34289,1.34697,1.34216,1.3468200000000001,6065,10,0
2025-06-19 20:00:00+00:00,1.34681,1.34795,1.34478,1.34757,4429,10,0
2025-06-20 00:00:00+00:00,1.34755,1.34991,1.34755,1.34968,9261,10,0
2025-06-20 04:00:00+00:00,1.34965,1.35004,1.3462,1.34761,10284,10,0
2025-06-20 08:00:00+00:00,1.3476,1.35002,1.34705,1.34975,11036,10,0
2025-06-20 12:00:00+00:00,1.34972,1.3510900000000001,1.3452899999999999,1.3464,17365,10,0
2025-06-20 16:00:00+00:00,1.3464,1.34796,1.34451,1.34456,9489,10,0
2025-06-20 20:00:00+00:00,1.34457,1.34527,1.34408,1.3449499999999999,1768,10,0
2025-06-22 20:00:00+00:00,1.33905,1.34412,1.33857,1.34342,5874,10,0
2025-06-23 00:00:00+00:00,1.3434300000000001,1.34381,1.34027,1.3417,11400,10,0
2025-06-23 04:00:00+00:00,1.34169,1.34484,1.34051,1.34391,13473,10,0
2025-06-23 08:00:00+00:00,1.34387,1.34458,1.337,1.33937,15839,10,0
2025-06-23 12:00:00+00:00,1.33937,1.35054,1.33734,1.3489200000000001,20767,10,0
2025-06-23 16:00:00+00:00,1.34894,1.35309,1.347,1.35266,15108,10,0
2025-06-23 20:00:00+00:00,1.35269,1.3554599999999999,1.35148,1.35447,7117,10,0
2025-06-24 00:00:00+00:00,1.35449,1.3566099999999999,1.35351,1.35633,10877,10,0
2025-06-24 04:00:00+00:00,1.35635,1.35942,1.35574,1.3578999999999999,14565,10,0
2025-06-24 08:00:00+00:00,1.35788,1.36263,1.35781,1.36128,12074,10,0
2025-06-24 12:00:00+00:00,1.3612600000000001,1.36482,1.3590499999999999,1.3614,17715,10,0
2025-06-24 16:00:00+00:00,1.36136,1.36388,1.36099,1.36198,8781,10,0
2025-06-24 20:00:00+00:00,1.36197,1.3624100000000001,1.3603100000000001,1.36148,4038,10,0
2025-06-25 00:00:00+00:00,1.36148,1.36286,1.3611,1.3612199999999999,9178,10,0
2025-06-25 04:00:00+00:00,1.36117,1.36333,1.36059,1.36134,9576,10,0
2025-06-25 08:00:00+00:00,1.36139,1.36242,1.36011,1.3606500000000001,11335,10,0
2025-06-25 12:00:00+00:00,1.36063,1.36272,1.35899,1.36243,13465,10,0
2025-06-25 16:00:00+00:00,1.36242,1.36711,1.36242,1.3665,9100,10,0
2025-06-25 20:00:00+00:00,1.36652,1.3691499999999999,1.36502,1.3689200000000001,4960,10,0
2025-06-26 00:00:00+00:00,1.36891,1.37248,1.36767,1.37104,9526,10,0
2025-06-26 04:00:00+00:00,1.37103,1.3740299999999999,1.36962,1.37362,12403,10,0
2025-06-26 08:00:00+00:00,1.37364,1.37645,1.36992,1.37073,14471,10,0
2025-06-26 12:00:00+00:00,1.3707,1.3753199999999999,1.36991,1.37511,20251,10,0
2025-06-26 16:00:00+00:00,1.37511,1.37702,1.37276,1.3732,10945,10,0
2025-06-26 20:00:00+00:00,1.37324,1.37361,1.3715899999999999,1.37246,4503,10,0
2025-06-27 00:00:00+00:00,1.37247,1.3749500000000001,1.37233,1.3736,8753,10,0
2025-06-27 04:00:00+00:00,1.3736,1.37493,1.37196,1.37391,10357,10,0
2025-06-27 08:00:00+00:00,1.37394,1.37501,1.37204,1.37369,11193,10,0
2025-06-27 12:00:00+00:00,1.37368,1.37521,1.37029,1.37173,17925,10,0
2025-06-27 16:00:00+00:00,1.37172,1.37244,1.36826,1.37063,12886,10,0
2025-06-27 20:00:00+00:00,1.37061,1.37221,1.37059,1.37198,1928,10,0
2025-06-29 20:00:00+00:00,1.36941,1.3728099999999999,1.36941,1.37183,3691,10,0
2025-06-30 00:00:00+00:00,1.37183,1.37294,1.37073,1.37121,8751,10,0
2025-06-30 04:00:00+00:00,1.3712,1.37402,1.3701400000000001,1.37021,10993,10,0
2025-06-30 08:00:00+00:00,1.37019,1.37113,1.36899,1.3705,10123,10,0
2025-06-30 12:00:00+00:00,1.37052,1.37225,1.3673600000000001,1.3719299999999999,16395,10,0
2025-06-30 16:00:00+00:00,1.37192,1.37275,1.36981,1.37249,9819,10,0
2025-06-30 20:00:00+00:00,1.3725,1.37367,1.37141,1.37303,4345,10,0
2025-07-01 00:00:00+00:00,1.37303,1.37488,1.37236,1.37375,8650,10,0
2025-07-01 04:00:00+00:00,1.37378,1.37682,1.37316,1.37669,10348,10,0
2025-07-01 08:00:00+00:00,1.37666,1.37883,1.37533,1.3754,14110,10,0
2025-07-01 12:00:00+00:00,1.3754,1.37599,1.37032,1.3724,17296,10,0
2025-07-01 16:00:00+00:00,1.37238,1.37427,1.37113,1.37395,9890,10,0
2025-07-01 20:00:00+00:00,1.37397,1.375,1.37385,1.37451,3896,10,0
2025-07-02 00:00:00+00:00,1.37451,1.37523,1.37316,1.37454,7091,10,0
2025-07-02 04:00:00+00:00,1.37454,1.3746,1.37051,1.37053,8885,10,0
2025-07-02 08:00:00+00:00,1.37051,1.37126,1.3654600000000001,1.36624,12376,10,0
2025-07-02 12:00:00+00:00,1.36621,1.36673,1.3562,1.36204,30601,10,0
2025-07-02 16:00:00+00:00,1.36203,1.3644,1.36128,1.3635,10005,10,0
2025-07-02 20:00:00+00:00,1.3635,1.36557,1.36234,1.36486,4220,10,0
2025-07-03 00:00:00+00:00,1.3648500000000001,1.36535,1.36243,1.3627500000000001,7454,10,0
2025-07-03 04:00:00+00:00,1.36272,1.36747,1.3623,1.36547,9425,10,0
2025-07-03 08:00:00+00:00,1.3655,1.36758,1.36455,1.36569,11820,10,0
2025-07-03 12:00:00+00:00,1.36569,1.3673600000000001,1.35855,1.3652199999999999,25181,10,0
2025-07-03 16:00:00+00:00,1.36525,1.3654600000000001,1.36353,1.3646,5451,10,0
2025-07-03 20:00:00+00:00,1.3646,1.36684,1.36418,1.36651,3301,10,0
2025-07-04 00:00:00+00:00,1.3665,1.36674,1.36448,1.36575,7083,10,0
2025-07-04 04:00:00+00:00,1.36575,1.3681,1.36564,1.36584,9368,10,0
2025-07-04 08:00:00+00:00,1.3658299999999999,1.36669,1.36411,1.36472,9494,10,0
2025-07-04 12:00:00+00:00,1.36471,1.36532,1.36344,1.36439,9170,10,0
2025-07-04 16:00:00+00:00,1.36442,1.36543,1.36412,1.365,8043,10,0
2025-07-04 20:00:00+00:00,1.36499,1.36574,1.36415,1.36463,9716,21,0
2025-07-06 20:00:00+00:00,1.36386,1.36565,1.36369,1.36505,2773,10,0
2025-07-07 00:00:00+00:00,1.36505,1.36574,1.36249,1.3627500000000001,8565,10,0
2025-07-07 04:00:00+00:00,1.3627500000000001,1.36295,1.36022,1.36038,11032,10,0
2025-07-07 08:00:00+00:00,1.36036,1.3620999999999999,1.35745,1.36148,11683,10,0
2025-07-07 12:00:00+00:00,1.36151,1.36475,1.36108,1.36356,12543,10,0
2025-07-07 16:00:00+00:00,1.36358,1.36405,1.35887,1.36094,14347,10,0
2025-07-07 20:00:00+00:00,1.3609,1.36247,1.35892,1.36234,4759,10,0
2025-07-08 00:00:00+00:00,1.36233,1.36387,1.36176,1.36326,8673,10,0
2025-07-08 04:00:00+00:00,1.36327,1.3646099999999999,1.3623,1.36403,10934,10,0
2025-07-08 08:00:00+00:00,1.36402,1.36406,1.3572600000000001,1.35727,10848,10,0
2025-07-08 12:00:00+00:00,1.35727,1.35843,1.35246,1.3571900000000001,17318,10,0
2025-07-08 16:00:00+00:00,1.3572199999999999,1.3597299999999999,1.35629,1.3589,12727,10,0
2025-07-08 20:00:00+00:00,1.35886,1.35953,1.35795,1.35846,4371,10,0
2025-07-09 00:00:00+00:00,1.3584800000000001,1.35928,1.35637,1.35679,9655,10,0
2025-07-09 04:00:00+00:00,1.35683,1.3606,1.35659,1.35855,10542,10,0
2025-07-09 08:00:00+00:00,1.35853,1.36083,1.35734,1.35771,11236,10,0
2025-07-09 12:00:00+00:00,1.35773,1.36193,1.35759,1.35829,14845,10,0
2025-07-09 16:00:00+00:00,1.3583,1.36005,1.35785,1.35948,8498,10,0
2025-07-09 20:00:00+00:00,1.35948,1.35984,1.3580999999999999,1.35977,3687,10,0
2025-07-10 00:00:00+00:00,1.35975,1.36128,1.35942,1.36039,7613,10,0
2025-07-10 04:00:00+00:00,1.36039,1.36193,1.35993,1.36116,8071,10,0
2025-07-10 08:00:00+00:00,1.36118,1.3616,1.35717,1.35803,8617,10,0
2025-07-10 12:00:00+00:00,1.35804,1.3586,1.35325,1.3566799999999999,17012,10,0
2025-07-10 16:00:00+00:00,1.3566500000000001,1.35823,1.35592,1.35754,8913,10,0
2025-07-10 20:00:00+00:00,1.35755,1.3585099999999999,1.35666,1.35795,3998,10,0
2025-07-11 00:00:00+00:00,1.35797,1.35812,1.35443,1.35647,12901,10,0
2025-07-11 04:00:00+00:00,1.35646,1.35655,1.35317,1.35409,10777,10,0
2025-07-11 08:00:00+00:00,1.35412,1.35522,1.3497,1.35026,12798,10,0
2025-07-11 12:00:00+00:00,1.35027,1.35198,1.34803,1.35022,16327,10,0
2025-07-11 16:00:00+00:00,1.35019,1.35169,1.3495599999999999,1.34972,9857,10,0
2025-07-11 20:00:00+00:00,1.34971,1.34974,1.3484,1.3491,1707,10,0
2025-07-13 20:00:00+00:00,1.34794,1.34969,1.34717,1.34952,4542,10,0
2025-07-14 00:00:00+00:00,1.3495,1.35038,1.34713,1.34813,9187,10,0
2025-07-14 04:00:00+00:00,1.34811,1.34878,1.34511,1.3483,9967,10,0
2025-07-14 08:00:00+00:00,1.34827,1.34933,1.3471199999999999,1.34821,10267,10,0
2025-07-14 12:00:00+00:00,1.3482,1.3491900000000001,1.34303,1.34333,14625,10,0
2025-07-14 16:00:00+00:00,1.34329,1.34425,1.34236,1.34263,9265,10,0
2025-07-14 20:00:00+00:00,1.34263,1.3431600000000001,1.34192,1.3427799999999999,4935,10,0
2025-07-15 00:00:00+00:00,1.34277,1.34402,1.34257,1.34291,7362,10,0
2025-07-15 04:00:00+00:00,1.34291,1.34525,1.3427,1.34525,8391,10,0
2025-07-15 08:00:00+00:00,1.34521,1.34593,1.34406,1.3443100000000001,9857,10,0
2025-07-15 12:00:00+00:00,1.34429,1.34668,1.3379699999999999,1.33947,22223,10,0
2025-07-15 16:00:00+00:00,1.33952,1.33989,1.33784,1.33861,9943,10,0
2025-07-15 20:00:00+00:00,1.33857,1.3393,1.33791,1.33925,3273,10,0
2025-07-16 00:00:00+00:00,1.33925,1.34001,1.33818,1.3388,7481,10,0
2025-07-16 04:00:00+00:00,1.33883,1.3416000000000001,1.3386,1.33932,9561,10,0
2025-07-16 08:00:00+00:00,1.33929,1.34114,1.33834,1.34003,10305,10,0
2025-07-16 12:00:00+00:00,1.34001,1.34854,1.33643,1.34237,42886,10,0
2025-07-16 16:00:00+00:00,1.34236,1.3446500000000001,1.3404,1.34174,19803,10,0
2025-07-16 20:00:00+00:00,1.34172,1.3422,1.34074,1.3410199999999999,4621,10,0
2025-07-17 00:00:00+00:00,1.34101,1.34108,1.33839,1.33917,8220,10,0
2025-07-17 04:00:00+00:00,1.3391899999999999,1.3402,1.33737,1.33829,11603,10,0
2025-07-17 08:00:00+00:00,1.33826,1.34134,1.33802,1.33917,10508,10,0
2025-07-17 12:00:00+00:00,1.33917,1.34185,1.33795,1.3412,16078,10,0
2025-07-17 16:00:00+00:00,1.34119,1.34203,1.33966,1.34181,8103,10,0
2025-07-17 20:00:00+00:00,1.34183,1.34342,1.34107,1.34306,4219,10,0
2025-07-18 00:00:00+00:00,1.3431,1.34402,1.34263,1.3429,6814,10,0
2025-07-18 04:00:00+00:00,1.3429,1.34391,1.3409900000000001,1.34301,7488,10,0
2025-07-18 08:00:00+00:00,1.34302,1.34573,1.34294,1.34564,8134,10,0
2025-07-18 12:00:00+00:00,1.34564,1.34749,1.34337,1.34372,14042,10,0
2025-07-18 16:00:00+00:00,1.34369,1.34386,1.34082,1.34132,8407,10,0
2025-07-18 20:00:00+00:00,1.3413,1.34159,1.34052,1.3409200000000001,1495,10,0
2025-07-20 20:00:00+00:00,1.34061,1.34193,1.34022,1.34149,3881,10,0
2025-07-21 00:00:00+00:00,1.34149,1.3419699999999999,1.34016,1.34155,6770,10,0
2025-07-21 04:00:00+00:00,1.3415599999999999,1.34473,1.34131,1.34443,7634,10,0
2025-07-21 08:00:00+00:00,1.34443,1.34795,1.3440699999999999,1.34779,9769,10,0
2025-07-21 12:00:00+00:00,1.34779,1.35101,1.34662,1.34955,12876,10,0
2025-07-21 16:00:00+00:00,1.3495300000000001,1.34996,1.3483,1.34836,7619,10,0
2025-07-21 20:00:00+00:00,1.34832,1.3492600000000001,1.34827,1.34891,3105,10,0
2025-07-22 00:00:00+00:00,1.34894,1.34897,1.3476,1.34786,6484,10,0
2025-07-22 04:00:00+00:00,1.34786,1.34818,1.34612,1.34667,7347,10,0
2025-07-22 08:00:00+00:00,1.34667,1.34993,1.34644,1.34857,9204,10,0
2025-07-22 12:00:00+00:00,1.34856,1.35195,1.34704,1.35187,15060,10,0
2025-07-22 16:00:00+00:00,1.3519,1.35325,1.35168,1.35308,8269,10,0
2025-07-22 20:00:00+00:00,1.35306,1.35342,1.35147,1.35208,4433,10,0
2025-07-23 00:00:00+00:00,1.35208,1.35346,1.35159,1.35275,9378,10,0
2025-07-23 04:00:00+00:00,1.35274,1.3548200000000001,1.35148,1.35428,9054,10,0
2025-07-23 08:00:00+00:00,1.35428,1.35487,1.3532199999999999,1.35391,9411,10,0
2025-07-23 12:00:00+00:00,1.35392,1.35761,1.3523100000000001,1.35653,14789,10,0
2025-07-23 16:00:00+00:00,1.35651,1.35835,1.35531,1.35811,11925,10,0
2025-07-23 20:00:00+00:00,1.35815,1.35868,1.3572,1.35786,3781,10,0
2025-07-24 00:00:00+00:00,1.3578299999999999,1.35881,1.35706,1.35781,8280,10,0
2025-07-24 04:00:00+00:00,1.35777,1.35815,1.3556,1.35598,8740,10,0
2025-07-24 08:00:00+00:00,1.35599,1.35657,1.3535,1.35508,9340,10,0
2025-07-24 12:00:00+00:00,1.3551,1.35623,1.35214,1.35233,17868,10,0
2025-07-24 16:00:00+00:00,1.35235,1.35276,1.3504399999999999,1.3507500000000001,9317,10,0
2025-07-24 20:00:00+00:00,1.35072,1.35121,1.35,1.3508200000000001,4712,10,0
2025-07-25 00:00:00+00:00,1.3508200000000001,1.35119,1.34877,1.3494,7654,10,0
2025-07-25 04:00:00+00:00,1.34939,1.3504,1.34664,1.3468,10760,10,0
2025-07-25 08:00:00+00:00,1.34679,1.3476,1.34384,1.3450199999999999,10340,10,0
2025-07-25 12:00:00+00:00,1.3449900000000001,1.34542,1.3415599999999999,1.34264,17915,10,0
2025-07-25 16:00:00+00:00,1.34267,1.34375,1.34162,1.34372,7747,10,0
2025-07-25 20:00:00+00:00,1.3437299999999999,1.34416,1.34288,1.34375,4024,10,0
2025-07-27 20:00:00+00:00,1.34208,1.3446799999999999,1.34139,1.34374,3690,10,0
2025-07-28 00:00:00+00:00,1.34376,1.34522,1.34295,1.34424,8969,10,0
2025-07-28 04:00:00+00:00,1.34427,1.34447,1.34053,1.34089,10656,10,0
2025-07-28 08:00:00+00:00,1.34088,1.3429,1.34021,1.34261,12485,10,0
2025-07-28 12:00:00+00:00,1.34259,1.34395,1.33905,1.33907,15523,10,0
2025-07-28 16:00:00+00:00,1.33906,1.33917,1.33504,1.33542,7526,10,0
2025-07-28 20:00:00+00:00,1.33541,1.33612,1.33474,1.3359,3819,10,0
2025-07-29 00:00:00+00:00,1.33591,1.33591,1.33402,1.33402,7622,10,0
2025-07-29 04:00:00+00:00,1.33403,1.33535,1.33147,1.33325,11620,10,0
2025-07-29 08:00:00+00:00,1.33322,1.33616,1.33266,1.33398,11554,10,0
2025-07-29 12:00:00+00:00,1.33398,1.33436,1.3307,1.33378,17197,10,0
2025-07-29 16:00:00+00:00,1.33379,1.33639,1.33348,1.33559,9607,10,0
2025-07-29 20:00:00+00:00,1.3356,1.33598,1.3338999999999999,1.33531,3351,10,0
2025-07-30 00:00:00+00:00,1.33532,1.33688,1.33521,1.33591,7553,10,0
2025-07-30 04:00:00+00:00,1.33592,1.33682,1.33412,1.33603,9414,10,0
2025-07-30 08:00:00+00:00,1.33605,1.3385099999999999,1.33566,1.33724,10514,10,0
2025-07-30 12:00:00+00:00,1.33723,1.3379400000000001,1.32706,1.32725,19286,10,0
2025-07-30 16:00:00+00:00,1.32728,1.3312599999999999,1.32274,1.3244099999999999,23328,10,0
2025-07-30 20:00:00+00:00,1.3244,1.32586,1.32284,1.32553,6281,10,0
2025-07-31 00:00:00+00:00,1.32552,1.32629,1.32412,1.32587,10068,10,0
2025-07-31 04:00:00+00:00,1.32587,1.32816,1.32439,1.32584,10988,10,0
2025-07-31 08:00:00+00:00,1.32587,1.32608,1.32094,1.32386,12155,10,0
2025-07-31 12:00:00+00:00,1.32385,1.32401,1.3185,1.3219,19396,10,0
2025-07-31 16:00:00+00:00,1.32186,1.32368,1.3198699999999999,1.32055,10709,10,0
2025-07-31 20:00:00+00:00,1.3206,1.32115,1.31918,1.32073,5648,10,0
2025-08-01 00:00:00+00:00,1.32073,1.3213,1.31893,1.32004,9170,10,0
2025-08-01 04:00:00+00:00,1.32004,1.32125,1.31852,1.31942,9541,10,0
2025-08-01 08:00:00+00:00,1.31938,1.31944,1.3140800000000001,1.31581,10700,10,0
2025-08-01 12:00:00+00:00,1.3158,1.33104,1.31441,1.32573,44912,10,0
2025-08-01 16:00:00+00:00,1.32572,1.32765,1.32151,1.32606,15879,10,0
2025-08-01 20:00:00+00:00,1.32611,1.32922,1.32603,1.32785,3916,10,0
2025-08-03 20:00:00+00:00,1.32704,1.32919,1.32678,1.32904,4566,10,0
2025-08-04 00:00:00+00:00,1.32903,1.32925,1.3253300000000001,1.32826,11437,10,0
2025-08-04 04:00:00+00:00,1.32824,1.3290899999999999,1.32639,1.32765,12025,10,0
2025-08-04 08:00:00+00:00,1.32768,1.33138,1.3265,1.32944,13031,10,0
2025-08-04 12:00:00+00:00,1.32945,1.33304,1.32775,1.32869,19504,10,0
2025-08-04 16:00:00+00:00,1.3287200000000001,1.32921,1.32718,1.32757,9729,10,0
2025-08-04 20:00:00+00:00,1.32759,1.3299400000000001,1.32694,1.32973,4187,10,0
2025-08-05 00:00:00+00:00,1.32977,1.33027,1.3276,1.32765,8290,10,0
2025-08-05 04:00:00+00:00,1.32765,1.3295,1.32591,1.32724,9396,10,0
2025-08-05 08:00:00+00:00,1.3272300000000001,1.32947,1.32657,1.32799,12921,10,0
2025-08-05 12:00:00+00:00,1.328,1.33087,1.32677,1.33068,21058,10,0
2025-08-05 16:00:00+00:00,1.33066,1.33157,1.32884,1.32955,9738,10,0
2025-08-05 20:00:00+00:00,1.32958,1.33015,1.32856,1.32977,4219,10,0
2025-08-06 00:00:00+00:00,1.32973,1.33096,1.32943,1.33086,6027,10,0
2025-08-06 04:00:00+00:00,1.3308499999999999,1.33134,1.32893,1.3302800000000001,7780,10,0
2025-08-06 08:00:00+00:00,1.3303,1.33296,1.32809,1.33175,10697,10,0
2025-08-06 12:00:00+00:00,1.33175,1.33581,1.33074,1.33578,15673,10,0
2025-08-06 16:00:00+00:00,1.33575,1.33679,1.33416,1.33569,9988,10,0
2025-08-06 20:00:00+00:00,1.33568,1.3360400000000001,1.33493,1.33569,4627,10,0
2025-08-07 00:00:00+00:00,1.33567,1.33608,1.33453,1.33591,6721,10,0
2025-08-07 04:00:00+00:00,1.33591,1.3379699999999999,1.3357299999999999,1.33741,7669,10,0
2025-08-07 08:00:00+00:00,1.33739,1.34318,1.33624,1.34124,14848,10,0
2025-08-07 12:00:00+00:00,1.34124,1.34362,1.339,1.34303,20816,10,0
2025-08-07 16:00:00+00:00,1.34307,1.3443800000000001,1.3403399999999999,1.3443,11691,10,0
2025-08-07 20:00:00+00:00,1.3443,1.3452,1.34348,1.34505,5350,10,0
2025-08-08 00:00:00+00:00,1.34506,1.34528,1.34337,1.34384,6633,10,0
2025-08-08 04:00:00+00:00,1.34384,1.34485,1.34235,1.34415,7393,10,0
2025-08-08 08:00:00+00:00,1.34418,1.34531,1.34264,1.34402,11144,10,0
2025-08-08 12:00:00+00:00,1.34399,1.34541,1.34175,1.34417,14579,10,0
2025-08-08 16:00:00+00:00,1.34419,1.3458700000000001,1.34382,1.3449200000000001,8608,10,0
2025-08-08 20:00:00+00:00,1.34494,1.34541,1.34437,1.3450199999999999,1794,10,0
2025-08-10 20:00:00+00:00,1.34364,1.34494,1.34264,1.34426,2374,11,0
2025-08-11 00:00:00+00:00,1.34426,1.3465500000000001,1.34361,1.3465,5704,11,0
2025-08-11 04:00:00+00:00,1.3465,1.34767,1.34476,1.3453,7146,11,0
2025-08-11 08:00:00+00:00,1.3453,1.34691,1.34247,1.34296,9438,11,0
2025-08-11 12:00:00+00:00,1.34297,1.34325,1.33986,1.34139,12515,11,0
2025-08-11 16:00:00+00:00,1.34142,1.34368,1.3413599999999999,1.34272,7317,11,0
2025-08-11 20:00:00+00:00,1.34269,1.34354,1.34239,1.3433,3320,11,0
2025-08-12 00:00:00+00:00,1.34328,1.3439,1.34275,1.34321,5790,11,0
2025-08-12 04:00:00+00:00,1.3432,1.3459400000000001,1.34196,1.3458,10658,11,0
2025-08-12 08:00:00+00:00,1.34584,1.3472,1.3446,1.34569,9997,11,0
2025-08-12 12:00:00+00:00,1.3457,1.3523399999999999,1.34552,1.35065,28692,11,0
2025-08-12 16:00:00+00:00,1.35064,1.35206,1.34877,1.34955,9850,11,0
2025-08-12 20:00:00+00:00,1.34951,1.35057,1.34917,1.35036,3752,11,0
2025-08-13 00:00:00+00:00,1.35036,1.35076,1.34921,1.35029,5809,11,0
2025-08-13 04:00:00+00:00,1.35029,1.3547,1.3498999999999999,1.35437,7965,11,0
2025-08-13 08:00:00+00:00,1.35436,1.35782,1.35426,1.35764,10764,11,0
2025-08-13 12:00:00+00:00,1.35766,1.35845,1.3553,1.3571,13452,11,0
2025-08-13 16:00:00+00:00,1.35705,1.35784,1.3563100000000001,1.3573,6858,11,0
2025-08-13 20:00:00+00:00,1.3573,1.3585,1.35664,1.35846,3341,11,0
2025-08-14 00:00:00+00:00,1.35846,1.35915,1.35702,1.35732,7168,11,0
2025-08-14 04:00:00+00:00,1.35732,1.35906,1.3568,1.35731,10364,11,0
2025-08-14 08:00:00+00:00,1.3573,1.35946,1.3562400000000001,1.35736,11173,11,0
2025-08-14 12:00:00+00:00,1.35738,1.35818,1.3526799999999999,1.3529499999999999,19130,11,0
2025-08-14 16:00:00+00:00,1.35298,1.35389,1.35203,1.35362,8181,11,0
2025-08-14 20:00:00+00:00,1.3536000000000001,1.35382,1.35233,1.35294,3497,11,0
2025-08-15 00:00:00+00:00,1.35294,1.35508,1.35266,1.35468,6313,11,0
2025-08-15 04:00:00+00:00,1.35468,1.35599,1.35419,1.35545,6244,11,0
2025-08-15 08:00:00+00:00,1.35545,1.35644,1.35454,1.35594,7891,11,0
2025-08-15 12:00:00+00:00,1.35593,1.35746,1.35455,1.3562400000000001,14776,11,0
2025-08-15 16:00:00+00:00,1.3562400000000001,1.35638,1.35494,1.35549,6628,11,0
2025-08-15 20:00:00+00:00,1.3554599999999999,1.35592,1.35496,1.35533,2914,11,0
2025-08-17 20:00:00+00:00,1.3545099999999999,1.35647,1.35405,1.35556,2538,11,0
2025-08-18 00:00:00+00:00,1.35556,1.3562,1.35484,1.35555,5622,11,0
2025-08-18 04:00:00+00:00,1.35555,1.35648,1.35376,1.35385,7743,11,0
2025-08-18 08:00:00+00:00,1.3538299999999999,1.3554,1.35305,1.35376,9535,11,0
2025-08-18 12:00:00+00:00,1.35379,1.35463,1.35108,1.35187,11580,11,0
2025-08-18 16:00:00+00:00,1.35189,1.35211,1.3502399999999999,1.35058,7215,11,0
2025-08-18 20:00:00+00:00,1.35054,1.35132,1.34939,1.35073,3791,11,0
2025-08-19 00:00:00+00:00,1.3507500000000001,1.351,1.34864,1.35002,7404,11,0
2025-08-19 04:00:00+00:00,1.34999,1.35223,1.34959,1.35201,8418,11,0
2025-08-19 08:00:00+00:00,1.35202,1.35307,1.35101,1.35208,8531,11,0
2025-08-19 12:00:00+00:00,1.3520699999999999,1.35253,1.349,1.34925,12047,11,0
2025-08-19 16:00:00+00:00,1.34925,1.34954,1.34772,1.34891,7050,11,0
2025-08-19 20:00:00+00:00,1.34889,1.34925,1.34828,1.34845,3473,11,0
2025-08-20 00:00:00+00:00,1.34843,1.3485800000000001,1.34613,1.3471899999999999,8622,11,0
2025-08-20 04:00:00+00:00,1.34718,1.3509,1.34711,1.35088,10336,11,0
2025-08-20 08:00:00+00:00,1.35083,1.35088,1.34713,1.34714,9472,11,0
2025-08-20 12:00:00+00:00,1.34714,1.34954,1.34467,1.34487,14639,11,0
2025-08-20 16:00:00+00:00,1.34489,1.3471199999999999,1.34478,1.34537,7971,11,0
2025-08-20 20:00:00+00:00,1.34537,1.34663,1.3449200000000001,1.34652,3625,11,0
2025-08-21 00:00:00+00:00,1.34652,1.34654,1.3446,1.34532,6680,11,0
2025-08-21 04:00:00+00:00,1.34532,1.34584,1.3435000000000001,1.34555,7830,11,0
2025-08-21 08:00:00+00:00,1.34551,1.34822,1.34508,1.34542,10423,11,0
2025-08-21 12:00:00+00:00,1.34542,1.34729,1.34093,1.34142,17605,11,0
2025-08-21 16:00:00+00:00,1.34141,1.34262,1.34052,1.34125,8081,11,0
2025-08-21 20:00:00+00:00,1.3412,1.3419400000000001,1.3405,1.34175,2879,11,0
2025-08-22 00:00:00+00:00,1.34175,1.34229,1.34001,1.34012,6803,11,0
2025-08-22 04:00:00+00:00,1.34013,1.34097,1.33897,1.34057,7485,11,0
2025-08-22 08:00:00+00:00,1.34055,1.34188,1.34044,1.34146,8019,11,0
2025-08-22 12:00:00+00:00,1.34149,1.35436,1.34109,1.35249,24273,11,0
2025-08-22 16:00:00+00:00,1.35249,1.35436,1.35168,1.35182,10655,11,0
2025-08-22 20:00:00+00:00,1.35182,1.35293,1.3517299999999999,1.3527,1871,11,0
2025-08-24 20:00:00+00:00,1.35084,1.35243,1.35056,1.3508,3571,11,0
2025-08-25 00:00:00+00:00,1.35081,1.35121,1.34891,1.35106,6374,11,0
2025-08-25 04:00:00+00:00,1.3510499999999999,1.35267,1.3502,1.35034,6903,11,0
2025-08-25 08:00:00+00:00,1.3503,1.3519,1.3483399999999999,1.3519,8047,11,0
2025-08-25 12:00:00+00:00,1.35192,1.3520400000000001,1.3483800000000001,1.34887,12026,11,0
2025-08-25 16:00:00+00:00,1.34888,1.3492600000000001,1.34454,1.34535,9590,11,0
2025-08-25 20:00:00+00:00,1.34534,1.3461400000000001,1.34429,1.34539,4212,11,0
2025-08-26 00:00:00+00:00,1.34542,1.349,1.34475,1.34514,13122,11,0
2025-08-26 04:00:00+00:00,1.34512,1.3467500000000001,1.3434,1.3455,11312,11,0
2025-08-26 08:00:00+00:00,1.34555,1.3493,1.34547,1.34875,10702,11,0
2025-08-26 12:00:00+00:00,1.34876,1.3492199999999999,1.34697,1.34812,14842,11,0
2025-08-26 16:00:00+00:00,1.34812,1.34927,1.34674,1.3477999999999999,7845,11,0
2025-08-26 20:00:00+00:00,1.34778,1.34821,1.34717,1.34764,3549,11,0
2025-08-27 00:00:00+00:00,1.34764,1.3477700000000001,1.34551,1.34571,6393,11,0
2025-08-27 04:00:00+00:00,1.34574,1.3465500000000001,1.34412,1.34528,7285,11,0
2025-08-27 08:00:00+00:00,1.34528,1.3453,1.34162,1.34301,9954,11,0
2025-08-27 12:00:00+00:00,1.34302,1.3473,1.34302,1.34657,12899,11,0
2025-08-27 16:00:00+00:00,1.34656,1.3501400000000001,1.34656,1.34971,8324,11,0
2025-08-27 20:00:00+00:00,1.34972,1.35054,1.34854,1.35032,3643,11,0
2025-08-28 00:00:00+00:00,1.35032,1.3518,1.34965,1.35076,6042,11,0
2025-08-28 04:00:00+00:00,1.3507799999999999,1.3513,1.34871,1.3498700000000001,7834,11,0
2025-08-28 08:00:00+00:00,1.34985,1.35259,1.34824,1.3514300000000001,9788,11,0
2025-08-28 12:00:00+00:00,1.3514300000000001,1.35269,1.34884,1.35145,16630,11,0
2025-08-28 16:00:00+00:00,1.35144,1.35303,1.35103,1.35117,7300,11,0
2025-08-28 20:00:00+00:00,1.3511600000000001,1.35122,1.35052,1.3507500000000001,4670,11,0
2025-08-29 00:00:00+00:00,1.35077,1.35114,1.34951,1.34985,7260,11,0
2025-08-29 04:00:00+00:00,1.34985,1.35029,1.3483100000000001,1.3491,7131,11,0
2025-08-29 08:00:00+00:00,1.34908,1.34939,1.34501,1.3452899999999999,10669,11,0
2025-08-29 12:00:00+00:00,1.3453300000000001,1.35159,1.34454,1.35068,16323,11,0
2025-08-29 16:00:00+00:00,1.3507,1.35151,1.34992,1.35148,7710,11,0
2025-08-29 20:00:00+00:00,1.35151,1.35167,1.34994,1.35039,1565,11,0
2025-08-31 20:00:00+00:00,1.34825,1.35076,1.34824,1.35027,2096,11,0
2025-09-01 00:00:00+00:00,1.35026,1.35288,1.3501699999999999,1.35228,7659,11,0
2025-09-01 04:00:00+00:00,1.35227,1.354,1.35142,1.35297,8379,11,0
2025-09-01 08:00:00+00:00,1.3529200000000001,1.3537,1.35217,1.35237,8957,11,0
2025-09-01 12:00:00+00:00,1.35237,1.35494,1.35232,1.35412,9215,11,0
2025-09-01 16:00:00+00:00,1.35412,1.35489,1.3538999999999999,1.3548200000000001,2816,11,0
2025-09-01 20:00:00+00:00,1.3547799999999999,1.35494,1.35373,1.35455,2585,11,0
2025-09-02 00:00:00+00:00,1.35457,1.3547799999999999,1.35232,1.35254,7550,11,0
2025-09-02 04:00:00+00:00,1.35254,1.35332,1.33935,1.34026,14409,11,0
2025-09-02 08:00:00+00:00,1.34028,1.34335,1.33687,1.3383099999999999,22304,11,0
2025-09-02 12:00:00+00:00,1.3383,1.3418,1.33383,1.33894,22668,11,0
2025-09-02 16:00:00+00:00,1.33894,1.33936,1.33743,1.339,8790,11,0
2025-09-02 20:00:00+00:00,1.33901,1.33971,1.3379400000000001,1.3381,4267,11,0
2025-09-03 00:00:00+00:00,1.33809,1.33829,1.3361100000000001,1.3361100000000001,6787,11,0
2025-09-03 04:00:00+00:00,1.3361,1.33903,1.33327,1.33657,10857,11,0
2025-09-03 08:00:00+00:00,1.33658,1.34169,1.33658,1.34111,14481,11,0
2025-09-03 12:00:00+00:00,1.34109,1.34534,1.34081,1.34474,18448,11,0
2025-09-03 16:00:00+00:00,1.34475,1.34579,1.34338,1.34379,8552,11,0
2025-09-03 20:00:00+00:00,1.34378,1.34463,1.3436,1.34403,3766,11,0
2025-09-04 00:00:00+00:00,1.3440400000000001,1.3449499999999999,1.34254,1.34279,7528,11,0
2025-09-04 04:00:00+00:00,1.34279,1.3440400000000001,1.34159,1.34268,7586,11,0
2025-09-04 08:00:00+00:00,1.34266,1.34589,1.34247,1.34333,11189,11,0
2025-09-04 12:00:00+00:00,1.34335,1.34559,1.34166,1.34378,17248,11,0
2025-09-04 16:00:00+00:00,1.34383,1.34391,1.34168,1.34351,7253,11,0
2025-09-04 20:00:00+00:00,1.34349,1.34444,1.3425,1.34432,3083,11,0
2025-09-05 00:00:00+00:00,1.34433,1.34566,1.34412,1.34531,6321,11,0
2025-09-05 04:00:00+00:00,1.34532,1.34715,1.34474,1.34639,7694,11,0
2025-09-05 08:00:00+00:00,1.34635,1.34852,1.34611,1.3462,9190,11,0
2025-09-05 12:00:00+00:00,1.34618,1.3554300000000001,1.34573,1.35404,29223,11,0
2025-09-05 16:00:00+00:00,1.35403,1.3542100000000001,1.35004,1.35023,10578,11,0
2025-09-05 20:00:00+00:00,1.35025,1.35113,1.3501699999999999,1.3508200000000001,2905,11,0
2025-09-07 20:00:00+00:00,1.34932,1.35052,1.34819,1.34921,3877,11,0
2025-09-08 00:00:00+00:00,1.34923,1.35053,1.3483,1.34951,8574,11,0
2025-09-08 04:00:00+00:00,1.34952,1.35254,1.34863,1.35156,9523,11,0
2025-09-08 08:00:00+00:00,1.35159,1.35357,1.3501699999999999,1.35286,10453,11,0
2025-09-08 12:00:00+00:00,1.35285,1.35562,1.3526500000000001,1.35462,13611,11,0
2025-09-08 16:00:00+00:00,1.35461,1.3554599999999999,1.35266,1.35508,7646,11,0
2025-09-08 20:00:00+00:00,1.3550499999999999,1.35576,1.35392,1.35522,3645,11,0
2025-09-09 00:00:00+00:00,1.35523,1.3571,1.35495,1.35593,6655,11,0
2025-09-09 04:00:00+00:00,1.35593,1.3582,1.35572,1.3565,9182,11,0
2025-09-09 08:00:00+00:00,1.3565,1.35899,1.35565,1.35579,11613,11,0
2025-09-09 12:00:00+00:00,1.35579,1.35739,1.35221,1.3531,18269,11,0
2025-09-09 16:00:00+00:00,1.35311,1.35462,1.35178,1.35191,8710,11,0
2025-09-09 20:00:00+00:00,1.35189,1.35304,1.35161,1.35202,3950,11,0
2025-09-10 00:00:00+00:00,1.35201,1.3536299999999999,1.35142,1.35321,7813,11,0
2025-09-10 04:00:00+00:00,1.35321,1.35432,1.35125,1.3532600000000001,9269,11,0
2025-09-10 08:00:00+00:00,1.35327,1.3545099999999999,1.35189,1.35332,10502,11,0
2025-09-10 12:00:00+00:00,1.35336,1.3565,1.35227,1.35462,17900,11,0
2025-09-10 16:00:00+00:00,1.35458,1.35492,1.35208,1.353,7825,11,0
2025-09-10 20:00:00+00:00,1.3529900000000001,1.35394,1.35202,1.35323,3507,11,0
2025-09-11 00:00:00+00:00,1.3532199999999999,1.35336,1.35221,1.3526799999999999,5852,11,0
2025-09-11 04:00:00+00:00,1.3526799999999999,1.35281,1.35026,1.35152,8685,11,0
2025-09-11 08:00:00+00:00,1.35153,1.35225,1.34937,1.35073,11179,11,0
2025-09-11 12:00:00+00:00,1.3507,1.35786,1.34924,1.35653,24330,11,0
2025-09-11 16:00:00+00:00,1.35656,1.35824,1.35654,1.35772,8090,11,0
2025-09-11 20:00:00+00:00,1.35771,1.35802,1.35679,1.35736,4946,11,0
2025-09-12 00:00:00+00:00,1.35734,1.35754,1.35528,1.35548,6886,11,0
2025-09-12 04:00:00+00:00,1.3554599999999999,1.35746,1.35443,1.35635,8581,11,0
2025-09-12 08:00:00+00:00,1.35632,1.35637,1.35293,1.35481,12006,11,0
2025-09-12 12:00:00+00:00,1.3548,1.3569200000000001,1.35235,1.35449,14484,11,0
2025-09-12 16:00:00+00:00,1.35449,1.35705,1.354,1.35612,7121,11,0
2025-09-12 20:00:00+00:00,1.35613,1.35616,1.3553600000000001,1.3558,2281,11,0
2025-09-14 20:00:00+00:00,1.35409,1.35623,1.3535599999999999,1.35523,2555,10,0
2025-09-15 00:00:00+00:00,1.35523,1.3567,1.35483,1.35643,5064,10,0
2025-09-15 04:00:00+00:00,1.35644,1.3593600000000001,1.35527,1.3581400000000001,7495,10,0
2025-09-15 08:00:00+00:00,1.35811,1.36188,1.35781,1.36147,11506,10,0
2025-09-15 12:00:00+00:00,1.3614899999999999,1.36197,1.35842,1.3606500000000001,13114,10,0
2025-09-15 16:00:00+00:00,1.36066,1.36109,1.35941,1.3608500000000001,7699,10,0
2025-09-15 20:00:00+00:00,1.36089,1.36108,1.35914,1.36003,3355,10,0
2025-09-16 00:00:00+00:00,1.3600400000000001,1.36245,1.35974,1.3617,6600,10,0
2025-09-16 04:00:00+00:00,1.3617,1.3642400000000001,1.36117,1.36274,9145,10,0
2025-09-16 08:00:00+00:00,1.36274,1.3649200000000001,1.36236,1.36428,12328,10,0
2025-09-16 12:00:00+00:00,1.36428,1.36716,1.36243,1.36523,17768,10,0
2025-09-16 16:00:00+00:00,1.36523,1.36677,1.3649499999999999,1.36504,8772,10,0
2025-09-16 20:00:00+00:00,1.36503,1.3655,1.36348,1.36521,4087,10,0
2025-09-17 00:00:00+00:00,1.3652,1.36587,1.3639000000000001,1.36426,5660,10,0
2025-09-17 04:00:00+00:00,1.36426,1.36526,1.36296,1.36341,7673,10,0
2025-09-17 08:00:00+00:00,1.36343,1.36561,1.36317,1.36464,9480,10,0
2025-09-17 12:00:00+00:00,1.36465,1.36692,1.3643,1.36585,11102,10,0
2025-09-17 16:00:00+00:00,1.3658299999999999,1.3726099999999999,1.36246,1.3637000000000001,36075,10,0
2025-09-17 20:00:00+00:00,1.36372,1.36381,1.36147,1.3629,7103,10,0
2025-09-18 00:00:00+00:00,1.36293,1.3630200000000001,1.36098,1.36203,8910,10,0
2025-09-18 04:00:00+00:00,1.36203,1.3639999999999999,1.35857,1.3632900000000001,11509,10,0
2025-09-18 08:00:00+00:00,1.36328,1.3660700000000001,1.36121,1.36215,14477,10,0
2025-09-18 12:00:00+00:00,1.36215,1.36228,1.35336,1.35473,22953,10,0
2025-09-18 16:00:00+00:00,1.35474,1.35628,1.35415,1.3548200000000001,9305,10,0
2025-09-18 20:00:00+00:00,1.3548,1.3556300000000001,1.35433,1.3554599999999999,4694,10,0
2025-09-19 00:00:00+00:00,1.35548,1.35586,1.35307,1.35501,8648,10,0
2025-09-19 04:00:00+00:00,1.35503,1.35591,1.34845,1.34907,15586,10,0
2025-09-19 08:00:00+00:00,1.3491,1.35099,1.34725,1.34772,12660,10,0
2025-09-19 12:00:00+00:00,1.34772,1.34977,1.34626,1.3482,17355,10,0
2025-09-19 16:00:00+00:00,1.3482,1.34849,1.34661,1.34718,7689,10,0
2025-09-19 20:00:00+00:00,1.3471899999999999,1.34742,1.34667,1.34693,2506,10,0
2025-09-21 20:00:00+00:00,1.3458700000000001,1.34731,1.34578,1.34623,2496,10,0
2025-09-22 00:00:00+00:00,1.3462399999999999,1.34744,1.34568,1.3462,7469,10,0
2025-09-22 04:00:00+00:00,1.34618,1.34826,1.34525,1.34782,9443,10,0
2025-09-22 08:00:00+00:00,1.3477999999999999,1.35063,1.34762,1.34978,10745,10,0
2025-09-22 12:00:00+00:00,1.3498,1.35158,1.34894,1.35022,14138,10,0
2025-09-22 16:00:00+00:00,1.35019,1.35201,1.34992,1.35154,6679,10,0
2025-09-22 20:00:00+00:00,1.35153,1.3516599999999999,1.35008,1.35134,3342,10,0
2025-09-23 00:00:00+00:00,1.35134,1.35269,1.35026,1.35152,6118,10,0
2025-09-23 04:00:00+00:00,1.35152,1.35224,1.35018,1.35194,10518,10,0
2025-09-23 08:00:00+00:00,1.35198,1.35277,1.34864,1.3514,13521,10,0
2025-09-23 12:00:00+00:00,1.3514,1.35362,1.35053,1.35159,16134,10,0
2025-09-23 16:00:00+00:00,1.35161,1.3526799999999999,1.35064,1.35244,10565,10,0
2025-09-23 20:00:00+00:00,1.3524,1.35279,1.3509,1.35239,3829,10,0
2025-09-24 00:00:00+00:00,1.3523800000000001,1.35257,1.35059,1.35064,7088,10,0
2025-09-24 04:00:00+00:00,1.35065,1.35119,1.34812,1.3484099999999999,8418,10,0
2025-09-24 08:00:00+00:00,1.34842,1.34872,1.34544,1.3457,10781,10,0
2025-09-24 12:00:00+00:00,1.3457,1.34706,1.34259,1.34469,16565,10,0
2025-09-24 16:00:00+00:00,1.34471,1.34554,1.34385,1.34456,8519,10,0
2025-09-24 20:00:00+00:00,1.3446,1.3453300000000001,1.34417,1.34489,3640,10,0
2025-09-25 00:00:00+00:00,1.34485,1.3462399999999999,1.3448,1.3461,6502,10,0
2025-09-25 04:00:00+00:00,1.34611,1.3467,1.34359,1.34372,8273,10,0
2025-09-25 08:00:00+00:00,1.34374,1.34592,1.34175,1.34211,10905,10,0
2025-09-25 12:00:00+00:00,1.34212,1.34229,1.33407,1.3348,21653,10,0
2025-09-25 16:00:00+00:00,1.33481,1.33568,1.33231,1.33361,10457,10,0
2025-09-25 20:00:00+00:00,1.33361,1.33465,1.3326799999999999,1.33348,3979,10,0
2025-09-26 00:00:00+00:00,1.33348,1.3355000000000001,1.33289,1.33535,5860,10,0
2025-09-26 04:00:00+00:00,1.33535,1.33692,1.33443,1.33522,8561,10,0
2025-09-26 08:00:00+00:00,1.3352,1.33704,1.33426,1.33498,9610,10,0
2025-09-26 12:00:00+00:00,1.33498,1.3412600000000001,1.3348,1.3401,17738,10,0
2025-09-26 16:00:00+00:00,1.34009,1.3411,1.33959,1.34073,7128,10,0
2025-09-26 20:00:00+00:00,1.3407200000000001,1.34088,1.33978,1.33999,1494,10,0
2025-09-28 20:00:00+00:00,1.33841,1.34109,1.3383,1.3406799999999999,2270,10,0
2025-09-29 00:00:00+00:00,1.34067,1.3434300000000001,1.3406,1.34315,6515,10,0
2025-09-29 04:00:00+00:00,1.34315,1.34494,1.3427799999999999,1.34459,8121,10,0
2025-09-29 08:00:00+00:00,1.34461,1.34503,1.34239,1.3446799999999999,9437,10,0
2025-09-29 12:00:00+00:00,1.34469,1.34562,1.34154,1.3431199999999999,14648,10,0
2025-09-29 16:00:00+00:00,1.34317,1.34384,1.34225,1.34357,6056,10,0
2025-09-29 20:00:00+00:00,1.34356,1.34375,1.3422399999999999,1.34344,2783,10,0
2025-09-30 00:00:00+00:00,1.34344,1.34386,1.342,1.3435000000000001,6994,10,0
2025-09-30 04:00:00+00:00,1.3435000000000001,1.34515,1.34271,1.34461,10553,10,0
2025-09-30 08:00:00+00:00,1.34466,1.34519,1.34242,1.34366,10844,10,0
2025-09-30 12:00:00+00:00,1.34367,1.34668,1.34131,1.34428,18025,10,0
2025-09-30 16:00:00+00:00,1.3443,1.34634,1.34389,1.34486,9312,10,0
2025-09-30 20:00:00+00:00,1.34488,1.34518,1.34363,1.34422,4232,10,0
2025-10-01 00:00:00+00:00,1.3442,1.34439,1.34344,1.34403,5744,10,0
2025-10-01 04:00:00+00:00,1.34403,1.34775,1.34403,1.34667,12047,10,0
2025-10-01 08:00:00+00:00,1.34671,1.34881,1.34572,1.34819,12986,10,0
2025-10-01 12:00:00+00:00,1.34815,1.35272,1.3469,1.3471600000000001,27271,10,0
2025-10-01 16:00:00+00:00,1.34711,1.3489200000000001,1.3464800000000001,1.34793,8169,10,0
2025-10-01 20:00:00+00:00,1.34794,1.34828,1.34696,1.34779,3694,10,0
2025-10-02 00:00:00+00:00,1.3477700000000001,1.34874,1.34667,1.3477700000000001,5803,10,0
2025-10-02 04:00:00+00:00,1.3477700000000001,1.35005,1.34683,1.3494,8806,10,0
2025-10-02 08:00:00+00:00,1.34942,1.35099,1.34702,1.34759,10807,10,0
2025-10-02 12:00:00+00:00,1.3476,1.34827,1.34003,1.34206,16730,10,0
2025-10-02 16:00:00+00:00,1.34203,1.34516,1.3419699999999999,1.34426,7488,10,0
2025-10-02 20:00:00+00:00,1.34426,1.34532,1.34268,1.3446,3498,10,0
2025-10-03 00:00:00+00:00,1.34461,1.34503,1.34326,1.3444099999999999,5872,10,0
2025-10-03 04:00:00+00:00,1.3444099999999999,1.34609,1.34284,1.34599,7588,10,0
2025-10-03 08:00:00+00:00,1.34599,1.3467799999999999,1.34414,1.34489,9764,10,0
2025-10-03 12:00:00+00:00,1.3449,1.34849,1.34365,1.34787,17069,10,0
2025-10-03 16:00:00+00:00,1.34785,1.3484099999999999,1.34623,1.34828,7127,10,0
2025-10-03 20:00:00+00:00,1.34826,1.3486799999999999,1.34762,1.34781,1753,10,0
2025-10-05 20:00:00+00:00,1.3456000000000001,1.3456000000000001,1.34214,1.34315,6410,10,0
2025-10-06 00:00:00+00:00,1.34317,1.34579,1.3427,1.34513,7667,10,0
2025-10-06 04:00:00+00:00,1.34512,1.34638,1.343,1.3443,13494,10,0
2025-10-06 08:00:00+00:00,1.34426,1.34447,1.34157,1.34245,13573,10,0
2025-10-06 12:00:00+00:00,1.34245,1.3483800000000001,1.34228,1.34745,15175,10,0
2025-10-06 16:00:00+00:00,1.3474599999999999,1.34898,1.34654,1.34812,6270,10,0
2025-10-06 20:00:00+00:00,1.34809,1.34867,1.34775,1.34835,4187,10,0
2025-10-07 00:00:00+00:00,1.34835,1.34843,1.3472,1.34755,5291,10,0
2025-10-07 04:00:00+00:00,1.34755,1.34802,1.3428499999999999,1.34366,9314,10,0
2025-10-07 08:00:00+00:00,1.34367,1.34448,1.33917,1.3401,10590,10,0
2025-10-07 12:00:00+00:00,1.34008,1.34542,1.33932,1.34397,15165,10,0
2025-10-07 16:00:00+00:00,1.3439999999999999,1.34518,1.34154,1.3421,9547,10,0
2025-10-07 20:00:00+00:00,1.34209,1.34299,1.34182,1.3419699999999999,3923,10,0
2025-10-08 00:00:00+00:00,1.3419699999999999,1.34213,1.33898,1.33989,9036,10,0
2025-10-08 04:00:00+00:00,1.33989,1.34173,1.33833,1.34168,9944,10,0
2025-10-08 08:00:00+00:00,1.34168,1.34271,1.34,1.3406799999999999,11743,10,0
2025-10-08 12:00:00+00:00,1.34069,1.34381,1.33865,1.3388200000000001,13512,10,0
2025-10-08 16:00:00+00:00,1.33886,1.34002,1.33704,1.33991,9505,10,0
2025-10-08 20:00:00+00:00,1.3399,1.34073,1.33951,1.33994,4565,10,0
2025-10-09 00:00:00+00:00,1.33994,1.34188,1.33986,1.34143,6497,10,0
2025-10-09 04:00:00+00:00,1.34143,1.34164,1.3349,1.33523,10666,10,0
2025-10-09 08:00:00+00:00,1.33523,1.33898,1.33423,1.33745,13489,10,0
2025-10-09 12:00:00+00:00,1.33745,1.33954,1.32905,1.33088,22410,10,0
2025-10-09 16:00:00+00:00,1.3308900000000001,1.3314599999999999,1.32792,1.3296000000000001,11618,10,0
2025-10-09 20:00:00+00:00,1.3296000000000001,1.33073,1.32925,1.33022,4317,7,0
2025-10-10 00:00:00+00:00,1.3302,1.33134,1.32955,1.33113,6501,10,0
2025-10-10 04:00:00+00:00,1.33113,1.3314,1.32786,1.33026,10876,10,0
2025-10-10 08:00:00+00:00,1.33025,1.33125,1.32607,1.3271600000000001,13173,10,0
2025-10-10 12:00:00+00:00,1.32718,1.33704,1.32678,1.33423,26204,10,0
2025-10-10 16:00:00+00:00,1.33419,1.33569,1.33311,1.33495,13925,10,0
2025-10-10 20:00:00+00:00,1.3349199999999999,1.3362,1.33346,1.33578,5593,10,0
2025-10-12 20:00:00+00:00,1.33462,1.33533,1.33189,1.33349,5752,10,0
2025-10-13 00:00:00+00:00,1.33348,1.33628,1.33345,1.33528,8859,10,0
2025-10-13 04:00:00+00:00,1.33529,1.3366,1.33295,1.33348,11038,10,0
2025-10-13 08:00:00+00:00,1.33346,1.33523,1.3314599999999999,1.33307,13061,10,0
2025-10-13 12:00:00+00:00,1.3330600000000001,1.33399,1.33185,1.33279,14688,10,0
2025-10-13 16:00:00+00:00,1.33278,1.33402,1.33252,1.3330199999999999,7038,10,0
2025-10-13 20:00:00+00:00,1.3330199999999999,1.33371,1.33247,1.33317,4012,10,0
2025-10-14 00:00:00+00:00,1.33317,1.33498,1.3325,1.33446,7566,10,0
2025-10-14 04:00:00+00:00,1.33445,1.33522,1.32519,1.32566,16735,10,0
2025-10-14 08:00:00+00:00,1.32564,1.3283800000000001,1.3253,1.32684,14564,10,0
2025-10-14 12:00:00+00:00,1.3268499999999999,1.33185,1.32477,1.33172,20689,10,0
2025-10-14 16:00:00+00:00,1.33175,1.33317,1.33064,1.33253,13301,10,0
2025-10-14 20:00:00+00:00,1.33249,1.33267,1.33137,1.3321399999999999,3834,10,0
2025-10-15 00:00:00+00:00,1.3321399999999999,1.33537,1.33194,1.33506,7656,10,0
2025-10-15 04:00:00+00:00,1.33509,1.3373300000000001,1.33412,1.33495,10936,10,0
2025-10-15 08:00:00+00:00,1.33495,1.33662,1.33357,1.33513,12006,10,0
2025-10-15 12:00:00+00:00,1.33517,1.3403,1.3334,1.33933,17803,10,0
2025-10-15 16:00:00+00:00,1.33935,1.33941,1.33697,1.3393,11080,10,0
2025-10-15 20:00:00+00:00,1.33929,1.34079,1.33879,1.34029,4948,9,0
2025-10-16 00:00:00+00:00,1.34027,1.34417,1.33991,1.3421699999999999,9216,10,0
2025-10-16 04:00:00+00:00,1.34216,1.34276,1.34037,1.34259,11567,10,0
2025-10-16 08:00:00+00:00,1.34262,1.34478,1.34211,1.34401,12171,10,0
2025-10-16 12:00:00+00:00,1.34397,1.34543,1.34111,1.3422399999999999,19048,10,0
2025-10-16 16:00:00+00:00,1.3422100000000001,1.34475,1.34141,1.34335,14287,10,0
2025-10-16 20:00:00+00:00,1.34333,1.34452,1.34249,1.3443399999999999,4460,10,0
2025-10-17 00:00:00+00:00,1.34436,1.34519,1.34305,1.34479,8855,10,0
2025-10-17 04:00:00+00:00,1.34482,1.34711,1.34238,1.3431899999999999,13865,10,0
2025-10-17 08:00:00+00:00,1.34323,1.3443,1.34104,1.34342,15480,10,0
2025-10-17 12:00:00+00:00,1.34342,1.34353,1.33904,1.34215,18265,10,0
2025-10-17 16:00:00+00:00,1.34219,1.34384,1.34101,1.34371,10165,10,0
2025-10-17 20:00:00+00:00,1.34372,1.34376,1.34204,1.3425,2988,10,0
2025-10-19 20:00:00+00:00,1.34303,1.34306,1.34157,1.34244,2813,10,0
2025-10-20 00:00:00+00:00,1.34244,1.34426,1.3421,1.34398,6357,10,0
2025-10-20 04:00:00+00:00,1.34399,1.34426,1.34052,1.3415300000000001,9016,10,0
2025-10-20 08:00:00+00:00,1.34154,1.34384,1.33994,1.34116,11687,10,0
2025-10-20 12:00:00+00:00,1.34116,1.34296,1.34016,1.34192,14230,10,0
2025-10-20 16:00:00+00:00,1.34192,1.34233,1.33995,1.34058,7052,10,0
2025-10-20 20:00:00+00:00,1.34058,1.34107,1.33994,1.3403800000000001,3192,7,0
2025-10-21 00:00:00+00:00,1.3403800000000001,1.34157,1.3389199999999999,1.33926,6381,10,0
2025-10-21 04:00:00+00:00,1.33927,1.33967,1.33715,1.33923,11321,10,0
2025-10-21 08:00:00+00:00,1.33926,1.3394300000000001,1.33656,1.3384,14046,10,0
2025-10-21 12:00:00+00:00,1.33843,1.33936,1.33605,1.33883,19513,10,0
2025-10-21 16:00:00+00:00,1.3388499999999999,1.3397999999999999,1.33648,1.33716,10162,10,0
2025-10-21 20:00:00+00:00,1.33714,1.33718,1.33635,1.3364500000000001,3193,4,0
2025-10-22 00:00:00+00:00,1.3364500000000001,1.338,1.33631,1.3374,6305,10,0
2025-10-22 04:00:00+00:00,1.33739,1.33868,1.33188,1.33217,13683,10,0
2025-10-22 08:00:00+00:00,1.3321399999999999,1.33328,1.33051,1.33271,13974,10,0
2025-10-22 12:00:00+00:00,1.3327,1.3374,1.33095,1.3369900000000001,18489,10,0
2025-10-22 16:00:00+00:00,1.337,1.3376000000000001,1.33521,1.33563,10444,10,0
2025-10-22 20:00:00+00:00,1.33563,1.33617,1.33491,1.33501,3254,9,0
2025-10-23 00:00:00+00:00,1.33501,1.33502,1.33322,1.3332600000000001,5432,10,0
2025-10-23 04:00:00+00:00,1.3332600000000001,1.33566,1.33291,1.33502,7283,10,0
2025-10-23 08:00:00+00:00,1.33505,1.33552,1.33331,1.33359,8306,10,0
2025-10-23 12:00:00+00:00,1.3336000000000001,1.335,1.33105,1.3320400000000001,14430,10,0
2025-10-23 16:00:00+00:00,1.33206,1.33262,1.33073,1.33235,6942,10,0
2025-10-23 20:00:00+00:00,1.33234,1.33296,1.33203,1.33264,3262,7,0
2025-10-24 00:00:00+00:00,1.3326500000000001,1.33319,1.33173,1.33247,5538,10,0
2025-10-24 04:00:00+00:00,1.3325,1.3333300000000001,1.33109,1.33151,10012,10,0
2025-10-24 08:00:00+00:00,1.3315000000000001,1.33264,1.32993,1.3305799999999999,11202,10,0
2025-10-24 12:00:00+00:00,1.3306,1.33711,1.32904,1.32958,23065,10,0
2025-10-24 16:00:00+00:00,1.32959,1.33122,1.32868,1.33111,6763,10,0
2025-10-24 20:00:00+00:00,1.33113,1.33172,1.3306200000000001,1.33107,3201,10,0
2025-10-26 20:00:00+00:00,1.33217,1.33271,1.33117,1.3321100000000001,3927,10,0
2025-10-27 00:00:00+00:00,1.33212,1.33355,1.33171,1.3321100000000001,6068,10,0
2025-10-27 04:00:00+00:00,1.3321100000000001,1.33342,1.33098,1.33149,6627,10,0
2025-10-27 08:00:00+00:00,1.33147,1.33528,1.33103,1.33473,10847,10,0
2025-10-27 12:00:00+00:00,1.33471,1.3351600000000001,1.33173,1.33284,12272,10,0
2025-10-27 16:00:00+00:00,1.33285,1.33385,1.33227,1.33345,6807,10,0
2025-10-27 20:00:00+00:00,1.33345,1.33442,1.3331,1.33401,3252,7,0
2025-10-28 00:00:00+00:00,1.334,1.3357999999999999,1.33362,1.33555,5998,10,0
2025-10-28 04:00:00+00:00,1.33555,1.33693,1.33311,1.33359,8063,10,0
2025-10-28 08:00:00+00:00,1.33356,1.3338,1.32999,1.33075,13009,10,0
2025-10-28 12:00:00+00:00,1.33079,1.33135,1.32468,1.32766,16423,10,0
2025-10-28 16:00:00+00:00,1.32766,1.3290899999999999,1.32693,1.32729,8684,10,0
2025-10-28 20:00:00+00:00,1.32728,1.32786,1.32659,1.32782,3187,9,0
2025-10-29 00:00:00+00:00,1.32779,1.32803,1.32503,1.32521,7521,10,0
2025-10-29 04:00:00+00:00,1.32521,1.32545,1.32199,1.3228,8160,10,0
2025-10-29 08:00:00+00:00,1.32278,1.32291,1.31971,1.32172,10984,10,0
2025-10-29 12:00:00+00:00,1.32175,1.32469,1.31939,1.32412,15888,10,0
2025-10-29 16:00:00+00:00,1.3241100000000001,1.3244,1.31395,1.31936,33450,10,0
2025-10-29 20:00:00+00:00,1.31934,1.32006,1.31802,1.31943,6554,10,0
2025-10-30 00:00:00+00:00,1.31943,1.321,1.3187,1.32022,8412,10,0
2025-10-30 04:00:00+00:00,1.32025,1.32183,1.31916,1.31973,11815,10,0
2025-10-30 08:00:00+00:00,1.31973,1.3210899999999999,1.31739,1.31782,13137,10,0
2025-10-30 12:00:00+00:00,1.31782,1.31851,1.3115999999999999,1.31458,19405,10,0
2025-10-30 16:00:00+00:00,1.31456,1.31599,1.31342,1.31441,9421,10,0
2025-10-30 20:00:00+00:00,1.3144,1.31598,1.31427,1.3158,3286,9,0
2025-10-31 00:00:00+00:00,1.31581,1.31644,1.31495,1.31513,6035,10,0
2025-10-31 04:00:00+00:00,1.31511,1.31571,1.31247,1.31448,7127,10,0
2025-10-31 08:00:00+00:00,1.31449,1.3148,1.31144,1.3127900000000001,10181,10,0
2025-10-31 12:00:00+00:00,1.3127900000000001,1.31388,1.30964,1.31378,15986,10,0
2025-10-31 16:00:00+00:00,1.31381,1.31434,1.3122500000000001,1.31362,9045,10,0
2025-10-31 20:00:00+00:00,1.31359,1.31503,1.31355,1.31494,2917,10,0
2025-11-02 20:00:00+00:00,1.31341,1.31421,1.31269,1.31336,4491,10,0
2025-11-03 00:00:00+00:00,1.31336,1.31421,1.31295,1.31388,5040,10,0
2025-11-03 04:00:00+00:00,1.31388,1.31487,1.31338,1.31376,5227,10,0
2025-11-03 08:00:00+00:00,1.3137699999999999,1.31386,1.31167,1.31273,9176,10,0
2025-11-03 12:00:00+00:00,1.3127499999999999,1.31471,1.31078,1.31458,12240,10,0
2025-11-03 16:00:00+00:00,1.31459,1.3162099999999999,1.3134000000000001,1.31373,8826,10,0
2025-11-03 20:00:00+00:00,1.3137400000000001,1.31415,1.31318,1.31341,3764,9,0
2025-11-04 00:00:00+00:00,1.3134000000000001,1.3134000000000001,1.31173,1.3127499999999999,6998,10,0
2025-11-04 04:00:00+00:00,1.31276,1.31386,1.31159,1.31209,8332,10,0
2025-11-04 08:00:00+00:00,1.31205,1.31213,1.30564,1.30584,13694,10,0
2025-11-04 12:00:00+00:00,1.30586,1.30679,1.30331,1.30456,13400,10,0
2025-11-04 16:00:00+00:00,1.30458,1.30514,1.30128,1.30146,8836,10,0
2025-11-04 20:00:00+00:00,1.30149,1.30268,1.30095,1.3020800000000001,3874,10,0
2025-11-05 00:00:00+00:00,1.30207,1.30239,1.30095,1.30195,7424,10,0
2025-11-05 04:00:00+00:00,1.30199,1.30308,1.30188,1.30264,6015,10,0
2025-11-05 08:00:00+00:00,1.30264,1.30528,1.30111,1.30346,10182,10,0
2025-11-05 12:00:00+00:00,1.30349,1.3047,1.30129,1.30407,14207,10,0
2025-11-05 16:00:00+00:00,1.30407,1.3049,1.30307,1.30443,8437,10,0
2025-11-05 20:00:00+00:00,1.3044799999999999,1.30527,1.30436,1.30515,3054,10,0
2025-11-06 00:00:00+00:00,1.30515,1.30648,1.30497,1.30628,4889,10,0
2025-11-06 04:00:00+00:00,1.3063,1.30716,1.30524,1.30622,5709,10,0
2025-11-06 08:00:00+00:00,1.30625,1.30942,1.30584,1.30912,10390,10,0
2025-11-06 12:00:00+00:00,1.3091599999999999,1.31249,1.3059,1.31014,19348,10,0
2025-11-06 16:00:00+00:00,1.31012,1.31422,1.30964,1.3132,10810,10,0
2025-11-06 20:00:00+00:00,1.3132,1.31418,1.31266,1.31393,5520,10,0
2025-11-07 00:00:00+00:00,1.31393,1.31416,1.31151,1.31185,6220,10,0
2025-11-07 04:00:00+00:00,1.31185,1.3124799999999999,1.31128,1.31247,5608,10,0
2025-11-07 08:00:00+00:00,1.31247,1.31274,1.30944,1.31199,10392,10,0
2025-11-07 12:00:00+00:00,1.31203,1.31742,1.31091,1.31508,15689,10,0
2025-11-07 16:00:00+00:00,1.31511,1.31746,1.31502,1.31576,10304,10,0
2025-11-07 20:00:00+00:00,1.31574,1.3167200000000001,1.31524,1.31647,4820,10,0
2025-11-09 20:00:00+00:00,1.3145,1.31593,1.31368,1.31411,2317,10,0
2025-11-10 00:00:00+00:00,1.31411,1.31548,1.31361,1.31466,9474,10,0
2025-11-10 04:00:00+00:00,1.31466,1.31663,1.31386,1.31567,8970,10,0
2025-11-10 08:00:00+00:00,1.31564,1.31839,1.31515,1.31753,11101,10,0
2025-11-10 12:00:00+00:00,1.31753,1.31909,1.3145,1.31478,12230,10,0
2025-11-10 16:00:00+00:00,1.31475,1.31843,1.31466,1.31795,8921,10,0
2025-11-10 20:00:00+00:00,1.31793,1.3183799999999999,1.31677,1.31717,4420,7,0
2025-11-11 00:00:00+00:00,1.31718,1.31749,1.3157,1.31677,5811,10,0
2025-11-11 04:00:00+00:00,1.31677,1.31718,1.31204,1.3125499999999999,9846,10,0
2025-11-11 08:00:00+00:00,1.31257,1.31516,1.31161,1.31478,10818,10,0
2025-11-11 12:00:00+00:00,1.31477,1.31841,1.31385,1.31727,13983,10,0
2025-11-11 16:00:00+00:00,1.31726,1.3179,1.31647,1.31666,8320,10,0
2025-11-11 20:00:00+00:00,1.31668,1.31714,1.31413,1.31518,4070,9,0
2025-11-12 00:00:00+00:00,1.31516,1.31529,1.3134700000000001,1.31396,5158,10,0
2025-11-12 04:00:00+00:00,1.31396,1.31485,1.3128199999999999,1.31454,6739,10,0
2025-11-12 08:00:00+00:00,1.31455,1.31551,1.31101,1.3136999999999999,12155,10,0
2025-11-12 12:00:00+00:00,1.31371,1.31395,1.30839,1.313,14704,10,0
2025-11-12 16:00:00+00:00,1.31303,1.31437,1.31272,1.31293,8681,10,0
2025-11-12 20:00:00+00:00,1.31291,1.31339,1.31238,1.31272,4305,9,0
2025-11-13 00:00:00+00:00,1.3127499999999999,1.31284,1.31104,1.31257,7359,10,0
2025-11-13 04:00:00+00:00,1.31256,1.31432,1.31003,1.3140100000000001,8138,10,0
2025-11-13 08:00:00+00:00,1.314,1.3170600000000001,1.313,1.31475,13537,10,0
2025-11-13 12:00:00+00:00,1.31474,1.3198699999999999,1.31463,1.31976,15957,10,0
2025-11-13 16:00:00+00:00,1.31976,1.32155,1.31891,1.31895,12850,10,0
2025-11-13 20:00:00+00:00,1.3189899999999999,1.31943,1.31359,1.31524,6305,10,0
2025-11-14 00:00:00+00:00,1.31524,1.31609,1.31349,1.31455,9391,10,0
2025-11-14 04:00:00+00:00,1.31453,1.3158400000000001,1.31258,1.31463,10448,10,0
2025-11-14 08:00:00+00:00,1.3146,1.32001,1.31075,1.3137699999999999,24432,10,0
2025-11-14 12:00:00+00:00,1.31378,1.31806,1.31247,1.31389,20304,10,0
2025-11-14 16:00:00+00:00,1.3139,1.31673,1.31382,1.31641,10991,10,0
2025-11-14 20:00:00+00:00,1.31642,1.31754,1.31612,1.3173599999999999,4087,10,0
2025-11-16 20:00:00+00:00,1.31538,1.31704,1.3149600000000001,1.31588,1781,10,0
2025-11-17 00:00:00+00:00,1.3158699999999999,1.3164799999999999,1.31412,1.31446,6337,10,0
2025-11-17 04:00:00+00:00,1.31444,1.3176700000000001,1.31353,1.31755,6460,10,0
2025-11-17 08:00:00+00:00,1.31756,1.31805,1.31487,1.31799,12616,10,0
2025-11-17 12:00:00+00:00,1.31795,1.31927,1.31606,1.31769,13863,10,0
2025-11-17 16:00:00+00:00,1.3176700000000001,1.31787,1.31451,1.3146,9901,10,0
2025-11-17 20:00:00+00:00,1.3146,1.31588,1.31441,1.31551,4650,10,0
2025-11-18 00:00:00+00:00,1.3155000000000001,1.3155299999999999,1.31447,1.31488,6083,10,0
2025-11-18 04:00:00+00:00,1.31487,1.31639,1.31446,1.31497,8931,10,0
2025-11-18 08:00:00+00:00,1.3149600000000001,1.31766,1.31368,1.31405,12398,10,0
2025-11-18 12:00:00+00:00,1.31406,1.3170899999999999,1.31331,1.31439,15562,10,0
2025-11-18 16:00:00+00:00,1.31436,1.31566,1.3134700000000001,1.31547,10792,10,0
2025-11-18 20:00:00+00:00,1.31547,1.31564,1.31389,1.3146900000000001,4079,4,0
2025-11-19 00:00:00+00:00,1.31468,1.31487,1.31287,1.31396,6661,10,0
2025-11-19 04:00:00+00:00,1.31396,1.31548,1.31314,1.31418,8790,10,0
2025-11-19 08:00:00+00:00,1.3142,1.3148,1.30921,1.31267,14310,10,0
2025-11-19 12:00:00+00:00,1.31268,1.31298,1.30708,1.3079,13817,10,0
2025-11-19 16:00:00+00:00,1.30788,1.3085200000000001,1.3043,1.30458,12201,10,0
2025-11-19 20:00:00+00:00,1.30454,1.3062,1.30437,1.30596,5463,4,0
2025-11-20 00:00:00+00:00,1.30596,1.30596,1.30372,1.30463,7117,10,0
2025-11-20 04:00:00+00:00,1.30463,1.30701,1.30434,1.30687,7294,10,0
2025-11-20 08:00:00+00:00,1.30686,1.30843,1.3059,1.30644,10744,10,0
2025-11-20 12:00:00+00:00,1.30643,1.31233,1.3048,1.3094299999999999,20763,10,0
2025-11-20 16:00:00+00:00,1.3094299999999999,1.31025,1.30654,1.30869,13333,10,0
2025-11-20 20:00:00+00:00,1.30869,1.30873,1.30673,1.3082500000000001,4976,9,0
2025-11-21 00:00:00+00:00,1.3082500000000001,1.3087900000000001,1.30743,1.30862,8206,10,0
2025-11-21 04:00:00+00:00,1.30862,1.3096999999999999,1.30656,1.30804,9497,10,0
2025-11-21 08:00:00+00:00,1.30808,1.31029,1.30416,1.3044799999999999,17192,10,0
2025-11-21 12:00:00+00:00,1.30447,1.30995,1.30384,1.30847,20713,10,0
2025-11-21 16:00:00+00:00,1.30844,1.31093,1.3072599999999999,1.31022,11358,10,0
2025-11-21 20:00:00+00:00,1.31024,1.3108,1.30948,1.30972,4515,10,0
2025-11-23 20:00:00+00:00,1.3092,1.30996,1.30887,1.30957,1593,10,0
2025-11-24 00:00:00+00:00,1.30957,1.31017,1.3085200000000001,1.30972,7094,10,0
2025-11-24 04:00:00+00:00,1.30972,1.31114,1.30883,1.30895,7585,10,0
2025-11-24 08:00:00+00:00,1.30899,1.31098,1.3087,1.30908,12502,10,0
2025-11-24 12:00:00+00:00,1.30908,1.31178,1.308,1.3097699999999999,13312,10,0
2025-11-24 16:00:00+00:00,1.30973,1.31162,1.30851,1.31081,9119,10,0
2025-11-24 20:00:00+00:00,1.31082,1.31115,1.31003,1.31053,4049,4,0
2025-11-25 00:00:00+00:00,1.31053,1.31154,1.30986,1.30997,6178,10,0
2025-11-25 04:00:00+00:00,1.30998,1.31283,1.3094999999999999,1.31215,6596,10,0
2025-11-25 08:00:00+00:00,1.31216,1.31402,1.31082,1.31119,11354,10,0
2025-11-25 12:00:00+00:00,1.31119,1.3195299999999999,1.31085,1.31763,20008,10,0
2025-11-25 16:00:00+00:00,1.31763,1.32137,1.31705,1.32114,12789,10,0
2025-11-25 20:00:00+00:00,1.32115,1.32137,1.3153000000000001,1.31577,7867,7,0
2025-11-26 00:00:00+00:00,1.31578,1.31966,1.31578,1.31958,12526,10,0
2025-11-26 04:00:00+00:00,1.31958,1.31978,1.31651,1.31788,7913,10,0
2025-11-26 08:00:00+00:00,1.3179,1.32016,1.31498,1.31725,19484,10,0
2025-11-26 12:00:00+00:00,1.3172,1.32346,1.31241,1.32252,34569,10,0
2025-11-26 16:00:00+00:00,1.3225500000000001,1.32379,1.32187,1.32339,10382,10,0
2025-11-26 20:00:00+00:00,1.32335,1.32471,1.3232,1.32442,4441,9,0
2025-11-27 00:00:00+00:00,1.32442,1.32622,1.32429,1.32551,7745,10,0
2025-11-27 04:00:00+00:00,1.32551,1.32684,1.32291,1.32385,8717,10,0
2025-11-27 08:00:00+00:00,1.32385,1.3241800000000001,1.32094,1.32291,9405,10,0
2025-11-27 12:00:00+00:00,1.32291,1.3252,1.32252,1.32507,8718,10,0
2025-11-27 16:00:00+00:00,1.32503,1.32546,1.323,1.32368,4126,10,0
2025-11-27 20:00:00+00:00,1.32368,1.32407,1.32295,1.32395,2889,9,0
2025-11-28 00:00:00+00:00,1.32395,1.32444,1.32278,1.32379,21947,10,0
2025-11-28 04:00:00+00:00,1.3237700000000001,1.3243800000000001,1.32101,1.32135,37180,10,0
2025-11-28 08:00:00+00:00,1.32131,1.32274,1.32003,1.3202099999999999,49977,10,0
2025-11-28 12:00:00+00:00,1.32017,1.3253599999999999,1.31998,1.32493,18793,10,0
2025-11-28 16:00:00+00:00,1.3249,1.32504,1.3225500000000001,1.32432,7058,29,0
2025-11-28 20:00:00+00:00,1.32435,1.3244,1.32277,1.3229199999999999,2511,38,0
2025-11-30 20:00:00+00:00,1.32261,1.32478,1.32145,1.32388,2353,10,0
2025-12-01 00:00:00+00:00,1.32388,1.32467,1.32216,1.32304,9769,10,0
2025-12-01 04:00:00+00:00,1.32306,1.32363,1.32102,1.32195,8547,10,0
2025-12-01 08:00:00+00:00,1.32199,1.32365,1.32051,1.32332,14411,10,0
2025-12-01 12:00:00+00:00,1.32331,1.32755,1.32297,1.32514,16225,10,0
2025-12-01 16:00:00+00:00,1.32514,1.32523,1.32076,1.32124,9774,10,0
2025-12-01 20:00:00+00:00,1.32121,1.32145,1.32083,1.32084,3227,9,0
2025-12-02 00:00:00+00:00,1.32085,1.32176,1.32027,1.3216700000000001,4281,10,0
2025-12-02 04:00:00+00:00,1.3216700000000001,1.32213,1.32073,1.32148,5185,10,0
2025-12-02 08:00:00+00:00,1.32151,1.32207,1.3180399999999999,1.3197999999999999,11619,10,0
2025-12-02 12:00:00+00:00,1.31977,1.32132,1.31851,1.32005,12829,10,0
2025-12-02 16:00:00+00:00,1.32003,1.3213,1.31789,1.32093,8820,10,0
2025-12-02 20:00:00+00:00,1.32092,1.32207,1.31994,1.32196,3920,10,0
2025-12-03 00:00:00+00:00,1.32196,1.32317,1.32168,1.32286,4624,10,0
2025-12-03 04:00:00+00:00,1.32286,1.32521,1.32263,1.32424,5316,10,0
2025-12-03 08:00:00+00:00,1.32423,1.32962,1.32369,1.32958,10652,10,0
2025-12-03 12:00:00+00:00,1.32959,1.3331,1.32919,1.33304,13704,10,0
2025-12-03 16:00:00+00:00,1.33305,1.33529,1.3328,1.33505,9306,10,0
2025-12-03 20:00:00+00:00,1.33502,1.33538,1.33443,1.33472,3515,7,0
2025-12-04 00:00:00+00:00,1.33469,1.3347,1.3327200000000001,1.33319,5359,10,0
2025-12-04 04:00:00+00:00,1.33318,1.33412,1.33308,1.33365,5261,10,0
2025-12-04 08:00:00+00:00,1.33366,1.3363399999999999,1.3333,1.33602,11183,10,0
2025-12-04 12:00:00+00:00,1.33598,1.33852,1.33217,1.33725,14702,10,0
2025-12-04 16:00:00+00:00,1.33723,1.33728,1.33354,1.33398,8112,10,0
2025-12-04 20:00:00+00:00,1.33395,1.33395,1.33196,1.33219,3924,9,0
2025-12-05 00:00:00+00:00,1.33219,1.33339,1.33216,1.3326500000000001,4048,10,0
2025-12-05 04:00:00+00:00,1.3326500000000001,1.33621,1.33264,1.33526,5806,10,0
2025-12-05 08:00:00+00:00,1.33524,1.33599,1.3327499999999999,1.3339699999999999,8939,10,0
2025-12-05 12:00:00+00:00,1.334,1.33617,1.33381,1.33423,12146,10,0
2025-12-05 16:00:00+00:00,1.33426,1.3343099999999999,1.33157,1.33335,9022,10,0
2025-12-05 20:00:00+00:00,1.3333300000000001,1.3336700000000001,1.33255,1.3333300000000001,3212,10,0
2025-12-07 20:00:00+00:00,1.33213,1.33316,1.3319,1.33256,3008,10,0
2025-12-08 00:00:00+00:00,1.33257,1.3342,1.33222,1.3336700000000001,5746,10,0
2025-12-08 04:00:00+00:00,1.3336700000000001,1.33462,1.3321399999999999,1.33243,6319,10,0
2025-12-08 08:00:00+00:00,1.33244,1.33332,1.33131,1.33172,9021,10,0
2025-12-08 12:00:00+00:00,1.3317,1.33381,1.33051,1.33111,12397,10,0
2025-12-08 16:00:00+00:00,1.33112,1.33304,1.3308,1.33263,8307,10,0
2025-12-08 20:00:00+00:00,1.3326500000000001,1.33292,1.33166,1.33267,3487,9,0
2025-12-09 00:00:00+00:00,1.33266,1.33345,1.33179,1.33279,5044,10,0
2025-12-09 04:00:00+00:00,1.33279,1.33365,1.33228,1.33276,5945,10,0
2025-12-09 08:00:00+00:00,1.33279,1.33558,1.3323800000000001,1.33285,9938,10,0
2025-12-09 12:00:00+00:00,1.33284,1.33305,1.32865,1.32966,15272,10,0
2025-12-09 16:00:00+00:00,1.32965,1.3319,1.32908,1.33012,9046,10,0
2025-12-09 20:00:00+00:00,1.33009,1.33066,1.3296000000000001,1.3302399999999999,3814,7,0
2025-12-10 00:00:00+00:00,1.3302399999999999,1.33049,1.32954,1.3302100000000001,4965,10,0
2025-12-10 04:00:00+00:00,1.3302100000000001,1.33254,1.3302,1.33235,5253,10,0
2025-12-10 08:00:00+00:00,1.33235,1.3326799999999999,1.3301,1.33097,9777,10,0
2025-12-10 12:00:00+00:00,1.33099,1.3336299999999999,1.33042,1.33201,12728,10,0
2025-12-10 16:00:00+00:00,1.33199,1.33694,1.3315000000000001,1.33643,22102,10,0
2025-12-10 20:00:00+00:00,1.3364099999999999,1.33911,1.33591,1.33879,10216,7,0
2025-12-11 00:00:00+00:00,1.33879,1.33915,1.33656,1.33667,7575,10,0
2025-12-11 04:00:00+00:00,1.3366799999999999,1.33786,1.3359,1.33695,7332,10,0
2025-12-11 08:00:00+00:00,1.33693,1.33869,1.33541,1.3385,11144,10,0
2025-12-11 12:00:00+00:00,1.3385,1.34349,1.33784,1.34336,14535,10,0
2025-12-11 16:00:00+00:00,1.3433899999999999,1.3437700000000001,1.33893,1.33904,10249,10,0
2025-12-11 20:00:00+00:00,1.33903,1.33957,1.3381,1.3393,4573,7,0
2025-12-12 00:00:00+00:00,1.3393,1.33995,1.3388900000000001,1.33906,5323,10,0
2025-12-12 04:00:00+00:00,1.33906,1.33987,1.33742,1.3384,5942,10,0
2025-12-12 08:00:00+00:00,1.33838,1.3388499999999999,1.33671,1.33747,9179,10,0
2025-12-12 12:00:00+00:00,1.33746,1.3383099999999999,1.33518,1.3354300000000001,12349,10,0
2025-12-12 16:00:00+00:00,1.3354599999999999,1.33765,1.33416,1.33652,10277,10,0
2025-12-12 20:00:00+00:00,1.33652,1.33743,1.33633,1.33718,3661,10,0
2025-12-14 20:00:00+00:00,1.33515,1.33717,1.33515,1.3366799999999999,1892,10,0
2025-12-15 00:00:00+00:00,1.33671,1.3374,1.33548,1.33564,6789,10,0
2025-12-15 04:00:00+00:00,1.33564,1.33697,1.3354300000000001,1.33631,6243,10,0
2025-12-15 08:00:00+00:00,1.33631,1.33895,1.33608,1.33826,8557,10,0
2025-12-15 12:00:00+00:00,1.33826,1.34015,1.33805,1.33942,12217,10,0
2025-12-15 16:00:00+00:00,1.33942,1.33952,1.3359,1.33723,9714,10,0
2025-12-15 20:00:00+00:00,1.3372,1.33806,1.33658,1.33786,4652,4,0
2025-12-16 00:00:00+00:00,1.33786,1.3383,1.33612,1.33652,7591,10,0
2025-12-16 04:00:00+00:00,1.33652,1.33783,1.3354599999999999,1.3375,7130,10,0
2025-12-16 08:00:00+00:00,1.33752,1.34307,1.33745,1.34307,12644,10,0
2025-12-16 12:00:00+00:00,1.34308,1.34555,1.3403399999999999,1.3415300000000001,21600,10,0
2025-12-16 16:00:00+00:00,1.34151,1.3439999999999999,1.33995,1.34253,13857,10,0
2025-12-16 20:00:00+00:00,1.34252,1.34354,1.34166,1.34249,5488,10,0
2025-12-17 00:00:00+00:00,1.34249,1.34265,1.34061,1.3409200000000001,5638,10,0
2025-12-17 04:00:00+00:00,1.3409200000000001,1.34093,1.3315000000000001,1.33219,12022,10,0
2025-12-17 08:00:00+00:00,1.33218,1.33371,1.33112,1.33271,11758,10,0
2025-12-17 12:00:00+00:00,1.33269,1.33999,1.33256,1.33986,15554,10,0
2025-12-17 16:00:00+00:00,1.33985,1.34063,1.33721,1.33764,12317,10,0
2025-12-17 20:00:00+00:00,1.3376299999999999,1.33836,1.33703,1.3373300000000001,4031,9,0
2025-12-18 00:00:00+00:00,1.3373300000000001,1.33786,1.3361100000000001,1.33643,6548,10,0
2025-12-18 04:00:00+00:00,1.33642,1.3375,1.33619,1.33658,6740,10,0
2025-12-18 08:00:00+00:00,1.33657,1.3373,1.33405,1.33536,9992,10,0
2025-12-18 12:00:00+00:00,1.33526,1.3446,1.33481,1.33942,26063,10,0
2025-12-18 16:00:00+00:00,1.33945,1.3405,1.33698,1.33856,12185,10,0
2025-12-18 20:00:00+00:00,1.33854,1.33893,1.33761,1.3383099999999999,5276,7,0
2025-12-19 00:00:00+00:00,1.3383099999999999,1.33866,1.33728,1.33774,6460,10,0
2025-12-19 04:00:00+00:00,1.33774,1.3385500000000001,1.33625,1.33647,7807,10,0
2025-12-19 08:00:00+00:00,1.3365,1.33876,1.33646,1.33723,10585,10,0
2025-12-19 12:00:00+00:00,1.33723,1.33865,1.33567,1.33613,14036,10,0
2025-12-19 16:00:00+00:00,1.3361,1.3391600000000001,1.33593,1.33901,9451,10,0
2025-12-19 20:00:00+00:00,1.33898,1.33937,1.33724,1.33747,3772,10,0
2025-12-21 20:00:00+00:00,1.33689,1.33833,1.33582,1.33785,4824,10,0
2025-12-22 00:00:00+00:00,1.33789,1.33993,1.33782,1.33927,15885,10,0
2025-12-22 04:00:00+00:00,1.33927,1.3418700000000001,1.3391,1.3413300000000001,6535,10,0
2025-12-22 08:00:00+00:00,1.3413,1.34418,1.34088,1.34385,10424,10,0
2025-12-22 12:00:00+00:00,1.34385,1.3458700000000001,1.34257,1.3453300000000001,12065,10,0
2025-12-22 16:00:00+00:00,1.34531,1.3477000000000001,1.34461,1.34581,9686,10,0
2025-12-22 20:00:00+00:00,1.34583,1.34693,1.34541,1.34672,4314,2,0
2025-12-23 00:00:00+00:00,1.34673,1.34894,1.34673,1.34884,6328,10,0
2025-12-23 04:00:00+00:00,1.34884,1.3502399999999999,1.34792,1.3501,7403,10,0
2025-12-23 08:00:00+00:00,1.35009,1.35184,1.34958,1.35031,11948,10,0
2025-12-23 12:00:00+00:00,1.3503,1.35125,1.34718,1.3483,15445,10,0
2025-12-23 16:00:00+00:00,1.34829,1.34971,1.34704,1.34962,8805,10,0
2025-12-23 20:00:00+00:00,1.34961,1.35239,1.34937,1.35126,4548,9,0
2025-12-24 00:00:00+00:00,1.35126,1.35336,1.35066,1.35159,7293,10,0
2025-12-24 04:00:00+00:00,1.35162,1.35239,1.35089,1.35102,6679,10,0
2025-12-24 08:00:00+00:00,1.351,1.35279,1.35022,1.3513899999999999,9109,10,0
2025-12-24 12:00:00+00:00,1.3514,1.35142,1.34913,1.35067,11737,10,0
2025-12-24 16:00:00+00:00,1.35067,1.3510499999999999,1.34921,1.34985,7560,10,0
2025-12-24 20:00:00+00:00,1.3498700000000001,1.35028,1.34948,1.3502100000000001,3897,67,0
2025-12-25 20:00:00+00:00,1.34942,1.3514599999999999,1.34942,1.3507500000000001,3043,10,0
2025-12-26 00:00:00+00:00,1.3507500000000001,1.35223,1.35045,1.35054,7510,10,0
2025-12-26 04:00:00+00:00,1.35054,1.35079,1.3479,1.34822,7900,10,0
2025-12-26 08:00:00+00:00,1.34825,1.34979,1.34766,1.34943,9119,10,0
2025-12-26 12:00:00+00:00,1.34941,1.35269,1.34879,1.35066,11523,10,0
2025-12-26 16:00:00+00:00,1.35064,1.35074,1.34812,1.34997,9948,10,0
2025-12-26 20:00:00+00:00,1.34999,1.3506,1.3492,1.34992,4042,10,0
2025-12-28 20:00:00+00:00,1.34904,1.35008,1.34775,1.34964,2359,10,0
2025-12-29 00:00:00+00:00,1.34965,1.35115,1.3496299999999999,1.35064,7056,10,0
2025-12-29 04:00:00+00:00,1.35063,1.35067,1.34812,1.34849,8361,10,0
2025-12-29 08:00:00+00:00,1.34846,1.3510900000000001,1.34731,1.34889,13785,10,0
2025-12-29 12:00:00+00:00,1.34889,1.35124,1.34687,1.35,17524,10,0
2025-12-29 16:00:00+00:00,1.34997,1.3507799999999999,1.3481,1.35063,11508,10,0
2025-12-29 20:00:00+00:00,1.35061,1.35155,1.34977,1.35084,5291,10,0
2025-12-30 00:00:00+00:00,1.35084,1.35113,1.34973,1.3504800000000001,5179,10,0
2025-12-30 04:00:00+00:00,1.3504800000000001,1.35213,1.35003,1.3505099999999999,6519,10,0
2025-12-30 08:00:00+00:00,1.3505099999999999,1.35304,1.35027,1.35042,9768,10,0
2025-12-30 12:00:00+00:00,1.3504399999999999,1.35083,1.34494,1.34731,13611,10,0
2025-12-30 16:00:00+00:00,1.3473,1.3483100000000001,1.34618,1.3465099999999999,9534,10,0
2025-12-30 20:00:00+00:00,1.34654,1.34688,1.34606,1.3466,4059,2,0
2025-12-31 00:00:00+00:00,1.34662,1.34671,1.34579,1.34634,5473,10,0
2025-12-31 04:00:00+00:00,1.34635,1.34641,1.34508,1.34558,5826,10,0
2025-12-31 08:00:00+00:00,1.34561,1.34652,1.3425500000000001,1.34547,11327,10,0
2025-12-31 12:00:00+00:00,1.34549,1.3476,1.34012,1.3449900000000001,17377,10,0
2025-12-31 16:00:00+00:00,1.3450199999999999,1.34603,1.3437299999999999,1.3458999999999999,11275,10,0
2025-12-31 20:00:00+00:00,1.3458999999999999,1.34829,1.34586,1.34734,2606,10,0
2026-01-01 20:00:00+00:00,1.34562,1.3476,1.34542,1.34737,1752,10,0
2026-01-02 00:00:00+00:00,1.34737,1.34909,1.34711,1.34863,4604,10,0
2026-01-02 04:00:00+00:00,1.34863,1.34874,1.34572,1.34637,5642,10,0
2026-01-02 08:00:00+00:00,1.34634,1.34684,1.3433899999999999,1.34402,12147,10,0
2026-01-02 12:00:00+00:00,1.34399,1.3501699999999999,1.34356,1.3496299999999999,13929,10,0
2026-01-02 16:00:00+00:00,1.3496299999999999,1.34981,1.34458,1.34545,10600,10,0
2026-01-02 20:00:00+00:00,1.34547,1.34664,1.34491,1.34593,3661,10,0
2026-01-04 20:00:00+00:00,1.34485,1.34564,1.34353,1.3437700000000001,2487,10,0
2026-01-05 00:00:00+00:00,1.34375,1.34485,1.34132,1.34154,10467,10,0
2026-01-05 04:00:00+00:00,1.34151,1.34368,1.34137,1.34223,8609,10,0
2026-01-05 08:00:00+00:00,1.34226,1.34708,1.34169,1.34588,13468,10,0
2026-01-05 12:00:00+00:00,1.3458999999999999,1.35037,1.34246,1.3502,17388,10,0
2026-01-05 16:00:00+00:00,1.35022,1.35454,1.35022,1.35426,11927,10,0
2026-01-05 20:00:00+00:00,1.3542399999999999,1.35477,1.35313,1.3532199999999999,4105,4,0
2026-01-06 00:00:00+00:00,1.35321,1.35618,1.35273,1.35586,7430,10,0
2026-01-06 04:00:00+00:00,1.35585,1.35673,1.35455,1.3550499999999999,7468,10,0
2026-01-06 08:00:00+00:00,1.355,1.3566500000000001,1.35168,1.3520400000000001,13427,10,0
2026-01-06 12:00:00+00:00,1.3520400000000001,1.35342,1.34936,1.35071,15982,10,0
2026-01-06 16:00:00+00:00,1.35068,1.35118,1.34913,1.35001,10558,10,0
2026-01-06 20:00:00+00:00,1.35,1.35058,1.34905,1.3498999999999999,3979,4,0
2026-01-07 00:00:00+00:00,1.3498999999999999,1.35165,1.3497,1.3513899999999999,6997,10,0
2026-01-07 04:00:00+00:00,1.35137,1.35168,1.3491,1.34923,8085,10,0
2026-01-07 08:00:00+00:00,1.3492,1.35053,1.34845,1.34998,10250,10,0
2026-01-07 12:00:00+00:00,1.35,1.35025,1.3472,1.3480699999999999,16634,10,0
2026-01-07 16:00:00+00:00,1.34806,1.34855,1.3461699999999999,1.3464,9746,10,0
2026-01-07 20:00:00+00:00,1.34639,1.34676,1.34536,1.34581,3858,10,0
2026-01-08 00:00:00+00:00,1.34581,1.34649,1.34501,1.34628,5361,10,0
2026-01-08 04:00:00+00:00,1.34628,1.34632,1.34447,1.34451,7042,10,0
2026-01-08 08:00:00+00:00,1.34454,1.34504,1.34317,1.3443800000000001,10186,10,0
2026-01-08 12:00:00+00:00,1.34435,1.34473,1.34155,1.34406,13555,10,0
2026-01-08 16:00:00+00:00,1.34405,1.34442,1.34192,1.34305,9433,10,0
2026-01-08 20:00:00+00:00,1.34305,1.3445,1.34292,1.34358,4488,4,0
2026-01-09 00:00:00+00:00,1.34357,1.34374,1.34241,1.34363,6577,10,0
2026-01-09 04:00:00+00:00,1.34363,1.34378,1.34141,1.34284,6827,10,0
2026-01-09 08:00:00+00:00,1.34287,1.3433899999999999,1.34035,1.34125,10290,10,0
2026-01-09 12:00:00+00:00,1.34125,1.34507,1.33869,1.34174,24913,10,0
2026-01-09 16:00:00+00:00,1.34173,1.34223,1.33974,1.34062,10969,10,0
2026-01-09 20:00:00+00:00,1.34062,1.34096,1.33965,1.34019,3021,10,0
2026-01-11 20:00:00+00:00,1.3391,1.34001,1.33881,1.33935,1526,10,0
2026-01-12 00:00:00+00:00,1.33935,1.34405,1.33904,1.34196,10014,10,0
2026-01-12 04:00:00+00:00,1.34199,1.3446500000000001,1.34159,1.34436,7572,10,0
2026-01-12 08:00:00+00:00,1.34433,1.34745,1.3442,1.3459400000000001,11836,10,0
2026-01-12 12:00:00+00:00,1.34591,1.34853,1.3457,1.34749,14656,10,0
2026-01-12 16:00:00+00:00,1.34751,1.3477000000000001,1.34548,1.3465500000000001,8806,10,0
2026-01-12 20:00:00+00:00,1.34656,1.347,1.34602,1.34656,4112,7,0
2026-01-13 00:00:00+00:00,1.34656,1.34785,1.3462,1.34701,6552,10,0
2026-01-13 04:00:00+00:00,1.347,1.34768,1.34618,1.34665,7167,10,0
2026-01-13 08:00:00+00:00,1.34662,1.34853,1.34626,1.34721,9078,10,0
2026-01-13 12:00:00+00:00,1.3472,1.34941,1.34345,1.34416,18676,10,0
2026-01-13 16:00:00+00:00,1.34413,1.34446,1.34234,1.34345,10562,10,0
2026-01-13 20:00:00+00:00,1.34345,1.34359,1.34162,1.3425099999999999,4111,2,0
2026-01-14 00:00:00+00:00,1.3425,1.34479,1.34191,1.34443,5745,10,0
2026-01-14 04:00:00+00:00,1.34442,1.34494,1.3434,1.34393,5645,10,0
2026-01-14 08:00:00+00:00,1.34391,1.34585,1.34365,1.34489,10969,10,0
2026-01-14 12:00:00+00:00,1.3449200000000001,1.34637,1.3437999999999999,1.3455599999999999,17825,10,0
2026-01-14 16:00:00+00:00,1.34555,1.34583,1.34242,1.34306,9346,10,0
2026-01-14 20:00:00+00:00,1.34307,1.3446799999999999,1.34294,1.34396,6038,10,0
2026-01-15 00:00:00+00:00,1.34396,1.34396,1.34252,1.3427,7198,10,0
2026-01-15 04:00:00+00:00,1.34273,1.3443,1.34226,1.34341,7545,10,0
2026-01-15 08:00:00+00:00,1.3433899999999999,1.3445,1.34155,1.34182,10307,10,0
2026-01-15 12:00:00+00:00,1.34179,1.34204,1.33624,1.33856,14593,10,0
2026-01-15 16:00:00+00:00,1.3385500000000001,1.33936,1.3379400000000001,1.33853,9778,10,0
2026-01-15 20:00:00+00:00,1.33856,1.3385799999999999,1.33739,1.33807,5088,4,0
2026-01-16 00:00:00+00:00,1.33806,1.33905,1.3370199999999999,1.33903,6227,10,0
2026-01-16 04:00:00+00:00,1.33901,1.33917,1.33764,1.33902,5450,10,0
2026-01-16 08:00:00+00:00,1.33903,1.3412600000000001,1.3389,1.34071,8497,10,0
2026-01-16 12:00:00+00:00,1.3406799999999999,1.34097,1.33656,1.33777,16262,10,0
2026-01-16 16:00:00+00:00,1.33779,1.33898,1.33732,1.33816,10263,10,0
2026-01-16 20:00:00+00:00,1.33816,1.3385799999999999,1.33742,1.33782,3439,10,0
2026-01-18 20:00:00+00:00,1.33418,1.34062,1.33321,1.34016,4115,10,0
2026-01-19 00:00:00+00:00,1.34016,1.34086,1.3381,1.33878,12070,10,0
2026-01-19 04:00:00+00:00,1.33879,1.34098,1.33839,1.33881,9042,10,0
2026-01-19 08:00:00+00:00,1.3388499999999999,1.34152,1.33866,1.3408,10510,10,0
2026-01-19 12:00:00+00:00,1.34082,1.34283,1.3404099999999999,1.34213,9280,10,0
2026-01-19 16:00:00+00:00,1.34214,1.34349,1.342,1.34253,4511,10,0
2026-01-19 20:00:00+00:00,1.34253,1.34284,1.34162,1.3418700000000001,2187,2,0
2026-01-20 00:00:00+00:00,1.34191,1.34395,1.3409499999999999,1.34345,6172,10,0
2026-01-20 04:00:00+00:00,1.34347,1.34822,1.34254,1.34745,10127,10,0
2026-01-20 08:00:00+00:00,1.34747,1.34911,1.3458700000000001,1.34628,18663,10,0
2026-01-20 12:00:00+00:00,1.34629,1.34791,1.3439,1.34565,23362,10,0
2026-01-20 16:00:00+00:00,1.34564,1.34754,1.34264,1.34273,12508,10,0
2026-01-20 20:00:00+00:00,1.34271,1.3443399999999999,1.34249,1.34398,6745,4,0
2026-01-21 00:00:00+00:00,1.34398,1.34562,1.34325,1.34398,7725,10,0
2026-01-21 04:00:00+00:00,1.34398,1.34487,1.34287,1.34426,8109,10,0
2026-01-21 08:00:00+00:00,1.34422,1.34474,1.34008,1.3409200000000001,12126,10,0
2026-01-21 12:00:00+00:00,1.34096,1.34588,1.34009,1.3427,19869,10,0
2026-01-21 16:00:00+00:00,1.3427,1.34403,1.34091,1.34246,16592,10,0
2026-01-21 20:00:00+00:00,1.34249,1.34326,1.3412,1.34177,6160,2,0
2026-01-22 00:00:00+00:00,1.34176,1.3435000000000001,1.34164,1.34318,6976,10,0
2026-01-22 04:00:00+00:00,1.34318,1.3439,1.34198,1.34311,7235,10,0
2026-01-22 08:00:00+00:00,1.3430900000000001,1.34523,1.34009,1.34201,16476,10,0
2026-01-22 12:00:00+00:00,1.34199,1.34848,1.34081,1.34771,19225,10,0
2026-01-22 16:00:00+00:00,1.3477299999999999,1.3502,1.34729,1.34904,11049,10,0
2026-01-22 20:00:00+00:00,1.34901,1.3508200000000001,1.34878,1.3498999999999999,5236,10,0
2026-01-23 00:00:00+00:00,1.3498999999999999,1.35043,1.3488,1.3489900000000001,7036,10,0
2026-01-23 04:00:00+00:00,1.3489900000000001,1.3512,1.34825,1.34923,9726,10,0
2026-01-23 08:00:00+00:00,1.34924,1.35364,1.34817,1.35174,15676,10,0
2026-01-23 12:00:00+00:00,1.3517700000000001,1.3567,1.35171,1.35639,12200,10,0
2026-01-23 16:00:00+00:00,1.35639,1.3629,1.3560400000000001,1.36232,18784,10,0
2026-01-23 20:00:00+00:00,1.36229,1.3645399999999999,1.3620999999999999,1.3644,9604,10,0
2026-01-25 20:00:00+00:00,1.36589,1.36798,1.36529,1.36636,4150,10,0
2026-01-26 00:00:00+00:00,1.36642,1.3679299999999999,1.36429,1.36596,15783,10,0
2026-01-26 04:00:00+00:00,1.366,1.3675899999999999,1.36443,1.36463,12239,10,0
2026-01-26 08:00:00+00:00,1.36466,1.36767,1.3642400000000001,1.36658,16432,10,0
2026-01-26 12:00:00+00:00,1.36658,1.37126,1.36428,1.3707099999999999,16293,10,0
2026-01-26 16:00:00+00:00,1.3707,1.3712900000000001,1.3675,1.36821,14319,10,0
2026-01-26 20:00:00+00:00,1.36821,1.36865,1.3670200000000001,1.36746,6298,7,0
2026-01-27 00:00:00+00:00,1.36747,1.37002,1.36697,1.3683,8754,10,0
2026-01-27 04:00:00+00:00,1.36826,1.36899,1.36695,1.36738,9478,10,0
2026-01-27 08:00:00+00:00,1.36742,1.37119,1.36634,1.3710200000000001,15257,10,0
2026-01-27 12:00:00+00:00,1.3710200000000001,1.37906,1.37074,1.37514,25512,10,0
2026-01-27 16:00:00+00:00,1.37511,1.37908,1.3750200000000001,1.37824,17408,10,0
2026-01-27 20:00:00+00:00,1.37823,1.38703,1.37756,1.38265,23635,9,0
2026-01-28 00:00:00+00:00,1.3826399999999999,1.38308,1.37916,1.3799299999999999,13243,10,0
2026-01-28 04:00:00+00:00,1.37994,1.38306,1.37885,1.38011,13563,10,0
2026-01-28 08:00:00+00:00,1.38012,1.38111,1.37673,1.37695,18846,10,0
2026-01-28 12:00:00+00:00,1.37695,1.38011,1.37492,1.37892,29954,10,0
2026-01-28 16:00:00+00:00,1.37891,1.37962,1.37523,1.37931,25671,10,0
2026-01-28 20:00:00+00:00,1.37927,1.38296,1.37855,1.38265,10922,9,0
2026-01-29 00:00:00+00:00,1.3827,1.38346,1.37926,1.3832,13115,10,0
2026-01-29 04:00:00+00:00,1.38324,1.3847800000000001,1.38233,1.38311,12624,10,0
2026-01-29 08:00:00+00:00,1.3831,1.38463,1.37801,1.37938,17633,10,0
2026-01-29 12:00:00+00:00,1.37938,1.38337,1.37418,1.37632,33546,10,0
2026-01-29 16:00:00+00:00,1.37629,1.38072,1.37594,1.37926,24244,10,0
2026-01-29 20:00:00+00:00,1.37928,1.3814199999999999,1.37878,1.38077,7517,7,0
2026-01-30 00:00:00+00:00,1.3807800000000001,1.38138,1.3731,1.3752499999999999,22313,10,0
2026-01-30 04:00:00+00:00,1.37523,1.37827,1.37397,1.37693,15774,10,0
2026-01-30 08:00:00+00:00,1.37696,1.37799,1.37246,1.37785,21139,10,0
2026-01-30 12:00:00+00:00,1.37781,1.37874,1.3709500000000001,1.37192,28755,10,0
2026-01-30 16:00:00+00:00,1.37192,1.37296,1.36799,1.36977,27535,10,0
2026-01-30 20:00:00+00:00,1.36975,1.36979,1.36789,1.36845,9788,10,0
2026-02-01 20:00:00+00:00,1.3677000000000001,1.36908,1.36612,1.36756,5556,10,0
2026-02-02 00:00:00+00:00,1.3676,1.37056,1.3676,1.36841,21595,10,0
2026-02-02 04:00:00+00:00,1.36842,1.36886,1.36599,1.36791,18394,10,0
2026-02-02 08:00:00+00:00,1.36792,1.37148,1.36776,1.36998,18847,10,0
2026-02-02 12:00:00+00:00,1.36997,1.37065,1.36261,1.36274,24975,10,0
2026-02-02 16:00:00+00:00,1.36274,1.36625,1.36225,1.36586,16603,10,0
2026-02-02 20:00:00+00:00,1.36587,1.3672900000000001,1.36532,1.36727,5792,7,0
2026-02-03 00:00:00+00:00,1.36726,1.36884,1.36704,1.36843,9306,10,0
2026-02-03 04:00:00+00:00,1.36842,1.37062,1.3682699999999999,1.36964,10841,10,0
2026-02-03 08:00:00+00:00,1.36962,1.36996,1.36501,1.36501,14358,10,0
2026-02-03 12:00:00+00:00,1.365,1.37042,1.365,1.37029,17582,10,0
2026-02-03 16:00:00+00:00,1.3703,1.3707099999999999,1.3672900000000001,1.36876,15461,10,0
2026-02-03 20:00:00+00:00,1.36877,1.37019,1.36835,1.36966,5819,4,0
2026-02-04 00:00:00+00:00,1.36966,1.37122,1.36906,1.37039,8481,10,0
2026-02-04 04:00:00+00:00,1.37039,1.37214,1.37026,1.37152,7930,10,0
2026-02-04 08:00:00+00:00,1.3715,1.3733,1.36943,1.37085,12530,10,0
2026-02-04 12:00:00+00:00,1.37084,1.37287,1.36609,1.36638,20125,10,0
2026-02-04 16:00:00+00:00,1.36638,1.36719,1.36418,1.36626,17296,10,0
2026-02-04 20:00:00+00:00,1.36621,1.36634,1.3642400000000001,1.36456,5783,2,0
2026-02-05 00:00:00+00:00,1.36457,1.36537,1.3618700000000001,1.36245,9690,10,0
2026-02-05 04:00:00+00:00,1.3624800000000001,1.3629,1.36063,1.36198,9433,10,0
2026-02-05 08:00:00+00:00,1.36196,1.36325,1.3556,1.3612,16302,10,0
2026-02-05 12:00:00+00:00,1.3612600000000001,1.3612600000000001,1.35209,1.35278,37836,10,0
2026-02-05 16:00:00+00:00,1.35277,1.3557000000000001,1.3517000000000001,1.35483,15659,10,0
2026-02-05 20:00:00+00:00,1.35484,1.35515,1.35201,1.35208,6459,10,0
2026-02-06 00:00:00+00:00,1.35209,1.35497,1.3508,1.3546,9209,10,0
2026-02-06 04:00:00+00:00,1.35463,1.35786,1.35447,1.3566,8314,10,0
2026-02-06 08:00:00+00:00,1.35662,1.35917,1.35577,1.35839,11839,10,0
2026-02-06 12:00:00+00:00,1.35839,1.36151,1.35812,1.3614,14400,10,0
2026-02-06 16:00:00+00:00,1.36139,1.36229,1.36011,1.3615599999999999,10146,10,0
2026-02-06 20:00:00+00:00,1.36154,1.3621699999999999,1.36074,1.36115,3268,10,0
2026-02-08 20:00:00+00:00,1.35904,1.36112,1.35876,1.3609499999999999,3187,10,0
2026-02-09 00:00:00+00:00,1.36097,1.36201,1.3590200000000001,1.35984,10068,10,0
2026-02-09 04:00:00+00:00,1.35984,1.36285,1.35876,1.36036,11083,10,0
2026-02-09 08:00:00+00:00,1.36036,1.36449,1.3586,1.36369,18143,10,0
2026-02-09 12:00:00+00:00,1.36372,1.36871,1.36212,1.36772,25613,10,0
2026-02-09 16:00:00+00:00,1.36772,1.36998,1.3662,1.36967,11725,10,0
2026-02-09 20:00:00+00:00,1.36965,1.36997,1.36815,1.36821,5459,9,0
2026-02-10 00:00:00+00:00,1.36822,1.36958,1.36717,1.36852,7886,10,0
2026-02-10 04:00:00+00:00,1.3685100000000001,1.36864,1.36665,1.36721,7424,10,0
2026-02-10 08:00:00+00:00,1.36722,1.36843,1.36573,1.3663,10222,10,0
2026-02-10 12:00:00+00:00,1.36633,1.36965,1.36527,1.36734,19162,10,0
2026-02-10 16:00:00+00:00,1.3673600000000001,1.3674,1.36395,1.36564,11264,10,0
2026-02-10 20:00:00+00:00,1.36563,1.36571,1.36311,1.36324,4881,10,0
2026-02-11 00:00:00+00:00,1.36324,1.36676,1.3631,1.36647,9113,10,0
2026-02-11 04:00:00+00:00,1.36646,1.36776,1.36575,1.36738,7279,10,0
2026-02-11 08:00:00+00:00,1.3673899999999999,1.3712,1.36684,1.36908,10893,10,0
2026-02-11 12:00:00+00:00,1.3691,1.36918,1.3609200000000001,1.36331,31300,10,0
2026-02-11 16:00:00+00:00,1.36331,1.3667099999999999,1.3628,1.36321,14901,10,0
2026-02-11 20:00:00+00:00,1.3632,1.36345,1.36185,1.36226,5018,9,0
2026-02-12 00:00:00+00:00,1.36226,1.36419,1.3614899999999999,1.36313,8617,10,0
2026-02-12 04:00:00+00:00,1.3631199999999999,1.36355,1.36042,1.36321,9592,10,0
2026-02-12 08:00:00+00:00,1.36323,1.36535,1.36262,1.36487,10208,10,0
2026-02-12 12:00:00+00:00,1.36487,1.36711,1.3621400000000001,1.36537,15054,10,0
2026-02-12 16:00:00+00:00,1.36536,1.3657599999999999,1.36043,1.36235,19762,10,0
2026-02-12 20:00:00+00:00,1.36233,1.36245,1.36142,1.36179,4930,9,0
2026-02-13 00:00:00+00:00,1.36178,1.36238,1.36114,1.36148,6991,10,0
2026-02-13 04:00:00+00:00,1.3614600000000001,1.3617,1.35899,1.36138,8721,10,0
2026-02-13 08:00:00+00:00,1.36136,1.36295,1.36006,1.36029,10599,10,0
2026-02-13 12:00:00+00:00,1.36025,1.36472,1.35983,1.36124,20932,10,0
2026-02-13 16:00:00+00:00,1.36125,1.36591,1.36062,1.36426,11387,10,0
2026-02-13 20:00:00+00:00,1.3642699999999999,1.36579,1.36407,1.3654899999999999,4994,10,0
2026-02-15 20:00:00+00:00,1.36426,1.3648799999999999,1.36348,1.36471,2510,10,0
2026-02-16 00:00:00+00:00,1.36471,1.36483,1.36364,1.36415,5991,10,0
2026-02-16 04:00:00+00:00,1.36415,1.36508,1.36348,1.36437,4802,10,0
2026-02-16 08:00:00+00:00,1.36437,1.3661699999999999,1.36394,1.36441,9492,10,0
2026-02-16 12:00:00+00:00,1.36438,1.3651,1.3627500000000001,1.36321,7688,10,0
2026-02-16 16:00:00+00:00,1.36325,1.36349,1.36252,1.36317,3472,10,0
2026-02-16 20:00:00+00:00,1.36314,1.36321,1.36218,1.36267,2557,4,0
2026-02-17 00:00:00+00:00,1.36267,1.36289,1.36054,1.3612199999999999,6616,10,0
2026-02-17 04:00:00+00:00,1.3612199999999999,1.36148,1.35516,1.35623,8321,10,0
2026-02-17 08:00:00+00:00,1.35625,1.36059,1.35596,1.35644,11938,10,0
2026-02-17 12:00:00+00:00,1.35642,1.35711,1.34951,1.35029,17790,10,0
2026-02-17 16:00:00+00:00,1.35026,1.35626,1.35022,1.3560699999999999,11754,10,0
2026-02-17 20:00:00+00:00,1.35611,1.3572,1.35542,1.35622,4333,4,0
2026-02-18 00:00:00+00:00,1.35622,1.3566099999999999,1.35511,1.35526,5674,10,0
2026-02-18 04:00:00+00:00,1.35526,1.35776,1.35492,1.35611,5941,10,0
2026-02-18 08:00:00+00:00,1.35606,1.35819,1.3556300000000001,1.3572899999999999,8884,10,0
2026-02-18 12:00:00+00:00,1.3572899999999999,1.35813,1.3532600000000001,1.35453,13114,10,0
2026-02-18 16:00:00+00:00,1.35453,1.3557299999999999,1.34967,1.34997,11425,10,0
2026-02-18 20:00:00+00:00,1.34997,1.35046,1.34851,1.34947,4175,4,0
2026-02-19 00:00:00+00:00,1.34948,1.3498700000000001,1.34875,1.34906,5309,10,0
2026-02-19 04:00:00+00:00,1.34906,1.3512,1.34802,1.35096,5256,10,0
2026-02-19 08:00:00+00:00,1.35096,1.35165,1.34649,1.34657,10210,10,0
2026-02-19 12:00:00+00:00,1.34656,1.34738,1.34335,1.34536,18217,10,0
2026-02-19 16:00:00+00:00,1.34536,1.34657,1.34382,1.34514,11471,10,0
2026-02-19 20:00:00+00:00,1.34515,1.34728,1.3451,1.34593,4975,4,0
2026-02-20 00:00:00+00:00,1.34593,1.34637,1.34342,1.3442,7466,10,0
2026-02-20 04:00:00+00:00,1.3442,1.34669,1.34366,1.34455,7276,10,0
2026-02-20 08:00:00+00:00,1.34453,1.34823,1.34355,1.34697,11824,10,0
2026-02-20 12:00:00+00:00,1.34695,1.3514599999999999,1.34603,1.35005,28757,10,0
2026-02-20 16:00:00+00:00,1.35007,1.35145,1.34745,1.34853,19752,10,0
2026-02-20 20:00:00+00:00,1.34854,1.34967,1.34761,1.34779,3909,10,0
2026-02-22 20:00:00+00:00,1.34768,1.3532899999999999,1.34701,1.35317,3033,10,0
2026-02-23 00:00:00+00:00,1.35321,1.35323,1.35098,1.35171,10780,10,0
2026-02-23 04:00:00+00:00,1.35171,1.35347,1.35118,1.35254,6985,10,0
2026-02-23 08:00:00+00:00,1.35257,1.35282,1.34859,1.34907,10960,10,0
2026-02-23 12:00:00+00:00,1.34904,1.35244,1.34754,1.34943,14907,10,0
2026-02-23 16:00:00+00:00,1.34944,1.3514599999999999,1.34842,1.3489,11673,10,0
2026-02-23 20:00:00+00:00,1.34887,1.34999,1.34871,1.34954,5025,10,0
2026-02-24 00:00:00+00:00,1.34954,1.35012,1.34774,1.34879,7848,10,0
2026-02-24 04:00:00+00:00,1.3488,1.34916,1.34729,1.34781,8167,10,0
2026-02-24 08:00:00+00:00,1.34781,1.35058,1.34694,1.3485800000000001,9918,10,0
2026-02-24 12:00:00+00:00,1.34856,1.35243,1.34759,1.35142,14433,10,0
2026-02-24 16:00:00+00:00,1.35142,1.35362,1.35001,1.35015,8990,10,0
2026-02-24 20:00:00+00:00,1.35015,1.3508499999999999,1.34803,1.34952,4502,9,0
2026-02-25 00:00:00+00:00,1.34954,1.35211,1.34908,1.35122,9197,10,0
2026-02-25 04:00:00+00:00,1.35123,1.353,1.35101,1.35259,7594,10,0
2026-02-25 08:00:00+00:00,1.35259,1.35334,1.3490199999999999,1.35047,10979,10,0
2026-02-25 12:00:00+00:00,1.35046,1.35369,1.35026,1.35333,13824,10,0
2026-02-25 16:00:00+00:00,1.35332,1.35656,1.35313,1.35499,8837,10,0
2026-02-25 20:00:00+00:00,1.35498,1.3560400000000001,1.35456,1.35571,5864,9,0
2026-02-26 00:00:00+00:00,1.35571,1.35748,1.35531,1.35555,7214,10,0
2026-02-26 04:00:00+00:00,1.35556,1.3562400000000001,1.35437,1.3546,7703,10,0
2026-02-26 08:00:00+00:00,1.35463,1.35472,1.35185,1.35285,9811,10,0
2026-02-26 12:00:00+00:00,1.35288,1.35561,1.34969,1.35144,15959,10,0
2026-02-26 16:00:00+00:00,1.35141,1.35152,1.34448,1.34869,13979,10,0
2026-02-26 20:00:00+00:00,1.34867,1.34928,1.34766,1.3491,4353,10,0
2026-02-27 00:00:00+00:00,1.3491,1.34955,1.34759,1.34914,8722,10,0
2026-02-27 04:00:00+00:00,1.34911,1.3501,1.34612,1.34876,9159,10,0
2026-02-27 08:00:00+00:00,1.34878,1.35077,1.34649,1.34661,12572,10,0
2026-02-27 12:00:00+00:00,1.34659,1.34788,1.3439,1.3443399999999999,18746,10,0
2026-02-27 16:00:00+00:00,1.34432,1.34827,1.34406,1.3480400000000001,12592,10,0
2026-02-27 20:00:00+00:00,1.3480400000000001,1.34903,1.34704,1.34871,4352,10,0
2026-03-01 20:00:00+00:00,1.34042,1.3434,1.33979,1.34048,3240,17,0
2026-03-02 00:00:00+00:00,1.34045,1.34555,1.34002,1.34469,15280,10,0
2026-03-02 04:00:00+00:00,1.34469,1.34506,1.33437,1.33617,16667,10,0
2026-03-02 08:00:00+00:00,1.33618,1.3425799999999999,1.33139,1.34114,22219,10,0
2026-03-02 12:00:00+00:00,1.34113,1.34254,1.33649,1.33715,28078,10,0
2026-03-02 16:00:00+00:00,1.33713,1.34315,1.33591,1.3427799999999999,16427,10,0
2026-03-02 20:00:00+00:00,1.34281,1.34295,1.33856,1.34077,10215,7,0
2026-03-03 00:00:00+00:00,1.3407499999999999,1.3424800000000001,1.3391600000000001,1.33987,12663,10,0
2026-03-03 04:00:00+00:00,1.3399,1.34029,1.33331,1.33354,15263,10,0
2026-03-03 08:00:00+00:00,1.33352,1.33371,1.32621,1.32931,27192,10,0
2026-03-03 12:00:00+00:00,1.32928,1.33271,1.32526,1.33011,35803,10,0
2026-03-03 16:00:00+00:00,1.3301,1.3368,1.32964,1.33551,31524,10,0
2026-03-03 20:00:00+00:00,1.33552,1.33696,1.33432,1.3351199999999999,9509,9,0
2026-03-04 00:00:00+00:00,1.33509,1.33521,1.3303,1.33386,17084,10,0
2026-03-04 04:00:00+00:00,1.33386,1.33762,1.33049,1.33588,16086,10,0
2026-03-04 08:00:00+00:00,1.33591,1.34029,1.3332,1.3378,25475,10,0
2026-03-04 12:00:00+00:00,1.33783,1.33886,1.3348,1.3364500000000001,29113,10,0
2026-03-04 16:00:00+00:00,1.33646,1.3376700000000001,1.33456,1.33741,15292,10,0
2026-03-04 20:00:00+00:00,1.33742,1.33802,1.33655,1.33687,6045,9,0
2026-03-05 00:00:00+00:00,1.33688,1.33869,1.33374,1.3341,12061,10,0
2026-03-05 04:00:00+00:00,1.33407,1.33575,1.33052,1.33412,15189,10,0
2026-03-05 08:00:00+00:00,1.33416,1.3376299999999999,1.33147,1.33588,26608,10,0
2026-03-05 12:00:00+00:00,1.33589,1.33735,1.33091,1.33222,24051,10,0
2026-03-05 16:00:00+00:00,1.33222,1.3339699999999999,1.32969,1.33193,23254,10,0
2026-03-05 20:00:00+00:00,1.33196,1.33651,1.33182,1.33552,11427,4,0
2026-03-06 00:00:00+00:00,1.33552,1.33731,1.33539,1.33712,9860,10,0
2026-03-06 04:00:00+00:00,1.33711,1.33721,1.3351899999999999,1.33687,9749,10,0
2026-03-06 08:00:00+00:00,1.3369,1.33789,1.33172,1.33181,20469,10,0
2026-03-06 12:00:00+00:00,1.3318400000000001,1.3389199999999999,1.33108,1.3359,41553,10,0
2026-03-06 16:00:00+00:00,1.3359,1.34093,1.33586,1.33861,26141,10,0
2026-03-06 20:00:00+00:00,1.33864,1.3412,1.33784,1.34116,7666,10,0
2026-03-08 20:00:00+00:00,1.33406,1.33459,1.32993,1.33046,9277,10,0
2026-03-09 00:00:00+00:00,1.33045,1.33171,1.32826,1.32949,18663,10,0
2026-03-09 04:00:00+00:00,1.32952,1.33469,1.3293,1.3344,22365,10,0
2026-03-09 08:00:00+00:00,1.33442,1.33631,1.33022,1.33469,30152,10,0
2026-03-09 12:00:00+00:00,1.33471,1.34001,1.3345099999999999,1.33923,33593,10,0
2026-03-09 16:00:00+00:00,1.33921,1.34457,1.33816,1.3429,25533,10,0
2026-03-09 20:00:00+00:00,1.34293,1.34478,1.342,1.34236,10027,9,0
2026-03-10 00:00:00+00:00,1.34234,1.34439,1.3413300000000001,1.3416299999999999,14883,10,0
2026-03-10 04:00:00+00:00,1.34162,1.34799,1.3413300000000001,1.34767,12880,10,0
2026-03-10 08:00:00+00:00,1.34765,1.34829,1.34381,1.34439,20696,10,0
2026-03-10 12:00:00+00:00,1.34443,1.34726,1.34297,1.34572,23703,10,0
2026-03-10 16:00:00+00:00,1.34573,1.34806,1.34117,1.34178,24989,10,0
2026-03-10 20:00:00+00:00,1.34181,1.34222,1.34097,1.34191,4970,4,0
2026-03-11 00:00:00+00:00,1.34192,1.3453,1.34139,1.34516,9979,10,0
2026-03-11 04:00:00+00:00,1.34518,1.34572,1.34289,1.34342,10781,10,0
2026-03-11 08:00:00+00:00,1.3434599999999999,1.3449200000000001,1.34012,1.34275,19188,10,0
2026-03-11 12:00:00+00:00,1.34273,1.34432,1.33929,1.33974,27817,10,0
2026-03-11 16:00:00+00:00,1.3397299999999999,1.34219,1.33938,1.34179,14131,10,0
2026-03-11 20:00:00+00:00,1.34179,1.34182,1.33759,1.3382100000000001,5860,10,0
2026-03-12 00:00:00+00:00,1.33818,1.33969,1.33648,1.33714,9926,10,0
2026-03-12 04:00:00+00:00,1.33714,1.33921,1.33606,1.3392,10323,10,0
2026-03-12 08:00:00+00:00,1.3392,1.3409200000000001,1.33698,1.3397299999999999,13813,10,0
2026-03-12 12:00:00+00:00,1.33975,1.33983,1.3338700000000001,1.3348,25658,10,0
2026-03-12 16:00:00+00:00,1.33478,1.33651,1.33375,1.33471,16790,10,0
2026-03-12 20:00:00+00:00,1.33475,1.33544,1.33385,1.33511,5349,4,0
2026-03-13 00:00:00+00:00,1.33513,1.33692,1.33391,1.33463,8072,10,0
2026-03-13 04:00:00+00:00,1.33459,1.33459,1.32736,1.32795,10139,10,0
2026-03-13 08:00:00+00:00,1.32796,1.32803,1.3244799999999999,1.32546,18384,10,0
2026-03-13 12:00:00+00:00,1.32546,1.3289,1.32297,1.32379,24178,10,0
2026-03-13 16:00:00+00:00,1.32376,1.32526,1.32242,1.32268,15546,10,0
2026-03-13 20:00:00+00:00,1.3226499999999999,1.32285,1.32181,1.32215,1992,10,0
2026-03-15 20:00:00+00:00,1.32382,1.32478,1.32156,1.3246,6044,10,0
2026-03-16 00:00:00+00:00,1.32461,1.32656,1.32456,1.32608,9405,10,0
2026-03-16 04:00:00+00:00,1.32609,1.32622,1.323,1.32433,8780,10,0
2026-03-16 08:00:00+00:00,1.32436,1.32836,1.32336,1.32792,15223,10,0
2026-03-16 12:00:00+00:00,1.32793,1.33171,1.32764,1.33018,16690,10,0
2026-03-16 16:00:00+00:00,1.33017,1.3339400000000001,1.32882,1.33257,15596,10,0
2026-03-16 20:00:00+00:00,1.33259,1.33282,1.33077,1.3312,4227,4,0
2026-03-17 00:00:00+00:00,1.33121,1.3314300000000001,1.3295,1.33016,8739,10,0
2026-03-17 04:00:00+00:00,1.33018,1.33152,1.32731,1.33047,10192,10,0
2026-03-17 08:00:00+00:00,1.33049,1.33395,1.32985,1.3317,15336,10,0
2026-03-17 12:00:00+00:00,1.33167,1.33598,1.33109,1.3342399999999999,18651,10,0
2026-03-17 16:00:00+00:00,1.33423,1.3364099999999999,1.3332899999999999,1.33536,11241,10,0
2026-03-17 20:00:00+00:00,1.33539,1.3362,1.33511,1.33571,5177,10,0
2026-03-18 00:00:00+00:00,1.33574,1.33629,1.33497,1.33582,9204,10,0
2026-03-18 04:00:00+00:00,1.3358400000000001,1.33743,1.33475,1.33549,7090,10,0
2026-03-18 08:00:00+00:00,1.33547,1.3371,1.33409,1.33591,11834,10,0
2026-03-18 12:00:00+00:00,1.33592,1.33626,1.3302100000000001,1.33217,24546,10,0
2026-03-18 16:00:00+00:00,1.33218,1.33499,1.32735,1.32768,20248,10,0
2026-03-18 20:00:00+00:00,1.32771,1.3279,1.32507,1.3264,6990,4,0
2026-03-19 00:00:00+00:00,1.32642,1.32977,1.32629,1.32812,10018,10,0
2026-03-19 04:00:00+00:00,1.32809,1.32813,1.32511,1.32633,11634,10,0
2026-03-19 08:00:00+00:00,1.32634,1.3293300000000001,1.32454,1.32924,22850,10,0
2026-03-19 12:00:00+00:00,1.32924,1.3389199999999999,1.32789,1.33583,44300,10,0
2026-03-19 16:00:00+00:00,1.3358400000000001,1.34671,1.33533,1.34299,31992,10,0
2026-03-19 20:00:00+00:00,1.34303,1.34419,1.34201,1.3424,5831,7,0
2026-03-20 00:00:00+00:00,1.3424,1.34288,1.3403399999999999,1.34036,7565,10,0
2026-03-20 04:00:00+00:00,1.34036,1.34307,1.33974,1.3426,8224,10,0
2026-03-20 08:00:00+00:00,1.34264,1.34363,1.3363,1.33937,17707,10,0
2026-03-20 12:00:00+00:00,1.3394,1.34093,1.32984,1.33011,30998,10,0
2026-03-20 16:00:00+00:00,1.33013,1.33531,1.33003,1.33335,22144,10,0
2026-03-20 20:00:00+00:00,1.3333599999999999,1.3345799999999999,1.33317,1.33402,2748,10,0
2026-03-22 20:00:00+00:00,1.3312599999999999,1.33349,1.32931,1.33342,5284,10,0
2026-03-23 00:00:00+00:00,1.33343,1.3342800000000001,1.33087,1.3314300000000001,14729,10,0
2026-03-23 04:00:00+00:00,1.33145,1.3326799999999999,1.3281,1.32895,14322,10,0
2026-03-23 08:00:00+00:00,1.32897,1.34345,1.3256299999999999,1.33566,68333,10,0
2026-03-23 12:00:00+00:00,1.33562,1.3479,1.3342399999999999,1.33846,71814,10,0
2026-03-23 16:00:00+00:00,1.33842,1.34578,1.33771,1.3430900000000001,33022,10,0
2026-03-23 20:00:00+00:00,1.3430900000000001,1.34364,1.34151,1.3425500000000001,6313,7,0
2026-03-24 00:00:00+00:00,1.34256,1.34267,1.33862,1.3397999999999999,16613,10,0
2026-03-24 04:00:00+00:00,1.33982,1.34452,1.33852,1.34305,16762,10,0
2026-03-24 08:00:00+00:00,1.34302,1.34304,1.33796,1.33961,22449,10,0
2026-03-24 12:00:00+00:00,1.33963,1.3425,1.33646,1.33808,34352,10,0
2026-03-24 16:00:00+00:00,1.33804,1.33951,1.33518,1.3382,24429,10,0
2026-03-24 20:00:00+00:00,1.33818,1.3431600000000001,1.33795,1.34143,13738,10,0
2026-03-25 00:00:00+00:00,1.34145,1.34357,1.33972,1.33986,13398,10,0
2026-03-25 04:00:00+00:00,1.33985,1.34,1.33693,1.33902,11201,10,0
2026-03-25 08:00:00+00:00,1.33904,1.34239,1.33867,1.34149,18234,10,0
2026-03-25 12:00:00+00:00,1.34151,1.34269,1.33582,1.3371,26027,10,0
2026-03-25 16:00:00+00:00,1.33709,1.33925,1.33586,1.33658,14996,10,0
2026-03-25 20:00:00+00:00,1.3366,1.33663,1.33576,1.33629,3854,7,0
2026-03-26 00:00:00+00:00,1.33629,1.33667,1.3348,1.33647,7771,10,0
2026-03-26 04:00:00+00:00,1.33647,1.33676,1.33456,1.33496,9276,10,0
2026-03-26 08:00:00+00:00,1.33497,1.3361100000000001,1.33259,1.3326,13577,10,0
2026-03-26 12:00:00+00:00,1.33262,1.33778,1.33212,1.33503,23204,10,0
2026-03-26 16:00:00+00:00,1.33503,1.33523,1.33122,1.3313,12297,10,0
2026-03-26 20:00:00+00:00,1.33131,1.33681,1.33097,1.33342,11478,4,0
2026-03-27 00:00:00+00:00,1.33339,1.33465,1.33217,1.33402,9757,10,0
2026-03-27 04:00:00+00:00,1.334,1.33472,1.33113,1.33133,8815,10,0
2026-03-27 08:00:00+00:00,1.3313,1.3320699999999999,1.3282,1.32829,13728,10,0
2026-03-27 12:00:00+00:00,1.32826,1.33321,1.32714,1.32907,20399,10,0
2026-03-27 16:00:00+00:00,1.32905,1.32976,1.3259699999999999,1.32713,14661,10,0
2026-03-27 20:00:00+00:00,1.32715,1.32762,1.32609,1.32617,2569,10,0
2026-03-29 20:00:00+00:00,1.32583,1.32664,1.32335,1.32376,5146,10,0
2026-03-30 00:00:00+00:00,1.32378,1.32721,1.3231899999999999,1.3271,12943,10,0
2026-03-30 04:00:00+00:00,1.32711,1.32824,1.3241100000000001,1.32456,9814,10,0
2026-03-30 08:00:00+00:00,1.32452,1.3253599999999999,1.3223799999999999,1.32306,14001,10,0
2026-03-30 12:00:00+00:00,1.32307,1.32368,1.31732,1.31894,19691,10,0
2026-03-30 16:00:00+00:00,1.31893,1.31969,1.31738,1.3185,11486,10,0
2026-03-30 20:00:00+00:00,1.31847,1.31859,1.31687,1.3172,4810,10,0
2026-03-31 00:00:00+00:00,1.3172,1.3223799999999999,1.31588,1.31997,13799,10,0
2026-03-31 04:00:00+00:00,1.31998,1.32117,1.31903,1.3205,11284,10,0
2026-03-31 08:00:00+00:00,1.32051,1.32346,1.31914,1.32341,14931,10,0
2026-03-31 12:00:00+00:00,1.32343,1.32639,1.31717,1.31841,28351,10,0
2026-03-31 16:00:00+00:00,1.31841,1.32477,1.31748,1.3235700000000001,31525,10,0
2026-03-31 20:00:00+00:00,1.3235700000000001,1.32442,1.32205,1.32429,6135,4,0
2026-04-01 00:00:00+00:00,1.32428,1.32542,1.32193,1.32329,10778,10,0
2026-04-01 04:00:00+00:00,1.3232599999999999,1.32925,1.3231899999999999,1.32651,16116,10,0
2026-04-01 08:00:00+00:00,1.3265,1.33242,1.32611,1.33209,17856,10,0
2026-04-01 12:00:00+00:00,1.33212,1.33374,1.32927,1.33289,28834,10,0
2026-04-01 16:00:00+00:00,1.3329,1.33459,1.32924,1.32999,13749,10,0
2026-04-01 20:00:00+00:00,1.32998,1.33102,1.32889,1.33019,5357,4,0
2026-04-02 00:00:00+00:00,1.33019,1.33199,1.32306,1.32347,23843,10,0
2026-04-02 04:00:00+00:00,1.32347,1.32392,1.32009,1.32164,14170,10,0
2026-04-02 08:00:00+00:00,1.32166,1.32189,1.3181,1.3201100000000001,12438,10,0
2026-04-02 12:00:00+00:00,1.32012,1.3251,1.31997,1.32382,28797,10,0
2026-04-02 16:00:00+00:00,1.32381,1.32423,1.32208,1.3222800000000001,13142,10,0
2026-04-02 20:00:00+00:00,1.3223,1.32282,1.32141,1.3225799999999999,2930,10,0
2026-04-03 00:00:00+00:00,1.32253,1.32329,1.3216,1.32251,2263,101,0
2026-04-03 04:00:00+00:00,1.32251,1.32382,1.32166,1.32331,2450,101,0
2026-04-03 08:00:00+00:00,1.32332,1.3235299999999999,1.32246,1.32303,2669,101,0
2026-04-03 12:00:00+00:00,1.32302,1.32364,1.31954,1.32008,9296,10,0
2026-04-03 16:00:00+00:00,1.32006,1.32022,1.3188,1.31934,4693,10,0
2026-04-03 20:00:00+00:00,1.31934,1.32089,1.31843,1.31974,2218,19,0
2026-04-05 20:00:00+00:00,1.31868,1.3194,1.31764,1.31856,4525,10,0
2026-04-06 00:00:00+00:00,1.31855,1.32178,1.31849,1.32066,9305,10,0
2026-04-06 04:00:00+00:00,1.32067,1.3258,1.32063,1.32528,9178,10,0
2026-04-06 08:00:00+00:00,1.32529,1.32588,1.32322,1.32368,11650,10,0
2026-04-06 12:00:00+00:00,1.32365,1.32684,1.3223500000000001,1.32333,15761,10,0
2026-04-06 16:00:00+00:00,1.32334,1.3244099999999999,1.32177,1.32338,10248,10,0
2026-04-06 20:00:00+00:00,1.32338,1.3242099999999999,1.32297,1.32335,3543,4,0
2026-04-07 00:00:00+00:00,1.32334,1.32388,1.32112,1.32247,8335,10,0
2026-04-07 04:00:00+00:00,1.32247,1.32478,1.32183,1.3233,10875,10,0
2026-04-07 08:00:00+00:00,1.32329,1.3284799999999999,1.3232599999999999,1.32459,21813,10,0
2026-04-07 12:00:00+00:00,1.32462,1.32668,1.32352,1.32396,23591,10,0
2026-04-07 16:00:00+00:00,1.32393,1.32935,1.32389,1.32869,19721,10,0
2026-04-07 20:00:00+00:00,1.32867,1.34089,1.32849,1.3400699999999999,21222,7,0
2026-04-08 00:00:00+00:00,1.34009,1.3415300000000001,1.3378999999999999,1.33982,21686,10,0
2026-04-08 04:00:00+00:00,1.33985,1.34457,1.33985,1.34236,18615,10,0
2026-04-08 08:00:00+00:00,1.34233,1.34697,1.34064,1.34654,16790,10,0
2026-04-08 12:00:00+00:00,1.3465799999999999,1.3484099999999999,1.3427799999999999,1.34385,26353,10,0
2026-04-08 16:00:00+00:00,1.34385,1.34385,1.33808,1.34063,15709,10,0
2026-04-08 20:00:00+00:00,1.34066,1.34086,1.33888,1.33923,4932,10,0
2026-04-09 00:00:00+00:00,1.33925,1.34018,1.33809,1.3394599999999999,9203,10,0
2026-04-09 04:00:00+00:00,1.3395000000000001,1.3406,1.33802,1.33926,10584,10,0
2026-04-09 08:00:00+00:00,1.33926,1.343,1.33832,1.3428499999999999,11724,10,0
2026-04-09 12:00:00+00:00,1.3428499999999999,1.34443,1.3403,1.34415,18799,10,0
2026-04-09 16:00:00+00:00,1.34416,1.34582,1.34295,1.34357,12398,10,0
2026-04-09 20:00:00+00:00,1.34357,1.3437000000000001,1.34241,1.34287,4420,9,0
2026-04-10 00:00:00+00:00,1.34287,1.3431899999999999,1.3419699999999999,1.34247,6329,10,0
2026-04-10 04:00:00+00:00,1.3424800000000001,1.34283,1.34101,1.34119,7735,10,0
2026-04-10 08:00:00+00:00,1.34121,1.34451,1.3411,1.3443800000000001,10945,10,0
2026-04-10 12:00:00+00:00,1.34442,1.34789,1.3443,1.34577,17143,10,0
2026-04-10 16:00:00+00:00,1.3458,1.3471899999999999,1.34477,1.34677,9799,10,0
2026-04-10 20:00:00+00:00,1.3467799999999999,1.34697,1.34549,1.34613,1612,10,0
2026-04-12 20:00:00+00:00,1.33815,1.34061,1.33786,1.33937,5335,10,0
2026-04-13 00:00:00+00:00,1.3394,1.34089,1.3385799999999999,1.34037,8339,10,0
2026-04-13 04:00:00+00:00,1.3403800000000001,1.34334,1.34013,1.34313,8601,10,0
2026-04-13 08:00:00+00:00,1.3431,1.34426,1.34182,1.34184,9808,10,0
2026-04-13 12:00:00+00:00,1.3418700000000001,1.34656,1.34154,1.34575,17147,10,0
2026-04-13 16:00:00+00:00,1.34574,1.3508200000000001,1.34517,1.3504399999999999,12616,10,0
2026-04-13 20:00:00+00:00,1.35047,1.35156,1.34923,1.3515,3541,7,0
2026-04-14 00:00:00+00:00,1.35149,1.3517000000000001,1.35033,1.35161,6039,10,0
2026-04-14 04:00:00+00:00,1.35161,1.3538999999999999,1.3510499999999999,1.35315,8741,10,0
2026-04-14 08:00:00+00:00,1.35315,1.3578299999999999,1.35264,1.35717,11086,10,0
2026-04-14 12:00:00+00:00,1.3572,1.35893,1.35608,1.35609,15820,10,0
2026-04-14 16:00:00+00:00,1.35611,1.3572600000000001,1.35576,1.35625,8333,10,0
2026-04-14 20:00:00+00:00,1.35629,1.35788,1.35575,1.35742,4676,10,0
2026-04-15 00:00:00+00:00,1.35739,1.35773,1.35567,1.35651,7233,10,0
2026-04-15 04:00:00+00:00,1.35649,1.3578299999999999,1.3555,1.35596,9442,10,0
2026-04-15 08:00:00+00:00,1.35595,1.3569499999999999,1.35428,1.3553899999999999,13398,10,0
2026-04-15 12:00:00+00:00,1.35538,1.35786,1.3545099999999999,1.3566799999999999,15135,10,0
2026-04-15 16:00:00+00:00,1.35666,1.35764,1.35637,1.35701,9387,10,0
2026-04-15 20:00:00+00:00,1.357,1.35734,1.35569,1.35723,3829,7,0
2026-04-16 00:00:00+00:00,1.35724,1.35946,1.3560699999999999,1.35812,7467,10,0
2026-04-16 04:00:00+00:00,1.35811,1.35821,1.35564,1.35581,9724,10,0
2026-04-16 08:00:00+00:00,1.35585,1.35614,1.3531,1.35462,10478,10,0
2026-04-16 12:00:00+00:00,1.35464,1.35544,1.35161,1.35375,16992,10,0
2026-04-16 16:00:00+00:00,1.35374,1.3544100000000001,1.3520400000000001,1.3529,10567,10,0
2026-04-16 20:00:00+00:00,1.35291,1.35364,1.35209,1.35254,3522,9,0
2026-04-17 00:00:00+00:00,1.35252,1.35271,1.35138,1.35246,6037,10,0
2026-04-17 04:00:00+00:00,1.35245,1.35256,1.35041,1.35249,8418,10,0
2026-04-17 08:00:00+00:00,1.35248,1.35393,1.35163,1.35287,9576,10,0
2026-04-17 12:00:00+00:00,1.3529,1.35991,1.35281,1.35541,29984,10,0
2026-04-17 16:00:00+00:00,1.35542,1.35591,1.35162,1.3519,13676,10,0
2026-04-17 20:00:00+00:00,1.35189,1.35224,1.35126,1.3518,2315,10,0
2026-04-19 20:00:00+00:00,1.34779,1.3491900000000001,1.3474599999999999,1.34822,4653,10,0
2026-04-20 00:00:00+00:00,1.34826,1.3508,1.34779,1.35053,8338,10,0
2026-04-20 04:00:00+00:00,1.35053,1.35185,1.34815,1.35023,11486,10,0
2026-04-20 08:00:00+00:00,1.3502399999999999,1.35277,1.34924,1.35186,12413,10,0
2026-04-20 12:00:00+00:00,1.35185,1.35438,1.35053,1.35394,18487,10,0
2026-04-20 16:00:00+00:00,1.35396,1.3544100000000001,1.35309,1.3532199999999999,9531,10,0
2026-04-20 20:00:00+00:00,1.3532600000000001,1.35389,1.35297,1.35303,3697,4,0
2026-04-21 00:00:00+00:00,1.35306,1.35316,1.35148,1.35175,6529,10,0
2026-04-21 04:00:00+00:00,1.35175,1.35328,1.35062,1.35068,9198,10,0
2026-04-21 08:00:00+00:00,1.35066,1.35236,1.34821,1.35181,13197,10,0
2026-04-21 12:00:00+00:00,1.35185,1.35396,1.3498700000000001,1.35102,16363,10,0
2026-04-21 16:00:00+00:00,1.3510499999999999,1.35253,1.34741,1.34816,18874,10,0
2026-04-21 20:00:00+00:00,1.34817,1.3513600000000001,1.34767,1.35084,8133,10,0
2026-04-22 00:00:00+00:00,1.35086,1.35199,1.35027,1.35062,7498,10,0
2026-04-22 04:00:00+00:00,1.35063,1.35341,1.3505099999999999,1.3526099999999999,10053,10,0
2026-04-22 08:00:00+00:00,1.3526099999999999,1.35352,1.34989,1.35023,10555,10,0
2026-04-22 12:00:00+00:00,1.35022,1.35243,1.34914,1.35031,16318,10,0
2026-04-22 16:00:00+00:00,1.35034,1.35163,1.3495,1.35032,9046,10,0
2026-04-22 20:00:00+00:00,1.35033,1.3505,1.34981,1.34995,3329,9,0
2026-04-23 00:00:00+00:00,1.34995,1.35099,1.34787,1.34853,12892,10,0
2026-04-23 04:00:00+00:00,1.34854,1.34996,1.34809,1.34885,8893,10,0
2026-04-23 08:00:00+00:00,1.34883,1.35126,1.3483,1.3505099999999999,13106,10,0
2026-04-23 12:00:00+00:00,1.35049,1.35181,1.34776,1.3493,16872,10,0
2026-04-23 16:00:00+00:00,1.34928,1.34935,1.34471,1.34674,19025,10,0
2026-04-23 20:00:00+00:00,1.34673,1.3468200000000001,1.34568,1.3465500000000001,3772,9,0
2026-04-24 00:00:00+00:00,1.34659,1.34727,1.34531,1.34595,7391,10,0
2026-04-24 04:00:00+00:00,1.34595,1.34795,1.34572,1.34762,7902,10,0
2026-04-24 08:00:00+00:00,1.34759,1.3504399999999999,1.34704,1.34945,13494,10,0
2026-04-24 12:00:00+00:00,1.34948,1.35195,1.3484099999999999,1.3514599999999999,19160,10,0
2026-04-24 16:00:00+00:00,1.35149,1.35333,1.35079,1.35321,9859,10,0
2026-04-24 20:00:00+00:00,1.3532,1.35376,1.35291,1.35301,1526,10,0
2026-04-26 20:00:00+00:00,1.34999,1.35203,1.34949,1.3513,2107,10,0
2026-04-27 00:00:00+00:00,1.35132,1.3548,1.3511600000000001,1.3544,8101,10,0
2026-04-27 04:00:00+00:00,1.35437,1.35465,1.35239,1.35442,8568,10,0
2026-04-27 08:00:00+00:00,1.35446,1.3563100000000001,1.3541400000000001,1.35579,9537,10,0
2026-04-27 12:00:00+00:00,1.35579,1.35755,1.35368,1.35511,15564,10,0
2026-04-27 16:00:00+00:00,1.35511,1.35552,1.353,1.35312,7793,10,0
2026-04-27 20:00:00+00:00,1.35316,1.35375,1.35273,1.35373,2902,7,0
2026-04-28 00:00:00+00:00,1.35375,1.35411,1.35203,1.35313,7308,10,0
2026-04-28 04:00:00+00:00,1.35316,1.3534,1.35019,1.35091,9053,10,0
2026-04-28 08:00:00+00:00,1.35094,1.35149,1.34625,1.34681,12355,10,0
2026-04-28 12:00:00+00:00,1.34683,1.35121,1.34632,1.35111,18134,10,0
2026-04-28 16:00:00+00:00,1.35114,1.35206,1.35062,1.3516,8491,10,0
2026-04-28 20:00:00+00:00,1.35162,1.35241,1.35132,1.35236,2629,7,0
2026-04-29 00:00:00+00:00,1.3523800000000001,1.35277,1.35097,1.3511,7208,10,0
2026-04-29 04:00:00+00:00,1.35114,1.35151,1.34945,1.3504399999999999,7449,10,0
2026-04-29 08:00:00+00:00,1.35041,1.35125,1.34944,1.35042,10025,10,0
2026-04-29 12:00:00+00:00,1.35046,1.35134,1.3470900000000001,1.34888,17117,10,0
2026-04-29 16:00:00+00:00,1.34889,1.34989,1.34569,1.34759,16549,10,0
2026-04-29 20:00:00+00:00,1.34757,1.34888,1.34696,1.34877,5347,9,0
2026-04-30 00:00:00+00:00,1.34879,1.34951,1.34679,1.34753,10406,10,0
2026-04-30 04:00:00+00:00,1.34753,1.34924,1.34536,1.3486,12749,10,0
2026-04-30 08:00:00+00:00,1.34859,1.35349,1.34787,1.35169,22488,10,0
2026-04-30 12:00:00+00:00,1.35169,1.35935,1.34982,1.35779,25889,10,0
2026-04-30 16:00:00+00:00,1.3578000000000001,1.3612,1.35727,1.36035,12511,10,0
2026-04-30 20:00:00+00:00,1.3603399999999999,1.3609,1.35979,1.36018,3988,9,0
2026-05-01 00:00:00+00:00,1.36019,1.36117,1.35989,1.36022,7296,10,0
2026-05-01 04:00:00+00:00,1.3602400000000001,1.36224,1.35864,1.36044,10840,10,0
2026-05-01 08:00:00+00:00,1.36042,1.36224,1.3591199999999999,1.36196,9242,10,0
2026-05-01 12:00:00+00:00,1.36198,1.36575,1.36139,1.3618700000000001,19163,10,0
2026-05-01 16:00:00+00:00,1.36188,1.3623,1.35727,1.35732,11467,10,0
2026-05-01 20:00:00+00:00,1.3573,1.35784,1.3568500000000001,1.35767,1390,10,0
2026-05-03 20:00:00+00:00,1.35941,1.36026,1.35796,1.35807,2865,10,0
2026-05-04 00:00:00+00:00,1.35804,1.3601,1.35747,1.35972,9555,10,0
2026-05-04 04:00:00+00:00,1.35975,1.35987,1.35625,1.35657,9958,10,0
2026-05-04 08:00:00+00:00,1.35655,1.35671,1.3523,1.35407,14933,10,0
2026-05-04 12:00:00+00:00,1.3541,1.35691,1.35246,1.3532600000000001,18112,10,0
2026-05-04 16:00:00+00:00,1.35321,1.35419,1.3512,1.35365,14343,10,0
2026-05-04 20:00:00+00:00,1.35362,1.35367,1.35216,1.35308,3251,9,0
2026-05-05 00:00:00+00:00,1.35308,1.35345,1.35174,1.35209,5923,10,0
2026-05-05 04:00:00+00:00,1.3520699999999999,1.3547500000000001,1.35134,1.35374,10050,10,0
2026-05-05 08:00:00+00:00,1.35375,1.3550900000000001,1.35303,1.35403,11353,10,0
2026-05-05 12:00:00+00:00,1.35404,1.3578000000000001,1.35312,1.35735,16747,10,0
2026-05-05 16:00:00+00:00,1.35733,1.35758,1.35404,1.35427,8023,10,0
2026-05-05 20:00:00+00:00,1.35425,1.35794,1.35342,1.35674,5568,2,0
2026-05-06 00:00:00+00:00,1.35678,1.35799,1.35633,1.35646,9272,10,0
2026-05-06 04:00:00+00:00,1.35649,1.3599,1.3562699999999999,1.35983,13817,10,0
2026-05-06 08:00:00+00:00,1.35986,1.36429,1.35915,1.36231,19280,10,0
2026-05-06 12:00:00+00:00,1.36231,1.36237,1.35934,1.35954,18696,10,0
2026-05-06 16:00:00+00:00,1.35951,1.35992,1.3578000000000001,1.35927,9941,10,0
2026-05-06 20:00:00+00:00,1.35925,1.35962,1.35889,1.35907,2971,9,0
2026-05-07 00:00:00+00:00,1.3590499999999999,1.36079,1.35894,1.35926,8435,10,0
2026-05-07 04:00:00+00:00,1.35923,1.3624,1.35903,1.36202,10166,10,0
2026-05-07 08:00:00+00:00,1.36205,1.36301,1.3609200000000001,1.36172,10668,10,0
2026-05-07 12:00:00+00:00,1.36175,1.36322,1.36063,1.36076,15091,10,0
2026-05-07 16:00:00+00:00,1.36073,1.36098,1.35612,1.35618,16179,10,0
2026-05-07 20:00:00+00:00,1.35622,1.3575599999999999,1.35431,1.35551,5823,7,0
2026-05-08 00:00:00+00:00,1.35551,1.35608,1.35484,1.35542,8566,10,0
2026-05-08 04:00:00+00:00,1.35542,1.35898,1.35491,1.35812,9846,10,0
2026-05-08 08:00:00+00:00,1.3580999999999999,1.36224,1.35781,1.3612199999999999,10151,10,0
2026-05-08 12:00:00+00:00,1.36123,1.3630499999999999,1.36009,1.36234,16645,10,0
2026-05-08 16:00:00+00:00,1.36232,1.36307,1.36154,1.36276,8155,10,0
2026-05-08 20:00:00+00:00,1.36277,1.36365,1.36266,1.36322,1367,10,0
2026-05-10 20:00:00+00:00,1.35491,1.35968,1.35436,1.3593600000000001,3664,10,0
2026-05-11 00:00:00+00:00,1.35934,1.36007,1.3587799999999999,1.35887,7921,10,0
2026-05-11 04:00:00+00:00,1.35887,1.3603100000000001,1.3578700000000001,1.3599,8481,10,0
2026-05-11 08:00:00+00:00,1.35991,1.36143,1.35853,1.3606500000000001,11682,10,0
2026-05-11 12:00:00+00:00,1.36068,1.36528,1.35993,1.36491,14405,10,0
2026-05-11 16:00:00+00:00,1.36494,1.3649499999999999,1.36164,1.36175,8933,10,0
2026-05-11 20:00:00+00:00,1.36177,1.36199,1.36022,1.36036,3683,4,0
2026-05-12 00:00:00+00:00,1.36036,1.36046,1.35795,1.35827,7641,10,0
2026-05-12 04:00:00+00:00,1.35828,1.35865,1.3514300000000001,1.35179,11490,10,0
2026-05-12 08:00:00+00:00,1.35181,1.35527,1.3501699999999999,1.3532,17546,10,0
2026-05-12 12:00:00+00:00,1.35324,1.35428,1.34998,1.3526099999999999,20254,10,0
2026-05-12 16:00:00+00:00,1.3526,1.35438,1.3514599999999999,1.35393,10877,10,0
2026-05-12 20:00:00+00:00,1.35394,1.35423,1.3532600000000001,1.35346,2927,10,0
2026-05-13 00:00:00+00:00,1.35344,1.35459,1.35277,1.35376,8241,10,0
2026-05-13 04:00:00+00:00,1.35377,1.3550900000000001,1.35194,1.35205,9317,10,0
2026-05-13 08:00:00+00:00,1.35201,1.35338,1.34935,1.35031,14167,10,0
2026-05-13 12:00:00+00:00,1.35027,1.3529,1.3483800000000001,1.35186,15330,10,0
2026-05-13 16:00:00+00:00,1.35184,1.35274,1.35103,1.35222,8962,10,0
2026-05-13 20:00:00+00:00,1.35219,1.3531900000000001,1.35186,1.35264,3554,10,0
2026-05-14 00:00:00+00:00,1.35264,1.35323,1.35202,1.3526,6707,10,0
2026-05-14 04:00:00+00:00,1.3526,1.35324,1.35043,1.35054,9250,10,0
2026-05-14 08:00:00+00:00,1.3505099999999999,1.3520400000000001,1.34947,1.34995,9846,10,0
2026-05-14 12:00:00+00:00,1.34993,1.35178,1.34725,1.3477299999999999,15324,10,0
2026-05-14 16:00:00+00:00,1.34771,1.34786,1.33944,1.33995,13151,10,0
2026-05-14 20:00:00+00:00,1.33997,1.34027,1.33845,1.33904,4185,7,0
2026-05-15 00:00:00+00:00,1.33907,1.33921,1.3363399999999999,1.33758,9657,10,0
2026-05-15 04:00:00+00:00,1.33755,1.33755,1.33343,1.33637,13708,10,0
2026-05-15 08:00:00+00:00,1.3364099999999999,1.33928,1.3327499999999999,1.33592,15157,10,0
2026-05-15 12:00:00+00:00,1.3359,1.33631,1.33154,1.3329900000000001,18764,10,0
2026-05-15 16:00:00+00:00,1.33301,1.3338,1.33155,1.33185,10923,10,0
2026-05-15 20:00:00+00:00,1.33182,1.33264,1.33147,1.33239,1601,10,0
2026-05-17 20:00:00+00:00,1.33129,1.33255,1.33073,1.3309199999999999,3611,10,0
2026-05-18 00:00:00+00:00,1.33093,1.3318400000000001,1.33017,1.33129,11072,10,0
2026-05-18 04:00:00+00:00,1.33128,1.33581,1.3311600000000001,1.3351899999999999,11245,10,0
2026-05-18 08:00:00+00:00,1.33518,1.3384,1.33462,1.33757,13427,10,0
2026-05-18 12:00:00+00:00,1.33757,1.34271,1.33745,1.34177,20840,10,0
2026-05-18 16:00:00+00:00,1.34174,1.34489,1.34001,1.34294,15928,10,0
2026-05-18 20:00:00+00:00,1.34296,1.34388,1.34253,1.34308,4235,4,0
2026-05-19 00:00:00+00:00,1.34308,1.34341,1.34087,1.3413,9660,10,0
2026-05-19 04:00:00+00:00,1.34132,1.34178,1.33896,1.3401399999999999,11131,10,0
2026-05-19 08:00:00+00:00,1.34018,1.34155,1.33867,1.34028,12770,10,0
2026-05-19 12:00:00+00:00,1.34024,1.34196,1.33779,1.33982,19095,10,0
2026-05-19 16:00:00+00:00,1.33985,1.34118,1.33876,1.33998,10709,10,0
2026-05-19 20:00:00+00:00,1.33999,1.3404,1.33886,1.3395299999999999,4221,10,0
2026-05-20 00:00:00+00:00,1.33951,1.3403,1.33775,1.33993,11620,10,0
2026-05-20 04:00:00+00:00,1.33994,1.34064,1.33754,1.33854,12136,10,0
2026-05-20 08:00:00+00:00,1.3385,1.34074,1.33747,1.33992,11035,10,0
2026-05-20 12:00:00+00:00,1.33991,1.34631,1.33826,1.34409,23993,10,0
2026-05-20 16:00:00+00:00,1.34409,1.34536,1.34321,1.34371,13467,10,0
2026-05-20 20:00:00+00:00,1.34369,1.34405,1.34291,1.34335,4578,4,0
2026-05-21 00:00:00+00:00,1.34336,1.34453,1.3418700000000001,1.34263,8586,10,0
2026-05-21 04:00:00+00:00,1.3426,1.34397,1.3415300000000001,1.34291,9864,10,0
2026-05-21 08:00:00+00:00,1.34294,1.34545,1.34148,1.34215,15694,10,0
2026-05-21 12:00:00+00:00,1.34212,1.34293,1.3391899999999999,1.34047,19237,10,0
2026-05-21 16:00:00+00:00,1.3405,1.34488,1.34005,1.34355,16592,10,0
2026-05-21 20:00:00+00:00,1.34357,1.34403,1.34226,1.3431600000000001,3734,10,0
2026-05-22 00:00:00+00:00,1.3431600000000001,1.34322,1.34226,1.34257,6951,10,0
2026-05-22 04:00:00+00:00,1.34257,1.34321,1.34127,1.34245,7676,10,0
2026-05-22 08:00:00+00:00,1.34247,1.34383,1.34162,1.34206,9628,10,0
2026-05-22 12:00:00+00:00,1.34206,1.34628,1.3416299999999999,1.34365,16827,10,0
2026-05-22 16:00:00+00:00,1.34364,1.34531,1.3433,1.34399,10305,10,0
2026-05-22 20:00:00+00:00,1.34398,1.34416,1.34287,1.3431199999999999,1664,10,0
2026-05-24 20:00:00+00:00,1.3437700000000001,1.34879,1.34367,1.34806,2873,10,0
2026-05-25 00:00:00+00:00,1.34803,1.3489900000000001,1.34737,1.34747,7123,10,0
2026-05-25 04:00:00+00:00,1.34745,1.34886,1.34704,1.34842,7155,10,0
2026-05-25 08:00:00+00:00,1.34844,1.35056,1.34782,1.34976,5878,10,0
2026-05-25 12:00:00+00:00,1.3498,1.35064,1.34924,1.35013,7819,10,0
2026-05-25 16:00:00+00:00,1.35012,1.35088,1.34985,1.3507500000000001,2670,10,0
2026-05-25 20:00:00+00:00,1.3507500000000001,1.35081,1.34949,1.34955,3140,4,0
2026-05-26 00:00:00+00:00,1.34957,1.34968,1.34822,1.34885,6857,10,0
2026-05-26 04:00:00+00:00,1.34885,1.34888,1.34644,1.34745,8168,10,0
2026-05-26 08:00:00+00:00,1.34748,1.34889,1.34677,1.3469,10034,10,0
2026-05-26 12:00:00+00:00,1.34687,1.3474599999999999,1.34341,1.34356,13596,10,0
2026-05-26 16:00:00+00:00,1.34357,1.34496,1.3434300000000001,1.34483,7533,10,0
2026-05-26 20:00:00+00:00,1.34484,1.34586,1.34425,1.34544,3407,7,0
2026-05-27 00:00:00+00:00,1.34544,1.34584,1.34456,1.34541,7138,10,0
2026-05-27 04:00:00+00:00,1.34541,1.34565,1.34413,1.34424,7428,10,0
2026-05-27 08:00:00+00:00,1.34424,1.3452,1.34299,1.34345,8809,10,0
2026-05-27 12:00:00+00:00,1.34347,1.34579,1.3416000000000001,1.34286,19309,10,0
2026-05-27 16:00:00+00:00,1.34288,1.34328,1.34168,1.34301,8278,10,0
2026-05-27 20:00:00+00:00,1.34302,1.34326,1.34139,1.3415599999999999,3318,9,0
2026-05-28 00:00:00+00:00,1.3415300000000001,1.34199,1.3368,1.33683,8668,10,0
2026-05-28 04:00:00+00:00,1.3368,1.34113,1.3366799999999999,1.3402,9967,10,0
2026-05-28 08:00:00+00:00,1.34019,1.34101,1.33857,1.34061,9864,10,0
2026-05-28 12:00:00+00:00,1.3406,1.34506,1.34025,1.34353,19062,10,0
2026-05-28 16:00:00+00:00,1.34352,1.34481,1.3431600000000001,1.34392,9566,10,0
2026-05-28 20:00:00+00:00,1.34388,1.34455,1.34378,1.34436,2927,9,0
2026-05-29 00:00:00+00:00,1.34436,1.34503,1.34301,1.34321,6775,10,0
2026-05-29 04:00:00+00:00,1.34323,1.34444,1.34174,1.34259,7946,10,0
2026-05-29 08:00:00+00:00,1.34257,1.34295,1.3408,1.34283,10555,10,0
2026-05-29 12:00:00+00:00,1.3428499999999999,1.3485,1.34207,1.34742,18265,10,0
2026-05-29 16:00:00+00:00,1.34742,1.34756,1.34547,1.34673,9951,10,0
2026-05-29 20:00:00+00:00,1.3467500000000001,1.3468,1.34525,1.34547,2708,10,0
2026-05-31 20:00:00+00:00,1.34523,1.34595,1.3443399999999999,1.34503,5114,10,0
2026-06-01 00:00:00+00:00,1.34507,1.34591,1.34451,1.34496,7603,10,0
2026-06-01 04:00:00+00:00,1.34497,1.34757,1.34489,1.34605,7662,10,0
2026-06-01 08:00:00+00:00,1.34605,1.34748,1.34548,1.3465,9276,10,0
2026-06-01 12:00:00+00:00,1.3465,1.34686,1.34062,1.34487,18513,10,0
2026-06-01 16:00:00+00:00,1.34487,1.34698,1.34401,1.34588,9290,10,0
2026-06-01 20:00:00+00:00,1.34584,1.34607,1.34503,1.34593,3444,9,0
2026-06-02 00:00:00+00:00,1.34595,1.34618,1.34503,1.34579,6496,10,0
2026-06-02 04:00:00+00:00,1.34577,1.34812,1.34567,1.3471600000000001,7938,10,0
2026-06-02 08:00:00+00:00,1.3472,1.34766,1.346,1.34734,8642,10,0
2026-06-02 12:00:00+00:00,1.34737,1.3480400000000001,1.34627,1.34787,11780,10,0
2026-06-02 16:00:00+00:00,1.34787,1.34796,1.34528,1.34681,7865,10,0
2026-06-02 20:00:00+00:00,1.3468,1.34715,1.34497,1.34525,3542,7,0
2026-06-03 00:00:00+00:00,1.34524,1.34717,1.34511,1.34626,5802,10,0
2026-06-03 04:00:00+00:00,1.34626,1.34637,1.34364,1.34558,8359,10,0
2026-06-03 08:00:00+00:00,1.34559,1.34596,1.34401,1.34496,10289,10,0
2026-06-03 12:00:00+00:00,1.34494,1.34507,1.34209,1.3434300000000001,15107,10,0
2026-06-03 16:00:00+00:00,1.34344,1.34348,1.34116,1.3419400000000001,8147,10,0
2026-06-03 20:00:00+00:00,1.34195,1.34284,1.34113,1.3426,3885,9,0
2026-06-04 00:00:00+00:00,1.3425799999999999,1.34315,1.34166,1.3422399999999999,6971,10,0
2026-06-04 04:00:00+00:00,1.3422399999999999,1.34344,1.34111,1.34213,8381,10,0
2026-06-04 08:00:00+00:00,1.34212,1.3462100000000001,1.34209,1.34584,11148,10,0
2026-06-04 12:00:00+00:00,1.34582,1.34623,1.34293,1.34387,12727,10,0
2026-06-04 16:00:00+00:00,1.34389,1.34417,1.34212,1.34237,7020,10,0
2026-06-04 20:00:00+00:00,1.34236,1.3425799999999999,1.3418,1.34223,2942,9,0
2026-06-05 00:00:00+00:00,1.3422,1.3428200000000001,1.34155,1.34265,7049,10,0
2026-06-05 04:00:00+00:00,1.34267,1.34481,1.34232,1.34445,7394,10,0
2026-06-05 08:00:00+00:00,1.34449,1.34828,1.34439,1.3468,9703,10,0
2026-06-05 12:00:00+00:00,1.34683,1.34687,1.33561,1.3358400000000001,22353,10,0
2026-06-05 16:00:00+00:00,1.33583,1.33591,1.33297,1.33374,12662,10,0
2026-06-05 20:00:00+00:00,1.33372,1.33405,1.3330199999999999,1.33398,1859,10,0
2026-06-07 20:00:00+00:00,1.33281,1.33359,1.33148,1.33347,3431,10,0
2026-06-08 00:00:00+00:00,1.33349,1.335,1.33183,1.33408,10076,10,0
2026-06-08 04:00:00+00:00,1.33408,1.33484,1.33194,1.33274,11731,10,0
2026-06-08 08:00:00+00:00,1.33274,1.33692,1.33052,1.3359,15473,10,0
2026-06-08 12:00:00+00:00,1.33591,1.3367200000000001,1.33348,1.33463,17177,10,0
2026-06-08 16:00:00+00:00,1.33461,1.33523,1.33373,1.33409,9905,10,0
2026-06-08 20:00:00+00:00,1.33408,1.33429,1.33323,1.33334,3552,4,0
2026-06-09 00:00:00+00:00,1.33332,1.33524,1.33304,1.33488,7588,10,0
2026-06-09 04:00:00+00:00,1.33488,1.33746,1.33473,1.33671,9351,10,0
2026-06-09 08:00:00+00:00,1.33671,1.34059,1.3364,1.34021,9634,10,0
2026-06-09 12:00:00+00:00,1.34023,1.34108,1.33723,1.33864,16398,10,0
2026-06-09 16:00:00+00:00,1.33866,1.33903,1.33581,1.33793,16304,10,0
2026-06-09 20:00:00+00:00,1.3378999999999999,1.33825,1.3361100000000001,1.33712,4763,2,0
2026-06-10 00:00:00+00:00,1.33716,1.33904,1.33676,1.33884,9205,10,0
2026-06-10 04:00:00+00:00,1.33881,1.33969,1.33791,1.33902,9488,10,0
2026-06-10 08:00:00+00:00,1.33906,1.33992,1.33755,1.3378,12663,10,0
2026-06-10 12:00:00+00:00,1.33782,1.34232,1.33708,1.33893,20426,10,0
2026-06-10 16:00:00+00:00,1.3389199999999999,1.3397299999999999,1.33713,1.33718,12717,10,0
2026-06-10 20:00:00+00:00,1.33717,1.33722,1.33494,1.3361100000000001,6119,7,0
2026-06-11 00:00:00+00:00,1.3361399999999999,1.33915,1.3361399999999999,1.33782,9406,10,0
2026-06-11 04:00:00+00:00,1.33783,1.33914,1.33747,1.3382,8182,10,0
2026-06-11 08:00:00+00:00,1.33818,1.33835,1.33521,1.3365,9525,10,0
2026-06-11 12:00:00+00:00,1.33649,1.3367499999999999,1.3324099999999999,1.33352,19704,10,0
2026-06-11 16:00:00+00:00,1.33354,1.34329,1.3326,1.34157,22466,10,0
2026-06-11 20:00:00+00:00,1.3416000000000001,1.3426,1.34084,1.3413599999999999,5802,7,0
2026-06-12 00:00:00+00:00,1.34139,1.3417,1.33994,1.34141,10535,10,0
2026-06-12 04:00:00+00:00,1.34143,1.34178,1.3383,1.33972,11561,10,0
2026-06-12 08:00:00+00:00,1.3397700000000001,1.34252,1.33938,1.34091,13683,10,0
2026-06-12 12:00:00+00:00,1.34086,1.34236,1.3389199999999999,1.34127,19025,10,0
2026-06-12 16:00:00+00:00,1.34124,1.34213,1.34071,1.34107,11140,10,0
2026-06-12 20:00:00+00:00,1.34105,1.34111,1.34012,1.34046,1415,10,0
2026-06-14 20:00:00+00:00,1.34062,1.3454,1.3396,1.3449,5123,10,0
2026-06-15 00:00:00+00:00,1.34488,1.34605,1.34325,1.34422,7859,10,0
2026-06-15 04:00:00+00:00,1.34422,1.3459699999999999,1.34275,1.34321,8865,10,0
2026-06-15 08:00:00+00:00,1.34323,1.34358,1.34181,1.3423,9346,10,0
2026-06-15 12:00:00+00:00,1.34226,1.3444,1.34164,1.34249,12134,10,0
2026-06-15 16:00:00+00:00,1.3424800000000001,1.34332,1.34073,1.34085,7808,10,0
2026-06-15 20:00:00+00:00,1.34082,1.34164,1.34039,1.34152,4580,4,0
2026-06-16 00:00:00+00:00,1.34152,1.34177,1.33967,1.34029,6651,10,0
2026-06-16 04:00:00+00:00,1.3403,1.34158,1.33898,1.3415599999999999,8388,10,0
2026-06-16 08:00:00+00:00,1.3415599999999999,1.3431199999999999,1.34108,1.3415,8984,10,0
2026-06-16 12:00:00+00:00,1.34151,1.34428,1.34025,1.34366,12608,10,0
2026-06-16 16:00:00+00:00,1.34369,1.34396,1.34214,1.34235,8107,10,0
2026-06-16 20:00:00+00:00,1.34233,1.34306,1.34212,1.3425,2885,10,0
2026-06-17 00:00:00+00:00,1.3425099999999999,1.34334,1.34235,1.34268,6270,10,0
2026-06-17 04:00:00+00:00,1.34266,1.34376,1.34081,1.34204,7726,10,0
2026-06-17 08:00:00+00:00,1.34207,1.34207,1.33989,1.34046,8839,10,0
2026-06-17 12:00:00+00:00,1.34048,1.3418,1.3384,1.33957,11910,10,0
2026-06-17 16:00:00+00:00,1.33957,1.3403100000000001,1.32618,1.3284500000000001,31061,10,0
2026-06-17 20:00:00+00:00,1.32849,1.33023,1.32768,1.33002,5426,10,0
2026-06-18 00:00:00+00:00,1.33004,1.3318400000000001,1.33,1.33163,8452,10,0
2026-06-18 04:00:00+00:00,1.33166,1.33246,1.32888,1.32965,10080,10,0
2026-06-18 08:00:00+00:00,1.32965,1.3296700000000001,1.3204500000000001,1.32105,15374,10,0
2026-06-18 12:00:00+00:00,1.32101,1.32532,1.32092,1.32251,19076,10,0
2026-06-18 16:00:00+00:00,1.32253,1.32301,1.31924,1.31989,12443,10,0
2026-06-18 20:00:00+00:00,1.31993,1.32071,1.31966,1.32012,3784,4,0
2026-06-19 00:00:00+00:00,1.3201399999999999,1.32111,1.31852,1.3187,7141,10,0
2026-06-19 04:00:00+00:00,1.31871,1.32077,1.31627,1.31948,11486,10,0
2026-06-19 08:00:00+00:00,1.31952,1.32404,1.31949,1.32288,10894,10,0
2026-06-19 12:00:00+00:00,1.32291,1.32396,1.3213,1.3219699999999999,12417,10,0
2026-06-19 16:00:00+00:00,1.32199,1.3237999999999999,1.32173,1.32329,6891,10,0
2026-06-19 20:00:00+00:00,1.32329,1.32399,1.32219,1.32334,8534,10,0
2026-06-21 20:00:00+00:00,1.31897,1.32111,1.31856,1.3207200000000001,3154,10,0
2026-06-22 00:00:00+00:00,1.3207499999999999,1.32333,1.32071,1.32121,8660,10,0
2026-06-22 04:00:00+00:00,1.32124,1.32203,1.3189,1.31939,10418,10,0
2026-06-22 08:00:00+00:00,1.31939,1.32473,1.3183,1.32349,15312,10,0
2026-06-22 12:00:00+00:00,1.32348,1.32727,1.32341,1.3247,20181,10,0
2026-06-22 16:00:00+00:00,1.32474,1.32495,1.32392,1.32467,8286,10,0
2026-06-22 20:00:00+00:00,1.32471,1.32519,1.32454,1.32461,3009,10,0
2026-06-23 00:00:00+00:00,1.32464,1.32492,1.32336,1.3248199999999999,8029,10,0
2026-06-23 04:00:00+00:00,1.32485,1.32496,1.3220100000000001,1.3225799999999999,10920,10,0
2026-06-23 08:00:00+00:00,1.32261,1.3235299999999999,1.32063,1.3207499999999999,11746,10,0
2026-06-23 12:00:00+00:00,1.32077,1.32216,1.31844,1.31895,15074,10,0
2026-06-23 16:00:00+00:00,1.31897,1.32002,1.31815,1.31947,7748,10,0
2026-06-23 20:00:00+00:00,1.31949,1.32036,1.3194,1.3199100000000001,3198,4,0
2026-06-24 00:00:00+00:00,1.31988,1.32044,1.3186499999999999,1.31985,9098,10,0
2026-06-24 04:00:00+00:00,1.31983,1.32086,1.31793,1.3186499999999999,10466,10,0
2026-06-24 08:00:00+00:00,1.31859,1.31974,1.3148,1.31622,12761,10,0
2026-06-24 12:00:00+00:00,1.31623,1.3171300000000001,1.31394,1.31575,16828,10,0
2026-06-24 16:00:00+00:00,1.31579,1.31785,1.31532,1.31604,10914,10,0
2026-06-24 20:00:00+00:00,1.31604,1.31695,1.31569,1.31636,4093,2,0
2026-06-25 00:00:00+00:00,1.31638,1.3183099999999999,1.31576,1.31819,8726,10,0
2026-06-25 04:00:00+00:00,1.31818,1.31851,1.3167,1.31845,8530,10,0
2026-06-25 08:00:00+00:00,1.31843,1.31971,1.31505,1.3155000000000001,9705,10,0
2026-06-25 12:00:00+00:00,1.3155000000000001,1.32185,1.31535,1.3214299999999999,19617,10,0
2026-06-25 16:00:00+00:00,1.32146,1.32188,1.31931,1.31996,10159,10,0
2026-06-25 20:00:00+00:00,1.31995,1.32012,1.31834,1.31866,4239,7,0
2026-06-26 00:00:00+00:00,1.31871,1.31993,1.3179699999999999,1.31972,8976,10,0
2026-06-26 04:00:00+00:00,1.31975,1.3211300000000001,1.31904,1.3204799999999999,9969,10,0
2026-06-26 08:00:00+00:00,1.3204500000000001,1.3228,1.31985,1.32159,11936,10,0
2026-06-26 12:00:00+00:00,1.32159,1.3231600000000001,1.31968,1.32208,16870,10,0
2026-06-26 16:00:00+00:00,1.32205,1.32209,1.31947,1.31981,8212,10,0
2026-06-26 20:00:00+00:00,1.31985,1.32034,1.31918,1.31968,1984,10,0
2026-06-28 20:00:00+00:00,1.3198699999999999,1.3204500000000001,1.31877,1.31963,2238,10,0
2026-06-29 00:00:00+00:00,1.31961,1.32097,1.31932,1.31979,7757,10,0
2026-06-29 04:00:00+00:00,1.31979,1.32278,1.3195700000000001,1.32129,7713,10,0
2026-06-29 08:00:00+00:00,1.3213300000000001,1.32345,1.32027,1.32307,9875,10,0
2026-06-29 12:00:00+00:00,1.32308,1.32534,1.32273,1.32527,14275,10,0
2026-06-29 16:00:00+00:00,1.32531,1.3262,1.325,1.3260100000000001,7034,10,0
2026-06-29 20:00:00+00:00,1.32603,1.32621,1.32494,1.3253,2521,10,0
2026-06-30 00:00:00+00:00,1.32527,1.32542,1.32309,1.32331,8755,10,0
2026-06-30 04:00:00+00:00,1.32332,1.32468,1.32223,1.32341,8968,10,0
2026-06-30 08:00:00+00:00,1.32338,1.32394,1.32144,1.3226200000000001,10358,10,0
2026-06-30 12:00:00+00:00,1.32263,1.32764,1.32117,1.3256999999999999,15818,10,0
2026-06-30 16:00:00+00:00,1.32569,1.32647,1.3247900000000001,1.32637,8118,10,0
2026-06-30 20:00:00+00:00,1.32635,1.32654,1.32486,1.32497,2970,4,0
2026-07-01 00:00:00+00:00,1.32497,1.32516,1.32312,1.3235000000000001,7195,10,0
2026-07-01 04:00:00+00:00,1.32352,1.32456,1.32282,1.3244,8091,10,0
2026-07-01 08:00:00+00:00,1.3244,1.32565,1.3238699999999999,1.32417,10103,10,0
2026-07-01 12:00:00+00:00,1.3242,1.32916,1.32185,1.32772,20322,10,0
2026-07-01 16:00:00+00:00,1.32774,1.32916,1.32709,1.32776,10040,10,0
2026-07-01 20:00:00+00:00,1.32774,1.328,1.3265500000000001,1.32782,2781,9,0
2026-07-02 00:00:00+00:00,1.32782,1.32944,1.32739,1.32863,7221,10,0
2026-07-02 04:00:00+00:00,1.32863,1.3338,1.3284799999999999,1.3336000000000001,11518,10,0
2026-07-02 08:00:00+00:00,1.33356,1.33624,1.33079,1.331,13650,10,0
2026-07-02 12:00:00+00:00,1.33098,1.33843,1.32966,1.33616,28982,10,0
2026-07-02 16:00:00+00:00,1.33619,1.3362,1.33375,1.33453,10946,10,0
2026-07-02 20:00:00+00:00,1.3345099999999999,1.33506,1.33369,1.33379,3478,7,0
2026-07-03 00:00:00+00:00,1.33379,1.3366,1.33342,1.3361,8700,10,0
2026-07-03 04:00:00+00:00,1.33613,1.33807,1.33578,1.33711,9500,10,0
2026-07-03 08:00:00+00:00,1.33715,1.33734,1.33486,1.33582,8812,10,0
2026-07-03 12:00:00+00:00,1.33581,1.33613,1.33454,1.33549,8446,10,0
2026-07-03 16:00:00+00:00,1.3355000000000001,1.33581,1.33509,1.33527,4314,10,0
2026-07-03 20:00:00+00:00,1.33528,1.33538,1.33457,1.33496,2857,10,0
2026-07-05 20:00:00+00:00,1.33419,1.33542,1.3338700000000001,1.33518,2259,10,0
2026-07-06 00:00:00+00:00,1.3351600000000001,1.33563,1.33385,1.33417,8220,10,0
2026-07-06 04:00:00+00:00,1.33414,1.33494,1.33283,1.33481,8559,10,0
2026-07-06 08:00:00+00:00,1.3348200000000001,1.335,1.3330199999999999,1.33438,9775,10,0
2026-07-06 12:00:00+00:00,1.33438,1.33678,1.3336700000000001,1.3367200000000001,12229,10,0
2026-07-06 16:00:00+00:00,1.33674,1.33967,1.33646,1.33914,7015,10,0
2026-07-06 20:00:00+00:00,1.3391,1.3401100000000001,1.33812,1.3394,2959,4,0
2026-07-07 00:00:00+00:00,1.33939,1.3401399999999999,1.33874,1.33894,7510,10,0
2026-07-07 04:00:00+00:00,1.33894,1.33931,1.33746,1.33769,8230,10,0
2026-07-07 08:00:00+00:00,1.3376700000000001,1.3394,1.3369,1.33876,9545,10,0
2026-07-07 12:00:00+00:00,1.33879,1.33924,1.3360400000000001,1.3370600000000001,13788,10,0
2026-07-07 16:00:00+00:00,1.33707,1.33761,1.3348200000000001,1.33608,9165,10,0
2026-07-07 20:00:00+00:00,1.33605,1.33622,1.33446,1.33462,3363,9,0
2026-07-08 00:00:00+00:00,1.33464,1.33588,1.33416,1.33541,9134,10,0
2026-07-08 04:00:00+00:00,1.3354,1.33696,1.335,1.33646,9952,10,0
2026-07-08 08:00:00+00:00,1.33647,1.33696,1.33218,1.33356,18617,10,0
2026-07-08 12:00:00+00:00,1.33358,1.33773,1.3334,1.33599,18098,10,0
2026-07-08 16:00:00+00:00,1.33602,1.341,1.33597,1.3401399999999999,11770,10,0
2026-07-08 20:00:00+00:00,1.34015,1.34036,1.33834,1.33933,3607,4,0
2026-07-09 00:00:00+00:00,1.33935,1.34039,1.33863,1.33956,7817,10,0
2026-07-09 04:00:00+00:00,1.33956,1.34304,1.33929,1.34146,9579,10,0
2026-07-09 08:00:00+00:00,1.34144,1.34211,1.33841,1.3388200000000001,9601,10,0
2026-07-09 12:00:00+00:00,1.33883,1.34106,1.33801,1.34064,13037,10,0
2026-07-09 16:00:00+00:00,1.34067,1.34189,1.34019,1.3407200000000001,7597,10,0
2026-07-09 20:00:00+00:00,1.3407200000000001,1.3413,1.3396,1.3413,2911,9,0
2026-07-10 00:00:00+00:00,1.3413,1.34514,1.34079,1.3439,9464,10,0
2026-07-10 04:00:00+00:00,1.34388,1.34388,1.34199,1.34212,9112,10,0
2026-07-10 08:00:00+00:00,1.34211,1.34368,1.3408,1.34256,10915,10,0
2026-07-10 12:00:00+00:00,1.3425799999999999,1.34365,1.33914,1.34201,15299,10,0
2026-07-10 16:00:00+00:00,1.34201,1.34232,1.33922,1.33979,8639,10,0
2026-07-10 20:00:00+00:00,1.33982,1.3402,1.33938,1.33998,1864,10,0
2026-07-12 20:00:00+00:00,1.3385099999999999,1.33872,1.33687,1.33861,3341,10,0
2026-07-13 00:00:00+00:00,1.33862,1.3387,1.33663,1.33781,10903,10,0
2026-07-13 04:00:00+00:00,1.33779,1.33949,1.33737,1.33928,11493,10,0
2026-07-13 08:00:00+00:00,1.33931,1.34113,1.33809,1.33931,12398,10,0
2026-07-13 12:00:00+00:00,1.33929,1.34022,1.33629,1.33796,16378,10,0
2026-07-13 16:00:00+00:00,1.33798,1.33838,1.3351199999999999,1.3353,11362,10,0
2026-07-13 20:00:00+00:00,1.33528,1.33548,1.334,1.3349199999999999,3616,9,0
2026-07-14 00:00:00+00:00,1.33493,1.3363800000000001,1.3342,1.336,10493,10,0
2026-07-14 04:00:00+00:00,1.33601,1.33693,1.33509,1.33569,9497,10,0
2026-07-14 08:00:00+00:00,1.3357299999999999,1.3387,1.33534,1.33836,11401,10,0
2026-07-14 12:00:00+00:00,1.33836,1.3443100000000001,1.3379400000000001,1.33826,26390,10,0
2026-07-14 16:00:00+00:00,1.33823,1.33915,1.3367499999999999,1.33875,10962,10,0
2026-07-14 20:00:00+00:00,1.33876,1.33963,1.33723,1.33961,3456,9,0
2026-07-15 00:00:00+00:00,1.33962,1.3409,1.33939,1.34032,7514,10,0
2026-07-15 04:00:00+00:00,1.34032,1.34196,1.33999,1.3401399999999999,9150,10,0
2026-07-15 08:00:00+00:00,1.34015,1.34147,1.33803,1.3409499999999999,9669,10,0
2026-07-15 12:00:00+00:00,1.3409200000000001,1.34973,1.34021,1.34952,16916,10,0
2026-07-15 16:00:00+00:00,1.34948,1.35578,1.34934,1.35346,14542,10,0
2026-07-15 20:00:00+00:00,1.35346,1.35433,1.35316,1.35382,3772,9,0
2026-07-16 00:00:00+00:00,1.35382,1.35438,1.35193,1.35324,9217,10,0
2026-07-16 04:00:00+00:00,1.35327,1.35422,1.35267,1.3532899999999999,9859,10,0
2026-07-16 08:00:00+00:00,1.35328,1.3534,1.3493,1.35062,10880,10,0
2026-07-16 12:00:00+00:00,1.35063,1.3517000000000001,1.3479700000000001,1.34827,15636,10,0
2026-07-16 16:00:00+00:00,1.3483,1.3483100000000001,1.34592,1.34744,8740,10,0
2026-07-16 20:00:00+00:00,1.34741,1.34799,1.34726,1.3477700000000001,2916,9,0
2026-07-17 00:00:00+00:00,1.3477700000000001,1.34795,1.34616,1.3465,7783,10,0
2026-07-17 04:00:00+00:00,1.34653,1.3480400000000001,1.34564,1.34565,9207,10,0
2026-07-17 08:00:00+00:00,1.34569,1.3462100000000001,1.34259,1.34379,11611,10,0
2026-07-17 12:00:00+00:00,1.34379,1.34546,1.34276,1.3444099999999999,14236,10,0
2026-07-17 16:00:00+00:00,1.34445,1.3459699999999999,1.34371,1.3458,8890,10,0
2026-07-17 20:00:00+00:00,1.34582,1.34595,1.3449900000000001,1.34523,1871,10,0
2026-07-19 20:00:00+00:00,1.34461,1.345,1.34299,1.34448,3862,10,0
2026-07-20 00:00:00+00:00,1.34449,1.34629,1.34426,1.34603,7503,10,0
2026-07-20 04:00:00+00:00,1.34603,1.3480699999999999,1.34568,1.34759,8157,10,0
2026-07-20 08:00:00+00:00,1.3476,1.34782,1.34569,1.3462399999999999,10180,10,0
2026-07-20 12:00:00+00:00,1.34623,1.34644,1.34131,1.3418,13233,10,0
2026-07-20 16:00:00+00:00,1.34179,1.34391,1.34115,1.34347,8800,10,0
2026-07-20 20:00:00+00:00,1.34348,1.34366,1.34181,1.34307,2933,7,0
2026-07-21 00:00:00+00:00,1.34308,1.34391,1.34262,1.3436,7256,10,0
2026-07-21 04:00:00+00:00,1.3436,1.34552,1.34353,1.34401,8223,10,0
2026-07-21 08:00:00+00:00,1.34401,1.34481,1.3401,1.34052,10022,10,0
2026-07-21 12:00:00+00:00,1.34051,1.3406799999999999,1.33593,1.3372600000000001,16115,10,0
2026-07-21 16:00:00+00:00,1.33727,1.33869,1.33688,1.338,7112,10,0
2026-07-21 20:00:00+00:00,1.33802,1.33804,1.3370199999999999,1.33784,3037,7,0
2026-07-22 00:00:00+00:00,1.33783,1.33894,1.3377,1.3382100000000001,7632,10,0
2026-07-22 04:00:00+00:00,1.3382399999999999,1.3395000000000001,1.33686,1.3382100000000001,9580,10,0
2026-07-22 08:00:00+00:00,1.3382100000000001,1.33837,1.3363,1.33666,10581,10,0
2026-07-22 12:00:00+00:00,1.33667,1.33905,1.33542,1.33759,12380,10,0
2026-07-22 16:00:00+00:00,1.33757,1.3376000000000001,1.33648,1.3372899999999999,6925,10,0
2026-07-22 20:00:00+00:00,1.3373300000000001,1.33765,1.3366799999999999,1.33741,3318,9,0
2026-07-23 00:00:00+00:00,1.33745,1.3391,1.33725,1.33878,8017,10,0
2026-07-23 04:00:00+00:00,1.33879,1.33931,1.33666,1.3373300000000001,8924,10,0
2026-07-23 08:00:00+00:00,1.33735,1.3377,1.33396,1.33548,10966,10,0
2026-07-23 12:00:00+00:00,1.33548,1.33555,1.32983,1.33098,17736,10,0
2026-07-23 16:00:00+00:00,1.33101,1.33251,1.33096,1.33166,9388,10,0
2026-07-23 20:00:00+00:00,1.3317,1.33191,1.33093,1.33118,2727,9,0
2026-07-24 00:00:00+00:00,1.33114,1.33263,1.33107,1.3314,7481,10,0
2026-07-24 04:00:00+00:00,1.33142,1.33439,1.33061,1.33352,8322,10,0
2026-07-24 08:00:00+00:00,1.33354,1.33365,1.3312300000000001,1.33219,9964,10,0
2026-07-24 12:00:00+00:00,1.33225,1.33484,1.33051,1.33411,13461,10,0
2026-07-24 16:00:00+00:00,1.33414,1.3345,1.33208,1.33209,7483,10,0
2026-07-24 20:00:00+00:00,1.3321,1.3327,1.33163,1.3323800000000001,1343,10,0
2026-07-26 20:00:00+00:00,1.33305,1.33561,1.33219,1.33501,3052,10,0
2026-07-27 00:00:00+00:00,1.33504,1.33631,1.33491,1.33523,9185,10,0
2026-07-27 04:00:00+00:00,1.33524,1.3360699999999999,1.33338,1.33344,8997,10,0
2026-07-27 08:00:00+00:00,1.33343,1.33407,1.3309,1.33137,9635,10,0
2026-07-27 12:00:00+00:00,1.33135,1.33206,1.32987,1.33016,12072,10,0
2026-07-27 16:00:00+00:00,1.3302,1.33138,1.3283800000000001,1.32915,8810,10,0
2026-07-27 20:00:00+00:00,1.32911,1.32925,1.32824,1.32895,2632,2,0
2026-07-28 00:00:00+00:00,1.32895,1.33037,1.32853,1.32975,6559,10,0
2026-07-28 04:00:00+00:00,1.32973,1.33045,1.3285,1.32912,7356,10,0
2026-07-28 08:00:00+00:00,1.32912,1.3305,1.32729,1.3278699999999999,8667,10,0
2026-07-28 12:00:00+00:00,1.3279,1.33106,1.32786,1.33086,11563,10,0
2026-07-28 16:00:00+00:00,1.33086,1.33109,1.32861,1.32874,7582,10,0
2026-07-28 20:00:00+00:00,1.3287499999999999,1.32912,1.32802,1.32864,3393,7,0
2026-07-29 00:00:00+00:00,1.32864,1.32988,1.3281399999999999,1.32946,8075,10,0
2026-07-29 04:00:00+00:00,1.32947,1.33067,1.3293599999999999,1.33016,7602,10,0
2026-07-29 08:00:00+00:00,1.33018,1.33086,1.3288,1.32924,7735,10,0
2026-07-29 12:00:00+00:00,1.32925,1.3304,1.3277999999999999,1.32861,11197,10,0
2026-07-29 16:00:00+00:00,1.32864,1.33868,1.32791,1.3346,22723,10,0
2026-07-29 20:00:00+00:00,1.33457,1.33753,1.33425,1.33661,6270,10,0
2026-07-30 00:00:00+00:00,1.33663,1.33678,1.33415,1.33448,8400,10,0
2026-07-30 04:00:00+00:00,1.33448,1.33563,1.33324,1.33378,9215,10,0
2026-07-30 08:00:00+00:00,1.33379,1.3406500000000001,1.33376,1.33876,13197,10,0
2026-07-30 12:00:00+00:00,1.33875,1.34628,1.33667,1.34585,31105,10,0
2026-07-30 16:00:00+00:00,1.3458700000000001,1.34765,1.34539,1.34692,11741,10,0
2026-07-30 20:00:00+00:00,1.34694,1.34725,1.34588,1.346,4144,10,0
2026-07-31 00:00:00+00:00,1.34601,1.34645,1.34447,1.34509,10064,10,0
2026-07-31 04:00:00+00:00,1.34508,1.3462,1.3439999999999999,1.34519,10904,10,0
2026-07-31 08:00:00+00:00,1.3452,1.34674,1.3417,1.34179,13523,10,0
2026-07-31 12:00:00+00:00,1.34175,1.34722,1.33995,1.3467500000000001,21218,10,0
2026-07-31 16:00:00+00:00,1.34672,1.34878,1.3461,1.34764,12099,10,0
2026-07-31 20:00:00+00:00,1.34764,1.34947,1.34722,1.34802,5701,10,0
2026-08-02 20:00:00+00:00,1.3492,1.35059,1.34771,1.34906,4608,10,0
2026-08-03 00:00:00+00:00,1.34909,1.35025,1.34635,1.34671,12754,10,0
2026-08-03 04:00:00+00:00,1.34671,1.34776,1.3452600000000001,1.34605,9125,10,0
2026-08-03 08:00:00+00:00,1.34606,1.3467500000000001,1.34473,1.34674,9774,10,0
2026-08-03 12:00:00+00:00,1.34672,1.3471199999999999,1.3422,1.34334,14307,10,0
2026-08-03 16:00:00+00:00,1.34338,1.3436,1.34168,1.34307,7926,10,0
2026-08-03 20:00:00+00:00,1.34306,1.34338,1.34222,1.34266,3565,10,0
2026-08-04 00:00:00+00:00,1.34266,1.34327,1.34196,1.34257,8784,10,0
2026-08-04 04:00:00+00:00,1.34254,1.34385,1.3418999999999999,1.34359,8808,10,0
2026-08-04 08:00:00+00:00,1.34357,1.34545,1.34322,1.34461,9823,10,0
2026-08-04 12:00:00+00:00,1.34462,1.3455,1.34372,1.34539,12359,10,0
2026-08-04 16:00:00+00:00,1.3454,1.3455599999999999,1.3439,1.34498,7585,10,0
2026-08-04 20:00:00+00:00,1.3449499999999999,1.34541,1.34413,1.345,3718,9,0
2026-08-05 00:00:00+00:00,1.34503,1.3459400000000001,1.34435,1.34551,7748,10,0
2026-08-05 04:00:00+00:00,1.3455,1.34688,1.34503,1.34674,8416,10,0
2026-08-05 08:00:00+00:00,1.34673,1.34821,1.34534,1.34786,8969,10,0
2026-08-05 12:00:00+00:00,1.34789,1.34857,1.34565,1.34616,13760,10,0
2026-08-05 16:00:00+00:00,1.34615,1.34726,1.34545,1.34636,7865,10,0
2026-08-05 20:00:00+00:00,1.34638,1.34706,1.3461400000000001,1.34687,3336,9,0
2026-08-06 00:00:00+00:00,1.3469,1.34721,1.34576,1.34599,7742,10,0
2026-08-06 04:00:00+00:00,1.34599,1.3464800000000001,1.3454,1.34592,6909,10,0
2026-08-06 08:00:00+00:00,1.34592,1.34684,1.34514,1.34684,8369,10,0
2026-08-06 12:00:00+00:00,1.34684,1.34791,1.34489,1.34531,12027,10,0
2026-08-06 16:00:00+00:00,1.3453300000000001,1.34588,1.34482,1.34545,8256,10,0
2026-08-06 20:00:00+00:00,1.34542,1.34555,1.34399,1.34542,3091,7,0
2026-08-07 00:00:00+00:00,1.34542,1.34562,1.3447200000000001,1.34527,5822,10,0
2026-08-07 04:00:00+00:00,1.34527,1.34576,1.34449,1.34474,6695,10,0
2026-08-07 08:00:00+00:00,1.34477,1.34497,1.34337,1.34489,7412,10,0
2026-08-07 12:00:00+00:00,1.3449200000000001,1.35087,1.3444,1.34951,19447,10,0
2026-08-07 16:00:00+00:00,1.34955,1.35035,1.34913,1.34974,8876,10,0
2026-08-07 20:00:00+00:00,1.34973,1.3498299999999999,1.3489,1.34925,1846,10,0
2026-08-09 20:00:00+00:00,1.34936,1.34949,1.34767,1.34883,2845,10,0
2026-08-10 00:00:00+00:00,1.34882,1.34937,1.34828,1.34845,6828,10,0
2026-08-10 04:00:00+00:00,1.34845,1.35011,1.34833,1.34958,7368,10,0
2026-08-10 08:00:00+00:00,1.34961,1.35064,1.3492199999999999,1.35008,7806,10,0
2026-08-10 12:00:00+00:00,1.35005,1.3529900000000001,1.3489499999999999,1.35248,12275,10,0
2026-08-10 16:00:00+00:00,1.35252,1.35264,1.35046,1.35074,6798,10,0
2026-08-10 20:00:00+00:00,1.35076,1.35113,1.35036,1.3510499999999999,2682,10,0
2026-08-11 00:00:00+00:00,1.35108,1.3515,1.3502,1.35097,6363,10,0
2026-08-11 04:00:00+00:00,1.35099,1.35153,1.34941,1.3496000000000001,8386,10,0
2026-08-11 08:00:00+00:00,1.34961,1.3508200000000001,1.3492600000000001,1.3493,8444,10,0
2026-08-11 12:00:00+00:00,1.34933,1.35144,1.34915,1.35144,10507,10,0
2026-08-11 16:00:00+00:00,1.35148,1.35152,1.34961,1.35076,6164,10,0
2026-08-11 20:00:00+00:00,1.35077,1.35104,1.35011,1.35089,2874,4,0
2026-08-12 00:00:00+00:00,1.35089,1.35111,1.35012,1.3505099999999999,5626,10,0
2026-08-12 04:00:00+00:00,1.3505,1.35113,1.35018,1.3508200000000001,5685,10,0
2026-08-12 08:00:00+00:00,1.3508200000000001,1.35293,1.35064,1.3526,8295,10,0
2026-08-12 12:00:00+00:00,1.35259,1.35455,1.35011,1.35093,18498,10,0
2026-08-12 16:00:00+00:00,1.35091,1.3510900000000001,1.34873,1.3492199999999999,7217,10,0
2026-08-12 20:00:00+00:00,1.34921,1.34975,1.34893,1.34968,2434,10,0
2026-08-13 00:00:00+00:00,1.3497,1.35003,1.34862,1.34897,6119,10,0
2026-08-13 04:00:00+00:00,1.34896,1.34981,1.3473899999999999,1.34822,7544,10,0
2026-08-13 08:00:00+00:00,1.34822,1.35008,1.34748,1.34916,7450,10,0
2026-08-13 12:00:00+00:00,1.34916,1.35129,1.34832,1.34954,13552,10,0
2026-08-13 16:00:00+00:00,1.34952,1.34958,1.34792,1.3486500000000001,7348,10,0
2026-08-13 20:00:00+00:00,1.34867,1.34905,1.3482,1.34896,2887,10,0
2026-08-14 00:00:00+00:00,1.3489499999999999,1.34976,1.34882,1.34944,6311,10,0
2026-08-14 04:00:00+00:00,1.34947,1.3513,1.34941,1.35117,7013,10,0
2026-08-14 08:00:00+00:00,1.35119,1.3542399999999999,1.3511600000000001,1.35347,8478,10,0
2026-08-14 12:00:00+00:00,1.35344,1.35614,1.35323,1.35533,14284,10,0
2026-08-14 16:00:00+00:00,1.35534,1.35561,1.35267,1.35343,7403,10,0
2026-08-14 20:00:00+00:00,1.35344,1.35364,1.35312,1.35333,1500,10,0
2026-08-16 20:00:00+00:00,1.3535300000000001,1.35468,1.35243,1.35456,2075,10,0
2026-08-17 00:00:00+00:00,1.35456,1.35564,1.35456,1.35515,6597,10,0
2026-08-17 04:00:00+00:00,1.35518,1.35709,1.3549,1.3563100000000001,8416,10,0
2026-08-17 08:00:00+00:00,1.3563100000000001,1.35706,1.35487,1.35561,9136,10,0
2026-08-17 12:00:00+00:00,1.35562,1.3568500000000001,1.35496,1.35614,11153,10,0
2026-08-17 16:00:00+00:00,1.35613,1.35642,1.35354,1.35427,7185,10,0
2026-08-17 20:00:00+00:00,1.35425,1.35515,1.35378,1.35498,2562,9,0
2026-08-18 00:00:00+00:00,1.35498,1.35537,1.35336,1.35348,6820,10,0
2026-08-18 04:00:00+00:00,1.35345,1.35426,1.3519,1.3528,8261,10,0
2026-08-18 08:00:00+00:00,1.35281,1.35334,1.35192,1.3526500000000001,7706,10,0
2026-08-18 12:00:00+00:00,1.3526500000000001,1.35504,1.3523100000000001,1.35422,11954,10,0
2026-08-18 16:00:00+00:00,1.35423,1.35467,1.35309,1.35324,6556,10,0
2026-08-18 20:00:00+00:00,1.35325,1.35359,1.3528,1.35358,3107,7,0
2026-08-19 00:00:00+00:00,1.35361,1.35434,1.3523,1.35367,8356,10,0
2026-08-19 04:00:00+00:00,1.35367,1.35575,1.3535599999999999,1.35554,8770,10,0
2026-08-19 08:00:00+00:00,1.35551,1.35656,1.35471,1.35522,9188,10,0
2026-08-19 12:00:00+00:00,1.35523,1.36299,1.35518,1.3606500000000001,21012,10,0
2026-08-19 16:00:00+00:00,1.36067,1.36155,1.35894,1.3607,11849,10,0
2026-08-19 20:00:00+00:00,1.36073,1.36097,1.3598,1.3599700000000001,3404,9,0
2026-08-20 00:00:00+00:00,1.35996,1.36145,1.35941,1.36135,9845,10,0
2026-08-20 04:00:00+00:00,1.36137,1.3631,1.35994,1.3624399999999999,9739,10,0
2026-08-20 08:00:00+00:00,1.3624100000000001,1.3659,1.36225,1.36314,11427,10,0
2026-08-20 12:00:00+00:00,1.36313,1.36525,1.36198,1.36362,17912,10,0
2026-08-20 16:00:00+00:00,1.36365,1.36375,1.36203,1.36282,8908,10,0
2026-08-20 20:00:00+00:00,1.36283,1.3643399999999999,1.3627099999999999,1.36425,2925,4,0
2026-08-21 00:00:00+00:00,1.36422,1.3654899999999999,1.3636300000000001,1.3645399999999999,8171,10,0
2026-08-21 04:00:00+00:00,1.3645399999999999,1.36529,1.36372,1.36404,8839,10,0
2026-08-21 08:00:00+00:00,1.36404,1.36753,1.36349,1.36567,12205,10,0
2026-08-21 12:00:00+00:00,1.36567,1.36595,1.3618000000000001,1.36414,14823,10,0
2026-08-21 16:00:00+00:00,1.36413,1.36462,1.36362,1.36413,1508,10,0
