time,open,high,low,close,tick_volume,spread,real_volume
2023-08-21 00:00:00+00:00,34523.4,34552.1,34482.4,34524.2,3721,72,0
2023-08-21 04:00:00+00:00,34523.6,34600.0,34473.5,34599.8,3892,72,0
2023-08-21 08:00:00+00:00,34598.9,34656.9,34566.5,34638.7,5097,71,0
2023-08-21 12:00:00+00:00,34638.6,34655.3,34257.6,34284.5,12952,72,0
2023-08-21 16:00:00+00:00,34282.9,34552.9,34277.4,34476.8,11141,72,0
2023-08-21 20:00:00+00:00,34479.8,34480.7,34433.5,34437.6,1222,74,0
2023-08-22 00:00:00+00:00,34437.5,34470.1,34419.6,34461.5,3157,72,0
2023-08-22 04:00:00+00:00,34462.1,34544.6,34434.6,34533.9,4013,70,0
2023-08-22 08:00:00+00:00,34534.8,34588.2,34516.3,34583.6,4930,70,0
2023-08-22 12:00:00+00:00,34584.2,34605.7,34330.4,34346.5,12193,70,0
2023-08-22 16:00:00+00:00,34344.9,34389.8,34260.5,34305.4,10610,74,0
2023-08-22 20:00:00+00:00,34304.9,34331.9,34294.6,34320.9,931,74,0
2023-08-23 00:00:00+00:00,34321.9,34399.2,34318.6,34384.1,2462,71,0
2023-08-23 04:00:00+00:00,34385.0,34446.1,34373.6,34396.5,3628,70,0
2023-08-23 08:00:00+00:00,34396.0,34458.1,34334.3,34362.7,5805,70,0
2023-08-23 12:00:00+00:00,34361.8,34467.3,34301.0,34450.0,11015,72,0
2023-08-23 16:00:00+00:00,34448.6,34553.9,34430.7,34492.8,9120,71,0
2023-08-23 20:00:00+00:00,34491.8,34534.8,34463.3,34493.5,2996,75,0
2023-08-24 00:00:00+00:00,34494.9,34548.1,34476.6,34525.2,2927,69,0
2023-08-24 04:00:00+00:00,34524.6,34576.2,34464.7,34479.4,4167,70,0
2023-08-24 08:00:00+00:00,34480.7,34513.8,34408.6,34441.7,5753,71,0
2023-08-24 12:00:00+00:00,34442.6,34702.5,34265.4,34269.8,14216,72,0
2023-08-24 16:00:00+00:00,34268.6,34326.8,34089.2,34095.0,12539,73,0
2023-08-24 20:00:00+00:00,34091.1,34139.0,34060.1,34126.1,2341,72,0
2023-08-25 00:00:00+00:00,34127.1,34167.2,34123.9,34144.2,3047,71,0
2023-08-25 04:00:00+00:00,34145.1,34193.7,34122.4,34168.0,4068,70,0
2023-08-25 08:00:00+00:00,34168.2,34222.8,34144.6,34213.8,4894,69,0
2023-08-25 12:00:00+00:00,34213.2,34361.0,34027.0,34177.7,16771,69,0
2023-08-25 16:00:00+00:00,34174.0,34444.6,34171.5,34341.2,14517,75,0
2023-08-27 20:00:00+00:00,34412.1,34420.6,34395.3,34416.1,773,83,0
2023-08-28 00:00:00+00:00,34417.5,34423.2,34385.6,34392.9,2965,70,0
2023-08-28 04:00:00+00:00,34394.2,34463.6,34394.2,34421.0,2712,70,0
2023-08-28 08:00:00+00:00,34420.1,34457.1,34405.2,34456.0,3756,70,0
2023-08-28 12:00:00+00:00,34456.7,34671.8,34451.1,34546.5,11793,69,0
2023-08-28 16:00:00+00:00,34545.6,34627.7,34458.6,34574.2,10750,72,0
2023-08-28 20:00:00+00:00,34575.7,34611.9,34568.3,34594.5,1119,74,0
2023-08-29 00:00:00+00:00,34594.1,34605.1,34571.1,34595.3,2210,69,0
2023-08-29 04:00:00+00:00,34596.1,34659.5,34560.5,34569.5,3178,70,0
2023-08-29 08:00:00+00:00,34569.6,34631.5,34540.2,34549.6,5515,71,0
2023-08-29 12:00:00+00:00,34549.8,34791.7,34513.5,34769.8,11373,71,0
2023-08-29 16:00:00+00:00,34771.6,34884.9,34761.4,34872.2,7707,73,0
2023-08-29 20:00:00+00:00,34872.1,34899.5,34854.2,34856.3,1185,77,0
2023-08-30 00:00:00+00:00,34856.2,34903.1,34853.4,34891.2,2030,71,0
2023-08-30 04:00:00+00:00,34890.6,34898.2,34807.1,34871.3,3676,71,0
2023-08-30 08:00:00+00:00,34870.8,34875.1,34815.1,34826.3,5205,70,0
2023-08-30 12:00:00+00:00,34825.5,35048.8,34819.7,34928.6,12432,70,0
2023-08-30 16:00:00+00:00,34927.6,34954.0,34854.1,34915.8,9456,70,0
2023-08-30 20:00:00+00:00,34917.1,34997.4,34910.4,34960.1,1121,74,0
2023-08-31 00:00:00+00:00,34961.7,35001.0,34961.6,34981.6,1992,69,0
2023-08-31 04:00:00+00:00,34981.5,35037.8,34968.5,35033.6,3353,69,0
2023-08-31 08:00:00+00:00,35033.2,35083.3,34993.5,35073.8,5385,69,0
2023-08-31 12:00:00+00:00,35073.3,35125.1,34895.6,34926.9,11586,71,0
2023-08-31 16:00:00+00:00,34927.0,34933.0,34732.8,34738.3,9786,71,0
2023-08-31 20:00:00+00:00,34725.5,34782.1,34725.5,34778.4,1235,75,0
2023-09-01 00:00:00+00:00,34779.0,34799.1,34775.6,34795.2,1731,69,0
2023-09-01 04:00:00+00:00,34796.2,34845.7,34765.5,34841.6,3042,69,0
2023-09-01 08:00:00+00:00,34841.7,34893.7,34828.2,34876.2,5164,68,0
2023-09-01 12:00:00+00:00,34875.9,34988.5,34721.4,34740.5,14787,70,0
2023-09-01 16:00:00+00:00,34741.1,34860.6,34726.6,34858.9,8417,70,0
2023-09-03 20:00:00+00:00,34838.4,34845.6,34822.5,34841.5,433,84,0
2023-09-04 00:00:00+00:00,34843.0,34869.2,34840.7,34857.2,2040,68,0
2023-09-04 04:00:00+00:00,34856.7,34929.3,34851.8,34915.3,2594,68,0
2023-09-04 08:00:00+00:00,34916.2,34937.8,34898.6,34904.2,3497,68,0
2023-09-04 12:00:00+00:00,34904.7,34943.9,34768.5,34804.1,4204,69,0
2023-09-04 16:00:00+00:00,34802.6,34813.0,34792.6,34803.7,413,72,0
2023-09-04 20:00:00+00:00,34821.2,34839.1,34814.1,34835.1,501,73,0
2023-09-05 00:00:00+00:00,34832.6,34840.0,34794.7,34801.8,2096,69,0
2023-09-05 04:00:00+00:00,34800.8,34821.9,34742.5,34755.8,3652,69,0
2023-09-05 08:00:00+00:00,34754.9,34870.8,34739.6,34856.7,5831,67,0
2023-09-05 12:00:00+00:00,34856.9,34903.3,34750.7,34809.8,11755,68,0
2023-09-05 16:00:00+00:00,34811.2,34826.2,34656.7,34664.4,8188,70,0
2023-09-05 20:00:00+00:00,34665.3,34692.1,34662.4,34688.7,1064,72,0
2023-09-06 00:00:00+00:00,34688.6,34700.2,34653.8,34659.8,2075,65,0
2023-09-06 04:00:00+00:00,34658.9,34677.1,34592.8,34604.0,3800,66,0
2023-09-06 08:00:00+00:00,34601.9,34642.7,34581.7,34606.4,5490,69,0
2023-09-06 12:00:00+00:00,34606.4,34625.7,34430.8,34446.6,11879,68,0
2023-09-06 16:00:00+00:00,34447.3,34493.1,34311.6,34464.4,9696,71,0
2023-09-06 20:00:00+00:00,34467.2,34471.6,34437.4,34461.2,1078,72,0
2023-09-07 00:00:00+00:00,34460.6,34470.9,34445.7,34454.9,1894,68,0
2023-09-07 04:00:00+00:00,34455.4,34456.4,34367.3,34436.7,4258,67,0
2023-09-07 08:00:00+00:00,34437.7,34517.6,34424.5,34429.7,5419,70,0
2023-09-07 12:00:00+00:00,34429.5,34541.6,34356.5,34496.7,12114,71,0
2023-09-07 16:00:00+00:00,34498.1,34574.0,34465.6,34515.4,9133,70,0
2023-09-07 20:00:00+00:00,34517.5,34545.3,34494.3,34531.6,897,73,0
2023-09-08 00:00:00+00:00,34532.1,34544.2,34498.5,34539.3,1538,69,0
2023-09-08 04:00:00+00:00,34538.7,34608.7,34515.8,34560.8,3425,69,0
2023-09-08 08:00:00+00:00,34562.0,34579.2,34426.5,34470.8,7296,69,0
2023-09-08 12:00:00+00:00,34470.9,34644.0,34465.2,34581.9,10238,68,0
2023-09-08 16:00:00+00:00,34582.9,34634.0,34511.9,34582.9,10076,69,0
2023-09-10 20:00:00+00:00,34598.8,34625.0,34592.9,34624.4,613,75,0
2023-09-11 00:00:00+00:00,34625.0,34635.6,34585.3,34608.8,2467,70,0
2023-09-11 04:00:00+00:00,34610.2,34740.3,34608.7,34728.1,3649,68,0
2023-09-11 08:00:00+00:00,34723.6,34727.8,34645.3,34649.1,5121,68,0
2023-09-11 12:00:00+00:00,34648.6,34822.6,34604.5,34621.1,10034,68,0
2023-09-11 16:00:00+00:00,34621.1,34729.1,34615.7,34702.9,6704,69,0
2023-09-11 20:00:00+00:00,34697.6,34703.1,34679.4,34687.1,992,72,0
2023-09-12 00:00:00+00:00,34686.5,34693.2,34652.5,34689.2,2091,69,0
2023-09-12 04:00:00+00:00,34690.1,34695.9,34628.8,34639.6,3416,71,0
2023-09-12 08:00:00+00:00,34638.7,34675.7,34619.4,34628.6,5630,68,0
2023-09-12 12:00:00+00:00,34628.1,34756.1,34570.2,34751.6,9702,70,0
2023-09-12 16:00:00+00:00,34752.2,34889.9,34626.7,34679.8,9078,70,0
2023-09-12 20:00:00+00:00,34676.3,34702.9,34672.4,34686.5,876,73,0
2023-09-13 00:00:00+00:00,34687.1,34693.8,34618.7,34621.3,2172,70,0
2023-09-13 04:00:00+00:00,34619.8,34722.6,34615.8,34688.5,4101,69,0
2023-09-13 08:00:00+00:00,34688.0,34695.0,34615.1,34667.6,6048,68,0
2023-09-13 12:00:00+00:00,34668.9,34808.4,34583.8,34732.6,13728,71,0
2023-09-13 16:00:00+00:00,34734.0,34759.0,34534.3,34608.6,9679,71,0
2023-09-13 20:00:00+00:00,34611.6,34631.7,34602.5,34629.5,1075,73,0
2023-09-14 00:00:00+00:00,34630.1,34682.9,34623.6,34680.6,2111,69,0
2023-09-14 04:00:00+00:00,34681.2,34690.9,34635.7,34644.2,4089,69,0
2023-09-14 08:00:00+00:00,34643.3,34723.6,34617.0,34685.0,6738,67,0
2023-09-14 12:00:00+00:00,34685.3,34871.1,34664.8,34865.6,13347,70,0
2023-09-14 16:00:00+00:00,34866.9,35012.1,34861.4,34949.9,7608,70,0
2023-09-14 20:00:00+00:00,34952.3,35001.9,34944.5,34978.1,1264,72,0
2023-09-15 00:00:00+00:00,34979.0,35038.1,34977.5,35032.7,2082,69,0
2023-09-15 04:00:00+00:00,35031.8,35041.2,34996.4,35018.2,4235,68,0
2023-09-15 08:00:00+00:00,35018.7,35052.4,35004.1,35018.9,5373,67,0
2023-09-15 12:00:00+00:00,35018.7,35038.4,34685.4,34738.0,12103,67,0
2023-09-15 16:00:00+00:00,34739.0,34759.1,34587.4,34629.3,9996,70,0
2023-09-17 20:00:00+00:00,34670.1,34691.9,34663.3,34688.0,532,76,0
2023-09-18 00:00:00+00:00,34689.0,34699.8,34671.6,34695.7,2127,70,0
2023-09-18 04:00:00+00:00,34694.8,34704.1,34652.3,34689.6,3312,69,0
2023-09-18 08:00:00+00:00,34691.0,34696.0,34592.2,34611.7,5619,67,0
2023-09-18 12:00:00+00:00,34611.9,34736.8,34557.6,34727.1,10980,70,0
2023-09-18 16:00:00+00:00,34727.9,34746.8,34616.6,34637.6,7617,69,0
2023-09-18 20:00:00+00:00,34643.0,34670.0,34633.5,34663.6,814,72,0
2023-09-19 00:00:00+00:00,34665.1,34672.3,34639.7,34649.4,1938,67,0
2023-09-19 04:00:00+00:00,34650.3,34690.9,34619.7,34682.2,2897,66,0
2023-09-19 08:00:00+00:00,34681.3,34707.6,34662.7,34677.4,4438,65,0
2023-09-19 12:00:00+00:00,34677.4,34685.5,34354.9,34376.0,10599,65,0
2023-09-19 16:00:00+00:00,34375.5,34570.8,34315.7,34536.2,9311,69,0
2023-09-19 20:00:00+00:00,34540.3,34554.8,34525.5,34543.1,979,71,0
2023-09-20 00:00:00+00:00,34542.6,34544.1,34494.8,34497.8,2169,67,0
2023-09-20 04:00:00+00:00,34496.9,34560.4,34496.9,34547.0,3395,66,0
2023-09-20 08:00:00+00:00,34547.2,34636.9,34540.8,34629.2,4852,65,0
2023-09-20 12:00:00+00:00,34629.0,34750.0,34593.2,34749.2,9038,66,0
2023-09-20 16:00:00+00:00,34748.5,34803.9,34440.5,34446.2,13749,69,0
2023-09-20 20:00:00+00:00,34453.6,34467.9,34427.3,34435.5,1954,74,0
2023-09-21 00:00:00+00:00,34436.0,34460.1,34369.5,34402.1,3412,68,0
2023-09-21 04:00:00+00:00,34402.2,34425.1,34362.3,34413.9,4421,67,0
2023-09-21 08:00:00+00:00,34413.8,34426.2,34251.6,34265.3,7468,68,0
2023-09-21 12:00:00+00:00,34266.6,34375.0,34176.8,34267.0,13622,69,0
2023-09-21 16:00:00+00:00,34268.1,34313.2,34063.5,34069.2,11216,70,0
2023-09-21 20:00:00+00:00,34075.8,34093.4,34030.5,34058.1,1882,74,0
2023-09-22 00:00:00+00:00,34057.2,34136.1,34038.7,34129.7,4117,69,0
2023-09-22 04:00:00+00:00,34129.7,34146.3,34074.3,34085.6,4893,69,0
2023-09-22 08:00:00+00:00,34084.1,34116.7,34045.1,34100.3,6203,67,0
2023-09-22 12:00:00+00:00,34099.8,34153.0,33998.4,34088.6,11546,68,0
2023-09-22 16:00:00+00:00,34088.6,34149.9,33943.2,33970.1,11266,71,0
2023-09-24 20:00:00+00:00,34022.8,34035.0,34012.0,34020.3,678,78,0
2023-09-25 00:00:00+00:00,34019.9,34061.3,33978.6,34052.4,2701,68,0
2023-09-25 04:00:00+00:00,34051.8,34106.1,34032.8,34090.2,3492,67,0
2023-09-25 08:00:00+00:00,34088.5,34092.1,33896.0,33905.8,7753,68,0
2023-09-25 12:00:00+00:00,33905.8,33975.7,33794.7,33956.2,12837,69,0
2023-09-25 16:00:00+00:00,33957.1,34029.2,33877.7,34017.9,10735,70,0
2023-09-25 20:00:00+00:00,34023.0,34046.1,34006.6,34008.6,1103,71,0
2023-09-26 00:00:00+00:00,34009.2,34010.2,33888.5,33924.7,3159,70,0
2023-09-26 04:00:00+00:00,33925.3,33938.2,33790.6,33852.6,4715,68,0
2023-09-26 08:00:00+00:00,33853.8,33929.5,33853.8,33902.8,7644,68,0
2023-09-26 12:00:00+00:00,33901.5,33937.3,33659.6,33694.9,12306,69,0
2023-09-26 16:00:00+00:00,33696.3,33748.9,33571.5,33622.8,10756,69,0
2023-09-26 20:00:00+00:00,33622.0,33683.1,33622.0,33673.0,1483,74,0
2023-09-27 00:00:00+00:00,33672.5,33697.3,33638.7,33672.8,2911,67,0
2023-09-27 04:00:00+00:00,33673.4,33757.5,33668.3,33755.6,3619,67,0
2023-09-27 08:00:00+00:00,33755.0,33762.6,33692.4,33737.9,5226,66,0
2023-09-27 12:00:00+00:00,33737.9,33766.3,33457.2,33475.5,12389,68,0
2023-09-27 16:00:00+00:00,33473.6,33644.8,33297.5,33561.5,14013,69,0
2023-09-27 20:00:00+00:00,33569.0,33617.9,33559.3,33598.4,1749,74,0
2023-09-28 00:00:00+00:00,33599.9,33629.0,33541.6,33551.7,3167,69,0
2023-09-28 04:00:00+00:00,33550.8,33609.0,33509.4,33547.8,5120,68,0
2023-09-28 08:00:00+00:00,33548.7,33617.8,33475.8,33576.6,8235,68,0
2023-09-28 12:00:00+00:00,33574.9,33746.6,33463.8,33728.2,16346,70,0
2023-09-28 16:00:00+00:00,33728.8,33777.9,33583.3,33659.5,13266,71,0
2023-09-28 20:00:00+00:00,33667.5,33752.3,33642.2,33706.6,1399,74,0
2023-09-29 00:00:00+00:00,33705.5,33720.2,33623.5,33715.3,2735,70,0
2023-09-29 04:00:00+00:00,33714.7,33818.4,33674.6,33800.2,4571,67,0
2023-09-29 08:00:00+00:00,33800.3,33839.1,33777.0,33786.0,6396,67,0
2023-09-29 12:00:00+00:00,33786.0,33900.0,33568.5,33603.5,14988,68,0
2023-09-29 16:00:00+00:00,33606.6,33644.9,33395.3,33496.0,15755,73,0
2023-10-01 20:00:00+00:00,33632.6,33672.0,33599.7,33669.4,1673,75,0
2023-10-02 00:00:00+00:00,33667.7,33712.9,33662.5,33683.4,2819,68,0
2023-10-02 04:00:00+00:00,33682.8,33724.8,33601.6,33685.2,4704,67,0
2023-10-02 08:00:00+00:00,33684.1,33706.4,33452.3,33464.7,7617,67,0
2023-10-02 12:00:00+00:00,33464.2,33522.7,33299.3,33322.5,17569,69,0
2023-10-02 16:00:00+00:00,33322.8,33437.9,33225.4,33426.8,15441,73,0
2023-10-02 20:00:00+00:00,33430.3,33461.5,33410.6,33428.9,1539,75,0
2023-10-03 00:00:00+00:00,33429.0,33438.2,33375.4,33405.4,3949,68,0
2023-10-03 04:00:00+00:00,33405.4,33454.5,33340.5,33430.2,5105,68,0
2023-10-03 08:00:00+00:00,33431.2,33499.8,33280.4,33300.8,8261,67,0
2023-10-03 12:00:00+00:00,33300.1,33402.7,32985.3,33015.4,18101,70,0
2023-10-03 16:00:00+00:00,33014.4,33116.5,32908.6,33006.7,14823,73,0
2023-10-03 20:00:00+00:00,33005.8,33023.9,32974.6,33012.6,1912,70,0
2023-10-04 00:00:00+00:00,33012.6,33029.0,32871.3,32895.1,5252,71,0
2023-10-04 04:00:00+00:00,32895.2,32965.1,32822.7,32950.4,7699,70,0
2023-10-04 08:00:00+00:00,32950.4,33063.8,32930.8,33052.6,9338,66,0
2023-10-04 12:00:00+00:00,33051.0,33105.3,32872.4,33105.3,17223,67,0
2023-10-04 16:00:00+00:00,33104.3,33160.8,32910.0,33113.6,14620,73,0
2023-10-04 20:00:00+00:00,33116.0,33116.0,33056.7,33072.3,1574,69,0
2023-10-05 00:00:00+00:00,33072.7,33144.1,33034.8,33140.0,3985,69,0
2023-10-05 04:00:00+00:00,33139.7,33146.4,33016.9,33044.9,5097,66,0
2023-10-05 08:00:00+00:00,33044.7,33097.8,32975.4,33094.2,8208,66,0
2023-10-05 12:00:00+00:00,33094.2,33148.9,32926.3,32945.0,16609,67,0
2023-10-05 16:00:00+00:00,32945.0,33168.7,32926.6,33108.8,13363,72,0
2023-10-05 20:00:00+00:00,33109.2,33114.8,33074.7,33078.3,1298,70,0
2023-10-06 00:00:00+00:00,33079.2,33117.9,33071.6,33091.8,3953,68,0
2023-10-06 04:00:00+00:00,33092.4,33118.7,33042.8,33115.4,4417,66,0
2023-10-06 08:00:00+00:00,33116.4,33210.9,33106.7,33142.3,6865,65,0
2023-10-06 12:00:00+00:00,33142.2,33455.2,32833.4,33448.1,20877,68,0
2023-10-06 16:00:00+00:00,33448.2,33555.5,33325.4,33400.6,12873,72,0
2023-10-08 20:00:00+00:00,33204.6,33250.3,33144.6,33234.4,2549,76,0
2023-10-09 00:00:00+00:00,33236.0,33242.9,33171.0,33172.3,3374,70,0
2023-10-09 04:00:00+00:00,33171.7,33258.2,33111.7,33166.8,5674,69,0
2023-10-09 08:00:00+00:00,33167.9,33304.3,33158.8,33243.6,7812,67,0
2023-10-09 12:00:00+00:00,33243.9,33421.7,33194.5,33416.3,13190,68,0
2023-10-09 16:00:00+00:00,33415.6,33648.8,33353.4,33620.6,10885,72,0
2023-10-09 20:00:00+00:00,33624.8,33631.9,33605.6,33630.3,1033,70,0
2023-10-10 00:00:00+00:00,33630.3,33682.1,33617.7,33644.8,3135,67,0
2023-10-10 04:00:00+00:00,33644.8,33687.8,33595.5,33652.2,5066,67,0
2023-10-10 08:00:00+00:00,33651.1,33718.0,33627.9,33644.7,7707,65,0
2023-10-10 12:00:00+00:00,33644.7,33888.9,33609.4,33884.9,12807,68,0
2023-10-10 16:00:00+00:00,33885.9,33909.6,33727.0,33759.7,11435,72,0
2023-10-10 20:00:00+00:00,33756.4,33766.0,33731.5,33754.3,1141,70,0
2023-10-11 00:00:00+00:00,33753.7,33772.2,33731.8,33759.2,3086,67,0
2023-10-11 04:00:00+00:00,33760.2,33811.8,33725.3,33756.8,4391,67,0
2023-10-11 08:00:00+00:00,33755.1,33877.2,33749.2,33846.0,7481,65,0
2023-10-11 12:00:00+00:00,33844.8,33894.0,33691.3,33711.0,12944,68,0
2023-10-11 16:00:00+00:00,33711.9,33823.0,33617.6,33809.9,9926,73,0
2023-10-11 20:00:00+00:00,33807.6,33873.5,33807.1,33870.6,1334,72,0
2023-10-12 00:00:00+00:00,33870.6,33886.0,33854.7,33882.2,2719,67,0
2023-10-12 04:00:00+00:00,33881.7,33921.1,33859.5,33865.8,3918,65,0
2023-10-12 08:00:00+00:00,33864.9,33959.8,33857.7,33943.4,5719,64,0
2023-10-12 12:00:00+00:00,33943.7,33978.2,33644.4,33748.8,13955,68,0
2023-10-12 16:00:00+00:00,33750.6,33827.8,33440.8,33615.2,12887,73,0
2023-10-12 20:00:00+00:00,33616.3,33642.8,33588.1,33632.6,1446,71,0
2023-10-13 00:00:00+00:00,33632.6,33676.1,33622.8,33657.9,3271,67,0
2023-10-13 04:00:00+00:00,33656.9,33712.8,33633.7,33691.3,4427,67,0
2023-10-13 08:00:00+00:00,33692.2,33724.2,33560.9,33653.2,8930,67,0
2023-10-13 12:00:00+00:00,33652.2,33947.3,33575.2,33607.7,15095,69,0
2023-10-13 16:00:00+00:00,33606.4,33768.6,33533.2,33643.1,14688,75,0
2023-10-15 20:00:00+00:00,33697.7,33743.9,33681.9,33723.1,1180,74,0
2023-10-16 00:00:00+00:00,33733.0,33751.8,33687.6,33704.3,3836,70,0
2023-10-16 04:00:00+00:00,33705.2,33774.0,33663.6,33720.6,5625,70,0
2023-10-16 08:00:00+00:00,33720.0,33854.3,33698.7,33827.9,7851,66,0
2023-10-16 12:00:00+00:00,33827.8,34096.7,33802.7,34024.0,12517,68,0
2023-10-16 16:00:00+00:00,34025.6,34063.3,33894.7,33983.7,10337,74,0
2023-10-16 20:00:00+00:00,33986.9,34018.2,33971.1,34002.2,1185,72,0
2023-10-17 00:00:00+00:00,34002.2,34013.2,33935.5,33954.2,2907,68,0
2023-10-17 04:00:00+00:00,33953.6,33997.7,33925.7,33987.6,3917,67,0
2023-10-17 08:00:00+00:00,33986.2,33990.6,33884.5,33929.7,8016,67,0
2023-10-17 12:00:00+00:00,33928.6,34110.1,33816.8,34086.6,15551,69,0
2023-10-17 16:00:00+00:00,34088.0,34148.7,33850.3,33989.2,13608,74,0
2023-10-17 20:00:00+00:00,33991.1,34002.3,33935.9,33936.6,1445,74,0
2023-10-18 00:00:00+00:00,33934.6,33982.1,33902.6,33975.6,3511,68,0
2023-10-18 04:00:00+00:00,33976.2,33998.0,33909.9,33959.8,4944,68,0
2023-10-18 08:00:00+00:00,33958.2,33998.2,33864.0,33926.6,8165,67,0
2023-10-18 12:00:00+00:00,33926.4,33995.2,33778.2,33802.4,15222,68,0
2023-10-18 16:00:00+00:00,33801.4,33906.1,33591.2,33652.7,15530,74,0
2023-10-18 20:00:00+00:00,33666.9,33701.3,33649.7,33666.5,2616,75,0
2023-10-19 00:00:00+00:00,33667.0,33691.1,33574.6,33597.3,4116,68,0
2023-10-19 04:00:00+00:00,33596.7,33656.1,33533.4,33556.1,6177,67,0
2023-10-19 08:00:00+00:00,33554.7,33682.3,33537.6,33612.9,8445,66,0
2023-10-19 12:00:00+00:00,33611.5,33697.1,33494.4,33631.0,15304,68,0
2023-10-19 16:00:00+00:00,33633.2,33837.6,33347.6,33391.0,22941,72,0
2023-10-19 20:00:00+00:00,33388.0,33393.5,33342.4,33371.5,2292,72,0
2023-10-20 00:00:00+00:00,33370.6,33392.3,33318.7,33379.3,4179,69,0
2023-10-20 04:00:00+00:00,33380.2,33395.3,33281.5,33359.9,5936,68,0
2023-10-20 08:00:00+00:00,33359.9,33406.8,33288.9,33341.1,8659,67,0
2023-10-20 12:00:00+00:00,33339.7,33406.1,33180.3,33273.9,16423,68,0
2023-10-20 16:00:00+00:00,33275.7,33326.3,33095.0,33113.3,14342,75,0
2023-10-22 20:00:00+00:00,33150.5,33194.4,33143.2,33192.5,890,84,0
2023-10-23 00:00:00+00:00,33192.0,33196.5,33140.9,33149.7,2823,66,0
2023-10-23 04:00:00+00:00,33150.3,33178.2,33020.7,33023.7,4727,67,0
2023-10-23 08:00:00+00:00,33024.2,33075.5,32885.8,32959.1,9741,66,0
2023-10-23 12:00:00+00:00,32959.0,33164.9,32874.1,33137.0,15962,68,0
2023-10-23 16:00:00+00:00,33137.1,33225.4,32906.4,32928.6,14777,71,0
2023-10-23 20:00:00+00:00,32923.6,33007.2,32921.1,33006.1,1594,69,0
2023-10-24 00:00:00+00:00,33005.6,33011.1,32923.8,32984.4,4823,67,0
2023-10-24 04:00:00+00:00,32983.8,33039.2,32963.7,32987.2,5204,66,0
2023-10-24 08:00:00+00:00,32988.8,33098.7,32940.9,33086.9,7816,63,0
2023-10-24 12:00:00+00:00,33087.3,33263.6,33048.8,33146.3,15796,66,0
2023-10-24 16:00:00+00:00,33145.0,33202.9,32976.9,33134.8,13086,72,0
2023-10-24 20:00:00+00:00,33134.5,33287.2,33126.0,33221.8,3517,74,0
2023-10-25 00:00:00+00:00,33221.9,33223.0,33180.6,33181.8,3742,67,0
2023-10-25 04:00:00+00:00,33182.4,33199.0,33096.9,33146.1,5365,67,0
2023-10-25 08:00:00+00:00,33145.3,33217.4,33113.6,33210.5,8483,66,0
2023-10-25 12:00:00+00:00,33209.6,33262.4,32972.4,33185.8,16084,66,0
2023-10-25 16:00:00+00:00,33184.4,33184.4,32985.4,33030.1,15574,73,0
2023-10-25 20:00:00+00:00,33031.1,33110.1,32968.2,33000.0,4262,73,0
2023-10-26 00:00:00+00:00,33001.0,33031.0,32925.7,32961.8,4246,68,0
2023-10-26 04:00:00+00:00,32962.4,32975.2,32886.0,32939.3,6112,67,0
2023-10-26 08:00:00+00:00,32940.1,32968.8,32841.8,32901.8,8364,65,0
2023-10-26 12:00:00+00:00,32901.9,33085.8,32861.3,32896.0,18500,67,0
2023-10-26 16:00:00+00:00,32895.4,33004.8,32717.9,32766.7,15954,73,0
2023-10-26 20:00:00+00:00,32763.9,32879.1,32721.5,32873.6,3192,71,0
2023-10-27 00:00:00+00:00,32873.6,32892.8,32823.6,32861.8,3787,67,0
2023-10-27 04:00:00+00:00,32863.3,32886.3,32793.4,32823.8,4832,65,0
2023-10-27 08:00:00+00:00,32822.2,32897.5,32673.4,32685.5,7579,64,0
2023-10-27 12:00:00+00:00,32685.5,32811.6,32574.4,32634.0,16942,66,0
2023-10-27 16:00:00+00:00,32632.7,32635.9,32297.3,32361.4,17680,72,0
2023-10-29 20:00:00+00:00,32447.2,32473.0,32407.7,32451.5,1485,76,0
2023-10-30 00:00:00+00:00,32452.6,32498.4,32450.5,32478.9,3655,66,0
2023-10-30 04:00:00+00:00,32479.5,32554.9,32456.9,32531.7,3176,64,0
2023-10-30 08:00:00+00:00,32532.9,32631.6,32511.8,32613.3,7493,65,0
2023-10-30 12:00:00+00:00,32613.5,32774.9,32577.3,32764.6,14709,65,0
2023-10-30 16:00:00+00:00,32763.8,33000.8,32706.4,32920.5,13364,70,0
2023-10-30 20:00:00+00:00,32923.9,32941.9,32907.5,32929.5,1400,72,0
2023-10-31 00:00:00+00:00,32930.1,32932.0,32858.8,32883.2,4384,67,0
2023-10-31 04:00:00+00:00,32881.0,32948.6,32848.9,32917.5,4360,65,0
2023-10-31 08:00:00+00:00,32923.0,33130.3,32910.5,32982.6,8541,66,0
2023-10-31 12:00:00+00:00,32980.8,32999.2,32780.6,32946.9,15553,67,0
2023-10-31 16:00:00+00:00,32945.4,33068.9,32852.5,33046.8,13183,71,0
2023-10-31 20:00:00+00:00,33047.8,33047.8,32981.6,32985.7,1775,72,0
2023-11-01 00:00:00+00:00,32984.7,33005.3,32947.8,32992.9,3420,67,0
2023-11-01 04:00:00+00:00,32991.9,33030.9,32958.9,32976.4,3203,66,0
2023-11-01 08:00:00+00:00,32977.9,33006.8,32905.4,32931.9,7141,64,0
2023-11-01 12:00:00+00:00,32931.9,33280.5,32926.4,33171.9,14748,66,0
2023-11-01 16:00:00+00:00,33170.7,33337.2,33049.6,33283.7,17192,72,0
2023-11-01 20:00:00+00:00,33280.7,33315.9,33252.5,33311.5,1892,71,0
2023-11-02 00:00:00+00:00,33309.7,33331.2,33288.7,33300.9,2578,66,0
2023-11-02 04:00:00+00:00,33301.5,33303.3,33266.8,33302.4,2898,64,0
2023-11-02 08:00:00+00:00,33303.5,33410.7,33291.4,33394.9,7758,64,0
2023-11-02 12:00:00+00:00,33393.7,33683.1,33389.9,33645.1,12767,67,0
2023-11-02 16:00:00+00:00,33643.6,33856.9,33619.5,33846.6,9155,71,0
2023-11-02 20:00:00+00:00,33847.0,33863.1,33819.8,33831.3,2178,74,0
2023-11-03 00:00:00+00:00,33831.9,33902.2,33829.7,33887.7,1806,71,0
2023-11-03 04:00:00+00:00,33888.3,33910.2,33863.3,33866.1,2155,67,0
2023-11-03 08:00:00+00:00,33866.0,33876.2,33837.9,33871.0,5820,66,0
2023-11-03 12:00:00+00:00,33872.7,34109.9,33850.4,34094.6,14745,66,0
2023-11-03 16:00:00+00:00,34095.9,34178.0,34073.4,34073.4,9689,72,0
2023-11-05 20:00:00+00:00,34136.2,34150.6,34098.8,34112.6,568,84,0
2023-11-06 00:00:00+00:00,34112.6,34129.3,34100.5,34124.8,2556,68,0
2023-11-06 04:00:00+00:00,34123.1,34148.2,34113.7,34135.2,1894,68,0
2023-11-06 08:00:00+00:00,34135.2,34159.6,34104.4,34126.3,6004,66,0
2023-11-06 12:00:00+00:00,34125.6,34190.5,34068.6,34115.3,9105,66,0
2023-11-06 16:00:00+00:00,34115.3,34151.9,34013.5,34100.0,8705,72,0
2023-11-06 20:00:00+00:00,34099.4,34130.7,34070.6,34077.6,3213,72,0
2023-11-07 00:00:00+00:00,34076.6,34082.3,34045.9,34055.2,2534,68,0
2023-11-07 04:00:00+00:00,34054.7,34055.4,34016.7,34035.7,2107,67,0
2023-11-07 08:00:00+00:00,34033.7,34079.9,33996.3,34030.5,5965,66,0
2023-11-07 12:00:00+00:00,34029.9,34214.9,34013.9,34196.0,9295,66,0
2023-11-07 16:00:00+00:00,34196.8,34229.0,34122.2,34174.0,8387,72,0
2023-11-07 20:00:00+00:00,34174.1,34226.1,34131.4,34179.0,2840,73,0
2023-11-08 00:00:00+00:00,34178.5,34183.3,34139.8,34147.2,2281,67,0
2023-11-08 04:00:00+00:00,34148.2,34163.4,34129.5,34145.0,2132,67,0
2023-11-08 08:00:00+00:00,34146.2,34211.4,34138.2,34195.5,6483,65,0
2023-11-08 12:00:00+00:00,34195.3,34277.8,34164.0,34166.1,9321,64,0
2023-11-08 16:00:00+00:00,34165.5,34198.3,34017.1,34077.6,9520,72,0
2023-11-08 20:00:00+00:00,34079.0,34169.5,34076.6,34106.7,3224,72,0
2023-11-09 00:00:00+00:00,34106.1,34144.3,34096.4,34115.8,1887,68,0
2023-11-09 04:00:00+00:00,34116.4,34148.2,34114.9,34131.2,1929,67,0
2023-11-09 08:00:00+00:00,34130.5,34230.1,34099.0,34161.2,6822,66,0
2023-11-09 12:00:00+00:00,34160.6,34240.3,34002.8,34077.8,9971,66,0
2023-11-09 16:00:00+00:00,34076.6,34150.3,33877.5,33901.4,12769,71,0
2023-11-09 20:00:00+00:00,33902.0,33945.8,33873.7,33912.6,4495,73,0
2023-11-10 00:00:00+00:00,33911.7,33948.3,33876.5,33944.8,2744,67,0
2023-11-10 04:00:00+00:00,33943.9,34011.1,33941.9,34004.1,2137,66,0
2023-11-10 08:00:00+00:00,34006.0,34021.5,33910.7,33953.7,7451,66,0
2023-11-10 12:00:00+00:00,33953.8,34089.3,33922.5,33980.4,10821,66,0
2023-11-10 16:00:00+00:00,33979.5,34247.9,33979.5,34222.2,9604,71,0
2023-11-10 20:00:00+00:00,34223.1,34326.8,34220.6,34292.9,2367,72,0
2023-11-12 20:00:00+00:00,34281.2,34286.6,34251.8,34256.5,615,86,0
2023-11-13 00:00:00+00:00,34255.9,34260.4,34182.7,34193.7,2230,69,0
2023-11-13 04:00:00+00:00,34193.7,34242.2,34178.1,34232.2,2060,68,0
2023-11-13 08:00:00+00:00,34232.3,34325.2,34210.8,34306.5,5836,66,0
2023-11-13 12:00:00+00:00,34305.6,34325.6,34225.3,34310.4,9311,66,0
2023-11-13 16:00:00+00:00,34310.5,34433.8,34293.7,34365.2,8585,72,0
2023-11-13 20:00:00+00:00,34364.4,34394.1,34344.8,34373.2,2810,70,0
2023-11-14 00:00:00+00:00,34371.7,34376.1,34345.8,34368.7,1992,68,0
2023-11-14 04:00:00+00:00,34367.8,34382.5,34344.9,34382.5,1567,68,0
2023-11-14 08:00:00+00:00,34383.3,34427.5,34352.6,34393.3,6222,66,0
2023-11-14 12:00:00+00:00,34394.5,34903.2,34324.3,34891.3,11948,67,0
2023-11-14 16:00:00+00:00,34892.2,34951.9,34797.0,34917.6,8495,72,0
2023-11-14 20:00:00+00:00,34916.6,34960.0,34826.5,34899.9,3117,73,0
2023-11-15 00:00:00+00:00,34900.8,34935.2,34876.6,34921.7,2382,70,0
2023-11-15 04:00:00+00:00,34920.8,34955.0,34906.5,34914.6,2206,67,0
2023-11-15 08:00:00+00:00,34915.1,34985.3,34908.3,34982.5,6825,66,0
2023-11-15 12:00:00+00:00,34981.9,35021.0,34894.9,35006.1,10707,67,0
2023-11-15 16:00:00+00:00,35005.5,35072.9,34908.3,35058.0,9077,73,0
2023-11-15 20:00:00+00:00,35058.0,35080.0,34966.8,34982.1,3493,73,0
2023-11-16 00:00:00+00:00,34981.2,35005.7,34921.6,34939.2,2968,70,0
2023-11-16 04:00:00+00:00,34938.6,35000.1,34938.6,34991.0,2391,70,0
2023-11-16 08:00:00+00:00,34989.7,35026.2,34977.9,35006.3,6327,67,0
2023-11-16 12:00:00+00:00,35007.3,35039.5,34896.4,34930.4,11154,68,0
2023-11-16 16:00:00+00:00,34929.4,34940.7,34836.1,34889.8,9294,74,0
2023-11-16 20:00:00+00:00,34887.7,35013.9,34876.5,34982.5,3049,74,0
2023-11-17 00:00:00+00:00,34980.6,35024.2,34979.5,35022.3,2015,68,0
2023-11-17 04:00:00+00:00,35021.7,35023.1,34976.7,34992.8,1662,69,0
2023-11-17 08:00:00+00:00,34993.2,35082.2,34987.9,35057.3,6191,67,0
2023-11-17 12:00:00+00:00,35057.2,35120.2,34910.0,34936.9,9754,67,0
2023-11-17 16:00:00+00:00,34937.9,35010.0,34899.7,34979.5,7544,71,0
2023-11-17 20:00:00+00:00,34981.0,35005.7,34927.3,34970.4,1950,73,0
2023-11-19 20:00:00+00:00,34959.6,34977.5,34949.8,34971.9,734,77,0
2023-11-20 00:00:00+00:00,34972.8,34985.2,34953.8,34964.3,2404,68,0
2023-11-20 04:00:00+00:00,34964.4,34973.4,34938.5,34946.5,1657,67,0
2023-11-20 08:00:00+00:00,34947.1,35018.9,34947.1,34992.3,5549,66,0
2023-11-20 12:00:00+00:00,34991.6,35084.9,34925.7,35069.0,8063,67,0
2023-11-20 16:00:00+00:00,35071.4,35228.9,35051.6,35216.6,6893,72,0
2023-11-20 20:00:00+00:00,35215.6,35254.5,35159.3,35202.4,2915,73,0
2023-11-21 00:00:00+00:00,35201.5,35213.1,35191.6,35201.8,1944,67,0
2023-11-21 04:00:00+00:00,35202.4,35204.4,35154.6,35154.6,1709,67,0
2023-11-21 08:00:00+00:00,35156.1,35180.2,35119.4,35131.0,5182,67,0
2023-11-21 12:00:00+00:00,35131.8,35163.7,35066.9,35110.1,8273,67,0
2023-11-21 16:00:00+00:00,35109.5,35133.2,35064.6,35108.6,7298,71,0
2023-11-21 20:00:00+00:00,35109.9,35129.9,35076.5,35103.4,3578,72,0
2023-11-22 00:00:00+00:00,35103.4,35159.2,35101.5,35142.2,1801,69,0
2023-11-22 04:00:00+00:00,35140.8,35157.2,35119.8,35144.7,1798,70,0
2023-11-22 08:00:00+00:00,35146.1,35179.7,35105.2,35108.9,5606,66,0
2023-11-22 12:00:00+00:00,35109.5,35285.1,35107.7,35194.5,9623,67,0
2023-11-22 16:00:00+00:00,35195.0,35332.9,35193.4,35264.9,8544,74,0
2023-11-22 20:00:00+00:00,35262.6,35312.8,35255.4,35266.7,2779,72,0
2023-11-23 00:00:00+00:00,35267.2,35299.3,35259.6,35276.4,1418,68,0
2023-11-23 04:00:00+00:00,35275.8,35315.3,35272.8,35307.2,1386,68,0
2023-11-23 08:00:00+00:00,35309.1,35316.3,35281.5,35301.7,5075,67,0
2023-11-23 12:00:00+00:00,35301.2,35361.4,35283.9,35350.4,4136,65,0
2023-11-23 16:00:00+00:00,35349.1,35365.5,35322.5,35327.9,881,71,0
2023-11-23 20:00:00+00:00,35340.2,35343.6,35320.0,35334.2,350,80,0
2023-11-24 00:00:00+00:00,35334.8,35342.3,35320.7,35326.7,1637,68,0
2023-11-24 04:00:00+00:00,35328.2,35339.8,35311.5,35339.8,1243,68,0
2023-11-24 08:00:00+00:00,35338.6,35390.8,35331.1,35389.8,4582,66,0
2023-11-24 12:00:00+00:00,35390.7,35421.1,35326.6,35408.7,6652,67,0
2023-11-24 16:00:00+00:00,35407.7,35421.9,35352.7,35417.5,3395,72,0
2023-11-26 20:00:00+00:00,35416.4,35418.9,35389.5,35392.5,463,74,0
2023-11-27 00:00:00+00:00,35391.6,35395.2,35340.5,35352.7,2004,69,0
2023-11-27 04:00:00+00:00,35353.3,35379.1,35329.6,35379.1,1639,69,0
2023-11-27 08:00:00+00:00,35378.4,35403.9,35336.0,35381.6,4819,67,0
2023-11-27 12:00:00+00:00,35381.7,35450.2,35351.6,35362.2,7658,67,0
2023-11-27 16:00:00+00:00,35361.8,35387.7,35314.5,35355.5,6786,71,0
2023-11-27 20:00:00+00:00,35357.0,35409.9,35340.7,35404.4,2511,72,0
2023-11-28 00:00:00+00:00,35403.5,35407.1,35375.3,35390.8,1733,70,0
2023-11-28 04:00:00+00:00,35389.8,35408.2,35350.3,35363.0,1538,69,0
2023-11-28 08:00:00+00:00,35361.4,35402.4,35335.3,35366.9,5301,66,0
2023-11-28 12:00:00+00:00,35367.3,35503.1,35324.6,35487.9,8268,67,0
2023-11-28 16:00:00+00:00,35487.3,35553.2,35370.5,35466.9,8263,72,0
2023-11-28 20:00:00+00:00,35467.0,35482.7,35415.6,35435.1,2761,73,0
2023-11-29 00:00:00+00:00,35435.7,35480.8,35434.2,35477.2,1908,70,0
2023-11-29 04:00:00+00:00,35476.6,35486.1,35461.6,35472.5,1747,71,0
2023-11-29 08:00:00+00:00,35471.5,35536.5,35469.8,35523.0,5735,66,0
2023-11-29 12:00:00+00:00,35524.9,35568.3,35461.7,35515.6,11298,66,0
2023-11-29 16:00:00+00:00,35513.8,35615.0,35441.7,35530.6,10307,69,0
2023-11-29 20:00:00+00:00,35531.1,35580.8,35435.7,35551.5,4476,70,0
2023-11-30 00:00:00+00:00,35552.1,35575.2,35529.5,35573.2,2619,70,0
2023-11-30 04:00:00+00:00,35572.7,35601.2,35558.6,35587.0,1843,70,0
2023-11-30 08:00:00+00:00,35585.6,35629.4,35539.4,35615.4,6023,65,0
2023-11-30 12:00:00+00:00,35615.3,35773.4,35615.3,35773.4,12791,66,0
2023-11-30 16:00:00+00:00,35771.9,35850.0,35664.0,35847.2,10898,71,0
2023-11-30 20:00:00+00:00,35848.2,35993.0,35773.7,35947.9,5623,71,0
2023-12-01 00:00:00+00:00,35947.3,36012.1,35941.6,35984.6,2080,69,0
2023-12-01 04:00:00+00:00,35983.7,36013.1,35972.7,36003.6,1839,70,0
2023-12-01 08:00:00+00:00,36002.7,36058.8,35994.4,36020.8,5907,66,0
2023-12-01 12:00:00+00:00,36019.9,36097.9,35919.4,36032.1,11510,67,0
2023-12-01 16:00:00+00:00,36034.0,36296.5,35955.1,36265.6,13347,72,0
2023-12-01 20:00:00+00:00,36265.6,36288.8,36209.5,36265.9,2497,72,0
2023-12-03 20:00:00+00:00,36298.5,36306.7,36260.9,36263.9,826,76,0
2023-12-04 00:00:00+00:00,36264.9,36288.1,36242.6,36278.2,2418,71,0
2023-12-04 04:00:00+00:00,36277.6,36286.5,36212.6,36222.0,1905,71,0
2023-12-04 08:00:00+00:00,36220.6,36251.3,36182.2,36203.7,6103,67,0
2023-12-04 12:00:00+00:00,36202.4,36275.9,36073.2,36120.1,11928,68,0
2023-12-04 16:00:00+00:00,36118.7,36239.1,36105.6,36224.0,9881,71,0
2023-12-04 20:00:00+00:00,36225.0,36275.9,36199.4,36207.0,3883,70,0
2023-12-05 00:00:00+00:00,36207.9,36212.9,36180.7,36204.0,2106,70,0
2023-12-05 04:00:00+00:00,36203.6,36206.2,36150.6,36152.0,1926,70,0
2023-12-05 08:00:00+00:00,36153.0,36232.7,36137.8,36137.8,6738,67,0
2023-12-05 12:00:00+00:00,36137.2,36182.8,36051.5,36170.6,13180,68,0
2023-12-05 16:00:00+00:00,36171.1,36194.9,36070.6,36182.2,13077,70,0
2023-12-05 20:00:00+00:00,36181.6,36208.0,36150.5,36186.4,3527,71,0
2023-12-06 00:00:00+00:00,36185.5,36265.0,36184.5,36251.7,2182,71,0
2023-12-06 04:00:00+00:00,36251.6,36257.2,36196.6,36213.6,1915,70,0
2023-12-06 08:00:00+00:00,36212.7,36238.9,36182.2,36216.9,5629,67,0
2023-12-06 12:00:00+00:00,36217.3,36343.8,36196.8,36216.3,11347,67,0
2023-12-06 16:00:00+00:00,36214.8,36240.1,36161.6,36170.6,11000,70,0
2023-12-06 20:00:00+00:00,36170.6,36177.1,36067.6,36079.8,4253,71,0
2023-12-07 00:00:00+00:00,36077.5,36093.0,36055.6,36061.6,2663,70,0
2023-12-07 04:00:00+00:00,36060.7,36097.0,36057.8,36083.7,1953,70,0
2023-12-07 08:00:00+00:00,36084.2,36098.8,36006.3,36022.4,6177,67,0
2023-12-07 12:00:00+00:00,36021.9,36185.8,36018.9,36131.0,11225,67,0
2023-12-07 16:00:00+00:00,36132.0,36195.2,36049.7,36144.1,10096,70,0
2023-12-07 20:00:00+00:00,36144.3,36168.0,36123.4,36127.4,3343,70,0
2023-12-08 00:00:00+00:00,36128.1,36171.1,36124.5,36169.8,2073,70,0
2023-12-08 04:00:00+00:00,36169.7,36176.2,36128.7,36128.7,1380,70,0
2023-12-08 08:00:00+00:00,36130.1,36192.0,36111.4,36121.6,4381,67,0
2023-12-08 12:00:00+00:00,36122.2,36293.0,35995.2,36268.7,13943,67,0
2023-12-08 16:00:00+00:00,36270.1,36305.2,36105.8,36301.0,10548,69,0
2023-12-08 20:00:00+00:00,36301.2,36334.1,36277.5,36283.7,2494,71,0
2023-12-10 20:00:00+00:00,36312.1,36347.4,36311.4,36325.4,636,76,0
2023-12-11 00:00:00+00:00,36324.5,36348.1,36298.6,36307.1,2790,71,0
2023-12-11 04:00:00+00:00,36306.6,36321.0,36278.6,36281.8,2162,70,0
2023-12-11 08:00:00+00:00,36280.8,36323.7,36259.2,36296.7,5913,67,0
2023-12-11 12:00:00+00:00,36297.3,36416.2,36270.3,36391.6,11437,67,0
2023-12-11 16:00:00+00:00,36391.2,36451.0,36355.8,36408.1,8416,69,0
2023-12-11 20:00:00+00:00,36407.7,36479.9,36399.8,36478.0,3052,70,0
2023-12-12 00:00:00+00:00,36477.4,36509.2,36465.5,36492.2,2249,71,0
2023-12-12 04:00:00+00:00,36493.1,36498.0,36467.8,36489.9,1661,70,0
2023-12-12 08:00:00+00:00,36488.6,36558.7,36478.3,36513.2,5729,67,0
2023-12-12 12:00:00+00:00,36512.3,36676.8,36417.6,36567.0,11847,69,0
2023-12-12 16:00:00+00:00,36566.4,36620.1,36540.6,36603.5,6665,72,0
2023-12-12 20:00:00+00:00,36604.9,36680.9,36601.5,36680.4,2998,72,0
2023-12-13 00:00:00+00:00,36679.5,36694.1,36667.7,36675.0,1663,72,0
2023-12-13 04:00:00+00:00,36675.1,36684.2,36658.7,36663.0,1398,71,0
2023-12-13 08:00:00+00:00,36662.5,36699.2,36659.6,36682.6,4631,67,0
2023-12-13 12:00:00+00:00,36682.4,36715.6,36582.6,36639.7,8815,67,0
2023-12-13 16:00:00+00:00,36641.1,37068.8,36614.8,37046.9,10992,69,0
2023-12-13 20:00:00+00:00,37047.9,37195.7,36961.7,37192.3,7902,72,0
2023-12-14 00:00:00+00:00,37191.4,37254.9,37191.4,37216.1,2937,72,0
2023-12-14 04:00:00+00:00,37215.6,37252.0,37207.6,37207.6,2316,72,0
2023-12-14 08:00:00+00:00,37208.8,37295.3,37181.7,37228.1,8681,68,0
2023-12-14 12:00:00+00:00,37227.2,37352.6,37132.6,37231.5,15832,69,0
2023-12-14 16:00:00+00:00,37232.9,37329.0,37080.6,37238.6,14046,72,0
2023-12-14 20:00:00+00:00,37239.1,37308.8,37226.6,37292.9,4322,73,0
2023-12-15 00:00:00+00:00,37293.8,37350.0,37276.6,37350.0,2533,72,0
2023-12-15 04:00:00+00:00,37349.4,37402.0,37336.7,37393.6,2131,72,0
2023-12-15 08:00:00+00:00,37393.4,37445.7,37384.8,37402.9,6277,69,0
2023-12-15 12:00:00+00:00,37402.3,37413.1,37180.4,37285.9,14458,69,0
2023-12-15 16:00:00+00:00,37286.9,37338.7,37192.6,37230.9,10539,73,0
2023-12-15 20:00:00+00:00,37230.4,37387.8,37219.5,37355.7,3474,73,0
2023-12-17 20:00:00+00:00,37338.0,37369.4,37334.7,37368.5,507,83,0
2023-12-18 00:00:00+00:00,37368.0,37406.8,37366.1,37400.4,1602,75,0
2023-12-18 04:00:00+00:00,37401.7,37423.3,37386.5,37388.4,1374,74,0
2023-12-18 08:00:00+00:00,37388.2,37428.9,37352.2,37392.7,5027,70,0
2023-12-18 12:00:00+00:00,37391.8,37437.9,37342.5,37367.5,9735,71,0
2023-12-18 16:00:00+00:00,37368.0,37444.1,37326.7,37378.6,7372,72,0
2023-12-18 20:00:00+00:00,37379.1,37394.0,37317.2,37330.8,3168,72,0
2023-12-19 00:00:00+00:00,37330.3,37361.9,37316.6,37351.5,1720,72,0
2023-12-19 04:00:00+00:00,37352.1,37361.1,37342.7,37345.9,1552,71,0
2023-12-19 08:00:00+00:00,37346.1,37391.9,37346.1,37379.1,4626,67,0
2023-12-19 12:00:00+00:00,37379.6,37554.1,37367.5,37542.3,9316,70,0
2023-12-19 16:00:00+00:00,37540.9,37585.0,37513.3,37548.5,6625,72,0
2023-12-19 20:00:00+00:00,37549.1,37618.0,37527.8,37586.3,3029,73,0
2023-12-20 00:00:00+00:00,37587.7,37622.1,37586.4,37612.1,1445,71,0
2023-12-20 04:00:00+00:00,37611.6,37629.9,37605.5,37617.0,1627,72,0
2023-12-20 08:00:00+00:00,37618.0,37623.7,37552.8,37558.1,5709,69,0
2023-12-20 12:00:00+00:00,37558.6,37623.2,37509.1,37599.1,8337,70,0
2023-12-20 16:00:00+00:00,37598.5,37696.0,37360.6,37360.6,9844,72,0
2023-12-20 20:00:00+00:00,37362.0,37377.7,37074.5,37215.9,12141,74,0
2023-12-21 00:00:00+00:00,37215.3,37218.0,37182.1,37195.7,1942,72,0
2023-12-21 04:00:00+00:00,37196.2,37281.9,37191.6,37269.8,2070,72,0
2023-12-21 08:00:00+00:00,37270.1,37327.6,37255.9,37283.3,5222,70,0
2023-12-21 12:00:00+00:00,37282.7,37440.0,37267.2,37339.9,14451,69,0
2023-12-21 16:00:00+00:00,37340.9,37368.9,37152.5,37259.8,17817,73,0
2023-12-21 20:00:00+00:00,37259.2,37454.8,37238.4,37355.6,5496,74,0
2023-12-22 00:00:00+00:00,37354.1,37359.6,37306.7,37328.5,2010,73,0
2023-12-22 04:00:00+00:00,37330.0,37334.1,37301.5,37304.8,1800,73,0
2023-12-22 08:00:00+00:00,37306.0,37361.7,37306.0,37350.8,4923,70,0
2023-12-22 12:00:00+00:00,37350.0,37567.9,37280.6,37465.4,10980,70,0
2023-12-22 16:00:00+00:00,37464.6,37508.9,37294.6,37443.9,13185,73,0
2023-12-22 20:00:00+00:00,37444.9,37457.8,37377.6,37422.5,3541,74,0
2023-12-25 20:00:00+00:00,37470.3,37501.6,37464.5,37499.0,463,83,0
2023-12-26 00:00:00+00:00,37500.1,37501.8,37476.9,37490.5,1287,75,0
2023-12-26 04:00:00+00:00,37491.0,37511.9,37486.5,37510.5,907,73,0
2023-12-26 08:00:00+00:00,37509.5,37517.5,37479.0,37483.2,1660,72,0
2023-12-26 12:00:00+00:00,37482.9,37544.8,37415.9,37536.0,6359,72,0
2023-12-26 16:00:00+00:00,37536.9,37634.4,37513.6,37624.5,6145,73,0
2023-12-26 20:00:00+00:00,37624.5,37674.7,37583.4,37616.1,3290,74,0
2023-12-27 00:00:00+00:00,37616.1,37620.6,37590.6,37596.5,1550,74,0
2023-12-27 04:00:00+00:00,37596.5,37630.0,37595.5,37601.5,1476,73,0
2023-12-27 08:00:00+00:00,37600.5,37619.8,37575.9,37601.5,4191,70,0
2023-12-27 12:00:00+00:00,37602.1,37690.8,37536.5,37646.5,8356,70,0
2023-12-27 16:00:00+00:00,37647.0,37743.6,37594.4,37647.6,9112,73,0
2023-12-27 20:00:00+00:00,37648.9,37739.9,37621.5,37711.2,4105,73,0
2023-12-28 00:00:00+00:00,37711.2,37755.1,37710.3,37743.0,1656,74,0
2023-12-28 04:00:00+00:00,37743.9,37753.0,37730.4,37735.5,1350,74,0
2023-12-28 08:00:00+00:00,37736.0,37738.8,37656.1,37668.6,4843,70,0
2023-12-28 12:00:00+00:00,37668.5,37768.9,37649.7,37733.9,8052,71,0
2023-12-28 16:00:00+00:00,37734.8,37799.9,37710.4,37793.0,8318,73,0
2023-12-28 20:00:00+00:00,37792.5,37811.0,37722.5,37775.1,3687,73,0
2023-12-29 00:00:00+00:00,37776.6,37788.9,37764.5,37777.5,1325,73,0
2023-12-29 04:00:00+00:00,37778.1,37797.9,37772.7,37797.7,986,73,0
2023-12-29 08:00:00+00:00,37798.8,37818.7,37765.0,37773.2,4248,70,0
2023-12-29 12:00:00+00:00,37773.3,37782.8,37673.9,37704.5,7678,69,0
2023-12-29 16:00:00+00:00,37705.9,37729.8,37571.3,37714.7,11744,73,0
2023-12-29 20:00:00+00:00,37715.2,37741.8,37657.3,37717.7,3527,73,0
2024-01-01 20:00:00+00:00,37763.9,37791.7,37762.5,37776.3,385,90,0
2024-01-02 00:00:00+00:00,37777.1,37790.5,37752.6,37775.9,1316,78,0
2024-01-02 04:00:00+00:00,37775.3,37812.9,37773.3,37796.9,1396,76,0
2024-01-02 08:00:00+00:00,37796.4,37863.5,37565.4,37598.1,7145,71,0
2024-01-02 12:00:00+00:00,37598.7,37746.8,37510.1,37725.5,13679,71,0
2024-01-02 16:00:00+00:00,37724.6,37819.9,37630.6,37633.2,11516,74,0
2024-01-02 20:00:00+00:00,37633.8,37767.5,37609.5,37763.1,4911,75,0
2024-01-03 00:00:00+00:00,37764.6,37766.7,37731.7,37731.7,1449,73,0
2024-01-03 04:00:00+00:00,37732.2,37737.1,37711.6,37724.9,1524,73,0
2024-01-03 08:00:00+00:00,37725.0,37756.8,37635.1,37649.1,7045,70,0
2024-01-03 12:00:00+00:00,37650.2,37664.7,37423.8,37465.4,12916,70,0
2024-01-03 16:00:00+00:00,37464.4,37636.9,37452.0,37579.9,15583,74,0
2024-01-03 20:00:00+00:00,37580.0,37580.0,37419.1,37473.5,5440,75,0
2024-01-04 00:00:00+00:00,37473.0,37500.0,37456.2,37481.0,1728,74,0
2024-01-04 04:00:00+00:00,37480.5,37505.1,37461.1,37488.0,1614,73,0
2024-01-04 08:00:00+00:00,37487.4,37529.6,37469.1,37488.9,6659,69,0
2024-01-04 12:00:00+00:00,37489.0,37655.8,37470.8,37637.5,12395,71,0
2024-01-04 16:00:00+00:00,37638.0,37734.3,37516.5,37562.6,12369,73,0
2024-01-04 20:00:00+00:00,37563.9,37575.8,37451.2,37515.3,5159,74,0
2024-01-05 00:00:00+00:00,37514.2,37528.8,37497.6,37498.2,1672,71,0
2024-01-05 04:00:00+00:00,37498.2,37513.0,37431.6,37443.8,2146,72,0
2024-01-05 08:00:00+00:00,37442.4,37468.1,37342.8,37382.0,6643,71,0
2024-01-05 12:00:00+00:00,37382.2,37635.9,37262.8,37570.4,15499,71,0
2024-01-05 16:00:00+00:00,37570.8,37592.8,37329.5,37399.4,16351,73,0
2024-01-05 20:00:00+00:00,37400.8,37514.8,37384.2,37474.5,3898,74,0
2024-01-07 20:00:00+00:00,37446.1,37480.1,37428.0,37443.7,695,80,0
2024-01-08 00:00:00+00:00,37443.0,37456.7,37341.1,37346.3,1829,79,0
2024-01-08 04:00:00+00:00,37346.3,37369.8,37339.7,37340.9,1839,74,0
2024-01-08 08:00:00+00:00,37341.9,37399.8,37244.0,37333.9,8076,73,0
2024-01-08 12:00:00+00:00,37334.5,37456.6,37268.2,37403.5,11031,73,0
2024-01-08 16:00:00+00:00,37404.8,37661.8,37367.6,37643.0,10008,74,0
2024-01-08 20:00:00+00:00,37642.4,37719.7,37622.5,37672.7,4632,74,0
2024-01-09 00:00:00+00:00,37672.2,37676.9,37650.5,37660.4,1463,74,0
2024-01-09 04:00:00+00:00,37661.0,37661.9,37636.6,37639.6,1590,75,0
2024-01-09 08:00:00+00:00,37640.9,37642.8,37530.2,37536.7,6802,71,0
2024-01-09 12:00:00+00:00,37538.5,37582.7,37386.5,37414.9,11917,71,0
2024-01-09 16:00:00+00:00,37413.6,37574.9,37412.6,37513.9,11638,73,0
2024-01-09 20:00:00+00:00,37514.8,37565.8,37478.5,37525.2,5352,74,0
2024-01-10 00:00:00+00:00,37526.6,37545.0,37490.5,37499.9,1945,75,0
2024-01-10 04:00:00+00:00,37500.8,37526.0,37480.6,37515.9,2012,74,0
2024-01-10 08:00:00+00:00,37516.7,37572.7,37487.1,37496.5,6395,69,0
2024-01-10 12:00:00+00:00,37495.6,37681.0,37493.3,37618.8,11015,70,0
2024-01-10 16:00:00+00:00,37619.8,37749.1,37561.5,37744.0,9922,74,0
2024-01-10 20:00:00+00:00,37742.5,37765.8,37622.4,37722.4,5432,75,0
2024-01-11 00:00:00+00:00,37721.4,37778.7,37714.4,37776.2,2017,74,0
2024-01-11 04:00:00+00:00,37776.2,37814.8,37765.4,37794.7,1938,73,0
2024-01-11 08:00:00+00:00,37795.0,37826.6,37699.0,37714.8,6490,70,0
2024-01-11 12:00:00+00:00,37714.2,37812.9,37434.4,37493.5,17564,71,0
2024-01-11 16:00:00+00:00,37493.8,37740.1,37415.6,37730.7,15970,73,0
2024-01-11 20:00:00+00:00,37731.7,37738.7,37647.0,37710.5,5457,74,0
2024-01-12 00:00:00+00:00,37709.4,37725.0,37668.4,37705.2,2895,72,0
2024-01-12 04:00:00+00:00,37704.6,37711.8,37642.9,37645.5,3037,72,0
2024-01-12 08:00:00+00:00,37646.0,37800.4,37447.6,37517.5,10306,71,0
2024-01-12 12:00:00+00:00,37518.2,37824.4,37466.5,37499.5,18459,72,0
2024-01-12 16:00:00+00:00,37499.4,37633.8,37476.6,37551.5,14066,73,0
2024-01-12 20:00:00+00:00,37551.5,37607.8,37532.6,37592.9,2966,75,0
2024-01-14 20:00:00+00:00,37561.8,37582.6,37532.7,37577.2,718,80,0
2024-01-15 00:00:00+00:00,37577.2,37632.8,37560.5,37625.0,2134,74,0
2024-01-15 04:00:00+00:00,37623.5,37641.0,37582.6,37584.9,1755,74,0
2024-01-15 08:00:00+00:00,37585.0,37613.7,37522.1,37543.9,8116,71,0
2024-01-15 12:00:00+00:00,37543.8,37604.0,37506.9,37584.5,7263,73,0
2024-01-15 16:00:00+00:00,37582.6,37599.4,37562.5,37583.8,1328,73,0
2024-01-15 20:00:00+00:00,37572.1,37584.5,37548.3,37551.7,434,79,0
2024-01-16 00:00:00+00:00,37552.7,37552.7,37478.5,37498.5,3302,73,0
2024-01-16 04:00:00+00:00,37499.9,37500.1,37440.6,37462.0,2636,73,0
2024-01-16 08:00:00+00:00,37460.5,37495.1,37396.1,37481.3,9074,70,0
2024-01-16 12:00:00+00:00,37480.7,37562.6,37324.6,37473.5,15646,70,0
2024-01-16 16:00:00+00:00,37474.0,37483.2,37203.5,37277.6,16542,74,0
2024-01-16 20:00:00+00:00,37276.5,37376.7,37268.5,37368.7,4052,74,0
2024-01-17 00:00:00+00:00,37368.2,37370.6,37285.5,37288.6,2716,72,0
2024-01-17 04:00:00+00:00,37289.1,37317.0,37210.5,37243.9,4125,73,0
2024-01-17 08:00:00+00:00,37242.4,37274.5,37184.6,37221.8,8568,70,0
2024-01-17 12:00:00+00:00,37221.2,37345.7,37156.6,37328.5,15094,70,0
2024-01-17 16:00:00+00:00,37329.1,37379.0,37136.1,37223.5,11774,73,0
2024-01-17 20:00:00+00:00,37224.0,37306.1,37165.6,37280.3,4435,73,0
2024-01-18 00:00:00+00:00,37280.9,37291.0,37246.6,37249.5,2774,72,0
2024-01-18 04:00:00+00:00,37248.6,37277.0,37226.6,37264.7,2722,73,0
2024-01-18 08:00:00+00:00,37263.4,37338.5,37238.5,37243.6,7394,69,0
2024-01-18 12:00:00+00:00,37244.9,37289.8,37127.0,37218.4,14160,70,0
2024-01-18 16:00:00+00:00,37218.0,37440.7,37155.4,37415.0,13802,73,0
2024-01-18 20:00:00+00:00,37415.9,37529.1,37410.5,37482.7,5090,74,0
2024-01-19 00:00:00+00:00,37481.4,37484.9,37417.6,37456.1,2793,72,0
2024-01-19 04:00:00+00:00,37455.6,37511.0,37427.6,37493.9,2421,72,0
2024-01-19 08:00:00+00:00,37493.4,37617.1,37472.3,37609.9,7243,69,0
2024-01-19 12:00:00+00:00,37608.4,37715.5,37454.7,37599.6,14768,71,0
2024-01-19 16:00:00+00:00,37600.9,37950.7,37575.4,37894.5,12602,75,0
2024-01-19 20:00:00+00:00,37894.4,37911.5,37839.5,37853.5,3383,75,0
2024-01-21 20:00:00+00:00,37910.6,37948.0,37904.8,37918.8,781,79,0
2024-01-22 00:00:00+00:00,37917.3,37990.7,37907.2,37939.4,3120,73,0
2024-01-22 04:00:00+00:00,37940.8,37949.9,37897.0,37923.4,2536,74,0
2024-01-22 08:00:00+00:00,37922.4,37958.2,37900.7,37929.3,6271,70,0
2024-01-22 12:00:00+00:00,37928.7,38136.8,37928.7,38063.7,12065,70,0
2024-01-22 16:00:00+00:00,38065.7,38067.7,37932.5,37999.5,11105,73,0
2024-01-22 20:00:00+00:00,38000.9,38044.9,37982.7,38018.4,3921,73,0
2024-01-23 00:00:00+00:00,38018.8,38044.9,38001.5,38016.9,2873,73,0
2024-01-23 04:00:00+00:00,38017.1,38045.0,38015.7,38037.9,2287,72,0
2024-01-23 08:00:00+00:00,38036.5,38049.8,37949.6,37976.6,6512,69,0
2024-01-23 12:00:00+00:00,37976.0,38022.0,37867.7,37872.9,10637,71,0
2024-01-23 16:00:00+00:00,37873.9,37933.9,37817.6,37925.0,8455,72,0
2024-01-23 20:00:00+00:00,37925.9,37963.8,37899.4,37960.3,3928,73,0
2024-01-24 00:00:00+00:00,37958.3,37959.0,37932.5,37947.5,1772,72,0
2024-01-24 04:00:00+00:00,37948.1,37999.0,37946.6,37981.7,1950,72,0
2024-01-24 08:00:00+00:00,37982.0,38026.3,37958.7,38013.2,5836,69,0
2024-01-24 12:00:00+00:00,38013.7,38100.1,37946.6,38013.9,11983,70,0
2024-01-24 16:00:00+00:00,38014.9,38084.8,37874.5,37925.9,13084,74,0
2024-01-24 20:00:00+00:00,37924.6,37942.6,37800.3,37873.0,5538,73,0
2024-01-25 00:00:00+00:00,37873.9,37910.9,37861.8,37888.4,2425,74,0
2024-01-25 04:00:00+00:00,37888.4,37942.7,37887.6,37918.9,2146,74,0
2024-01-25 08:00:00+00:00,37919.0,37942.6,37783.4,37834.9,6789,70,0
2024-01-25 12:00:00+00:00,37835.2,38050.8,37766.1,37865.4,14935,73,0
2024-01-25 16:00:00+00:00,37864.6,37942.8,37805.6,37925.0,14847,72,0
2024-01-25 20:00:00+00:00,37925.0,38070.7,37897.4,37991.2,5297,74,0
2024-01-26 00:00:00+00:00,37988.8,38003.1,37970.6,37982.2,2026,71,0
2024-01-26 04:00:00+00:00,37982.2,37982.2,37910.4,37921.9,2906,71,0
2024-01-26 08:00:00+00:00,37921.9,38024.6,37919.3,38000.6,6158,69,0
2024-01-26 12:00:00+00:00,38001.9,38232.9,37962.6,38214.0,14281,71,0
2024-01-26 16:00:00+00:00,38213.6,38219.9,38034.5,38134.5,11276,74,0
2024-01-26 20:00:00+00:00,38135.9,38142.0,38081.5,38111.9,2635,75,0
2024-01-28 20:00:00+00:00,38081.2,38081.2,38032.1,38047.7,803,82,0
2024-01-29 00:00:00+00:00,38047.7,38077.0,38041.3,38069.5,1987,73,0
2024-01-29 04:00:00+00:00,38070.1,38127.6,38066.5,38127.6,1758,72,0
2024-01-29 08:00:00+00:00,38128.0,38132.7,38063.3,38118.7,4546,70,0
2024-01-29 12:00:00+00:00,38119.4,38196.9,38090.6,38107.0,8824,71,0
2024-01-29 16:00:00+00:00,38107.0,38195.1,38080.5,38178.3,7569,73,0
2024-01-29 20:00:00+00:00,38178.9,38370.7,38178.9,38319.6,5070,76,0
2024-01-30 00:00:00+00:00,38320.6,38345.9,38307.4,38318.1,1785,73,0
2024-01-30 04:00:00+00:00,38317.5,38331.8,38281.4,38309.4,1688,73,0
2024-01-30 08:00:00+00:00,38307.7,38332.7,38296.3,38311.2,4923,70,0
2024-01-30 12:00:00+00:00,38312.4,38357.1,38266.0,38314.9,9450,71,0
2024-01-30 16:00:00+00:00,38315.1,38495.9,38312.5,38491.6,8681,73,0
2024-01-30 20:00:00+00:00,38492.9,38542.3,38446.1,38487.8,5480,74,0
2024-01-31 00:00:00+00:00,38487.8,38524.0,38487.8,38508.4,1955,75,0
2024-01-31 04:00:00+00:00,38509.0,38531.7,38473.4,38527.5,1706,74,0
2024-01-31 08:00:00+00:00,38526.4,38571.5,38516.0,38549.0,5029,71,0
2024-01-31 12:00:00+00:00,38548.8,38606.3,38473.1,38513.1,12454,72,0
2024-01-31 16:00:00+00:00,38513.6,38578.3,38384.4,38421.6,16052,74,0
2024-01-31 20:00:00+00:00,38422.6,38424.6,38134.3,38193.6,10487,76,0
2024-02-01 00:00:00+00:00,38193.7,38241.9,38191.4,38223.0,2415,72,0
2024-02-01 04:00:00+00:00,38221.6,38232.1,38165.5,38203.3,2441,74,0
2024-02-01 08:00:00+00:00,38202.3,38227.7,38169.1,38206.6,5802,70,0
2024-02-01 12:00:00+00:00,38206.3,38300.5,38129.7,38137.5,13624,72,0
2024-02-01 16:00:00+00:00,38137.5,38493.6,38105.4,38473.8,15524,75,0
2024-02-01 20:00:00+00:00,38474.9,38557.1,38452.4,38532.5,7156,74,0
2024-02-02 00:00:00+00:00,38532.1,38554.0,38509.4,38541.0,1944,74,0
2024-02-02 04:00:00+00:00,38541.0,38549.9,38512.7,38512.7,1896,73,0
2024-02-02 08:00:00+00:00,38513.1,38557.5,38500.1,38549.9,4484,72,0
2024-02-02 12:00:00+00:00,38549.7,38594.3,38330.4,38490.0,15354,73,0
2024-02-02 16:00:00+00:00,38491.0,38780.0,38447.4,38774.9,16402,73,0
2024-02-02 20:00:00+00:00,38775.0,38788.8,38666.5,38674.9,3794,75,0
2024-02-04 20:00:00+00:00,38657.2,38688.9,38625.9,38678.2,893,81,0
2024-02-05 00:00:00+00:00,38676.3,38697.6,38576.5,38590.9,3296,74,0
2024-02-05 04:00:00+00:00,38590.9,38620.7,38573.4,38574.8,1890,75,0
2024-02-05 08:00:00+00:00,38573.3,38710.0,38538.6,38687.7,5647,73,0
2024-02-05 12:00:00+00:00,38686.3,38686.3,38225.5,38252.8,13263,74,0
2024-02-05 16:00:00+00:00,38252.9,38491.7,38238.4,38478.4,10679,74,0
2024-02-05 20:00:00+00:00,38479.0,38502.8,38333.1,38334.7,4767,75,0
2024-02-06 00:00:00+00:00,38337.1,38388.9,38333.1,38376.4,1949,73,0
2024-02-06 04:00:00+00:00,38375.5,38406.8,38358.6,38376.5,1827,73,0
2024-02-06 08:00:00+00:00,38376.3,38396.5,38289.0,38334.6,5625,70,0
2024-02-06 12:00:00+00:00,38333.7,38553.8,38310.0,38455.5,12051,72,0
2024-02-06 16:00:00+00:00,38456.9,38519.8,38411.5,38462.4,12948,74,0
2024-02-06 20:00:00+00:00,38463.8,38536.5,38431.5,38524.8,4110,74,0
2024-02-07 00:00:00+00:00,38526.7,38593.7,38518.6,38547.6,2392,73,0
2024-02-07 04:00:00+00:00,38548.1,38565.9,38534.6,38537.8,2040,72,0
2024-02-07 08:00:00+00:00,38538.8,38577.6,38489.0,38502.0,4870,71,0
2024-02-07 12:00:00+00:00,38502.7,38748.7,38475.7,38713.8,11634,72,0
2024-02-07 16:00:00+00:00,38713.9,38769.8,38660.5,38733.0,12071,75,0
2024-02-07 20:00:00+00:00,38733.0,38747.8,38668.3,38702.8,3476,75,0
2024-02-08 00:00:00+00:00,38701.4,38712.8,38682.4,38688.5,1349,75,0
2024-02-08 04:00:00+00:00,38688.5,38716.8,38688.5,38711.6,1348,74,0
2024-02-08 08:00:00+00:00,38711.8,38725.1,38631.6,38664.5,4512,71,0
2024-02-08 12:00:00+00:00,38664.5,38765.6,38598.5,38621.5,9599,72,0
2024-02-08 16:00:00+00:00,38622.9,38709.8,38546.6,38704.8,8481,73,0
2024-02-08 20:00:00+00:00,38703.5,38741.0,38686.8,38719.9,2761,75,0
2024-02-09 00:00:00+00:00,38719.3,38730.8,38706.5,38724.5,1706,72,0
2024-02-09 04:00:00+00:00,38724.5,38726.1,38701.7,38712.8,1084,71,0
2024-02-09 08:00:00+00:00,38713.1,38768.7,38709.4,38760.1,4659,70,0
2024-02-09 12:00:00+00:00,38761.0,38899.2,38631.4,38649.6,10295,73,0
2024-02-09 16:00:00+00:00,38650.8,38726.4,38567.5,38696.0,7587,74,0
2024-02-09 20:00:00+00:00,38696.9,38698.9,38628.4,38655.4,2170,76,0
2024-02-11 20:00:00+00:00,38657.9,38693.5,38650.0,38687.7,584,80,0
2024-02-12 00:00:00+00:00,38687.3,38707.8,38674.3,38685.8,979,77,0
2024-02-12 04:00:00+00:00,38686.7,38696.9,38661.4,38662.8,1124,75,0
2024-02-12 08:00:00+00:00,38663.7,38676.9,38618.9,38658.6,4064,72,0
2024-02-12 12:00:00+00:00,38659.0,38753.8,38635.8,38745.0,7187,71,0
2024-02-12 16:00:00+00:00,38744.5,38949.8,38741.4,38786.3,10736,75,0
2024-02-12 20:00:00+00:00,38784.5,38835.7,38778.4,38801.6,4021,75,0
2024-02-13 00:00:00+00:00,38800.8,38803.7,38774.4,38776.0,1400,75,0
2024-02-13 04:00:00+00:00,38775.5,38840.6,38771.4,38840.6,1481,74,0
2024-02-13 08:00:00+00:00,38840.8,38843.7,38723.9,38764.7,6390,72,0
2024-02-13 12:00:00+00:00,38765.4,38794.6,38257.5,38319.9,17904,74,0
2024-02-13 16:00:00+00:00,38320.9,38416.9,38044.6,38073.4,13916,73,0
2024-02-13 20:00:00+00:00,38073.4,38293.6,38050.5,38272.2,6563,74,0
2024-02-14 00:00:00+00:00,38271.4,38277.8,38242.5,38257.1,2189,74,0
2024-02-14 04:00:00+00:00,38256.5,38320.7,38248.5,38299.8,1975,74,0
2024-02-14 08:00:00+00:00,38301.5,38397.3,38299.4,38387.4,5882,72,0
2024-02-14 12:00:00+00:00,38385.9,38432.8,38303.3,38306.5,12717,74,0
2024-02-14 16:00:00+00:00,38307.5,38375.6,38205.4,38329.5,14558,72,0
2024-02-14 20:00:00+00:00,38330.8,38473.8,38315.3,38418.7,5118,75,0
2024-02-15 00:00:00+00:00,38416.8,38419.1,38372.5,38410.9,1702,74,0
2024-02-15 04:00:00+00:00,38411.0,38480.7,38409.6,38458.4,1630,74,0
2024-02-15 08:00:00+00:00,38458.4,38506.7,38444.0,38462.6,5486,71,0
2024-02-15 12:00:00+00:00,38461.7,38665.5,38430.0,38591.0,12440,72,0
2024-02-15 16:00:00+00:00,38591.0,38778.7,38544.0,38754.3,11198,75,0
2024-02-15 20:00:00+00:00,38755.7,38785.8,38725.6,38751.9,4174,76,0
2024-02-16 00:00:00+00:00,38753.9,38755.7,38698.3,38722.4,1822,75,0
2024-02-16 04:00:00+00:00,38723.0,38729.8,38706.5,38711.4,1647,74,0
2024-02-16 08:00:00+00:00,38711.9,38753.5,38711.9,38741.2,4525,71,0
2024-02-16 12:00:00+00:00,38741.2,38758.1,38570.9,38683.6,14311,72,0
2024-02-16 16:00:00+00:00,38684.9,38824.7,38619.7,38660.8,11619,72,0
2024-02-16 20:00:00+00:00,38659.5,38691.9,38575.4,38607.6,4096,76,0
2024-02-18 20:00:00+00:00,38629.4,38657.5,38626.8,38645.4,841,79,0
2024-02-19 00:00:00+00:00,38647.8,38676.9,38633.6,38640.3,1968,75,0
2024-02-19 04:00:00+00:00,38641.8,38666.0,38625.9,38625.9,1512,75,0
2024-02-19 08:00:00+00:00,38626.8,38677.7,38612.5,38654.6,5999,72,0
2024-02-19 12:00:00+00:00,38655.3,38671.6,38622.4,38626.4,3847,73,0
2024-02-19 16:00:00+00:00,38627.0,38662.3,38613.6,38653.1,1167,75,0
2024-02-19 20:00:00+00:00,38642.3,38646.6,38572.0,38580.6,646,80,0
2024-02-20 00:00:00+00:00,38583.0,38598.8,38511.4,38523.4,2888,75,0
2024-02-20 04:00:00+00:00,38524.0,38562.8,38514.4,38546.4,2056,75,0
2024-02-20 08:00:00+00:00,38546.9,38591.2,38465.8,38520.5,7870,72,0
2024-02-20 12:00:00+00:00,38520.0,38673.8,38466.6,38662.4,15248,73,0
2024-02-20 16:00:00+00:00,38663.5,38673.8,38469.0,38610.0,14398,74,0
2024-02-20 20:00:00+00:00,38611.3,38619.5,38493.4,38580.3,5856,74,0
2024-02-21 00:00:00+00:00,38577.9,38598.8,38527.6,38543.4,2383,75,0
2024-02-21 04:00:00+00:00,38543.2,38572.7,38537.5,38543.5,1904,74,0
2024-02-21 08:00:00+00:00,38544.0,38548.6,38474.1,38519.0,6614,72,0
2024-02-21 12:00:00+00:00,38519.0,38560.0,38394.4,38485.9,12070,73,0
2024-02-21 16:00:00+00:00,38485.5,38572.2,38384.5,38445.9,14559,73,0
2024-02-21 20:00:00+00:00,38446.4,38689.1,38345.4,38625.7,10783,75,0
2024-02-22 00:00:00+00:00,38628.6,38698.7,38624.3,38653.3,3114,75,0
2024-02-22 04:00:00+00:00,38654.8,38731.0,38649.4,38720.6,2239,75,0
2024-02-22 08:00:00+00:00,38721.0,38852.8,38678.5,38765.0,8017,73,0
2024-02-22 12:00:00+00:00,38765.0,39006.6,38751.1,38845.5,14230,73,0
2024-02-22 16:00:00+00:00,38846.5,39162.0,38819.8,39038.5,11700,74,0
2024-02-22 20:00:00+00:00,39037.0,39129.6,39020.4,39091.1,5131,75,0
2024-02-23 00:00:00+00:00,39090.1,39122.6,39043.3,39117.2,2387,77,0
2024-02-23 04:00:00+00:00,39117.8,39133.7,39084.2,39098.3,1626,77,0
2024-02-23 08:00:00+00:00,39098.3,39125.9,39049.6,39117.1,5154,72,0
2024-02-23 12:00:00+00:00,39117.1,39299.1,39114.0,39276.8,11238,74,0
2024-02-23 16:00:00+00:00,39277.8,39281.2,39101.5,39149.7,12539,75,0
2024-02-23 20:00:00+00:00,39148.4,39203.6,39133.5,39174.8,3083,76,0
2024-02-25 20:00:00+00:00,39149.3,39159.0,39124.2,39148.1,608,86,0
2024-02-26 00:00:00+00:00,39143.9,39147.5,39080.3,39106.8,2666,77,0
2024-02-26 04:00:00+00:00,39106.8,39131.6,39097.4,39130.6,1627,77,0
2024-02-26 08:00:00+00:00,39130.2,39142.4,39078.9,39129.5,4456,73,0
2024-02-26 12:00:00+00:00,39129.9,39262.8,39119.1,39164.7,9238,73,0
2024-02-26 16:00:00+00:00,39165.7,39177.9,39044.2,39124.8,9986,75,0
2024-02-26 20:00:00+00:00,39126.8,39164.6,39064.2,39086.5,4142,77,0
2024-02-27 00:00:00+00:00,39085.6,39089.7,39045.3,39072.3,2255,77,0
2024-02-27 04:00:00+00:00,39072.9,39112.8,39061.3,39101.9,1828,76,0
2024-02-27 08:00:00+00:00,39101.3,39123.8,39077.1,39100.9,4662,73,0
2024-02-27 12:00:00+00:00,39102.0,39132.6,38915.5,38955.9,10407,73,0
2024-02-27 16:00:00+00:00,38956.9,38971.7,38889.6,38968.9,8254,74,0
2024-02-27 20:00:00+00:00,38968.9,39011.8,38934.8,38936.8,3529,75,0
2024-02-28 00:00:00+00:00,38935.8,38964.8,38932.4,38964.3,1504,76,0
2024-02-28 04:00:00+00:00,38964.9,38964.9,38918.4,38927.9,1357,76,0
2024-02-28 08:00:00+00:00,38927.3,38927.3,38811.0,38858.1,6039,73,0
2024-02-28 12:00:00+00:00,38858.0,38922.6,38755.8,38914.7,10370,73,0
2024-02-28 16:00:00+00:00,38914.8,38950.6,38832.3,38898.8,8841,76,0
2024-02-28 20:00:00+00:00,38898.8,38959.6,38798.6,38861.0,4693,77,0
2024-02-29 00:00:00+00:00,38859.6,38931.9,38858.2,38930.4,2010,76,0
2024-02-29 04:00:00+00:00,38931.0,38953.9,38890.1,38893.5,1985,76,0
2024-02-29 08:00:00+00:00,38893.6,38900.1,38788.8,38844.6,6863,74,0
2024-02-29 12:00:00+00:00,38844.3,39072.4,38806.5,38932.7,12382,73,0
2024-02-29 16:00:00+00:00,38932.8,38996.8,38804.6,38927.9,11712,75,0
2024-02-29 20:00:00+00:00,38928.7,39052.7,38923.5,38960.6,5278,76,0
2024-03-01 00:00:00+00:00,38964.1,39043.7,38964.1,39035.8,2173,75,0
2024-03-01 04:00:00+00:00,39036.8,39053.6,39012.3,39012.3,1687,75,0
2024-03-01 08:00:00+00:00,39013.8,39019.4,38890.2,38962.0,6517,73,0
2024-03-01 12:00:00+00:00,38962.0,39072.6,38850.6,39036.7,9253,74,0
2024-03-01 16:00:00+00:00,39037.7,39129.8,38960.0,39086.7,10618,76,0
2024-03-01 20:00:00+00:00,39087.2,39112.8,39039.3,39103.7,2984,76,0
2024-03-03 20:00:00+00:00,39078.4,39093.9,39066.8,39072.6,561,83,0
2024-03-04 00:00:00+00:00,39073.5,39084.7,39047.4,39050.4,1633,76,0
2024-03-04 04:00:00+00:00,39052.6,39062.8,39042.3,39048.7,1146,74,0
2024-03-04 08:00:00+00:00,39049.8,39064.5,38997.0,39025.9,4361,73,0
2024-03-04 12:00:00+00:00,39025.5,39049.9,38883.0,39003.8,9408,73,0
2024-03-04 16:00:00+00:00,39004.8,39100.4,38968.3,39073.5,7925,75,0
2024-03-04 20:00:00+00:00,39073.3,39091.9,38939.3,38949.7,4040,77,0
2024-03-05 00:00:00+00:00,38946.3,38969.6,38942.3,38959.0,2116,75,0
2024-03-05 04:00:00+00:00,38958.4,38960.9,38910.4,38937.8,1429,74,0
2024-03-05 08:00:00+00:00,38938.8,38973.0,38893.4,38957.2,4994,73,0
2024-03-05 12:00:00+00:00,38958.1,38965.2,38733.5,38766.4,11762,74,0
2024-03-05 16:00:00+00:00,38767.7,38774.7,38520.4,38531.5,13456,75,0
2024-03-05 20:00:00+00:00,38531.9,38618.8,38464.0,38593.2,5711,75,0
2024-03-06 00:00:00+00:00,38593.3,38594.9,38560.5,38591.8,2058,75,0
2024-03-06 04:00:00+00:00,38591.9,38602.8,38573.6,38592.2,1532,75,0
2024-03-06 08:00:00+00:00,38591.3,38689.4,38587.3,38664.9,5206,72,0
2024-03-06 12:00:00+00:00,38665.0,38872.9,38660.0,38771.7,12901,73,0
2024-03-06 16:00:00+00:00,38770.4,38875.0,38575.4,38627.9,18159,75,0
2024-03-06 20:00:00+00:00,38627.3,38713.7,38586.5,38658.9,7215,75,0
2024-03-07 00:00:00+00:00,38653.9,38667.8,38577.3,38627.3,3626,75,0
2024-03-07 04:00:00+00:00,38627.8,38658.9,38568.3,38569.2,2787,76,0
2024-03-07 08:00:00+00:00,38568.8,38722.5,38523.7,38709.6,6509,73,0
2024-03-07 12:00:00+00:00,38709.4,38919.8,38689.7,38872.2,12265,74,0
2024-03-07 16:00:00+00:00,38871.4,38892.8,38732.3,38785.4,11208,76,0
2024-03-07 20:00:00+00:00,38784.4,38843.6,38729.4,38773.8,5858,76,0
2024-03-08 00:00:00+00:00,38779.3,38783.7,38749.6,38769.4,2145,75,0
2024-03-08 04:00:00+00:00,38770.8,38794.8,38759.5,38792.3,2049,73,0
2024-03-08 08:00:00+00:00,38792.9,38827.0,38718.5,38722.2,6054,72,0
2024-03-08 12:00:00+00:00,38722.2,38990.7,38613.2,38929.8,14930,72,0
2024-03-08 16:00:00+00:00,38928.5,38949.8,38717.5,38906.8,21574,75,0
2024-03-08 20:00:00+00:00,38906.8,38930.9,38743.5,38756.4,5506,75,0
2024-03-10 20:00:00+00:00,38805.2,38807.0,38723.3,38761.8,2125,77,0
2024-03-11 00:00:00+00:00,38773.2,38792.9,38701.5,38702.3,3133,75,0
2024-03-11 04:00:00+00:00,38701.5,38740.9,38681.3,38710.4,2970,75,0
2024-03-11 08:00:00+00:00,38709.4,38726.3,38591.3,38679.5,8768,73,0
2024-03-11 12:00:00+00:00,38678.6,38735.6,38502.5,38703.8,19293,73,0
2024-03-11 16:00:00+00:00,38703.4,38831.9,38669.4,38807.7,14608,74,0
2024-03-11 20:00:00+00:00,38803.9,38863.6,38791.4,38850.0,1974,76,0
2024-03-12 00:00:00+00:00,38848.0,38862.1,38833.5,38856.5,2049,73,0
2024-03-12 04:00:00+00:00,38857.1,38887.0,38850.5,38869.9,1973,73,0
2024-03-12 08:00:00+00:00,38869.3,38883.3,38774.2,38798.1,6165,73,0
2024-03-12 12:00:00+00:00,38797.9,39115.8,38671.2,39030.9,20132,74,0
2024-03-12 16:00:00+00:00,39030.5,39127.7,38855.8,39081.3,14179,75,0
2024-03-12 20:00:00+00:00,39058.4,39087.8,39032.2,39060.4,1560,79,0
2024-03-13 00:00:00+00:00,39059.8,39067.9,39011.4,39033.9,1730,74,0
2024-03-13 04:00:00+00:00,39033.9,39089.8,39033.4,39065.5,1912,75,0
2024-03-13 08:00:00+00:00,39066.0,39110.4,39048.0,39086.7,5747,71,0
2024-03-13 12:00:00+00:00,39086.8,39246.9,39065.4,39212.4,12208,72,0
2024-03-13 16:00:00+00:00,39212.4,39266.9,38990.3,39116.8,12884,75,0
2024-03-13 20:00:00+00:00,39111.7,39151.5,39103.6,39134.4,1578,76,0
2024-03-14 00:00:00+00:00,39136.0,39138.9,39112.5,39127.0,1431,74,0
2024-03-14 04:00:00+00:00,39127.9,39197.7,39118.6,39190.4,1473,74,0
2024-03-14 08:00:00+00:00,39189.4,39269.0,39181.8,39252.7,5118,72,0
2024-03-14 12:00:00+00:00,39253.5,39279.6,38891.7,39009.8,18389,72,0
2024-03-14 16:00:00+00:00,39010.9,39015.9,38722.5,38910.7,18497,75,0
2024-03-14 20:00:00+00:00,38944.4,38951.6,38887.4,38899.8,2374,78,0
2024-03-15 00:00:00+00:00,38903.3,38942.4,38903.2,38932.5,2308,76,0
2024-03-15 04:00:00+00:00,38933.0,38950.9,38894.3,38908.8,2189,75,0
2024-03-15 08:00:00+00:00,38908.3,39018.3,38908.3,39001.7,5671,73,0
2024-03-15 12:00:00+00:00,39002.5,39017.8,38754.3,38788.4,19015,73,0
2024-03-15 16:00:00+00:00,38786.5,38806.7,38646.5,38713.9,15549,75,0
2024-03-17 20:00:00+00:00,38755.7,38771.4,38724.2,38741.9,1106,78,0
2024-03-18 00:00:00+00:00,38740.3,38786.7,38715.5,38778.3,1936,75,0
2024-03-18 04:00:00+00:00,38778.9,38807.1,38751.4,38751.8,1546,72,0
2024-03-18 08:00:00+00:00,38750.6,38837.8,38702.5,38819.1,5705,73,0
2024-03-18 12:00:00+00:00,38819.6,38949.8,38814.4,38935.0,13216,74,0
2024-03-18 16:00:00+00:00,38935.0,38940.6,38809.6,38809.6,10980,74,0
2024-03-18 20:00:00+00:00,38837.7,38873.5,38806.3,38843.9,2567,74,0
2024-03-19 00:00:00+00:00,38845.8,38850.8,38797.5,38821.4,2825,74,0
2024-03-19 04:00:00+00:00,38822.8,38857.9,38816.5,38845.7,2894,74,0
2024-03-19 08:00:00+00:00,38846.7,38868.5,38735.2,38773.4,6899,72,0
2024-03-19 12:00:00+00:00,38771.6,39071.5,38743.5,39058.5,13452,74,0
2024-03-19 16:00:00+00:00,39057.5,39174.7,39028.5,39167.9,11558,74,0
2024-03-19 20:00:00+00:00,39163.1,39174.6,39147.6,39161.2,1430,78,0
2024-03-20 00:00:00+00:00,39159.2,39162.8,39137.5,39150.8,1315,76,0
2024-03-20 04:00:00+00:00,39150.4,39184.9,39141.5,39161.2,1366,75,0
2024-03-20 08:00:00+00:00,39159.4,39161.4,39109.0,39139.5,4673,72,0
2024-03-20 12:00:00+00:00,39139.9,39226.9,39050.6,39177.5,9265,73,0
2024-03-20 16:00:00+00:00,39176.6,39600.3,39131.0,39558.6,16520,74,0
2024-03-20 20:00:00+00:00,39570.1,39658.5,39559.3,39649.1,2664,78,0
2024-03-21 00:00:00+00:00,39648.2,39686.8,39633.4,39684.9,1713,75,0
2024-03-21 04:00:00+00:00,39684.4,39734.7,39681.4,39734.7,1914,76,0
2024-03-21 08:00:00+00:00,39734.1,39742.4,39646.0,39670.9,5909,75,0
2024-03-21 12:00:00+00:00,39671.7,39947.2,39643.2,39907.8,12264,75,0
2024-03-21 16:00:00+00:00,39906.4,39928.7,39841.3,39859.7,10944,76,0
2024-03-21 20:00:00+00:00,39834.6,39908.0,39831.3,39887.0,1935,79,0
2024-03-22 00:00:00+00:00,39883.2,39894.8,39836.3,39856.8,2011,76,0
2024-03-22 04:00:00+00:00,39857.7,39879.8,39821.5,39835.2,1813,76,0
2024-03-22 08:00:00+00:00,39835.8,39905.0,39800.9,39810.8,5430,74,0
2024-03-22 12:00:00+00:00,39810.9,39870.8,39639.5,39650.9,11089,75,0
2024-03-22 16:00:00+00:00,39651.0,39661.8,39530.4,39547.4,9260,75,0
2024-03-24 20:00:00+00:00,39496.4,39499.4,39461.6,39494.2,1067,81,0
2024-03-25 00:00:00+00:00,39496.6,39502.6,39453.5,39465.8,2026,76,0
2024-03-25 04:00:00+00:00,39465.3,39469.9,39430.3,39442.7,1650,76,0
2024-03-25 08:00:00+00:00,39441.5,39509.2,39413.9,39430.0,5211,73,0
2024-03-25 12:00:00+00:00,39430.4,39480.9,39373.5,39403.5,10420,75,0
2024-03-25 16:00:00+00:00,39404.8,39416.0,39337.5,39355.4,7598,75,0
2024-03-25 20:00:00+00:00,39349.4,39389.6,39341.3,39383.7,1215,75,0
2024-03-26 00:00:00+00:00,39382.9,39410.9,39374.5,39381.5,1426,74,0
2024-03-26 04:00:00+00:00,39382.0,39422.8,39380.3,39380.3,1578,74,0
2024-03-26 08:00:00+00:00,39382.4,39472.3,39376.0,39443.1,4760,74,0
2024-03-26 12:00:00+00:00,39443.8,39483.9,39346.7,39472.9,10320,74,0
2024-03-26 16:00:00+00:00,39472.4,39472.4,39320.4,39330.5,8043,74,0
2024-03-26 20:00:00+00:00,39354.4,39436.6,39340.4,39436.2,1547,77,0
2024-03-27 00:00:00+00:00,39433.3,39463.0,39429.2,39457.0,1323,75,0
2024-03-27 04:00:00+00:00,39456.4,39510.7,39450.5,39451.3,1802,75,0
2024-03-27 08:00:00+00:00,39451.9,39531.0,39451.9,39508.1,4716,74,0
2024-03-27 12:00:00+00:00,39507.6,39646.7,39480.8,39525.0,10748,74,0
2024-03-27 16:00:00+00:00,39523.5,39813.6,39491.4,39810.3,9642,75,0
2024-03-27 20:00:00+00:00,39812.6,39845.7,39758.5,39777.7,2391,78,0
2024-03-28 00:00:00+00:00,39777.8,39806.7,39776.4,39780.4,1690,75,0
2024-03-28 04:00:00+00:00,39779.5,39799.8,39766.2,39773.3,1432,76,0
2024-03-28 08:00:00+00:00,39773.8,39828.3,39764.4,39817.0,4428,73,0
2024-03-28 12:00:00+00:00,39816.5,39906.5,39771.5,39844.4,10131,75,0
2024-03-28 16:00:00+00:00,39843.5,39910.7,39788.4,39875.4,8129,76,0
2024-03-28 20:00:00+00:00,39816.2,39844.6,39809.2,39817.7,1102,78,0
2024-03-31 20:00:00+00:00,39890.1,40052.4,39890.1,40039.7,1541,81,0
2024-04-01 00:00:00+00:00,40040.7,40041.6,39978.4,40011.3,1642,76,0
2024-04-01 04:00:00+00:00,40011.9,40022.9,39999.3,40004.7,1236,77,0
2024-04-01 08:00:00+00:00,40004.2,40005.6,39963.1,39972.4,2581,74,0
2024-04-01 12:00:00+00:00,39971.9,39971.9,39538.5,39538.5,11769,75,0
2024-04-01 16:00:00+00:00,39539.8,39626.6,39525.9,39592.5,8114,75,0
2024-04-01 20:00:00+00:00,39582.4,39592.3,39404.2,39467.7,2674,78,0
2024-04-02 00:00:00+00:00,39470.1,39492.9,39460.3,39466.0,2241,75,0
2024-04-02 04:00:00+00:00,39466.8,39487.9,39444.3,39475.7,3067,76,0
2024-04-02 08:00:00+00:00,39477.4,39508.2,39387.1,39389.0,6442,75,0
2024-04-02 12:00:00+00:00,39388.0,39397.9,39074.5,39116.5,14681,76,0
2024-04-02 16:00:00+00:00,39116.9,39250.8,39084.4,39215.2,9185,76,0
2024-04-02 20:00:00+00:00,39219.3,39229.9,39194.1,39198.7,1451,76,0
2024-04-03 00:00:00+00:00,39198.1,39198.1,39151.2,39169.0,2408,75,0
2024-04-03 04:00:00+00:00,39167.6,39196.8,39121.4,39146.8,3421,75,0
2024-04-03 08:00:00+00:00,39147.7,39217.0,39145.5,39213.5,5407,74,0
2024-04-03 12:00:00+00:00,39213.4,39339.4,39147.9,39246.3,12348,74,0
2024-04-03 16:00:00+00:00,39246.3,39307.7,39051.4,39181.4,12000,76,0
2024-04-03 20:00:00+00:00,39183.9,39264.3,39179.1,39223.3,1907,77,0
2024-04-04 00:00:00+00:00,39225.4,39235.9,39204.4,39235.8,1799,75,0
2024-04-04 04:00:00+00:00,39236.8,39271.8,39214.7,39260.9,2698,76,0
2024-04-04 08:00:00+00:00,39260.3,39310.0,39260.3,39280.5,4966,74,0
2024-04-04 12:00:00+00:00,39281.3,39457.5,39266.2,39355.4,10317,75,0
2024-04-04 16:00:00+00:00,39355.8,39396.7,38581.9,38611.7,22311,75,0
2024-04-04 20:00:00+00:00,38629.2,38684.3,38590.5,38640.4,4427,77,0
2024-04-05 00:00:00+00:00,38637.4,38660.7,38575.8,38655.8,3658,76,0
2024-04-05 04:00:00+00:00,38654.5,38697.4,38638.4,38683.3,4241,75,0
2024-04-05 08:00:00+00:00,38684.7,38747.2,38664.0,38712.2,5795,74,0
2024-04-05 12:00:00+00:00,38712.4,39023.6,38602.9,38999.7,20091,75,0
2024-04-05 16:00:00+00:00,39000.7,39076.7,38864.3,38946.4,19746,76,0
2024-04-07 20:00:00+00:00,39022.6,39063.1,39000.1,39009.3,1072,81,0
2024-04-08 00:00:00+00:00,39013.3,39013.7,38907.4,38922.7,3287,76,0
2024-04-08 04:00:00+00:00,38922.2,39004.9,38893.4,38985.9,3853,76,0
2024-04-08 08:00:00+00:00,38985.3,38998.4,38844.8,38963.2,7395,75,0
2024-04-08 12:00:00+00:00,38962.2,39058.6,38918.8,38944.3,15114,76,0
2024-04-08 16:00:00+00:00,38944.9,39018.7,38892.7,38940.7,12233,75,0
2024-04-08 20:00:00+00:00,38950.3,38983.7,38950.2,38954.8,1212,77,0
2024-04-09 00:00:00+00:00,38955.8,38961.8,38921.6,38937.9,1807,75,0
2024-04-09 04:00:00+00:00,38937.4,38961.4,38901.5,38902.8,2595,75,0
2024-04-09 08:00:00+00:00,38903.0,38974.5,38884.5,38973.1,6190,74,0
2024-04-09 12:00:00+00:00,38973.9,39033.8,38602.1,38768.4,17343,75,0
2024-04-09 16:00:00+00:00,38767.4,38921.6,38704.4,38893.6,16227,75,0
2024-04-09 20:00:00+00:00,38924.7,39013.2,38915.6,38952.4,1942,77,0
2024-04-10 00:00:00+00:00,38951.4,38974.7,38938.5,38952.9,1650,76,0
2024-04-10 04:00:00+00:00,38952.9,38990.6,38941.3,38969.9,2766,76,0
2024-04-10 08:00:00+00:00,38969.9,39005.7,38947.5,39001.4,5520,74,0
2024-04-10 12:00:00+00:00,39001.5,39073.7,38375.0,38406.9,23569,75,0
2024-04-10 16:00:00+00:00,38406.3,38538.7,38328.4,38533.7,23697,75,0
2024-04-10 20:00:00+00:00,38488.1,38493.1,38392.2,38410.9,2639,78,0
2024-04-11 00:00:00+00:00,38415.7,38497.9,38410.2,38495.3,3217,75,0
2024-04-11 04:00:00+00:00,38494.3,38509.9,38457.4,38486.9,4120,76,0
2024-04-11 08:00:00+00:00,38487.8,38503.8,38298.8,38322.8,8859,74,0
2024-04-11 12:00:00+00:00,38322.1,38581.3,38212.3,38392.7,21499,75,0
2024-04-11 16:00:00+00:00,38392.2,38618.5,38333.5,38487.4,17559,75,0
2024-04-11 20:00:00+00:00,38469.3,38530.7,38461.2,38511.7,1868,76,0
2024-04-12 00:00:00+00:00,38518.6,38531.9,38488.4,38510.5,2339,75,0
2024-04-12 04:00:00+00:00,38508.8,38569.7,38502.4,38565.7,3517,76,0
2024-04-12 08:00:00+00:00,38565.1,38585.0,38328.4,38416.3,7835,75,0
2024-04-12 12:00:00+00:00,38415.9,38437.3,38050.2,38163.2,17241,76,0
2024-04-12 16:00:00+00:00,38162.4,38175.4,37881.5,37967.8,19414,76,0
2024-04-14 20:00:00+00:00,38008.7,38124.6,37992.1,38098.7,3093,79,0
2024-04-15 00:00:00+00:00,38097.7,38113.7,38026.3,38088.4,4381,75,0
2024-04-15 04:00:00+00:00,38089.0,38193.8,38084.4,38185.7,5740,75,0
2024-04-15 08:00:00+00:00,38186.8,38225.0,38074.4,38219.5,8300,74,0
2024-04-15 12:00:00+00:00,38219.7,38405.0,38059.5,38156.8,20124,75,0
2024-04-15 16:00:00+00:00,38157.8,38182.8,37679.5,37760.8,29199,75,0
2024-04-15 20:00:00+00:00,37761.8,37792.7,37705.4,37767.4,3075,74,0
2024-04-16 00:00:00+00:00,37769.5,37795.8,37615.0,37688.2,5094,75,0
2024-04-16 04:00:00+00:00,37687.3,37749.6,37658.4,37737.7,7207,76,0
2024-04-16 08:00:00+00:00,37737.8,38035.9,37679.8,38023.8,10597,75,0
2024-04-16 12:00:00+00:00,38022.6,38058.7,37773.7,37897.7,22559,75,0
2024-04-16 16:00:00+00:00,37896.8,38014.5,37722.8,37815.2,27622,75,0
2024-04-16 20:00:00+00:00,37814.4,37934.9,37796.3,37934.9,2623,77,0
2024-04-17 00:00:00+00:00,37935.9,37935.9,37850.3,37906.9,3770,76,0
2024-04-17 04:00:00+00:00,37908.5,37913.8,37756.1,37900.4,7000,76,0
2024-04-17 08:00:00+00:00,37901.8,38021.7,37894.6,37910.3,8086,73,0
2024-04-17 12:00:00+00:00,37910.8,38038.7,37658.4,37726.9,24280,75,0
2024-04-17 16:00:00+00:00,37725.6,37981.6,37624.5,37755.4,29409,74,0
2024-04-17 20:00:00+00:00,37757.4,37791.7,37729.5,37782.7,2368,73,0
2024-04-18 00:00:00+00:00,37783.7,37840.0,37773.3,37838.0,2667,74,0
2024-04-18 04:00:00+00:00,37838.9,37880.8,37813.4,37848.4,4115,74,0
2024-04-18 08:00:00+00:00,37846.6,37894.9,37763.0,37873.6,7109,74,0
2024-04-18 12:00:00+00:00,37872.7,38099.8,37807.8,37984.8,21099,75,0
2024-04-18 16:00:00+00:00,37985.8,38018.7,37682.8,37777.4,27819,74,0
2024-04-18 20:00:00+00:00,37785.7,37817.8,37704.4,37733.7,3671,73,0
2024-04-19 00:00:00+00:00,37728.8,37743.6,37245.8,37477.7,14879,76,0
2024-04-19 04:00:00+00:00,37480.0,37663.6,37463.9,37654.0,7565,81,0
2024-04-19 08:00:00+00:00,37654.7,37767.8,37602.9,37741.7,9908,75,0
2024-04-19 12:00:00+00:00,37741.4,38015.7,37704.6,37939.7,25992,73,0
2024-04-19 16:00:00+00:00,37938.7,38125.8,37842.6,38002.0,34760,73,0
2024-04-21 20:00:00+00:00,38091.5,38132.5,38052.5,38127.3,2293,79,0
2024-04-22 00:00:00+00:00,38125.3,38154.6,38052.1,38075.2,4362,77,0
2024-04-22 04:00:00+00:00,38075.8,38194.5,38073.3,38096.4,3746,78,0
2024-04-22 08:00:00+00:00,38097.7,38249.9,38085.9,38240.6,7215,74,0
2024-04-22 12:00:00+00:00,38240.8,38247.5,38007.5,38122.5,17959,74,0
2024-04-22 16:00:00+00:00,38123.9,38479.9,38117.5,38273.7,18663,74,0
2024-04-22 20:00:00+00:00,38271.7,38313.8,38232.5,38282.8,2761,75,0
2024-04-23 00:00:00+00:00,38282.2,38308.6,38245.4,38282.7,3006,78,0
2024-04-23 04:00:00+00:00,38282.2,38335.7,38252.4,38311.8,3813,77,0
2024-04-23 08:00:00+00:00,38313.3,38383.0,38275.1,38316.9,6668,74,0
2024-04-23 12:00:00+00:00,38317.0,38541.7,38283.6,38448.9,16783,75,0
2024-04-23 16:00:00+00:00,38449.0,38592.9,38439.6,38527.6,13690,75,0
2024-04-23 20:00:00+00:00,38527.7,38569.3,38498.3,38543.9,2684,78,0
2024-04-24 00:00:00+00:00,38543.3,38602.5,38528.5,38590.9,2176,77,0
2024-04-24 04:00:00+00:00,38590.9,38610.7,38520.4,38545.4,3295,77,0
2024-04-24 08:00:00+00:00,38544.6,38566.5,38483.5,38544.7,6731,74,0
2024-04-24 12:00:00+00:00,38544.7,38562.5,38331.4,38373.6,18697,75,0
2024-04-24 16:00:00+00:00,38372.6,38579.1,38341.4,38487.3,17853,74,0
2024-04-24 20:00:00+00:00,38487.3,38509.3,38373.1,38401.1,5109,80,0
2024-04-25 00:00:00+00:00,38402.6,38452.6,38402.6,38417.4,2389,75,0
2024-04-25 04:00:00+00:00,38418.9,38440.8,38368.4,38388.9,3695,75,0
2024-04-25 08:00:00+00:00,38389.7,38409.3,38226.8,38285.6,7400,73,0
2024-04-25 12:00:00+00:00,38284.1,38297.4,37762.4,37915.4,22315,74,0
2024-04-25 16:00:00+00:00,37914.4,38170.7,37881.8,38110.7,18724,74,0
2024-04-25 20:00:00+00:00,38110.4,38220.7,38092.8,38134.2,4517,79,0
2024-04-26 00:00:00+00:00,38135.6,38169.6,38109.4,38159.8,2732,75,0
2024-04-26 04:00:00+00:00,38160.7,38202.7,38147.1,38165.4,3292,75,0
2024-04-26 08:00:00+00:00,38164.5,38193.5,38133.1,38151.7,5346,73,0
2024-04-26 12:00:00+00:00,38151.9,38322.7,38064.2,38259.0,19328,73,0
2024-04-26 16:00:00+00:00,38259.0,38355.9,38235.6,38250.5,11946,74,0
2024-04-28 20:00:00+00:00,38322.2,38368.5,38319.6,38365.5,812,83,0
2024-04-29 00:00:00+00:00,38369.5,38407.7,38353.4,38382.5,1877,77,0
2024-04-29 04:00:00+00:00,38383.0,38403.7,38340.4,38365.8,2740,76,0
2024-04-29 08:00:00+00:00,38363.7,38364.6,38299.3,38337.0,4467,73,0
2024-04-29 12:00:00+00:00,38336.5,38430.9,38304.2,38341.6,12249,73,0
2024-04-29 16:00:00+00:00,38341.5,38433.8,38233.4,38414.8,13119,73,0
2024-04-29 20:00:00+00:00,38411.8,38433.5,38379.2,38387.8,1501,75,0
2024-04-30 00:00:00+00:00,38386.3,38388.6,38355.5,38376.0,1413,76,0
2024-04-30 04:00:00+00:00,38377.8,38404.0,38338.9,38373.0,2530,76,0
2024-04-30 08:00:00+00:00,38371.5,38417.1,38346.1,38370.5,4983,74,0
2024-04-30 12:00:00+00:00,38369.7,38395.6,38067.5,38101.9,16113,74,0
2024-04-30 16:00:00+00:00,38102.0,38116.8,37831.4,37841.3,18465,74,0
2024-04-30 20:00:00+00:00,37840.6,37884.0,37769.8,37825.8,5333,77,0
2024-05-01 00:00:00+00:00,37825.9,37872.9,37813.3,37872.9,1901,77,0
2024-05-01 04:00:00+00:00,37872.9,37874.9,37773.3,37792.7,2233,77,0
2024-05-01 08:00:00+00:00,37793.7,37814.9,37718.4,37757.5,5149,74,0
2024-05-01 12:00:00+00:00,37757.1,37977.9,37738.7,37932.8,14648,75,0
2024-05-01 16:00:00+00:00,37934.8,38375.3,37902.5,37906.4,25699,75,0
2024-05-01 20:00:00+00:00,37897.7,38045.6,37896.4,38039.8,3655,77,0
2024-05-02 00:00:00+00:00,38039.8,38106.7,38037.6,38075.9,2555,76,0
2024-05-02 04:00:00+00:00,38076.8,38094.8,38024.5,38069.9,3768,75,0
2024-05-02 08:00:00+00:00,38068.5,38124.9,38034.1,38089.4,5845,74,0
2024-05-02 12:00:00+00:00,38090.1,38176.6,37896.3,38100.4,18657,74,0
2024-05-02 16:00:00+00:00,38100.9,38305.8,37995.4,38249.7,18550,74,0
2024-05-02 20:00:00+00:00,38248.7,38551.2,38181.5,38471.7,4942,78,0
2024-05-03 00:00:00+00:00,38471.1,38501.7,38456.3,38479.3,1968,77,0
2024-05-03 04:00:00+00:00,38479.8,38494.8,38444.4,38474.8,2752,78,0
2024-05-03 08:00:00+00:00,38476.7,38566.5,38470.3,38518.7,4452,74,0
2024-05-03 12:00:00+00:00,38518.5,38815.1,38513.1,38661.8,21301,76,0
2024-05-03 16:00:00+00:00,38662.8,38750.7,38649.5,38687.5,11705,75,0
2024-05-05 20:00:00+00:00,38788.0,38791.9,38747.3,38749.3,1037,79,0
2024-05-06 00:00:00+00:00,38751.7,38763.6,38725.2,38748.2,1419,77,0
2024-05-06 04:00:00+00:00,38748.8,38772.7,38726.3,38748.4,1930,77,0
2024-05-06 08:00:00+00:00,38748.9,38841.6,38734.6,38836.9,3535,74,0
2024-05-06 12:00:00+00:00,38837.4,38904.7,38719.4,38758.3,8995,75,0
2024-05-06 16:00:00+00:00,38757.4,38888.0,38711.4,38875.4,8427,77,0
2024-05-06 20:00:00+00:00,38877.5,38891.7,38856.4,38879.8,1402,76,0
2024-05-07 00:00:00+00:00,38879.2,38903.7,38869.3,38901.8,1444,76,0
2024-05-07 04:00:00+00:00,38900.4,38930.3,38880.3,38886.9,2032,77,0
2024-05-07 08:00:00+00:00,38886.3,38965.1,38873.9,38907.6,4636,75,0
2024-05-07 12:00:00+00:00,38907.4,39008.7,38889.3,38941.8,8844,75,0
2024-05-07 16:00:00+00:00,38941.2,38975.5,38861.4,38905.3,9560,77,0
2024-05-07 20:00:00+00:00,38902.6,38922.6,38879.9,38905.7,1597,76,0
2024-05-08 00:00:00+00:00,38906.7,38917.8,38884.3,38904.4,1414,77,0
2024-05-08 04:00:00+00:00,38904.3,38942.6,38889.4,38919.4,2029,76,0
2024-05-08 08:00:00+00:00,38919.3,38941.9,38877.3,38895.4,4315,75,0
2024-05-08 12:00:00+00:00,38895.3,39007.9,38824.0,38987.0,10922,74,0
2024-05-08 16:00:00+00:00,38987.0,39121.7,38947.4,39078.7,9474,75,0
2024-05-08 20:00:00+00:00,39075.7,39090.3,39059.3,39073.2,1358,77,0
2024-05-09 00:00:00+00:00,39073.8,39077.9,39043.4,39045.9,1669,76,0
2024-05-09 04:00:00+00:00,39044.5,39047.9,39005.3,39018.3,2184,76,0
2024-05-09 08:00:00+00:00,39017.4,39029.3,38966.0,39005.4,4944,74,0
2024-05-09 12:00:00+00:00,39005.3,39289.6,38972.0,39228.4,11565,75,0
2024-05-09 16:00:00+00:00,39229.7,39434.8,39214.4,39417.4,8864,75,0
2024-05-09 20:00:00+00:00,39415.4,39480.6,39414.5,39465.7,1382,78,0
2024-05-10 00:00:00+00:00,39465.2,39477.6,39445.3,39450.3,1469,78,0
2024-05-10 04:00:00+00:00,39450.9,39513.7,39450.9,39508.5,2254,77,0
2024-05-10 08:00:00+00:00,39507.5,39554.3,39473.2,39499.8,4240,75,0
2024-05-10 12:00:00+00:00,39499.8,39599.8,39414.4,39465.8,11532,75,0
2024-05-10 16:00:00+00:00,39466.7,39557.7,39441.4,39518.7,9055,75,0
2024-05-12 20:00:00+00:00,39524.4,39535.5,39478.6,39532.0,772,83,0
2024-05-13 00:00:00+00:00,39532.6,39553.5,39518.3,39539.3,1600,79,0
2024-05-13 04:00:00+00:00,39539.8,39566.5,39530.8,39553.9,1883,77,0
2024-05-13 08:00:00+00:00,39553.3,39615.7,39544.5,39610.3,3884,75,0
2024-05-13 12:00:00+00:00,39609.9,39680.6,39505.3,39526.5,9698,75,0
2024-05-13 16:00:00+00:00,39525.5,39546.9,39419.4,39462.4,8222,75,0
2024-05-13 20:00:00+00:00,39461.4,39477.8,39426.4,39474.9,1095,77,0
2024-05-14 00:00:00+00:00,39474.8,39478.8,39450.5,39457.4,1228,77,0
2024-05-14 04:00:00+00:00,39456.5,39479.8,39449.5,39476.4,1693,76,0
2024-05-14 08:00:00+00:00,39477.7,39530.5,39430.4,39501.8,4147,74,0
2024-05-14 12:00:00+00:00,39501.4,39575.5,39312.1,39447.9,15595,75,0
2024-05-14 16:00:00+00:00,39446.5,39642.6,39394.8,39579.4,8993,75,0
2024-05-14 20:00:00+00:00,39580.7,39608.6,39563.3,39598.2,1344,78,0
2024-05-15 00:00:00+00:00,39597.4,39633.7,39591.3,39623.9,1492,78,0
2024-05-15 04:00:00+00:00,39623.3,39624.9,39575.3,39588.3,1914,77,0
2024-05-15 08:00:00+00:00,39588.3,39613.1,39571.0,39587.8,3671,75,0
2024-05-15 12:00:00+00:00,39587.2,39873.6,39560.0,39831.3,13794,75,0
2024-05-15 16:00:00+00:00,39832.7,39968.5,39788.4,39950.4,7491,77,0
2024-05-15 20:00:00+00:00,39951.7,39969.5,39898.1,39961.2,2007,78,0
2024-05-16 00:00:00+00:00,39961.7,40000.8,39961.7,39998.8,2008,77,0
2024-05-16 04:00:00+00:00,39998.2,39998.2,39934.3,39947.4,2342,77,0
2024-05-16 08:00:00+00:00,39946.4,39961.3,39922.0,39928.1,4251,75,0
2024-05-16 12:00:00+00:00,39927.2,40068.8,39893.2,40030.3,10293,76,0
2024-05-16 16:00:00+00:00,40031.7,40031.7,39877.3,39892.6,10468,75,0
2024-05-16 20:00:00+00:00,39883.3,39910.5,39856.2,39899.7,1685,78,0
2024-05-17 00:00:00+00:00,39900.5,39911.8,39866.3,39867.8,1420,77,0
2024-05-17 04:00:00+00:00,39868.7,39907.5,39865.4,39877.4,1937,76,0
2024-05-17 08:00:00+00:00,39877.8,39919.3,39838.9,39902.0,4199,75,0
2024-05-17 12:00:00+00:00,39901.5,39948.9,39857.1,39913.4,9315,75,0
2024-05-17 16:00:00+00:00,39912.4,40024.6,39870.4,40024.6,8470,76,0
2024-05-19 20:00:00+00:00,40049.3,40077.5,40047.3,40073.7,866,81,0
2024-05-20 00:00:00+00:00,40073.7,40086.4,40052.2,40064.3,1434,78,0
2024-05-20 04:00:00+00:00,40064.8,40071.8,40044.2,40058.2,1753,77,0
2024-05-20 08:00:00+00:00,40057.4,40063.2,40028.3,40060.4,2925,75,0
2024-05-20 12:00:00+00:00,40061.0,40107.8,39931.5,40046.7,9068,75,0
2024-05-20 16:00:00+00:00,40046.3,40057.7,39818.9,39849.7,9202,75,0
2024-05-20 20:00:00+00:00,39848.7,39866.7,39814.2,39825.2,1469,77,0
2024-05-21 00:00:00+00:00,39825.2,39844.9,39821.2,39844.3,1475,76,0
2024-05-21 04:00:00+00:00,39844.9,39867.5,39841.5,39849.7,1683,77,0
2024-05-21 08:00:00+00:00,39849.8,39860.4,39825.4,39853.4,3621,74,0
2024-05-21 12:00:00+00:00,39853.9,39919.6,39810.3,39863.3,9608,76,0
2024-05-21 16:00:00+00:00,39863.9,39935.6,39810.3,39909.3,7440,77,0
2024-05-21 20:00:00+00:00,39911.3,39927.6,39889.3,39924.8,1000,78,0
2024-05-22 00:00:00+00:00,39924.8,39938.7,39909.4,39919.3,1278,77,0
2024-05-22 04:00:00+00:00,39919.9,39924.9,39853.3,39893.8,2078,77,0
2024-05-22 08:00:00+00:00,39893.2,39898.7,39811.4,39816.8,4208,75,0
2024-05-22 12:00:00+00:00,39817.4,39916.7,39787.3,39822.7,8635,76,0
2024-05-22 16:00:00+00:00,39822.2,39885.9,39580.3,39693.3,13204,76,0
2024-05-22 20:00:00+00:00,39698.6,39743.0,39604.3,39652.2,4934,79,0
2024-05-23 00:00:00+00:00,39652.7,39774.4,39630.3,39764.8,2434,77,0
2024-05-23 04:00:00+00:00,39763.4,39776.6,39712.4,39724.4,2501,78,0
2024-05-23 08:00:00+00:00,39724.3,39770.8,39687.0,39757.0,4239,75,0
2024-05-23 12:00:00+00:00,39756.8,39795.6,39366.4,39430.4,13944,77,0
2024-05-23 16:00:00+00:00,39429.5,39447.7,39029.3,39072.7,19955,76,0
2024-05-23 20:00:00+00:00,39075.8,39085.8,39044.4,39063.1,1823,77,0
2024-05-24 00:00:00+00:00,39062.4,39128.7,39057.2,39109.8,1664,77,0
2024-05-24 04:00:00+00:00,39108.4,39122.8,39060.4,39119.7,2456,77,0
2024-05-24 08:00:00+00:00,39120.7,39148.2,39106.0,39130.5,4027,75,0
2024-05-24 12:00:00+00:00,39131.8,39236.7,39053.5,39176.8,13088,76,0
2024-05-24 16:00:00+00:00,39175.5,39206.7,39024.6,39080.6,9029,75,0
2024-05-26 20:00:00+00:00,39106.1,39114.6,39057.3,39066.7,719,82,0
2024-05-27 00:00:00+00:00,39067.6,39092.6,39044.3,39067.5,1851,78,0
2024-05-27 04:00:00+00:00,39067.9,39103.7,39057.1,39072.6,1777,77,0
2024-05-27 08:00:00+00:00,39072.7,39092.3,39049.4,39071.3,2211,77,0
2024-05-27 12:00:00+00:00,39069.4,39125.6,39053.3,39125.6,3014,76,0
2024-05-27 16:00:00+00:00,39125.0,39164.8,39122.1,39164.4,645,82,0
2024-05-27 20:00:00+00:00,39182.3,39184.6,39130.9,39135.5,703,82,0
2024-05-28 00:00:00+00:00,39135.6,39145.8,39116.4,39142.8,1737,77,0
2024-05-28 04:00:00+00:00,39143.7,39172.7,39121.7,39136.4,2189,77,0
2024-05-28 08:00:00+00:00,39136.3,39151.5,39050.9,39079.4,5126,74,0
2024-05-28 12:00:00+00:00,39079.5,39095.4,38933.4,38970.0,12249,74,0
2024-05-28 16:00:00+00:00,38968.6,38976.7,38745.5,38904.4,13799,73,0
2024-05-28 20:00:00+00:00,38907.4,38935.8,38835.2,38842.6,1422,77,0
2024-05-29 00:00:00+00:00,38843.6,38855.7,38776.3,38781.3,2575,77,0
2024-05-29 04:00:00+00:00,38782.8,38802.7,38707.4,38707.4,3672,77,0
2024-05-29 08:00:00+00:00,38709.5,38762.0,38652.0,38679.6,6479,75,0
2024-05-29 12:00:00+00:00,38680.7,38706.3,38467.3,38538.9,13653,75,0
2024-05-29 16:00:00+00:00,38538.9,38578.7,38478.4,38493.6,10613,76,0
2024-05-29 20:00:00+00:00,38502.7,38523.6,38185.3,38216.8,3254,78,0
2024-05-30 00:00:00+00:00,38216.9,38219.7,38155.4,38168.9,2689,75,0
2024-05-30 04:00:00+00:00,38168.4,38171.9,38083.4,38161.9,3657,76,0
2024-05-30 08:00:00+00:00,38160.4,38174.2,38107.0,38121.7,5140,74,0
2024-05-30 12:00:00+00:00,38122.0,38235.7,38057.4,38140.5,15910,73,0
2024-05-30 16:00:00+00:00,38142.0,38259.8,38069.4,38172.4,14451,73,0
2024-05-30 20:00:00+00:00,38169.4,38171.7,38112.5,38125.3,2791,76,0
2024-05-31 00:00:00+00:00,38125.9,38167.7,38088.4,38160.4,3919,75,0
2024-05-31 04:00:00+00:00,38160.4,38193.8,38140.6,38165.9,3279,75,0
2024-05-31 08:00:00+00:00,38164.6,38202.4,38087.9,38159.2,5495,74,0
2024-05-31 12:00:00+00:00,38158.5,38322.6,38131.4,38201.4,18332,74,0
2024-05-31 16:00:00+00:00,38200.5,38764.6,38158.3,38740.1,15569,74,0
2024-06-02 20:00:00+00:00,38784.0,38815.4,38729.0,38802.6,1934,80,0
2024-06-03 00:00:00+00:00,38802.1,38857.8,38802.1,38842.4,3183,76,0
2024-06-03 04:00:00+00:00,38842.9,38877.6,38733.2,38733.3,3865,77,0
2024-06-03 08:00:00+00:00,38732.4,38768.7,38693.3,38750.4,6601,75,0
2024-06-03 12:00:00+00:00,38749.9,38799.3,38442.5,38489.8,17498,75,0
2024-06-03 16:00:00+00:00,38490.8,38623.7,38295.4,38622.3,17334,75,0
2024-06-03 20:00:00+00:00,38629.8,38645.8,38602.4,38606.8,2000,77,0
2024-06-04 00:00:00+00:00,38606.9,38646.7,38603.6,38624.3,2416,75,0
2024-06-04 04:00:00+00:00,38623.4,38634.9,38520.5,38556.7,3512,76,0
2024-06-04 08:00:00+00:00,38557.7,38557.7,38390.4,38519.7,8405,75,0
2024-06-04 12:00:00+00:00,38519.8,38732.8,38453.7,38555.3,14973,75,0
2024-06-04 16:00:00+00:00,38556.7,38843.7,38530.3,38753.4,15692,76,0
2024-06-04 20:00:00+00:00,38754.7,38828.7,38738.3,38822.8,1900,77,0
2024-06-05 00:00:00+00:00,38823.7,38848.4,38813.4,38840.4,2164,76,0
2024-06-05 04:00:00+00:00,38841.0,38861.7,38816.3,38819.9,2628,75,0
2024-06-05 08:00:00+00:00,38819.3,38856.1,38790.0,38843.4,4390,75,0
2024-06-05 12:00:00+00:00,38844.0,38890.1,38606.4,38834.3,13074,75,0
2024-06-05 16:00:00+00:00,38834.9,38908.7,38744.3,38860.5,10506,74,0
2024-06-05 20:00:00+00:00,38860.4,38886.6,38836.5,38880.8,2015,76,0
2024-06-06 00:00:00+00:00,38880.2,38887.9,38853.4,38874.5,2157,76,0
2024-06-06 04:00:00+00:00,38873.6,38875.0,38822.2,38834.2,2415,76,0
2024-06-06 08:00:00+00:00,38835.7,38859.8,38815.8,38846.5,3876,74,0
2024-06-06 12:00:00+00:00,38846.3,39070.8,38790.7,38908.5,14874,75,0
2024-06-06 16:00:00+00:00,38907.6,38967.7,38787.5,38940.8,13626,73,0
2024-06-06 20:00:00+00:00,38940.8,38964.7,38911.5,38962.8,1357,75,0
2024-06-07 00:00:00+00:00,38963.7,38998.8,38962.3,38979.7,1562,75,0
2024-06-07 04:00:00+00:00,38980.7,39026.8,38963.2,38971.7,2146,78,0
2024-06-07 08:00:00+00:00,38971.2,38971.2,38901.6,38949.9,4777,74,0
2024-06-07 12:00:00+00:00,38949.0,39158.7,38697.6,39003.5,19985,77,0
2024-06-07 16:00:00+00:00,39004.7,39063.8,38828.5,38845.4,17622,76,0
2024-06-09 20:00:00+00:00,38835.2,38893.2,38819.0,38850.2,1091,84,0
2024-06-10 00:00:00+00:00,38850.5,38870.7,38835.3,38844.7,1422,79,0
2024-06-10 04:00:00+00:00,38845.6,38854.5,38726.5,38794.5,4344,78,0
2024-06-10 08:00:00+00:00,38792.6,38816.0,38717.9,38803.8,5620,75,0
2024-06-10 12:00:00+00:00,38804.5,38910.5,38717.2,38842.3,13593,75,0
2024-06-10 16:00:00+00:00,38843.8,38941.7,38784.3,38931.7,11411,74,0
2024-06-10 20:00:00+00:00,38932.7,38938.5,38870.1,38879.3,1432,76,0
2024-06-11 00:00:00+00:00,38878.3,38883.8,38859.3,38883.5,1529,77,0
2024-06-11 04:00:00+00:00,38882.3,38936.2,38865.1,38877.8,2457,79,0
2024-06-11 08:00:00+00:00,38877.2,38885.4,38750.9,38784.3,6701,75,0
2024-06-11 12:00:00+00:00,38784.5,38814.4,38488.4,38696.8,16951,73,0
2024-06-11 16:00:00+00:00,38697.8,38818.8,38607.4,38800.4,13134,75,0
2024-06-11 20:00:00+00:00,38803.7,38804.6,38763.0,38785.2,1527,76,0
2024-06-12 00:00:00+00:00,38784.3,38809.7,38771.3,38805.4,1354,77,0
2024-06-12 04:00:00+00:00,38805.9,38866.7,38804.5,38840.7,2150,76,0
2024-06-12 08:00:00+00:00,38839.4,38855.7,38821.6,38843.3,4169,75,0
2024-06-12 12:00:00+00:00,38844.5,39202.9,38819.8,38907.3,19073,76,0
2024-06-12 16:00:00+00:00,38906.5,38916.7,38669.3,38758.4,24548,75,0
2024-06-12 20:00:00+00:00,38756.2,38775.8,38717.1,38751.2,2663,75,0
2024-06-13 00:00:00+00:00,38750.3,38760.7,38735.2,38751.2,1497,78,0
2024-06-13 04:00:00+00:00,38751.2,38754.6,38700.3,38700.3,2016,77,0
2024-06-13 08:00:00+00:00,38700.2,38711.3,38606.2,38651.6,4798,75,0
2024-06-13 12:00:00+00:00,38651.8,38779.0,38455.5,38508.6,18403,75,0
2024-06-13 16:00:00+00:00,38507.5,38768.3,38465.4,38690.5,13967,74,0
2024-06-13 20:00:00+00:00,38688.5,38710.7,38642.1,38670.9,2178,75,0
2024-06-14 00:00:00+00:00,38670.4,38690.9,38661.6,38690.0,1582,74,0
2024-06-14 04:00:00+00:00,38690.0,38695.9,38568.5,38578.8,3054,74,0
2024-06-14 08:00:00+00:00,38577.4,38583.9,38328.9,38407.2,10290,74,0
2024-06-14 12:00:00+00:00,38407.6,38599.7,38346.5,38593.6,17732,73,0
2024-06-14 16:00:00+00:00,38594.9,38641.7,38501.5,38636.8,12668,73,0
2024-06-16 20:00:00+00:00,38618.7,38634.5,38603.5,38616.2,855,79,0
2024-06-17 00:00:00+00:00,38617.7,38624.8,38576.4,38608.8,1768,77,0
2024-06-17 04:00:00+00:00,38608.8,38668.6,38597.4,38632.8,3458,79,0
2024-06-17 08:00:00+00:00,38632.2,38643.4,38504.0,38566.9,5663,74,0
2024-06-17 12:00:00+00:00,38566.6,38718.8,38477.6,38649.5,16038,72,0
2024-06-17 16:00:00+00:00,38648.6,38923.7,38647.6,38863.8,14514,74,0
2024-06-17 20:00:00+00:00,38863.0,38927.6,38838.5,38917.7,1771,75,0
2024-06-18 00:00:00+00:00,38917.1,38928.8,38869.5,38889.9,2171,76,0
2024-06-18 04:00:00+00:00,38889.4,38914.7,38836.5,38838.9,2886,75,0
2024-06-18 08:00:00+00:00,38838.4,38872.9,38801.9,38828.8,5011,74,0
2024-06-18 12:00:00+00:00,38829.4,39018.0,38802.4,38872.0,15252,75,0
2024-06-18 16:00:00+00:00,38872.8,38932.8,38822.3,38922.8,11197,75,0
2024-06-18 20:00:00+00:00,38923.2,38941.3,38893.5,38923.7,1456,76,0
2024-06-19 00:00:00+00:00,38923.1,38927.7,38886.5,38887.8,1264,74,0
2024-06-19 04:00:00+00:00,38889.0,38920.8,38878.3,38896.7,2011,74,0
2024-06-19 08:00:00+00:00,38897.6,38916.8,38877.8,38910.4,3304,75,0
2024-06-19 12:00:00+00:00,38910.5,38913.3,38846.4,38853.5,3197,75,0
2024-06-19 16:00:00+00:00,38852.5,38867.7,38843.3,38858.8,636,78,0
2024-06-19 20:00:00+00:00,38871.3,38882.8,38836.8,38862.9,498,85,0
2024-06-20 00:00:00+00:00,38862.0,38896.8,38862.0,38892.4,1309,76,0
2024-06-20 04:00:00+00:00,38893.7,38984.4,38884.3,38939.6,2838,76,0
2024-06-20 08:00:00+00:00,38938.3,38982.4,38914.6,38949.2,4783,73,0
2024-06-20 12:00:00+00:00,38948.4,39099.7,38843.5,38990.9,15348,75,0
2024-06-20 16:00:00+00:00,38989.5,39327.9,38984.3,39220.7,17312,75,0
2024-06-20 20:00:00+00:00,39223.4,39240.8,39188.3,39228.2,1682,77,0
2024-06-21 00:00:00+00:00,39228.7,39236.7,39185.5,39224.0,1949,75,0
2024-06-21 04:00:00+00:00,39223.4,39245.8,39133.0,39143.5,2630,75,0
2024-06-21 08:00:00+00:00,39138.7,39229.2,39136.0,39193.9,5928,77,0
2024-06-21 12:00:00+00:00,39193.2,39332.7,39125.2,39181.4,17872,76,0
2024-06-21 16:00:00+00:00,39185.7,39265.7,39163.5,39225.4,12839,75,0
2024-06-23 20:00:00+00:00,39256.1,39260.7,39237.0,39238.0,390,84,0
2024-06-24 00:00:00+00:00,39238.0,39240.6,39128.0,39162.0,2648,76,0
2024-06-24 04:00:00+00:00,39161.4,39279.5,39155.4,39278.2,2786,75,0
2024-06-24 08:00:00+00:00,39274.8,39382.6,39268.2,39350.3,4947,77,0
2024-06-24 12:00:00+00:00,39349.7,39662.8,39281.5,39587.5,15453,76,0
2024-06-24 16:00:00+00:00,39586.5,39609.8,39445.5,39498.7,13625,75,0
2024-06-24 20:00:00+00:00,39498.7,39551.5,39465.5,39549.7,1940,75,0
2024-06-25 00:00:00+00:00,39549.1,39588.0,39524.4,39584.6,1444,72,0
2024-06-25 04:00:00+00:00,39585.2,39597.7,39525.3,39534.7,2513,72,0
2024-06-25 08:00:00+00:00,39535.5,39546.8,39440.9,39470.7,5349,77,0
2024-06-25 12:00:00+00:00,39471.1,39512.7,39182.5,39189.8,16165,75,0
2024-06-25 16:00:00+00:00,39189.3,39238.8,39064.5,39190.2,12902,75,0
2024-06-25 20:00:00+00:00,39190.6,39194.6,39138.8,39154.1,1260,75,0
2024-06-26 00:00:00+00:00,39154.7,39196.8,39145.3,39186.8,1551,75,0
2024-06-26 04:00:00+00:00,39187.8,39229.7,39181.5,39229.6,2145,76,0
2024-06-26 08:00:00+00:00,39231.5,39233.8,39100.5,39119.8,4465,75,0
2024-06-26 12:00:00+00:00,39119.5,39219.7,38982.9,39218.8,15038,75,0
2024-06-26 16:00:00+00:00,39217.5,39261.8,39182.4,39204.5,12079,73,0
2024-06-26 20:00:00+00:00,39212.3,39248.7,39117.1,39127.7,2664,76,0
2024-06-27 00:00:00+00:00,39127.2,39127.8,39071.8,39100.4,2195,75,0
2024-06-27 04:00:00+00:00,39100.4,39177.7,39097.4,39164.3,2475,75,0
2024-06-27 08:00:00+00:00,39163.8,39169.1,39113.9,39143.8,4103,76,0
2024-06-27 12:00:00+00:00,39144.0,39329.4,39098.9,39275.4,16481,75,0
2024-06-27 16:00:00+00:00,39275.8,39327.3,39094.0,39241.2,11630,75,0
2024-06-27 20:00:00+00:00,39238.6,39281.7,39173.9,39210.1,1685,76,0
2024-06-28 00:00:00+00:00,39211.0,39255.3,39187.8,39238.4,1681,77,0
2024-06-28 04:00:00+00:00,39237.8,39284.1,39219.9,39246.1,2152,76,0
2024-06-28 08:00:00+00:00,39244.1,39288.5,39219.9,39258.8,4127,75,0
2024-06-28 12:00:00+00:00,39259.0,39507.9,39156.4,39283.0,18691,75,0
2024-06-28 16:00:00+00:00,39284.3,39284.3,38974.9,39165.9,17599,75,0
2024-06-30 20:00:00+00:00,39218.7,39236.6,39193.7,39199.1,1340,79,0
2024-07-01 00:00:00+00:00,39200.0,39241.3,39188.8,39227.3,1805,76,0
2024-07-01 04:00:00+00:00,39226.9,39291.0,39190.7,39203.2,2819,76,0
2024-07-01 08:00:00+00:00,39203.9,39285.5,39199.7,39283.5,4990,77,0
2024-07-01 12:00:00+00:00,39282.8,39510.2,39092.9,39221.9,18952,76,0
2024-07-01 16:00:00+00:00,39220.9,39275.3,39121.9,39213.2,11495,75,0
2024-07-01 20:00:00+00:00,39215.9,39224.2,39181.9,39192.2,1223,78,0
2024-07-02 00:00:00+00:00,39191.8,39200.4,39156.8,39159.9,1999,75,0
2024-07-02 04:00:00+00:00,39161.3,39192.4,39057.7,39101.8,2944,75,0
2024-07-02 08:00:00+00:00,39099.8,39131.3,39051.6,39088.1,5248,75,0
2024-07-02 12:00:00+00:00,39089.1,39277.7,39079.1,39200.8,15164,76,0
2024-07-02 16:00:00+00:00,39201.2,39407.1,39143.9,39400.8,8435,77,0
2024-07-02 20:00:00+00:00,39402.8,39403.1,39354.8,39368.2,1320,77,0
2024-07-03 00:00:00+00:00,39369.1,39398.1,39356.8,39361.2,1547,77,0
2024-07-03 04:00:00+00:00,39361.4,39443.1,39359.8,39426.2,2351,76,0
2024-07-03 08:00:00+00:00,39425.7,39473.9,39415.1,39438.0,3581,76,0
2024-07-03 12:00:00+00:00,39437.1,39483.6,39295.1,39305.1,15072,74,0
2024-07-03 16:00:00+00:00,39304.1,39394.8,39288.9,39356.2,3916,75,0
2024-07-03 20:00:00+00:00,39374.8,39387.8,39350.5,39385.5,386,86,0
2024-07-04 00:00:00+00:00,39386.0,39391.0,39351.0,39356.0,1329,77,0
2024-07-04 04:00:00+00:00,39355.9,39413.3,39348.9,39412.3,1737,76,0
2024-07-04 08:00:00+00:00,39413.1,39473.0,39413.1,39459.6,2532,76,0
2024-07-04 12:00:00+00:00,39459.1,39505.8,39355.6,39414.1,3309,75,0
2024-07-04 16:00:00+00:00,39412.6,39415.9,39392.6,39403.5,440,83,0
2024-07-04 20:00:00+00:00,39394.6,39403.9,39362.6,39366.6,496,82,0
2024-07-05 00:00:00+00:00,39367.2,39398.2,39367.2,39392.9,1321,76,0
2024-07-05 04:00:00+00:00,39392.0,39421.3,39385.7,39403.3,1904,76,0
2024-07-05 08:00:00+00:00,39402.7,39410.3,39324.7,39329.7,3725,76,0
2024-07-05 12:00:00+00:00,39330.2,39428.5,39204.7,39370.5,15862,75,0
2024-07-05 16:00:00+00:00,39369.9,39446.4,39262.1,39430.2,8678,75,0
2024-07-07 20:00:00+00:00,39384.8,39402.7,39362.4,39364.8,758,80,0
2024-07-08 00:00:00+00:00,39364.7,39377.3,39343.9,39366.0,1691,75,0
2024-07-08 04:00:00+00:00,39366.5,39414.1,39328.9,39414.1,2467,76,0
2024-07-08 08:00:00+00:00,39413.6,39457.7,39408.2,39453.5,3116,76,0
2024-07-08 12:00:00+00:00,39455.5,39737.0,39367.8,39374.3,14637,76,0
2024-07-08 16:00:00+00:00,39374.4,39412.6,39326.0,39386.3,9039,74,0
2024-07-08 20:00:00+00:00,39390.3,39446.3,39383.9,39446.3,1367,76,0
2024-07-09 00:00:00+00:00,39445.8,39459.9,39423.9,39459.4,1402,76,0
2024-07-09 04:00:00+00:00,39458.8,39465.4,39387.7,39434.2,2046,75,0
2024-07-09 08:00:00+00:00,39434.2,39452.3,39400.4,39418.2,3361,76,0
2024-07-09 12:00:00+00:00,39418.8,39431.5,39185.9,39353.3,14165,76,0
2024-07-09 16:00:00+00:00,39354.2,39552.0,39290.9,39333.9,9659,76,0
2024-07-09 20:00:00+00:00,39332.9,39351.3,39311.9,39322.7,1017,77,0
2024-07-10 00:00:00+00:00,39323.3,39337.4,39307.9,39317.5,1131,75,0
2024-07-10 04:00:00+00:00,39316.9,39327.3,39293.9,39316.8,2162,74,0
2024-07-10 08:00:00+00:00,39317.2,39359.3,39308.4,39355.9,3523,76,0
2024-07-10 12:00:00+00:00,39355.4,39455.2,39302.2,39450.9,15145,74,0
2024-07-10 16:00:00+00:00,39451.4,39799.2,39447.0,39773.8,10457,75,0
2024-07-10 20:00:00+00:00,39770.9,39782.1,39740.9,39760.7,1567,77,0
2024-07-11 00:00:00+00:00,39760.7,39779.2,39731.8,39778.7,1429,77,0
2024-07-11 04:00:00+00:00,39777.8,39788.2,39735.7,39752.0,1943,78,0
2024-07-11 08:00:00+00:00,39750.7,39769.5,39706.9,39716.9,3102,76,0
2024-07-11 12:00:00+00:00,39715.5,39938.2,39677.6,39859.3,22408,76,0
2024-07-11 16:00:00+00:00,39860.3,39871.2,39754.9,39820.9,16131,75,0
2024-07-11 20:00:00+00:00,39815.9,39888.9,39796.8,39861.0,2072,77,0
2024-07-12 00:00:00+00:00,39859.7,39892.2,39836.7,39854.9,1982,76,0
2024-07-12 04:00:00+00:00,39854.0,39889.3,39848.9,39871.8,2363,76,0
2024-07-12 08:00:00+00:00,39872.3,39946.4,39839.8,39850.2,4571,76,0
2024-07-12 12:00:00+00:00,39850.2,40154.2,39762.8,40114.8,15842,77,0
2024-07-12 16:00:00+00:00,40109.7,40316.2,40027.9,40062.0,13206,76,0
2024-07-14 20:00:00+00:00,40161.0,40161.0,40102.5,40129.1,1623,83,0
2024-07-15 00:00:00+00:00,40128.5,40146.3,40106.6,40136.8,1922,77,0
2024-07-15 04:00:00+00:00,40137.3,40210.1,40131.8,40210.1,2306,78,0
2024-07-15 08:00:00+00:00,40209.5,40347.6,40189.6,40271.9,4860,79,0
2024-07-15 12:00:00+00:00,40272.4,40414.2,40199.5,40405.9,16372,77,0
2024-07-15 16:00:00+00:00,40405.8,40406.2,40194.8,40290.8,16255,76,0
2024-07-15 20:00:00+00:00,40291.8,40352.8,40283.8,40346.8,1599,79,0
2024-07-16 00:00:00+00:00,40348.1,40355.5,40328.9,40339.8,1569,75,0
2024-07-16 04:00:00+00:00,40340.4,40353.0,40257.6,40259.5,2602,77,0
2024-07-16 08:00:00+00:00,40260.1,40394.6,40228.3,40315.1,5836,78,0
2024-07-16 12:00:00+00:00,40314.2,40926.8,40302.9,40796.8,17435,79,0
2024-07-16 16:00:00+00:00,40798.1,41063.1,40798.1,41030.1,13201,78,0
2024-07-16 20:00:00+00:00,41025.0,41059.6,40993.6,41033.6,1765,80,0
2024-07-17 00:00:00+00:00,41035.0,41072.2,41019.8,41059.9,1720,79,0
2024-07-17 04:00:00+00:00,41060.2,41060.2,40898.5,40929.9,4231,79,0
2024-07-17 08:00:00+00:00,40929.6,40979.3,40876.1,40940.6,7321,80,0
2024-07-17 12:00:00+00:00,40940.3,41240.1,40868.7,41240.1,21373,78,0
2024-07-17 16:00:00+00:00,41239.6,41294.5,41161.7,41259.7,16814,79,0
2024-07-17 20:00:00+00:00,41255.0,41338.8,41235.7,41333.9,2279,79,0
2024-07-18 00:00:00+00:00,41332.5,41387.9,41329.4,41371.5,2147,81,0
2024-07-18 04:00:00+00:00,41372.0,41376.0,41211.0,41252.6,4284,82,0
2024-07-18 08:00:00+00:00,41251.4,41274.6,41192.7,41241.1,5701,80,0
2024-07-18 12:00:00+00:00,41241.0,41446.0,41002.8,41011.3,23536,79,0
2024-07-18 16:00:00+00:00,41013.1,41035.1,40659.8,40729.9,21593,79,0
2024-07-18 20:00:00+00:00,40728.7,40772.9,40717.7,40764.5,2739,79,0
2024-07-19 00:00:00+00:00,40762.9,40778.9,40736.2,40752.7,2303,80,0
2024-07-19 04:00:00+00:00,40753.2,40772.1,40587.5,40637.9,4834,80,0
2024-07-19 08:00:00+00:00,40636.7,40698.0,40591.2,40675.7,8490,81,0
2024-07-19 12:00:00+00:00,40675.5,40683.0,40254.7,40386.0,23541,79,0
2024-07-19 16:00:00+00:00,40385.7,40459.2,40242.9,40337.8,18792,78,0
2024-07-21 20:00:00+00:00,40365.5,40437.2,40345.9,40436.5,1996,82,0
2024-07-22 00:00:00+00:00,40437.1,40439.9,40318.8,40364.2,3818,79,0
2024-07-22 04:00:00+00:00,40365.1,40405.2,40343.7,40379.6,4168,78,0
2024-07-22 08:00:00+00:00,40379.2,40429.9,40369.9,40400.9,4905,78,0
2024-07-22 12:00:00+00:00,40402.0,40528.1,40271.9,40331.9,21670,77,0
2024-07-22 16:00:00+00:00,40330.9,40507.2,40304.8,40466.1,15117,76,0
2024-07-22 20:00:00+00:00,40466.0,40503.0,40457.8,40466.8,1706,78,0
2024-07-23 00:00:00+00:00,40465.8,40473.2,40418.6,40438.8,2683,79,0
2024-07-23 04:00:00+00:00,40440.1,40459.0,40385.6,40398.9,3644,79,0
2024-07-23 08:00:00+00:00,40396.9,40543.5,40380.6,40507.3,4909,78,0
2024-07-23 12:00:00+00:00,40506.0,40570.1,40367.7,40561.8,15809,79,0
2024-07-23 16:00:00+00:00,40563.1,40584.0,40373.7,40409.9,13582,80,0
2024-07-23 20:00:00+00:00,40405.6,40443.4,40307.1,40318.5,4276,82,0
2024-07-24 00:00:00+00:00,40319.8,40362.1,40313.7,40318.3,2466,80,0
2024-07-24 04:00:00+00:00,40317.7,40319.3,40211.6,40219.1,4633,80,0
2024-07-24 08:00:00+00:00,40220.0,40274.1,40165.8,40249.3,5922,79,0
2024-07-24 12:00:00+00:00,40250.1,40312.7,39988.9,40064.3,20016,77,0
2024-07-24 16:00:00+00:00,40065.2,40135.3,39849.7,39908.1,15622,77,0
2024-07-24 20:00:00+00:00,39904.1,40017.7,39891.7,39995.2,3303,81,0
2024-07-25 00:00:00+00:00,39994.7,40023.1,39946.7,39993.7,4325,78,0
2024-07-25 04:00:00+00:00,39994.3,40001.3,39873.7,39922.3,7144,78,0
2024-07-25 08:00:00+00:00,39925.2,40046.9,39855.9,39884.3,9554,79,0
2024-07-25 12:00:00+00:00,39883.0,40249.0,39856.0,40238.7,22834,78,0
2024-07-25 16:00:00+00:00,40236.7,40478.0,39977.8,39988.7,18663,79,0
2024-07-25 20:00:00+00:00,39989.7,40077.5,39957.6,40077.0,3425,81,0
2024-07-26 00:00:00+00:00,40075.6,40148.0,40069.6,40134.0,2835,79,0
2024-07-26 04:00:00+00:00,40135.0,40177.6,40092.9,40174.9,4050,82,0
2024-07-26 08:00:00+00:00,40173.6,40276.5,40161.2,40275.0,5742,80,0
2024-07-26 12:00:00+00:00,40274.7,40700.1,40197.7,40692.6,21270,79,0
2024-07-26 16:00:00+00:00,40693.9,40793.5,40545.6,40628.8,18957,80,0
2024-07-28 20:00:00+00:00,40697.2,40760.6,40684.5,40745.5,1531,87,0
2024-07-29 00:00:00+00:00,40745.9,40846.0,40736.5,40803.2,3659,79,0
2024-07-29 04:00:00+00:00,40804.1,40821.0,40690.5,40700.0,3572,79,0
2024-07-29 08:00:00+00:00,40698.7,40836.3,40685.6,40826.1,5296,80,0
2024-07-29 12:00:00+00:00,40825.5,40872.4,40429.5,40638.2,21741,77,0
2024-07-29 16:00:00+00:00,40639.2,40697.3,40572.7,40587.7,18660,76,0
2024-07-29 20:00:00+00:00,40593.0,40625.8,40496.6,40517.5,2202,79,0
2024-07-30 00:00:00+00:00,40517.4,40548.8,40476.7,40539.9,3091,82,0
2024-07-30 04:00:00+00:00,40540.0,40680.9,40539.5,40648.0,3683,81,0
2024-07-30 08:00:00+00:00,40648.9,40679.2,40581.2,40581.2,4914,80,0
2024-07-30 12:00:00+00:00,40580.3,40829.9,40547.9,40614.2,22462,78,0
2024-07-30 16:00:00+00:00,40614.3,40924.7,40569.8,40784.7,21770,77,0
2024-07-30 20:00:00+00:00,40785.5,40812.7,40533.7,40631.5,8047,81,0
2024-07-31 00:00:00+00:00,40629.7,40723.7,40602.7,40720.4,3194,82,0
2024-07-31 04:00:00+00:00,40718.7,40908.7,40692.5,40908.7,5467,80,0
2024-07-31 08:00:00+00:00,40909.7,40984.5,40801.5,40816.6,6645,81,0
2024-07-31 12:00:00+00:00,40816.0,41054.8,40693.6,41020.8,20612,78,0
2024-07-31 16:00:00+00:00,41020.5,41256.3,40859.9,40900.4,24483,81,0
2024-07-31 20:00:00+00:00,40902.2,40994.6,40899.3,40967.4,4341,82,0
2024-08-01 00:00:00+00:00,40968.8,40999.9,40931.4,40987.7,4346,80,0
2024-08-01 04:00:00+00:00,40988.1,41026.1,40828.5,40832.8,4915,82,0
2024-08-01 08:00:00+00:00,40834.5,40974.9,40814.6,40910.1,6551,80,0
2024-08-01 12:00:00+00:00,40911.7,41142.7,40316.9,40346.1,29516,77,0
2024-08-01 16:00:00+00:00,40348.1,40468.2,40126.0,40358.7,31539,75,0
2024-08-01 20:00:00+00:00,40357.9,40360.8,40188.2,40246.7,8710,84,0
2024-08-02 00:00:00+00:00,40245.5,40268.7,40091.2,40188.7,6085,85,0
2024-08-02 04:00:00+00:00,40189.7,40201.7,40031.4,40108.9,7620,86,0
2024-08-02 08:00:00+00:00,40107.4,40160.0,39962.6,40047.8,8907,84,0
2024-08-02 12:00:00+00:00,40046.5,40122.7,39367.6,39521.1,36861,77,0
2024-08-02 16:00:00+00:00,39519.8,39740.9,39424.9,39716.5,24477,79,0
2024-08-04 20:00:00+00:00,39426.7,39613.6,39426.7,39511.6,3609,87,0
2024-08-05 00:00:00+00:00,39509.5,39546.6,39331.1,39458.6,9083,83,0
2024-08-05 04:00:00+00:00,39459.1,39513.8,39039.2,39122.4,17431,83,0
2024-08-05 08:00:00+00:00,39122.6,39260.3,38821.3,38838.3,16549,88,0
2024-08-05 12:00:00+00:00,38835.6,38992.6,38408.8,38927.5,52164,81,0
2024-08-05 16:00:00+00:00,38926.5,39034.9,38582.4,38720.9,32210,80,0
2024-08-05 20:00:00+00:00,38720.9,38989.4,38686.6,38976.5,7883,83,0
2024-08-06 00:00:00+00:00,38978.2,39155.0,38889.1,39101.9,6796,84,0
2024-08-06 04:00:00+00:00,39102.7,39149.6,38890.5,38940.9,11016,84,0
2024-08-06 08:00:00+00:00,38941.5,39067.3,38778.3,38972.4,14935,84,0
2024-08-06 12:00:00+00:00,38971.9,39271.9,38638.4,39167.0,32545,80,0
2024-08-06 16:00:00+00:00,39166.7,39474.9,39001.5,39002.8,25933,80,0
2024-08-06 20:00:00+00:00,39018.1,39039.6,38858.4,38933.8,8027,83,0
2024-08-07 00:00:00+00:00,38934.0,39300.4,38919.5,39286.2,6361,85,0
2024-08-07 04:00:00+00:00,39286.6,39329.6,39149.2,39212.5,8329,83,0
2024-08-07 08:00:00+00:00,39213.3,39393.6,39193.8,39340.6,9495,82,0
2024-08-07 12:00:00+00:00,39341.9,39498.6,39175.9,39282.4,22577,82,0
2024-08-07 16:00:00+00:00,39283.8,39283.8,38740.6,38798.7,26118,80,0
2024-08-07 20:00:00+00:00,38792.5,38848.3,38578.2,38690.8,7112,84,0
2024-08-08 00:00:00+00:00,38692.7,38833.7,38663.3,38794.6,5581,85,0
2024-08-08 04:00:00+00:00,38795.5,38864.5,38616.1,38667.7,9237,89,0
2024-08-08 08:00:00+00:00,38671.0,38784.6,38617.5,38757.4,9465,86,0
2024-08-08 12:00:00+00:00,38759.8,39392.1,38731.4,39313.9,29130,77,0
2024-08-08 16:00:00+00:00,39313.0,39548.3,39238.0,39474.6,24217,76,0
2024-08-08 20:00:00+00:00,39486.3,39550.7,39473.4,39513.0,4623,80,0
2024-08-09 00:00:00+00:00,39511.8,39532.7,39409.5,39525.9,5405,83,0
2024-08-09 04:00:00+00:00,39526.7,39534.8,39390.2,39531.3,6159,85,0
2024-08-09 08:00:00+00:00,39529.9,39596.7,39452.4,39475.7,7405,83,0
2024-08-09 12:00:00+00:00,39475.3,39537.2,39235.8,39394.0,22546,76,0
2024-08-09 16:00:00+00:00,39396.6,39648.7,39371.8,39512.8,19716,76,0
2024-08-11 20:00:00+00:00,39517.8,39552.7,39431.2,39508.2,2485,87,0
2024-08-12 00:00:00+00:00,39508.8,39544.5,39465.5,39502.4,2694,85,0
2024-08-12 04:00:00+00:00,39503.8,39574.8,39493.2,39562.8,3296,83,0
2024-08-12 08:00:00+00:00,39563.5,39613.9,39499.7,39612.9,4085,82,0
2024-08-12 12:00:00+00:00,39613.8,39634.8,39263.0,39486.3,21781,75,0
2024-08-12 16:00:00+00:00,39485.0,39511.2,39282.9,39381.6,19699,75,0
2024-08-12 20:00:00+00:00,39384.6,39425.7,39364.0,39405.0,2244,77,0
2024-08-13 00:00:00+00:00,39407.3,39463.8,39382.6,39437.6,3168,81,0
2024-08-13 04:00:00+00:00,39438.1,39541.7,39430.4,39515.1,3280,81,0
2024-08-13 08:00:00+00:00,39514.9,39524.9,39247.5,39379.0,5621,80,0
2024-08-13 12:00:00+00:00,39380.0,39667.0,39377.5,39614.3,19729,76,0
2024-08-13 16:00:00+00:00,39616.2,39826.1,39599.7,39791.0,15596,77,0
2024-08-13 20:00:00+00:00,39783.6,39797.6,39758.8,39783.8,2717,77,0
2024-08-14 00:00:00+00:00,39784.2,39805.8,39750.9,39794.5,3544,80,0
2024-08-14 04:00:00+00:00,39795.1,39845.8,39790.7,39809.8,3381,82,0
2024-08-14 08:00:00+00:00,39811.5,39855.0,39771.3,39790.5,4237,80,0
2024-08-14 12:00:00+00:00,39790.7,40018.1,39695.3,40013.9,29034,77,0
2024-08-14 16:00:00+00:00,40013.0,40100.1,39920.6,40015.7,23265,77,0
2024-08-14 20:00:00+00:00,40017.7,40098.0,40013.7,40041.0,2804,78,0
2024-08-15 00:00:00+00:00,40041.8,40120.5,40040.4,40099.6,3033,83,0
2024-08-15 04:00:00+00:00,40098.7,40141.9,40071.6,40134.5,2887,83,0
2024-08-15 08:00:00+00:00,40133.6,40166.7,40025.8,40163.8,5075,80,0
2024-08-15 12:00:00+00:00,40164.8,40574.8,40155.5,40492.2,28039,77,0
2024-08-15 16:00:00+00:00,40490.9,40625.1,40476.9,40601.0,12533,77,0
2024-08-15 20:00:00+00:00,40601.5,40649.6,40568.9,40633.4,2813,78,0
2024-08-16 00:00:00+00:00,40634.0,40653.0,40595.6,40641.6,2607,82,0
2024-08-16 04:00:00+00:00,40641.5,40675.0,40616.8,40638.9,2759,81,0
2024-08-16 08:00:00+00:00,40638.6,40659.5,40528.3,40539.1,4891,79,0
2024-08-16 12:00:00+00:00,40540.5,40648.5,40441.2,40625.9,17451,77,0
2024-08-16 16:00:00+00:00,40624.9,40749.3,40618.9,40687.9,10494,77,0
2024-08-18 20:00:00+00:00,40726.2,40763.6,40709.0,40746.8,1561,84,0
2024-08-19 00:00:00+00:00,40747.7,40767.0,40711.5,40716.1,2375,83,0
2024-08-19 04:00:00+00:00,40715.5,40717.0,40643.5,40668.7,3037,82,0
2024-08-19 08:00:00+00:00,40669.1,40737.3,40654.6,40689.2,3818,80,0
2024-08-19 12:00:00+00:00,40690.8,40926.0,40678.6,40848.8,12614,78,0
2024-08-19 16:00:00+00:00,40850.1,40948.7,40831.7,40922.8,9636,77,0
2024-08-19 20:00:00+00:00,40926.1,40939.2,40876.7,40916.7,1430,79,0
2024-08-20 00:00:00+00:00,40917.7,40943.9,40893.5,40913.1,1424,80,0
2024-08-20 04:00:00+00:00,40912.5,40992.9,40912.5,40982.5,2277,80,0
2024-08-20 08:00:00+00:00,40981.8,40981.8,40896.1,40915.2,3316,80,0
2024-08-20 12:00:00+00:00,40915.6,40933.2,40784.9,40892.7,13750,77,0
2024-08-20 16:00:00+00:00,40893.2,40948.0,40813.7,40856.2,11317,77,0
2024-08-20 20:00:00+00:00,40862.1,40900.3,40858.8,40893.8,1520,80,0
2024-08-21 00:00:00+00:00,40893.4,40930.1,40893.4,40920.2,1613,80,0
2024-08-21 04:00:00+00:00,40919.6,40940.2,40905.6,40919.7,1961,81,0
2024-08-21 08:00:00+00:00,40918.4,40944.0,40889.0,40932.9,3041,78,0
2024-08-21 12:00:00+00:00,40932.3,41011.0,40765.7,40819.2,15900,79,0
2024-08-21 16:00:00+00:00,40817.1,40959.2,40776.8,40924.0,13975,77,0
2024-08-21 20:00:00+00:00,40915.0,40957.7,40904.8,40954.4,1678,78,0
2024-08-22 00:00:00+00:00,40953.6,40967.9,40885.7,40893.0,1562,81,0
2024-08-22 04:00:00+00:00,40894.0,40974.7,40885.7,40959.9,1718,81,0
2024-08-22 08:00:00+00:00,40959.6,40989.2,40939.2,40960.1,2520,80,0
2024-08-22 12:00:00+00:00,40959.9,41084.5,40719.9,40748.9,16255,78,0
2024-08-22 16:00:00+00:00,40747.8,40906.2,40607.9,40763.9,19760,77,0
2024-08-22 20:00:00+00:00,40760.6,40812.8,40738.7,40812.8,2161,80,0
2024-08-23 00:00:00+00:00,40813.8,40844.7,40795.8,40830.6,1697,81,0
2024-08-23 04:00:00+00:00,40829.7,40866.8,40829.7,40842.8,1756,80,0
2024-08-23 08:00:00+00:00,40842.4,40923.2,40832.1,40919.3,2914,79,0
2024-08-23 12:00:00+00:00,40918.3,41235.8,40863.8,41058.8,22539,79,0
2024-08-23 16:00:00+00:00,41058.9,41229.7,40859.5,41185.5,18535,78,0
2024-08-25 20:00:00+00:00,41198.0,41267.8,41173.9,41192.8,1926,75,0
2024-08-26 00:00:00+00:00,41193.4,41239.3,41174.4,41180.5,2026,74,0
2024-08-26 04:00:00+00:00,41180.0,41229.4,41176.0,41229.2,1800,73,0
2024-08-26 08:00:00+00:00,41228.3,41268.6,41218.0,41257.5,3126,72,0
2024-08-26 12:00:00+00:00,41257.4,41464.4,41210.3,41231.3,21546,70,0
2024-08-26 16:00:00+00:00,41231.2,41349.5,41172.3,41285.4,17134,69,0
2024-08-26 20:00:00+00:00,41284.1,41289.4,41206.8,41254.8,2290,72,0
2024-08-27 00:00:00+00:00,41256.3,41271.3,41228.2,41255.0,2116,73,0
2024-08-27 04:00:00+00:00,41256.4,41298.0,41247.1,41293.2,2016,74,0
2024-08-27 08:00:00+00:00,41294.3,41331.3,41207.8,41250.1,3930,71,0
2024-08-27 12:00:00+00:00,41251.0,41300.5,41123.4,41219.6,21607,69,0
2024-08-27 16:00:00+00:00,41218.3,41311.5,41134.2,41295.3,12081,69,0
2024-08-27 20:00:00+00:00,41291.3,41316.6,41249.4,41278.9,2086,70,0
2024-08-28 00:00:00+00:00,41278.0,41314.4,41276.1,41308.6,1816,73,0
2024-08-28 04:00:00+00:00,41309.5,41328.6,41304.1,41326.2,1273,71,0
2024-08-28 08:00:00+00:00,41325.7,41325.7,41274.8,41279.1,2734,70,0
2024-08-28 12:00:00+00:00,41279.5,41402.2,41140.2,41164.2,19366,70,0
2024-08-28 16:00:00+00:00,41165.5,41186.5,40872.1,41133.1,23482,70,0
2024-08-28 20:00:00+00:00,41138.2,41223.1,41067.4,41129.0,9305,76,0
2024-08-29 00:00:00+00:00,41130.3,41236.1,41124.0,41224.3,2692,73,0
2024-08-29 04:00:00+00:00,41225.3,41318.4,41223.0,41307.6,3193,73,0
2024-08-29 08:00:00+00:00,41310.0,41398.7,41269.7,41391.0,5762,72,0
2024-08-29 12:00:00+00:00,41391.5,41510.3,41123.0,41505.1,26183,71,0
2024-08-29 16:00:00+00:00,41506.4,41631.3,41306.2,41386.5,28810,70,0
2024-08-29 20:00:00+00:00,41386.5,41450.8,41365.4,41370.5,2536,73,0
2024-08-30 00:00:00+00:00,41371.0,41408.8,41339.2,41387.4,2355,74,0
2024-08-30 04:00:00+00:00,41388.0,41449.4,41373.5,41436.7,2791,73,0
2024-08-30 08:00:00+00:00,41436.1,41482.8,41418.8,41464.6,3569,71,0
2024-08-30 12:00:00+00:00,41465.0,41531.2,41244.7,41285.6,26123,71,0
2024-08-30 16:00:00+00:00,41283.8,41608.8,41166.6,41570.5,19331,71,0
2024-09-01 20:00:00+00:00,41586.7,41607.1,41579.3,41586.3,897,77,0
2024-09-02 00:00:00+00:00,41585.5,41614.8,41569.6,41582.9,1629,73,0
2024-09-02 04:00:00+00:00,41581.6,41601.9,41468.0,41526.6,2620,73,0
2024-09-02 08:00:00+00:00,41527.7,41581.0,41507.6,41568.1,2466,72,0
2024-09-02 12:00:00+00:00,41568.0,41614.0,41518.7,41582.1,3698,69,0
2024-09-02 16:00:00+00:00,41582.1,41598.5,41562.7,41597.8,633,73,0
2024-09-02 20:00:00+00:00,41600.4,41609.9,41522.5,41544.9,1286,76,0
2024-09-03 00:00:00+00:00,41545.8,41575.1,41504.6,41539.5,2053,73,0
2024-09-03 04:00:00+00:00,41539.5,41579.6,41517.7,41568.8,2657,73,0
2024-09-03 08:00:00+00:00,41569.4,41573.0,41377.7,41404.0,6036,73,0
2024-09-03 12:00:00+00:00,41404.0,41485.8,41096.5,41156.8,31975,70,0
2024-09-03 16:00:00+00:00,41155.8,41205.5,40823.5,40983.4,23801,70,0
2024-09-03 20:00:00+00:00,40987.4,41002.7,40931.3,40961.7,4343,74,0
2024-09-04 00:00:00+00:00,40963.6,40994.9,40825.3,40856.7,6972,75,0
2024-09-04 04:00:00+00:00,40857.7,40941.7,40816.7,40923.4,6556,74,0
2024-09-04 08:00:00+00:00,40924.0,40962.6,40871.7,40906.7,5902,72,0
2024-09-04 12:00:00+00:00,40907.5,41224.6,40900.8,41043.5,25473,70,0
2024-09-04 16:00:00+00:00,41042.6,41081.9,40886.9,41011.5,20075,73,0
2024-09-04 20:00:00+00:00,41006.5,41028.8,40940.3,40987.9,3176,76,0
2024-09-05 00:00:00+00:00,40986.4,41070.0,40984.3,40994.1,3802,72,0
2024-09-05 04:00:00+00:00,40992.6,41089.6,40950.6,41078.6,4327,73,0
2024-09-05 08:00:00+00:00,41076.1,41095.5,41029.1,41039.0,4923,73,0
2024-09-05 12:00:00+00:00,41038.1,41143.7,40632.7,40638.7,33026,70,0
2024-09-05 16:00:00+00:00,40636.9,40928.8,40568.6,40817.7,22704,71,0
2024-09-05 20:00:00+00:00,40821.8,40870.5,40814.5,40858.3,3414,75,0
2024-09-06 00:00:00+00:00,40856.5,40864.0,40755.6,40834.5,3829,73,0
2024-09-06 04:00:00+00:00,40835.1,40849.1,40600.5,40671.5,5669,73,0
2024-09-06 08:00:00+00:00,40671.6,40720.1,40631.8,40681.8,6211,72,0
2024-09-06 12:00:00+00:00,40680.8,41065.9,40386.6,40416.0,52593,70,0
2024-09-06 16:00:00+00:00,40414.7,40502.1,40331.8,40395.4,32525,69,0
2024-09-08 20:00:00+00:00,40354.5,40418.6,40331.7,40403.7,2640,77,0
2024-09-09 00:00:00+00:00,40403.9,40501.8,40402.5,40497.9,3944,74,0
2024-09-09 04:00:00+00:00,40497.3,40620.9,40494.4,40619.7,4791,75,0
2024-09-09 08:00:00+00:00,40618.6,40718.8,40563.7,40680.0,5629,72,0
2024-09-09 12:00:00+00:00,40680.5,40985.9,40577.7,40946.7,28526,71,0
2024-09-09 16:00:00+00:00,40946.6,41068.0,40785.8,40882.5,21429,71,0
2024-09-09 20:00:00+00:00,40883.6,40923.9,40874.4,40883.5,2926,73,0
2024-09-10 00:00:00+00:00,40883.5,40891.7,40820.6,40848.5,3706,73,0
2024-09-10 04:00:00+00:00,40848.5,40917.5,40792.6,40914.5,4251,72,0
2024-09-10 08:00:00+00:00,40915.0,40947.6,40783.0,40869.5,6963,72,0
2024-09-10 12:00:00+00:00,40870.1,40991.1,40531.5,40533.7,29258,72,0
2024-09-10 16:00:00+00:00,40534.9,40810.0,40467.7,40792.7,20896,72,0
2024-09-10 20:00:00+00:00,40792.0,40824.9,40763.4,40778.4,1777,73,0
2024-09-11 00:00:00+00:00,40779.0,40785.8,40628.4,40651.1,4910,73,0
2024-09-11 04:00:00+00:00,40650.5,40720.9,40605.4,40689.6,4971,72,0
2024-09-11 08:00:00+00:00,40690.8,40710.6,40593.0,40698.2,5376,71,0
2024-09-11 12:00:00+00:00,40697.8,40706.8,40045.6,40317.9,40626,71,0
2024-09-11 16:00:00+00:00,40316.6,40960.9,40300.7,40891.5,32482,71,0
2024-09-11 20:00:00+00:00,40888.8,40918.8,40878.6,40896.4,2668,74,0
2024-09-12 00:00:00+00:00,40897.0,40956.9,40882.6,40950.9,3340,72,0
2024-09-12 04:00:00+00:00,40950.5,41029.8,40937.6,40980.9,4159,71,0
2024-09-12 08:00:00+00:00,40979.6,41016.8,40943.6,40994.9,5498,73,0
2024-09-12 12:00:00+00:00,40994.7,41109.1,40717.5,40841.8,27915,73,0
2024-09-12 16:00:00+00:00,40841.4,41169.8,40826.5,41166.8,18044,73,0
2024-09-12 20:00:00+00:00,41167.8,41207.8,41129.2,41190.5,2322,73,0
2024-09-13 00:00:00+00:00,41191.8,41221.2,41160.6,41192.1,3047,70,0
2024-09-13 04:00:00+00:00,41192.2,41256.9,41161.3,41210.9,4049,70,0
2024-09-13 08:00:00+00:00,41209.6,41250.7,41160.2,41218.1,6058,70,0
2024-09-13 12:00:00+00:00,41219.0,41587.0,41187.8,41559.0,29044,70,0
2024-09-13 16:00:00+00:00,41560.0,41572.9,41380.7,41448.5,20795,72,0
2024-09-15 20:00:00+00:00,41428.8,41491.8,41419.4,41490.3,1163,76,0
2024-09-16 00:00:00+00:00,41490.3,41493.8,41447.6,41488.5,1815,74,0
2024-09-16 04:00:00+00:00,41489.9,41490.8,41419.7,41473.4,2428,73,0
2024-09-16 08:00:00+00:00,41472.4,41567.1,41458.5,41565.9,4196,72,0
2024-09-16 12:00:00+00:00,41565.6,41807.8,41513.7,41580.6,24240,72,0
2024-09-16 16:00:00+00:00,41581.1,41721.8,41524.5,41687.9,12476,72,0
2024-09-16 20:00:00+00:00,41684.6,41694.8,41657.6,41668.8,1934,73,0
2024-09-17 00:00:00+00:00,41667.5,41680.9,41641.6,41656.5,2064,74,0
2024-09-17 04:00:00+00:00,41657.0,41754.0,41650.6,41727.0,2566,74,0
2024-09-17 08:00:00+00:00,41728.8,41827.6,41726.8,41809.4,4019,72,0
2024-09-17 12:00:00+00:00,41809.9,41900.9,41701.7,41775.7,25104,71,0
2024-09-17 16:00:00+00:00,41777.0,41792.9,41524.4,41679.9,26907,72,0
2024-09-17 20:00:00+00:00,41677.6,41717.7,41665.6,41710.9,1632,72,0
2024-09-18 00:00:00+00:00,41710.9,41732.2,41696.5,41708.9,1692,74,0
2024-09-18 04:00:00+00:00,41708.4,41756.9,41690.6,41690.6,2584,73,0
2024-09-18 08:00:00+00:00,41690.4,41743.9,41682.8,41702.0,3211,72,0
2024-09-18 12:00:00+00:00,41702.6,41736.5,41532.6,41577.0,19785,72,0
2024-09-18 16:00:00+00:00,41575.6,42058.8,41500.3,41568.4,44564,72,0
2024-09-18 20:00:00+00:00,41560.2,41759.3,41555.4,41759.3,4822,77,0
2024-09-19 00:00:00+00:00,41760.5,41842.6,41629.4,41838.3,6652,76,0
2024-09-19 04:00:00+00:00,41838.8,41913.6,41793.4,41912.3,4564,75,0
2024-09-19 08:00:00+00:00,41911.7,42093.9,41888.1,42057.8,6441,73,0
2024-09-19 12:00:00+00:00,42057.1,42167.1,41883.5,41977.0,31117,73,0
2024-09-19 16:00:00+00:00,41978.0,42237.8,41971.7,42094.7,23741,72,0
2024-09-19 20:00:00+00:00,42096.4,42141.5,42063.6,42099.8,2543,75,0
2024-09-20 00:00:00+00:00,42100.2,42111.7,42073.3,42096.9,2168,75,0
2024-09-20 04:00:00+00:00,42097.8,42107.9,42056.9,42095.0,3011,75,0
2024-09-20 08:00:00+00:00,42096.8,42146.2,42076.2,42091.3,4399,72,0
2024-09-20 12:00:00+00:00,42092.7,42134.6,41912.6,42003.8,23807,72,0
2024-09-20 16:00:00+00:00,42004.8,42195.8,41966.6,42103.8,19094,72,0
2024-09-22 20:00:00+00:00,42125.1,42136.4,42071.1,42134.4,913,82,0
2024-09-23 00:00:00+00:00,42135.4,42196.9,42122.3,42179.5,1953,73,0
2024-09-23 04:00:00+00:00,42180.9,42197.0,41994.0,42096.9,3476,74,0
2024-09-23 08:00:00+00:00,42099.5,42158.9,42080.4,42146.5,4749,73,0
2024-09-23 12:00:00+00:00,42145.7,42235.3,42055.4,42131.6,21004,72,0
2024-09-23 16:00:00+00:00,42131.6,42198.9,42077.6,42169.6,13836,72,0
2024-09-23 20:00:00+00:00,42174.8,42186.8,42126.4,42141.4,1378,73,0
2024-09-24 00:00:00+00:00,42140.4,42162.9,42092.6,42108.8,2605,75,0
2024-09-24 04:00:00+00:00,42108.4,42236.7,42106.4,42231.8,3006,74,0
2024-09-24 08:00:00+00:00,42231.4,42279.5,42155.5,42229.7,4592,74,0
2024-09-24 12:00:00+00:00,42230.4,42337.6,42131.4,42209.6,19988,73,0
2024-09-24 16:00:00+00:00,42210.9,42291.7,42100.5,42286.5,12349,72,0
2024-09-24 20:00:00+00:00,42283.6,42284.7,42174.7,42231.7,1858,74,0
2024-09-25 00:00:00+00:00,42231.7,42235.8,42177.4,42197.9,1968,75,0
2024-09-25 04:00:00+00:00,42198.8,42226.8,42150.6,42223.9,2756,74,0
2024-09-25 08:00:00+00:00,42224.7,42326.7,42224.7,42280.8,3823,74,0
2024-09-25 12:00:00+00:00,42279.7,42366.0,42022.7,42038.7,19786,72,0
2024-09-25 16:00:00+00:00,42037.7,42061.6,41894.9,41971.5,15471,72,0
2024-09-25 20:00:00+00:00,41971.4,41990.8,41927.1,41980.4,2023,75,0
2024-09-26 00:00:00+00:00,41979.5,42072.9,41979.4,42070.5,1998,73,0
2024-09-26 04:00:00+00:00,42071.1,42147.8,42057.6,42145.4,3472,72,0
2024-09-26 08:00:00+00:00,42144.7,42198.4,42131.9,42143.4,3941,74,0
2024-09-26 12:00:00+00:00,42142.6,42266.4,42095.5,42248.8,21551,74,0
2024-09-26 16:00:00+00:00,42247.5,42288.9,42129.5,42232.8,13022,72,0
2024-09-26 20:00:00+00:00,42238.8,42296.6,42233.6,42248.1,1769,75,0
2024-09-27 00:00:00+00:00,42249.6,42256.3,42210.4,42237.0,2507,72,0
2024-09-27 04:00:00+00:00,42235.6,42282.0,42189.5,42189.6,4176,75,0
2024-09-27 08:00:00+00:00,42190.8,42266.8,42190.8,42258.6,3924,74,0
2024-09-27 12:00:00+00:00,42258.0,42703.8,42256.9,42613.9,18800,73,0
2024-09-27 16:00:00+00:00,42612.6,42613.9,42302.6,42352.4,14373,73,0
2024-09-29 20:00:00+00:00,42342.3,42423.3,42301.2,42407.4,1402,83,0
2024-09-30 00:00:00+00:00,42408.3,42431.4,42348.6,42389.6,2946,74,0
2024-09-30 04:00:00+00:00,42390.0,42394.8,42289.4,42331.6,3273,75,0
2024-09-30 08:00:00+00:00,42329.3,42373.4,42290.5,42318.5,4769,75,0
2024-09-30 12:00:00+00:00,42317.8,42362.8,42120.3,42252.0,17865,73,0
2024-09-30 16:00:00+00:00,42251.5,42388.7,41964.5,42358.5,19671,73,0
2024-09-30 20:00:00+00:00,42372.1,42372.1,42290.3,42320.2,2413,76,0
2024-10-01 00:00:00+00:00,42319.2,42375.7,42299.3,42351.4,1989,76,0
2024-10-01 04:00:00+00:00,42352.0,42362.8,42244.8,42305.5,2941,75,0
2024-10-01 08:00:00+00:00,42306.8,42308.9,42207.1,42261.9,4282,76,0
2024-10-01 12:00:00+00:00,42260.5,42323.3,41975.4,42235.7,28275,73,0
2024-10-01 16:00:00+00:00,42234.4,42378.7,42033.4,42205.8,27802,73,0
2024-10-01 20:00:00+00:00,42207.8,42242.7,42068.7,42110.2,3616,74,0
2024-10-02 00:00:00+00:00,42110.4,42180.7,42107.2,42145.7,2991,79,0
2024-10-02 04:00:00+00:00,42146.6,42147.6,42033.5,42087.2,4818,79,0
2024-10-02 08:00:00+00:00,42086.6,42125.6,42011.2,42101.0,6190,77,0
2024-10-02 12:00:00+00:00,42101.3,42306.8,42010.5,42275.8,22861,73,0
2024-10-02 16:00:00+00:00,42275.4,42277.8,42140.6,42235.7,13810,73,0
2024-10-02 20:00:00+00:00,42236.7,42306.4,42224.5,42274.4,1744,75,0
2024-10-03 00:00:00+00:00,42272.0,42272.7,42185.4,42193.4,3152,76,0
2024-10-03 04:00:00+00:00,42193.9,42205.8,42008.3,42045.4,3775,77,0
2024-10-03 08:00:00+00:00,42045.8,42170.7,42030.5,42169.8,5072,76,0
2024-10-03 12:00:00+00:00,42169.3,42181.4,41874.6,42082.6,26681,74,0
2024-10-03 16:00:00+00:00,42084.6,42160.7,41891.6,42045.4,18830,73,0
2024-10-03 20:00:00+00:00,42045.6,42058.9,41987.4,42023.7,2140,73,0
2024-10-04 00:00:00+00:00,42024.6,42077.8,41981.5,42038.5,3464,75,0
2024-10-04 04:00:00+00:00,42038.0,42065.9,41978.3,42060.8,3297,75,0
2024-10-04 08:00:00+00:00,42061.0,42121.9,41994.6,42117.3,4384,73,0
2024-10-04 12:00:00+00:00,42118.6,42367.2,41992.7,42174.2,24938,76,0
2024-10-04 16:00:00+00:00,42174.8,42390.9,42116.8,42370.7,14039,76,0
2024-10-06 20:00:00+00:00,42400.2,42448.3,42396.6,42417.9,1681,26,0
2024-10-07 00:00:00+00:00,42417.0,42436.3,42363.1,42378.0,3638,25,0
2024-10-07 04:00:00+00:00,42377.1,42391.5,42225.5,42244.5,4360,25,0
2024-10-07 08:00:00+00:00,42243.1,42282.0,42168.6,42223.8,6602,24,0
2024-10-07 12:00:00+00:00,42223.4,42338.2,42165.4,42173.1,23521,24,0
2024-10-07 16:00:00+00:00,42173.6,42187.5,41863.0,41995.1,24403,24,0
2024-10-07 20:00:00+00:00,42001.8,42025.4,41842.0,41974.0,5185,24,0
2024-10-08 00:00:00+00:00,41976.7,42032.2,41946.0,41965.4,4780,25,0
2024-10-08 04:00:00+00:00,41964.9,42014.2,41915.1,41983.4,5750,25,0
2024-10-08 08:00:00+00:00,41984.0,42090.3,41938.0,42063.0,7237,25,0
2024-10-08 12:00:00+00:00,42063.5,42130.2,41912.0,42079.5,22887,24,0
2024-10-08 16:00:00+00:00,42078.1,42177.3,41973.1,42122.3,11467,24,0
2024-10-08 20:00:00+00:00,42125.2,42143.2,42106.1,42117.1,1956,24,0
2024-10-09 00:00:00+00:00,42117.5,42118.4,42077.1,42092.0,2449,24,0
2024-10-09 04:00:00+00:00,42091.1,42108.4,42021.2,42065.0,3463,25,0
2024-10-09 08:00:00+00:00,42064.9,42126.3,42011.5,42110.0,4019,24,0
2024-10-09 12:00:00+00:00,42111.7,42547.3,42045.0,42502.5,21614,24,0
2024-10-09 16:00:00+00:00,42503.4,42620.2,42413.8,42561.5,16386,24,0
2024-10-09 20:00:00+00:00,42559.8,42592.3,42534.1,42581.9,1962,24,0
2024-10-10 00:00:00+00:00,42583.3,42602.5,42570.1,42591.0,2242,24,0
2024-10-10 04:00:00+00:00,42590.1,42592.5,42499.5,42502.1,2501,24,0
2024-10-10 08:00:00+00:00,42502.7,42544.5,42488.8,42539.1,3652,24,0
2024-10-10 12:00:00+00:00,42539.9,42592.0,42375.1,42487.0,27957,24,0
2024-10-10 16:00:00+00:00,42488.4,42552.4,42346.1,42505.4,16853,24,0
2024-10-10 20:00:00+00:00,42504.1,42562.2,42492.1,42555.0,1697,25,0
2024-10-11 00:00:00+00:00,42555.5,42563.5,42505.6,42522.9,1521,25,0
2024-10-11 04:00:00+00:00,42522.1,42522.5,42447.4,42483.2,2221,25,0
2024-10-11 08:00:00+00:00,42482.2,42540.7,42432.2,42494.2,5061,24,0
2024-10-11 12:00:00+00:00,42495.4,42879.3,42479.2,42855.5,23178,24,0
2024-10-11 16:00:00+00:00,42854.1,42942.3,42741.1,42908.4,11888,24,0
2024-10-13 20:00:00+00:00,42891.8,42933.1,42872.8,42904.0,1141,27,0
2024-10-14 00:00:00+00:00,42903.1,42934.5,42889.0,42925.1,2224,25,0
2024-10-14 04:00:00+00:00,42925.0,42951.3,42898.0,42951.3,2140,25,0
2024-10-14 08:00:00+00:00,42950.2,42950.2,42838.2,42844.0,4209,24,0
2024-10-14 12:00:00+00:00,42844.4,43095.3,42768.1,43092.3,17736,24,0
2024-10-14 16:00:00+00:00,43090.4,43197.2,43050.1,43144.1,9218,25,0
2024-10-14 20:00:00+00:00,43146.8,43215.7,43133.1,43204.3,1932,25,0
2024-10-15 00:00:00+00:00,43205.3,43226.3,43177.5,43209.9,1699,25,0
2024-10-15 04:00:00+00:00,43209.0,43233.5,43178.0,43217.1,2116,24,0
2024-10-15 08:00:00+00:00,43216.1,43232.2,43110.8,43164.8,7253,25,0
2024-10-15 12:00:00+00:00,43164.8,43171.8,42808.4,42958.5,32902,25,0
2024-10-15 16:00:00+00:00,42959.3,43062.3,42755.1,42816.4,18249,25,0
2024-10-15 20:00:00+00:00,42811.0,42819.3,42758.9,42798.9,2513,25,0
2024-10-16 00:00:00+00:00,42800.3,42818.3,42784.1,42808.0,1894,25,0
2024-10-16 04:00:00+00:00,42808.5,42810.3,42731.0,42786.9,3162,25,0
2024-10-16 08:00:00+00:00,42787.5,42840.1,42764.4,42833.3,4454,25,0
2024-10-16 12:00:00+00:00,42832.9,43036.4,42741.1,43008.9,22605,24,0
2024-10-16 16:00:00+00:00,43010.4,43162.2,43010.4,43129.4,10849,24,0
2024-10-16 20:00:00+00:00,43129.3,43148.5,43098.0,43102.3,1577,25,0
2024-10-17 00:00:00+00:00,43101.9,43119.5,43065.1,43081.5,2066,25,0
2024-10-17 04:00:00+00:00,43082.4,43160.4,43054.1,43151.9,3420,25,0
2024-10-17 08:00:00+00:00,43151.1,43225.8,43105.7,43165.2,5821,25,0
2024-10-17 12:00:00+00:00,43166.1,43341.1,43157.6,43285.1,27091,24,0
2024-10-17 16:00:00+00:00,43284.3,43349.3,43224.1,43302.1,13781,24,0
2024-10-17 20:00:00+00:00,43299.1,43326.2,43283.1,43315.1,2212,25,0
2024-10-18 00:00:00+00:00,43316.3,43316.5,43252.1,43277.5,2346,25,0
2024-10-18 04:00:00+00:00,43276.9,43325.2,43248.9,43320.4,1941,25,0
2024-10-18 08:00:00+00:00,43319.9,43358.9,43239.2,43260.1,4398,24,0
2024-10-18 12:00:00+00:00,43261.0,43300.6,43086.1,43238.0,20751,24,0
2024-10-18 16:00:00+00:00,43239.4,43380.3,43231.1,43319.1,11846,24,0
2024-10-20 20:00:00+00:00,43360.2,43382.3,43353.9,43376.1,1047,26,0
2024-10-21 00:00:00+00:00,43376.5,43386.5,43354.1,43355.4,1821,24,0
2024-10-21 04:00:00+00:00,43355.0,43383.3,43332.0,43358.4,2535,24,0
2024-10-21 08:00:00+00:00,43357.6,43373.2,43214.2,43228.4,5612,24,0
2024-10-21 12:00:00+00:00,43229.2,43357.6,42921.8,43030.5,22623,24,0
2024-10-21 16:00:00+00:00,43030.0,43054.5,42933.1,42994.4,14118,24,0
2024-10-21 20:00:00+00:00,42992.1,43007.4,42964.5,42967.0,1939,25,0
2024-10-22 00:00:00+00:00,42967.5,42968.4,42924.2,42930.4,3032,24,0
2024-10-22 04:00:00+00:00,42931.4,42942.3,42886.4,42888.0,3413,24,0
2024-10-22 08:00:00+00:00,42889.2,42912.9,42766.3,42816.1,8008,24,0
2024-10-22 12:00:00+00:00,42816.5,42941.2,42761.2,42900.6,21296,24,0
2024-10-22 16:00:00+00:00,42899.8,43098.3,42884.0,42982.3,11879,24,0
2024-10-22 20:00:00+00:00,42982.4,42983.3,42786.5,42877.5,5048,25,0
2024-10-23 00:00:00+00:00,42876.9,42881.3,42847.4,42854.2,1688,24,0
2024-10-23 04:00:00+00:00,42853.1,42884.9,42836.1,42847.9,2495,24,0
2024-10-23 08:00:00+00:00,42848.4,42872.5,42740.6,42784.5,5063,24,0
2024-10-23 12:00:00+00:00,42783.6,42823.4,42568.1,42678.4,22683,24,0
2024-10-23 16:00:00+00:00,42678.5,42687.3,42333.2,42560.4,20874,24,0
2024-10-23 20:00:00+00:00,42556.8,42560.8,42412.3,42496.0,4457,25,0
2024-10-24 00:00:00+00:00,42496.0,42540.4,42472.2,42500.0,2892,24,0
2024-10-24 04:00:00+00:00,42499.2,42572.5,42486.4,42556.4,3665,24,0
2024-10-24 08:00:00+00:00,42555.3,42564.4,42458.0,42518.5,5298,24,0
2024-10-24 12:00:00+00:00,42518.2,42534.6,42274.7,42326.4,22401,24,0
2024-10-24 16:00:00+00:00,42327.4,42468.4,42236.1,42431.4,16505,24,0
2024-10-24 20:00:00+00:00,42433.4,42466.5,42421.1,42446.8,1874,25,0
2024-10-25 00:00:00+00:00,42448.3,42461.3,42414.2,42417.0,2193,23,0
2024-10-25 04:00:00+00:00,42417.5,42477.4,42394.0,42477.1,3218,23,0
2024-10-25 08:00:00+00:00,42477.0,42545.0,42444.1,42522.5,4872,24,0
2024-10-25 12:00:00+00:00,42522.4,42642.3,42308.1,42346.0,19942,24,0
2024-10-25 16:00:00+00:00,42345.1,42398.4,42077.2,42152.3,22358,24,0
2024-10-27 20:00:00+00:00,42244.7,42337.1,42244.5,42297.0,2365,25,0
2024-10-28 00:00:00+00:00,42296.1,42385.2,42291.1,42329.0,3581,24,0
2024-10-28 04:00:00+00:00,42328.1,42392.9,42305.2,42351.0,3449,24,0
2024-10-28 08:00:00+00:00,42352.3,42401.6,42286.8,42286.8,8172,24,0
2024-10-28 12:00:00+00:00,42287.5,42538.5,42251.6,42407.1,22749,24,0
2024-10-28 16:00:00+00:00,42408.4,42522.0,42385.2,42454.1,15540,24,0
2024-10-28 20:00:00+00:00,42454.1,42487.1,42432.0,42441.1,1937,25,0
2024-10-29 00:00:00+00:00,42441.5,42447.3,42368.1,42375.0,3354,23,0
2024-10-29 04:00:00+00:00,42375.5,42476.9,42371.2,42436.0,3011,24,0
2024-10-29 08:00:00+00:00,42437.2,42487.3,42303.5,42322.1,9535,24,0
2024-10-29 12:00:00+00:00,42321.3,42550.3,42215.1,42359.5,25569,24,0
2024-10-29 16:00:00+00:00,42360.6,42443.2,42284.1,42307.3,13840,25,0
2024-10-29 20:00:00+00:00,42302.3,42374.2,42277.9,42344.4,4875,24,0
2024-10-30 00:00:00+00:00,42343.1,42399.5,42312.2,42320.4,3104,24,0
2024-10-30 04:00:00+00:00,42320.0,42357.9,42286.0,42325.9,3097,24,0
2024-10-30 08:00:00+00:00,42326.3,42373.8,42166.4,42223.5,9161,24,0
2024-10-30 12:00:00+00:00,42222.3,42519.3,42192.1,42492.4,25453,24,0
2024-10-30 16:00:00+00:00,42491.1,42504.5,42192.1,42227.7,17235,24,0
2024-10-30 20:00:00+00:00,42226.1,42290.6,42148.8,42192.5,9281,25,0
2024-10-31 00:00:00+00:00,42191.1,42222.5,42159.0,42167.4,3304,23,0
2024-10-31 04:00:00+00:00,42168.4,42170.4,42031.2,42047.1,3699,23,0
2024-10-31 08:00:00+00:00,42047.5,42054.3,41968.1,42033.3,8318,23,0
2024-10-31 12:00:00+00:00,42032.5,42060.3,41739.2,41863.4,32243,24,0
2024-10-31 16:00:00+00:00,41862.1,42023.4,41794.1,41804.0,21374,24,0
2024-10-31 20:00:00+00:00,41812.2,41910.2,41798.6,41816.1,8989,25,0
2024-11-01 00:00:00+00:00,41816.6,41861.6,41766.2,41859.6,4302,23,0
2024-11-01 04:00:00+00:00,41860.5,41887.5,41811.0,41855.9,3877,23,0
2024-11-01 08:00:00+00:00,41856.9,42005.6,41840.2,41997.3,6564,23,0
2024-11-01 12:00:00+00:00,41998.9,42367.2,41925.7,42236.1,28368,24,0
2024-11-01 16:00:00+00:00,42235.1,42301.3,42029.0,42072.3,22708,25,0
2024-11-03 20:00:00+00:00,42027.2,42036.4,41956.5,41974.5,2460,26,0
2024-11-04 00:00:00+00:00,41975.3,42058.3,41934.0,42051.5,3818,24,0
2024-11-04 04:00:00+00:00,42051.0,42097.5,42001.1,42005.0,3184,24,0
2024-11-04 08:00:00+00:00,42006.2,42168.0,42000.1,42138.4,8475,24,0
2024-11-04 12:00:00+00:00,42137.6,42150.0,41899.0,41958.1,22734,24,0
2024-11-04 16:00:00+00:00,41959.4,41978.4,41684.1,41878.1,22945,24,0
2024-11-04 20:00:00+00:00,41878.6,41903.4,41806.1,41852.9,7389,24,0
2024-11-05 00:00:00+00:00,41852.0,41895.5,41815.1,41863.4,3994,24,0
2024-11-05 04:00:00+00:00,41862.1,41931.3,41855.0,41906.0,2689,24,0
2024-11-05 08:00:00+00:00,41907.3,41933.3,41845.0,41897.1,6204,24,0
2024-11-05 12:00:00+00:00,41898.3,42231.3,41815.1,42139.1,19818,24,0
2024-11-05 16:00:00+00:00,42138.1,42315.4,42108.1,42178.5,19101,24,0
2024-11-05 20:00:00+00:00,42176.3,42368.2,42159.1,42331.8,8303,24,0
2024-11-06 00:00:00+00:00,42330.9,42923.0,42328.0,42816.6,14294,28,0
2024-11-06 04:00:00+00:00,42814.9,43254.1,42750.2,43136.0,14005,27,0
2024-11-06 08:00:00+00:00,43133.4,43557.0,43115.9,43477.2,17848,27,0
2024-11-06 12:00:00+00:00,43478.1,43693.2,43425.7,43575.0,45485,27,0
2024-11-06 16:00:00+00:00,43576.2,43791.2,43531.0,43739.0,20567,26,0
2024-11-06 20:00:00+00:00,43738.0,43867.8,43737.0,43816.5,8566,26,0
2024-11-07 00:00:00+00:00,43816.4,43913.3,43782.9,43898.3,4961,25,0
2024-11-07 04:00:00+00:00,43899.9,43926.3,43835.1,43854.9,3623,26,0
2024-11-07 08:00:00+00:00,43856.8,43928.3,43852.3,43919.8,6095,25,0
2024-11-07 12:00:00+00:00,43919.0,43923.9,43716.0,43829.5,19148,25,0
2024-11-07 16:00:00+00:00,43830.3,43872.3,43716.0,43856.5,18005,25,0
2024-11-07 20:00:00+00:00,43857.3,43898.4,43791.0,43858.4,8924,26,0
2024-11-08 00:00:00+00:00,43857.9,43863.2,43803.2,43816.1,2838,25,0
2024-11-08 04:00:00+00:00,43816.5,43860.4,43802.0,43852.0,2116,25,0
2024-11-08 08:00:00+00:00,43851.0,43853.4,43768.1,43817.4,7311,24,0
2024-11-08 12:00:00+00:00,43818.2,44084.0,43792.0,44060.3,16964,24,0
2024-11-08 16:00:00+00:00,44061.3,44214.2,43990.0,44126.1,13423,25,0
2024-11-08 20:00:00+00:00,44127.3,44148.3,44026.1,44059.3,4667,25,0
2024-11-10 20:00:00+00:00,44104.8,44120.3,44068.5,44118.7,972,28,0
2024-11-11 00:00:00+00:00,44117.9,44123.1,44077.9,44093.5,2176,25,0
2024-11-11 04:00:00+00:00,44094.3,44149.2,44090.1,44148.3,1408,25,0
2024-11-11 08:00:00+00:00,44147.0,44269.0,44137.9,44262.8,4872,25,0
2024-11-11 12:00:00+00:00,44263.0,44549.3,44211.1,44452.9,17475,25,0
2024-11-11 16:00:00+00:00,44453.4,44488.4,44301.1,44387.5,13075,26,0
2024-11-11 20:00:00+00:00,44386.1,44386.1,44303.1,44328.3,5192,25,0
2024-11-12 00:00:00+00:00,44327.9,44337.5,44277.2,44295.3,3303,25,0
2024-11-12 04:00:00+00:00,44294.1,44315.0,44273.9,44313.9,2192,25,0
2024-11-12 08:00:00+00:00,44311.5,44361.6,44263.4,44318.4,7124,25,0
2024-11-12 12:00:00+00:00,44317.5,44475.1,44203.2,44237.5,17185,26,0
2024-11-12 16:00:00+00:00,44238.2,44242.3,43968.1,44104.0,16755,25,0
2024-11-12 20:00:00+00:00,44103.1,44124.2,43940.1,43983.0,6546,26,0
2024-11-13 00:00:00+00:00,43983.5,43986.4,43941.0,43948.4,3251,25,0
2024-11-13 04:00:00+00:00,43949.3,43954.5,43834.9,43846.4,3557,25,0
2024-11-13 08:00:00+00:00,43847.2,43962.2,43825.0,43855.2,6533,25,0
2024-11-13 12:00:00+00:00,43856.3,44117.3,43856.3,44096.1,24624,25,0
2024-11-13 16:00:00+00:00,44096.5,44206.3,43995.0,44006.1,16557,25,0
2024-11-13 20:00:00+00:00,44006.0,44106.2,43987.1,44076.4,7523,25,0
2024-11-14 00:00:00+00:00,44076.4,44083.4,43998.0,44013.1,2935,25,0
2024-11-14 04:00:00+00:00,44013.0,44053.4,43961.4,44046.3,3144,25,0
2024-11-14 08:00:00+00:00,44044.9,44156.2,44038.0,44149.3,7185,25,0
2024-11-14 12:00:00+00:00,44149.2,44188.7,43928.1,44004.3,21219,25,0
2024-11-14 16:00:00+00:00,44003.1,44046.3,43804.1,43930.1,18913,25,0
2024-11-14 20:00:00+00:00,43930.5,43930.5,43748.1,43781.0,12192,25,0
2024-11-15 00:00:00+00:00,43780.1,43780.3,43686.0,43720.4,4155,25,0
2024-11-15 04:00:00+00:00,43720.0,43732.3,43582.1,43585.3,4234,25,0
2024-11-15 08:00:00+00:00,43586.8,43661.7,43543.0,43642.1,7619,24,0
2024-11-15 12:00:00+00:00,43643.1,43715.5,43474.1,43491.3,24699,24,0
2024-11-15 16:00:00+00:00,43490.0,43602.3,43406.1,43478.3,23635,25,0
2024-11-15 20:00:00+00:00,43477.1,43571.3,43439.1,43494.2,6461,25,0
2024-11-17 20:00:00+00:00,43510.2,43512.2,43442.0,43483.5,1501,26,0
2024-11-18 00:00:00+00:00,43484.3,43545.2,43471.0,43475.5,2552,25,0
2024-11-18 04:00:00+00:00,43476.4,43533.2,43420.1,43432.3,2682,25,0
2024-11-18 08:00:00+00:00,43434.0,43460.0,43321.8,43354.1,8665,25,0
2024-11-18 12:00:00+00:00,43354.9,43522.3,43354.2,43521.0,17448,25,0
2024-11-18 16:00:00+00:00,43522.3,43584.9,43385.1,43453.1,16472,25,0
2024-11-18 20:00:00+00:00,43452.1,43476.3,43412.0,43445.4,5064,25,0
2024-11-19 00:00:00+00:00,43444.9,43541.3,43425.2,43535.0,3489,24,0
2024-11-19 04:00:00+00:00,43535.5,43556.3,43478.1,43507.0,2665,24,0
2024-11-19 08:00:00+00:00,43506.1,43547.3,43179.1,43224.9,18008,24,0
2024-11-19 12:00:00+00:00,43225.5,43302.9,42926.6,43261.9,29465,24,0
2024-11-19 16:00:00+00:00,43262.9,43464.5,43232.8,43302.3,17170,25,0
2024-11-19 20:00:00+00:00,43303.7,43405.3,43281.4,43397.3,5708,25,0
2024-11-20 00:00:00+00:00,43398.2,43458.3,43376.0,43389.0,3697,25,0
2024-11-20 04:00:00+00:00,43388.9,43489.3,43388.9,43467.1,3291,25,0
2024-11-20 08:00:00+00:00,43465.3,43492.8,43381.9,43426.5,8439,25,0
2024-11-20 12:00:00+00:00,43427.8,43501.7,43121.1,43296.0,19433,25,0
2024-11-20 16:00:00+00:00,43295.2,43348.2,43146.5,43282.4,20851,25,0
2024-11-20 20:00:00+00:00,43281.4,43525.6,43260.5,43498.2,15366,24,0
2024-11-21 00:00:00+00:00,43499.2,43508.2,43377.0,43412.9,5042,25,0
2024-11-21 04:00:00+00:00,43412.1,43518.2,43362.9,43442.4,5476,25,0
2024-11-21 08:00:00+00:00,43443.1,43557.5,43325.3,43543.0,15478,25,0
2024-11-21 12:00:00+00:00,43541.5,43825.7,43387.4,43798.6,34017,25,0
2024-11-21 16:00:00+00:00,43799.9,44091.9,43768.7,44024.0,21310,26,0
2024-11-21 20:00:00+00:00,44022.6,44044.9,43900.0,43916.9,6024,26,0
2024-11-22 00:00:00+00:00,43916.0,43980.3,43885.1,43926.3,4305,25,0
2024-11-22 04:00:00+00:00,43925.9,44003.4,43904.0,43955.4,4197,25,0
2024-11-22 08:00:00+00:00,43955.5,43997.3,43770.6,43900.5,12859,25,0
2024-11-22 12:00:00+00:00,43901.3,44260.4,43895.2,44215.3,26397,24,0
2024-11-22 16:00:00+00:00,44216.2,44331.3,44096.1,44305.3,18850,25,0
2024-11-22 20:00:00+00:00,44303.4,44386.2,44215.1,44340.0,5066,25,0
2024-11-24 20:00:00+00:00,44513.6,44600.6,44513.6,44571.6,1089,30,0
2024-11-25 00:00:00+00:00,44570.8,44630.4,44569.7,44619.6,2229,25,0
2024-11-25 04:00:00+00:00,44619.5,44628.3,44584.0,44613.4,2025,24,0
2024-11-25 08:00:00+00:00,44615.8,44683.5,44594.5,44670.4,6279,24,0
2024-11-25 12:00:00+00:00,44670.1,44885.2,44609.1,44766.9,24050,24,0
2024-11-25 16:00:00+00:00,44765.4,44803.3,44579.1,44775.9,17643,25,0
2024-11-25 20:00:00+00:00,44775.9,44860.2,44657.9,44702.1,7988,25,0
2024-11-26 00:00:00+00:00,44700.9,44803.2,44621.1,44797.9,7107,26,0
2024-11-26 04:00:00+00:00,44797.9,44829.2,44767.1,44771.2,3960,25,0
2024-11-26 08:00:00+00:00,44772.1,44888.8,44748.0,44880.2,8634,25,0
2024-11-26 12:00:00+00:00,44879.5,44880.8,44502.1,44578.3,23725,25,0
2024-11-26 16:00:00+00:00,44580.0,44876.5,44558.9,44861.6,13075,25,0
2024-11-26 20:00:00+00:00,44861.0,44970.2,44856.1,44949.0,5058,26,0
2024-11-27 00:00:00+00:00,44950.2,44994.3,44928.1,44962.9,2227,25,0
2024-11-27 04:00:00+00:00,44962.9,44967.2,44925.1,44925.1,2502,25,0
2024-11-27 08:00:00+00:00,44927.6,44934.0,44856.9,44917.4,8297,25,0
2024-11-27 12:00:00+00:00,44916.5,45086.1,44909.5,44955.4,16169,25,0
2024-11-27 16:00:00+00:00,44954.0,44984.2,44779.1,44809.1,12817,25,0
2024-11-27 20:00:00+00:00,44810.3,44857.1,44756.1,44848.8,4524,25,0
2024-11-28 00:00:00+00:00,44850.2,44886.3,44842.1,44867.3,1848,25,0
2024-11-28 04:00:00+00:00,44866.9,44867.5,44796.1,44806.1,1265,25,0
2024-11-28 08:00:00+00:00,44807.9,44883.9,44807.9,44859.0,3984,24,0
2024-11-28 12:00:00+00:00,44859.0,44918.2,44820.5,44903.0,4727,25,0
2024-11-28 16:00:00+00:00,44902.0,44946.4,44900.0,44924.3,1349,26,0
2024-11-28 20:00:00+00:00,44921.6,44932.4,44895.9,44928.0,592,27,0
2024-11-29 00:00:00+00:00,44929.3,44945.5,44856.1,44935.4,3370,25,0
2024-11-29 04:00:00+00:00,44936.3,44947.5,44895.0,44921.4,2860,24,0
2024-11-29 08:00:00+00:00,44920.2,44982.7,44906.5,44978.6,6163,24,0
2024-11-29 12:00:00+00:00,44977.6,45002.3,44833.1,44995.5,13675,25,0
2024-11-29 16:00:00+00:00,44995.5,45149.3,44984.0,45031.0,7587,25,0
2024-12-01 20:00:00+00:00,45011.4,45029.1,44972.0,44981.4,1279,28,0
2024-12-02 00:00:00+00:00,44982.2,45005.3,44929.0,44932.9,2987,25,0
2024-12-02 04:00:00+00:00,44933.5,44956.4,44908.1,44921.3,2357,25,0
2024-12-02 08:00:00+00:00,44922.1,45010.8,44910.5,44982.3,4169,26,0
2024-12-02 12:00:00+00:00,44983.2,45101.1,44785.0,44840.0,17240,25,0
2024-12-02 16:00:00+00:00,44841.5,44931.2,44798.2,44919.1,11241,25,0
2024-12-02 20:00:00+00:00,44918.8,44937.2,44832.7,44856.9,5116,25,0
2024-12-03 00:00:00+00:00,44858.9,44881.4,44823.0,44871.9,1687,25,0
2024-12-03 04:00:00+00:00,44871.1,44886.3,44829.1,44842.3,1549,25,0
2024-12-03 08:00:00+00:00,44840.3,44899.4,44818.3,44861.6,4837,25,0
2024-12-03 12:00:00+00:00,44861.2,44958.4,44700.1,44751.1,13991,25,0
2024-12-03 16:00:00+00:00,44752.3,44861.0,44655.0,44827.5,10339,25,0
2024-12-03 20:00:00+00:00,44826.9,44958.7,44701.6,44900.9,7525,26,0
2024-12-04 00:00:00+00:00,44900.0,44904.3,44864.0,44903.5,2598,25,0
2024-12-04 04:00:00+00:00,44904.4,44939.4,44894.9,44937.1,2042,25,0
2024-12-04 08:00:00+00:00,44938.1,45015.3,44913.9,44993.3,6044,24,0
2024-12-04 12:00:00+00:00,44992.9,45100.2,44853.1,44954.3,18761,25,0
2024-12-04 16:00:00+00:00,44955.3,45068.2,44867.1,45039.9,11742,25,0
2024-12-04 20:00:00+00:00,45039.1,45153.9,45032.1,45077.4,4837,26,0
2024-12-05 00:00:00+00:00,45076.9,45105.3,45063.9,45084.5,2001,25,0
2024-12-05 04:00:00+00:00,45083.9,45115.4,45065.0,45105.0,1992,25,0
2024-12-05 08:00:00+00:00,45106.8,45138.6,45046.6,45070.2,4963,24,0
2024-12-05 12:00:00+00:00,45069.4,45140.3,44936.1,44999.2,15540,24,0
2024-12-05 16:00:00+00:00,44998.1,45027.3,44884.1,44916.3,13773,25,0
2024-12-05 20:00:00+00:00,44915.3,44917.5,44801.0,44845.9,6170,25,0
2024-12-06 00:00:00+00:00,44847.2,44847.2,44803.0,44804.4,1964,25,0
2024-12-06 04:00:00+00:00,44803.9,44841.0,44791.0,44839.9,1346,25,0
2024-12-06 08:00:00+00:00,44841.9,44862.5,44800.3,44830.3,4054,25,0
2024-12-06 12:00:00+00:00,44830.2,44977.1,44776.7,44899.1,16548,25,0
2024-12-06 16:00:00+00:00,44898.1,44905.2,44655.9,44684.3,13274,25,0
2024-12-06 20:00:00+00:00,44683.9,44712.3,44670.1,44693.1,2732,25,0
2024-12-08 20:00:00+00:00,44693.9,44740.5,44681.1,44729.3,717,82,0
2024-12-09 00:00:00+00:00,44728.3,44728.3,44658.5,44660.4,2471,76,0
2024-12-09 04:00:00+00:00,44659.3,44709.3,44644.7,44702.9,3525,25,0
2024-12-09 08:00:00+00:00,44702.0,44738.4,44661.6,44733.4,10576,25,0
2024-12-09 12:00:00+00:00,44733.0,44808.4,44589.6,44620.5,37783,25,0
2024-12-09 16:00:00+00:00,44621.1,44731.1,44557.7,44587.0,35921,26,0
2024-12-09 20:00:00+00:00,44587.9,44591.1,44451.7,44466.8,12451,25,0
2024-12-10 00:00:00+00:00,44466.0,44471.5,44433.9,44468.5,2507,25,0
2024-12-10 04:00:00+00:00,44467.9,44523.3,44459.0,44491.9,2055,25,0
2024-12-10 08:00:00+00:00,44493.2,44509.4,44430.9,44471.8,6736,25,0
2024-12-10 12:00:00+00:00,44472.0,44519.4,44263.0,44499.9,43556,25,0
2024-12-10 16:00:00+00:00,44500.5,44553.4,44416.9,44492.1,34824,25,0
2024-12-10 20:00:00+00:00,44491.1,44495.4,44291.1,44360.8,13488,26,0
2024-12-11 00:00:00+00:00,44360.0,44364.4,44324.0,44334.9,2240,25,0
2024-12-11 04:00:00+00:00,44335.5,44351.5,44300.9,44308.8,2901,25,0
2024-12-11 08:00:00+00:00,44310.2,44337.4,44259.0,44307.8,6483,25,0
2024-12-11 12:00:00+00:00,44308.0,44451.0,44229.1,44298.5,44519,25,0
2024-12-11 16:00:00+00:00,44299.3,44414.4,44258.1,44308.9,32042,25,0
2024-12-11 20:00:00+00:00,44308.1,44321.4,44175.1,44181.9,9378,26,0
2024-12-12 00:00:00+00:00,44181.1,44186.3,44129.0,44137.5,3757,25,0
2024-12-12 04:00:00+00:00,44137.0,44168.5,44113.9,44119.3,2851,25,0
2024-12-12 08:00:00+00:00,44118.9,44192.5,44111.7,44171.0,7664,24,0
2024-12-12 12:00:00+00:00,44171.7,44288.3,44116.9,44195.3,46239,24,0
2024-12-12 16:00:00+00:00,44194.9,44250.5,43976.9,44001.1,43400,25,0
2024-12-12 20:00:00+00:00,44000.1,44052.4,43941.8,43964.4,15918,25,0
2024-12-13 00:00:00+00:00,43965.3,44004.3,43939.9,43966.0,5628,25,0
2024-12-13 04:00:00+00:00,43966.5,44044.5,43963.0,44030.9,4271,25,0
2024-12-13 08:00:00+00:00,44030.1,44119.7,44026.9,44093.0,7402,24,0
2024-12-13 12:00:00+00:00,44092.6,44117.2,43914.1,43981.4,41434,24,0
2024-12-13 16:00:00+00:00,43981.9,44054.4,43885.0,43956.9,36165,24,0
2024-12-13 20:00:00+00:00,43956.5,43982.6,43913.6,43938.5,9110,24,0
2024-12-15 20:00:00+00:00,43941.2,43981.9,43933.3,43968.3,1453,25,0
2024-12-16 00:00:00+00:00,43968.5,44007.9,43968.5,43991.6,2960,24,0
2024-12-16 04:00:00+00:00,43991.9,44002.6,43965.1,43971.9,2184,24,0
2024-12-16 08:00:00+00:00,43971.5,44024.4,43949.0,44011.4,6713,25,0
2024-12-16 12:00:00+00:00,44011.6,44099.0,43926.6,44018.1,34316,25,0
2024-12-16 16:00:00+00:00,44018.8,44020.4,43903.6,43975.4,27113,24,0
2024-12-16 20:00:00+00:00,43976.2,43976.4,43813.0,43836.5,11989,24,0
2024-12-17 00:00:00+00:00,43836.0,43896.5,43819.0,43858.5,4385,25,0
2024-12-17 04:00:00+00:00,43859.4,43880.5,43752.0,43757.9,4321,25,0
2024-12-17 08:00:00+00:00,43757.1,43777.8,43706.6,43722.1,10020,24,0
2024-12-17 12:00:00+00:00,43722.2,43750.9,43575.9,43625.5,57531,25,0
2024-12-17 16:00:00+00:00,43626.3,43697.4,43508.5,43526.3,44731,25,0
2024-12-17 20:00:00+00:00,43526.8,43647.8,43491.4,43611.5,15830,25,0
2024-12-18 00:00:00+00:00,43610.9,43685.5,43606.9,43653.0,4656,25,0
2024-12-18 04:00:00+00:00,43653.5,43700.3,43649.0,43678.9,3570,25,0
2024-12-18 08:00:00+00:00,43678.1,43735.8,43651.4,43728.1,8682,24,0
2024-12-18 12:00:00+00:00,43727.6,43852.5,43603.0,43815.9,53191,24,0
2024-12-18 16:00:00+00:00,43816.5,43847.1,43054.5,43074.6,82523,25,0
2024-12-18 20:00:00+00:00,43075.8,43129.0,42298.0,42480.4,98718,26,0
2024-12-19 00:00:00+00:00,42481.3,42575.4,42481.3,42553.5,15954,25,0
2024-12-19 04:00:00+00:00,42552.9,42625.1,42482.0,42611.9,13810,25,0
2024-12-19 08:00:00+00:00,42612.4,42648.9,42544.0,42626.0,22137,24,0
2024-12-19 12:00:00+00:00,42625.2,42912.3,42546.1,42660.9,112716,24,0
2024-12-19 16:00:00+00:00,42660.1,42818.3,42533.9,42590.4,123141,25,0
2024-12-19 20:00:00+00:00,42591.3,42700.4,42442.8,42445.8,43533,25,0
2024-12-20 00:00:00+00:00,42446.3,42473.2,42279.0,42301.4,11625,25,0
2024-12-20 04:00:00+00:00,42302.3,42464.2,42301.8,42427.8,7044,26,0
2024-12-20 08:00:00+00:00,42426.9,42432.2,42192.0,42271.9,26485,25,0
2024-12-20 12:00:00+00:00,42272.4,42871.4,42175.8,42804.3,97650,25,0
2024-12-20 16:00:00+00:00,42803.8,43341.3,42789.9,43091.5,103064,25,0
2024-12-20 20:00:00+00:00,43090.9,43124.5,42922.9,42975.1,33742,25,0
2024-12-22 20:00:00+00:00,43055.7,43172.0,43053.2,43120.2,3464,27,0
2024-12-23 00:00:00+00:00,43121.2,43134.3,43072.9,43107.9,7130,25,0
2024-12-23 04:00:00+00:00,43108.5,43163.4,43107.9,43118.4,4917,25,0
2024-12-23 08:00:00+00:00,43119.3,43120.3,42868.6,42887.9,18488,24,0
2024-12-23 12:00:00+00:00,42888.4,42952.3,42621.0,42653.5,78408,25,0
2024-12-23 16:00:00+00:00,42652.9,42966.3,42643.1,42900.0,66875,25,0
2024-12-23 20:00:00+00:00,42900.5,43072.4,42872.9,43024.4,26639,25,0
2024-12-24 00:00:00+00:00,43025.3,43032.3,42990.0,43002.9,5428,25,0
2024-12-24 04:00:00+00:00,43003.5,43031.4,42988.0,43006.9,3014,25,0
2024-12-24 08:00:00+00:00,43007.5,43048.9,42975.1,42998.4,6749,24,0
2024-12-24 12:00:00+00:00,42998.0,43225.3,42941.9,43217.9,39052,24,0
2024-12-24 16:00:00+00:00,43218.5,43359.3,43157.0,43338.8,28492,25,0
2024-12-25 20:00:00+00:00,43351.0,43373.2,43287.0,43327.9,1536,28,0
2024-12-26 00:00:00+00:00,43327.0,43356.4,43305.0,43348.9,1839,27,0
2024-12-26 04:00:00+00:00,43349.4,43357.3,43320.9,43351.5,1802,26,0
2024-12-26 08:00:00+00:00,43351.4,43351.4,43138.0,43198.9,9873,25,0
2024-12-26 12:00:00+00:00,43198.4,43335.4,43147.4,43334.4,39006,25,0
2024-12-26 16:00:00+00:00,43336.7,43454.5,43317.1,43401.1,40880,25,0
2024-12-26 20:00:00+00:00,43401.5,43452.2,43362.9,43423.4,12409,25,0
2024-12-27 00:00:00+00:00,43424.2,43424.2,43339.1,43354.9,4852,25,0
2024-12-27 04:00:00+00:00,43355.5,43367.5,43299.0,43311.4,3525,25,0
2024-12-27 08:00:00+00:00,43310.9,43316.9,43269.7,43289.8,9714,24,0
2024-12-27 12:00:00+00:00,43290.3,43302.4,42916.0,43019.4,92035,24,0
2024-12-27 16:00:00+00:00,43018.9,43128.4,42791.0,43109.9,111703,24,0
2024-12-27 20:00:00+00:00,43110.5,43110.5,42916.0,43060.1,29896,25,0
2024-12-29 20:00:00+00:00,43076.2,43112.3,42996.8,43039.8,2318,26,0
2024-12-30 00:00:00+00:00,43040.3,43049.2,42985.1,42992.3,5682,26,0
2024-12-30 04:00:00+00:00,42993.3,43018.3,42922.1,42941.4,6583,25,0
2024-12-30 08:00:00+00:00,42940.1,43021.1,42922.0,43005.4,10937,24,0
2024-12-30 12:00:00+00:00,43006.0,43007.2,42318.0,42510.5,104232,24,0
2024-12-30 16:00:00+00:00,42510.0,42848.3,42477.0,42803.5,93836,24,0
2024-12-30 20:00:00+00:00,42803.0,42850.5,42610.9,42659.4,35352,24,0
2024-12-31 00:00:00+00:00,42660.3,42725.5,42611.9,42673.5,5698,25,0
2024-12-31 04:00:00+00:00,42674.3,42676.5,42618.1,42644.5,5532,25,0
2024-12-31 08:00:00+00:00,42645.4,42782.9,42630.5,42768.1,10861,24,0
2024-12-31 12:00:00+00:00,42767.6,42841.5,42677.1,42690.9,85042,24,0
2024-12-31 16:00:00+00:00,42691.5,42699.3,42463.9,42581.3,78568,24,0
2024-12-31 20:00:00+00:00,42580.9,42653.3,42518.0,42613.4,28565,25,0
2025-01-01 20:00:00+00:00,42681.1,42737.6,42578.8,42617.9,2820,28,0
2025-01-02 00:00:00+00:00,42618.4,42755.5,42462.8,42718.5,14759,25,0
2025-01-02 04:00:00+00:00,42718.0,42824.5,42693.9,42770.0,6854,25,0
2025-01-02 08:00:00+00:00,42771.2,42954.4,42716.0,42953.4,20229,25,0
2025-01-02 12:00:00+00:00,42954.2,42998.2,42615.0,42675.8,92790,26,0
2025-01-02 16:00:00+00:00,42676.4,42720.4,42214.9,42312.9,125038,25,0
2025-01-02 20:00:00+00:00,42313.4,42529.3,42312.9,42429.0,30763,26,0
2025-01-03 00:00:00+00:00,42428.0,42528.4,42419.9,42503.4,5966,25,0
2025-01-03 04:00:00+00:00,42504.3,42529.9,42467.9,42506.5,5197,25,0
2025-01-03 08:00:00+00:00,42507.4,42604.6,42478.1,42500.2,13060,24,0
2025-01-03 12:00:00+00:00,42542.0,42744.4,42470.1,42689.9,55541,25,0
2025-01-03 16:00:00+00:00,42690.5,42828.4,42593.9,42770.1,39066,25,0
2025-01-03 20:00:00+00:00,42769.1,42788.5,42718.1,42765.4,10633,25,0
2025-01-05 20:00:00+00:00,42805.4,42805.4,42748.8,42775.3,1962,27,0
2025-01-06 00:00:00+00:00,42774.8,42791.3,42709.1,42720.4,4364,26,0
2025-01-06 04:00:00+00:00,42719.9,42806.3,42717.9,42789.5,2947,25,0
2025-01-06 08:00:00+00:00,42791.0,42934.9,42742.4,42934.3,14291,24,0
2025-01-06 12:00:00+00:00,42933.6,43102.8,42842.1,43020.5,65708,25,0
2025-01-06 16:00:00+00:00,43019.9,43165.4,42725.9,42735.0,76096,25,0
2025-01-06 20:00:00+00:00,42734.1,42810.6,42643.9,42765.1,25000,25,0
2025-01-07 00:00:00+00:00,42765.5,42775.5,42699.1,42741.9,6742,24,0
2025-01-07 04:00:00+00:00,42741.1,42743.3,42687.0,42738.9,7474,24,0
2025-01-07 08:00:00+00:00,42739.5,42810.9,42704.6,42779.1,13132,24,0
2025-01-07 12:00:00+00:00,42779.9,42974.4,42622.9,42818.9,81739,24,0
2025-01-07 16:00:00+00:00,42819.5,42857.4,42580.0,42621.1,92055,25,0
2025-01-07 20:00:00+00:00,42621.5,42626.5,42415.1,42579.9,28423,25,0
2025-01-08 00:00:00+00:00,42580.4,42662.5,42574.9,42644.3,5558,25,0
2025-01-08 04:00:00+00:00,42645.3,42676.5,42603.1,42634.3,4855,24,0
2025-01-08 08:00:00+00:00,42633.9,42708.4,42471.0,42582.5,19500,24,0
2025-01-08 12:00:00+00:00,42582.0,42616.4,42361.9,42546.2,78425,25,0
2025-01-08 16:00:00+00:00,42545.8,42693.3,42382.9,42570.8,62887,26,0
2025-01-08 20:00:00+00:00,42571.4,42688.4,42547.2,42615.4,19180,25,0
2025-01-09 00:00:00+00:00,42614.9,42627.3,42562.9,42580.5,5607,25,0
2025-01-09 04:00:00+00:00,42581.3,42611.5,42518.9,42528.5,5151,25,0
2025-01-09 08:00:00+00:00,42527.2,42680.5,42499.9,42617.4,12783,25,0
2025-01-09 12:00:00+00:00,42617.6,42660.5,42541.0,42601.3,8682,25,0
2025-01-09 20:00:00+00:00,42565.2,42591.0,42479.0,42512.4,3174,28,0
2025-01-10 00:00:00+00:00,42513.2,42576.5,42459.1,42564.0,8437,24,0
2025-01-10 04:00:00+00:00,42564.5,42639.3,42551.1,42619.1,6681,24,0
2025-01-10 08:00:00+00:00,42618.1,42679.4,42534.2,42618.4,15999,24,0
2025-01-10 12:00:00+00:00,42619.5,42638.6,42001.9,42043.5,113369,24,0
2025-01-10 16:00:00+00:00,42042.9,42192.4,41883.1,42039.9,81952,25,0
2025-01-10 20:00:00+00:00,42039.0,42067.3,41895.9,41937.9,23643,26,0
2025-01-12 20:00:00+00:00,42003.9,42037.1,41897.8,41966.7,3343,28,0
2025-01-13 00:00:00+00:00,41965.2,42010.3,41805.8,41844.9,10684,26,0
2025-01-13 04:00:00+00:00,41844.0,41916.3,41840.9,41876.9,5981,26,0
2025-01-13 08:00:00+00:00,41873.1,41910.4,41757.6,41832.9,22207,25,0
2025-01-13 12:00:00+00:00,41832.1,42203.4,41802.1,42154.9,80626,24,0
2025-01-13 16:00:00+00:00,42156.1,42289.4,41964.0,42250.9,90124,24,0
2025-01-13 20:00:00+00:00,42250.1,42452.3,42211.9,42406.0,27258,25,0
2025-01-14 00:00:00+00:00,42406.4,42412.4,42344.0,42367.5,6219,24,0
2025-01-14 04:00:00+00:00,42368.4,42423.5,42357.0,42406.9,4231,25,0
2025-01-14 08:00:00+00:00,42408.2,42496.4,42398.1,42431.6,13251,24,0
2025-01-14 12:00:00+00:00,42431.0,42582.8,42327.0,42463.0,79397,25,0
2025-01-14 16:00:00+00:00,42463.5,42580.3,42169.1,42396.9,78370,24,0
2025-01-14 20:00:00+00:00,42397.5,42621.2,42308.9,42601.4,35834,25,0
2025-01-15 00:00:00+00:00,42600.9,42616.5,42580.0,42581.5,2559,25,0
2025-01-15 04:00:00+00:00,42582.4,42590.5,42556.0,42588.9,2202,25,0
2025-01-15 08:00:00+00:00,42590.2,42792.1,42567.1,42779.0,9580,24,0
2025-01-15 12:00:00+00:00,42778.0,43317.3,42714.8,43192.3,70932,25,0
2025-01-15 16:00:00+00:00,43193.2,43349.4,43087.9,43338.4,51365,25,0
2025-01-15 20:00:00+00:00,43337.9,43371.3,43255.9,43314.2,14810,25,0
2025-01-16 00:00:00+00:00,43315.2,43371.2,43282.9,43309.3,4515,26,0
2025-01-16 04:00:00+00:00,43308.9,43376.4,43264.9,43355.9,7616,25,0
2025-01-16 08:00:00+00:00,43355.0,43378.8,43144.1,43220.9,17698,25,0
2025-01-16 12:00:00+00:00,43221.4,43327.3,43095.0,43214.9,63705,25,0
2025-01-16 16:00:00+00:00,43215.5,43305.3,43109.1,43219.0,69518,25,0
2025-01-16 20:00:00+00:00,43219.5,43269.5,43107.0,43180.8,22094,25,0
2025-01-17 00:00:00+00:00,43180.0,43245.5,43162.9,43229.9,4129,25,0
2025-01-17 04:00:00+00:00,43229.1,43263.3,43214.4,43250.4,4571,25,0
2025-01-17 08:00:00+00:00,43252.0,43366.9,43246.9,43334.0,10262,24,0
2025-01-17 12:00:00+00:00,43334.5,43580.5,43306.1,43574.9,60063,24,0
2025-01-17 16:00:00+00:00,43574.1,43681.5,43529.1,43547.5,44696,25,0
2025-01-17 20:00:00+00:00,43546.9,43586.5,43500.1,43507.1,15733,25,0
2025-01-19 20:00:00+00:00,43533.6,43551.3,43456.0,43480.8,2417,27,0
2025-01-20 00:00:00+00:00,43481.4,43516.3,43465.1,43513.5,5017,25,0
2025-01-20 04:00:00+00:00,43512.9,43589.2,43508.2,43585.0,2882,24,0
2025-01-20 08:00:00+00:00,43585.5,43589.5,43523.0,43548.3,7220,24,0
2025-01-20 12:00:00+00:00,43549.3,43830.3,43463.5,43645.0,26145,25,0
2025-01-20 16:00:00+00:00,43645.4,43723.2,43563.7,43686.2,8609,26,0
2025-01-20 20:00:00+00:00,43729.6,43787.2,43700.1,43784.2,1894,28,0
2025-01-21 00:00:00+00:00,43783.7,43807.2,43323.6,43665.3,23163,26,0
2025-01-21 04:00:00+00:00,43666.2,43671.4,43599.9,43651.0,5803,26,0
2025-01-21 08:00:00+00:00,43651.4,43755.4,43614.1,43675.8,11989,26,0
2025-01-21 12:00:00+00:00,43675.0,43882.4,43651.0,43867.9,55725,25,0
2025-01-21 16:00:00+00:00,43868.4,44015.2,43839.9,43989.9,42045,25,0
2025-01-21 20:00:00+00:00,43990.4,44101.2,43975.1,44077.9,13131,25,0
2025-01-22 00:00:00+00:00,44077.0,44105.5,44063.9,44082.9,3926,25,0
2025-01-22 04:00:00+00:00,44083.4,44098.3,44051.1,44062.9,2868,25,0
2025-01-22 08:00:00+00:00,44061.3,44168.1,44058.9,44168.1,8435,25,0
2025-01-22 12:00:00+00:00,44168.2,44238.3,44107.1,44135.9,33265,25,0
2025-01-22 16:00:00+00:00,44136.4,44228.5,44081.0,44225.9,22973,25,0
2025-01-22 20:00:00+00:00,44225.0,44244.4,44150.9,44174.4,9071,26,0
2025-01-23 00:00:00+00:00,44175.3,44205.5,44156.0,44168.9,3583,25,0
2025-01-23 04:00:00+00:00,44169.5,44181.5,44146.1,44167.9,2759,25,0
2025-01-23 08:00:00+00:00,44167.1,44238.0,44146.1,44226.0,7774,24,0
2025-01-23 12:00:00+00:00,44226.4,44366.4,44194.3,44366.4,29130,25,0
2025-01-23 16:00:00+00:00,44367.3,44574.3,44332.9,44534.0,29528,25,0
2025-01-23 20:00:00+00:00,44534.5,44590.4,44492.1,44566.9,12645,25,0
2025-01-24 00:00:00+00:00,44567.4,44607.4,44551.0,44563.5,4706,26,0
2025-01-24 04:00:00+00:00,44562.9,44576.4,44544.9,44572.9,3433,25,0
2025-01-24 08:00:00+00:00,44571.3,44595.3,44499.2,44544.1,7622,25,0
2025-01-24 12:00:00+00:00,44544.2,44561.1,44418.4,44464.1,33676,25,0
2025-01-24 16:00:00+00:00,44463.6,44578.1,44405.9,44420.9,34415,25,0
2025-01-24 20:00:00+00:00,44420.5,44449.9,44357.7,44435.9,10215,26,0
2025-01-26 20:00:00+00:00,44290.1,44407.1,44275.5,44366.4,3771,28,0
2025-01-27 00:00:00+00:00,44365.8,44376.2,44223.0,44304.4,8611,26,0
2025-01-27 04:00:00+00:00,44305.3,44307.4,44001.0,44004.4,13585,26,0
2025-01-27 08:00:00+00:00,44003.8,44118.2,43859.4,44029.4,44412,26,0
2025-01-27 12:00:00+00:00,44028.8,44464.2,43993.9,44404.4,79623,26,0
2025-01-27 16:00:00+00:00,44403.9,44762.4,44363.2,44665.9,79221,25,0
2025-01-27 20:00:00+00:00,44665.1,44781.6,44585.1,44728.2,35689,26,0
2025-01-28 00:00:00+00:00,44727.7,44735.3,44634.4,44677.8,12238,27,0
2025-01-28 04:00:00+00:00,44677.0,44707.2,44598.0,44659.2,8065,26,0
2025-01-28 08:00:00+00:00,44660.2,44814.8,44635.9,44751.9,14633,25,0
2025-01-28 12:00:00+00:00,44752.4,45002.4,44651.9,44986.4,46614,26,0
2025-01-28 16:00:00+00:00,44987.3,45014.4,44749.1,44902.9,43177,26,0
2025-01-28 20:00:00+00:00,44902.0,44937.3,44845.1,44850.2,12556,26,0
2025-01-29 00:00:00+00:00,44851.2,44884.3,44845.0,44868.4,3421,26,0
2025-01-29 04:00:00+00:00,44869.3,44936.1,44848.0,44865.0,5540,26,0
2025-01-29 08:00:00+00:00,44864.0,44913.4,44811.5,44902.2,7949,26,0
2025-01-29 12:00:00+00:00,44902.4,45003.2,44791.1,44915.5,34734,26,0
2025-01-29 16:00:00+00:00,44916.3,44940.4,44612.0,44812.3,73608,26,0
2025-01-29 20:00:00+00:00,44811.8,44897.2,44620.6,44797.8,57851,26,0
2025-01-30 00:00:00+00:00,44798.3,44887.4,44784.0,44873.8,5182,26,0
2025-01-30 04:00:00+00:00,44874.4,44894.4,44830.9,44891.9,3403,26,0
2025-01-30 08:00:00+00:00,44891.0,44959.4,44811.1,44837.9,10365,25,0
2025-01-30 12:00:00+00:00,44838.3,44915.1,44649.7,44814.0,49605,26,0
2025-01-30 16:00:00+00:00,44813.0,45043.3,44746.0,45029.3,37327,26,0
2025-01-30 20:00:00+00:00,45028.2,45058.2,44675.0,44981.2,36443,26,0
2025-01-31 00:00:00+00:00,44982.2,45003.3,44906.0,44969.3,5768,27,0
2025-01-31 04:00:00+00:00,44970.2,45044.1,44962.1,45026.4,2638,27,0
2025-01-31 08:00:00+00:00,45028.0,45101.4,45008.6,45097.4,6275,26,0
2025-01-31 12:00:00+00:00,45096.4,45099.2,44898.9,44908.8,36160,26,0
2025-01-31 16:00:00+00:00,44909.4,44989.4,44548.1,44665.9,100892,25,0
2025-01-31 20:00:00+00:00,44665.0,44665.5,44532.0,44570.1,38281,26,0
2025-02-02 20:00:00+00:00,44214.6,44214.6,43945.7,44076.0,12643,30,0
2025-02-03 00:00:00+00:00,44075.5,44140.1,43886.8,43944.8,24831,27,0
2025-02-03 04:00:00+00:00,43945.4,43989.2,43858.0,43934.8,13342,27,0
2025-02-03 08:00:00+00:00,43935.4,44091.4,43923.8,43995.4,24441,26,0
2025-02-03 12:00:00+00:00,43996.2,44503.0,43887.0,44451.0,103555,26,0
2025-02-03 16:00:00+00:00,44450.0,44629.4,44306.8,44599.9,106710,26,0
2025-02-03 20:00:00+00:00,44600.4,44719.0,44444.1,44639.8,29973,26,0
2025-02-04 00:00:00+00:00,44638.9,44640.2,44463.1,44495.4,8736,26,0
2025-02-04 04:00:00+00:00,44496.3,44523.4,44245.6,44391.3,21307,26,0
2025-02-04 08:00:00+00:00,44392.2,44435.3,44259.9,44333.4,22971,27,0
2025-02-04 12:00:00+00:00,44334.3,44506.3,44334.3,44442.9,52208,25,0
2025-02-04 16:00:00+00:00,44443.5,44639.5,44430.9,44590.7,55782,25,0
2025-02-04 20:00:00+00:00,44591.1,44627.0,44519.9,44548.4,22059,25,0
2025-02-05 00:00:00+00:00,44549.2,44605.2,44491.1,44499.9,8071,26,0
2025-02-05 04:00:00+00:00,44500.4,44504.2,44448.1,44470.4,6811,25,0
2025-02-05 08:00:00+00:00,44469.9,44580.4,44430.1,44548.4,16178,25,0
2025-02-05 12:00:00+00:00,44549.2,44650.4,44372.0,44616.9,48283,25,0
2025-02-05 16:00:00+00:00,44615.3,44872.4,44570.0,44834.4,37212,25,0
2025-02-05 20:00:00+00:00,44833.9,44954.2,44833.9,44950.8,12832,26,0
2025-02-06 00:00:00+00:00,44951.3,44987.1,44949.0,44980.5,4540,26,0
2025-02-06 04:00:00+00:00,44979.9,45019.4,44977.1,44981.9,3116,25,0
2025-02-06 08:00:00+00:00,44983.2,45087.5,44891.3,44920.9,12372,25,0
2025-02-06 12:00:00+00:00,44921.4,45026.3,44766.9,44780.3,39773,25,0
2025-02-06 16:00:00+00:00,44779.8,44852.5,44569.9,44663.9,45409,25,0
2025-02-06 20:00:00+00:00,44663.1,44789.4,44586.5,44760.3,24639,25,0
2025-02-07 00:00:00+00:00,44759.8,44794.3,44745.9,44746.5,3210,26,0
2025-02-07 04:00:00+00:00,44747.3,44758.3,44707.1,44730.9,2860,25,0
2025-02-07 08:00:00+00:00,44732.1,44834.1,44732.1,44818.0,6730,25,0
2025-02-07 12:00:00+00:00,44817.5,44874.4,44418.9,44538.1,81168,25,0
2025-02-07 16:00:00+00:00,44537.7,44662.1,44321.0,44344.9,110512,25,0
2025-02-07 20:00:00+00:00,44344.1,44375.3,44300.9,44328.5,18909,25,0
2025-02-09 20:00:00+00:00,44099.1,44403.1,44089.6,44388.2,5586,28,0
2025-02-10 00:00:00+00:00,44387.7,44444.8,44357.0,44422.8,5905,26,0
2025-02-10 04:00:00+00:00,44423.4,44436.3,44393.9,44400.3,3319,26,0
2025-02-10 08:00:00+00:00,44402.1,44516.9,44393.5,44516.1,7971,25,0
2025-02-10 12:00:00+00:00,44516.4,44655.4,44387.1,44452.1,40491,25,0
2025-02-10 16:00:00+00:00,44452.5,44530.3,44328.1,44471.4,40358,25,0
2025-02-10 20:00:00+00:00,44472.3,44524.2,44410.9,44443.0,14126,25,0
2025-02-11 00:00:00+00:00,44443.4,44465.3,44389.9,44435.4,4612,26,0
2025-02-11 04:00:00+00:00,44434.9,44448.4,44381.9,44382.5,2665,26,0
2025-02-11 08:00:00+00:00,44381.9,44447.4,44370.0,44432.1,9033,25,0
2025-02-11 12:00:00+00:00,44432.4,44536.3,44319.5,44525.5,39641,25,0
2025-02-11 16:00:00+00:00,44524.9,44668.3,44475.0,44631.5,44585,25,0
2025-02-11 20:00:00+00:00,44632.3,44672.5,44593.9,44638.2,15304,25,0
2025-02-12 00:00:00+00:00,44637.8,44663.4,44609.1,44618.9,3967,26,0
2025-02-12 04:00:00+00:00,44618.0,44618.4,44593.1,44597.4,2560,25,0
2025-02-12 08:00:00+00:00,44599.0,44629.2,44517.0,44571.5,7914,25,0
2025-02-12 12:00:00+00:00,44571.9,44633.0,44118.9,44369.3,84284,25,0
2025-02-12 16:00:00+00:00,44368.9,44500.5,44159.1,44426.9,71672,25,0
2025-02-12 20:00:00+00:00,44427.5,44479.2,44329.0,44467.9,19724,25,0
2025-02-13 00:00:00+00:00,44467.0,44489.3,44444.9,44478.9,3671,25,0
2025-02-13 04:00:00+00:00,44479.4,44497.4,44431.9,44438.9,3990,26,0
2025-02-13 08:00:00+00:00,44439.4,44452.4,44292.5,44412.1,16024,25,0
2025-02-13 12:00:00+00:00,44411.1,44563.4,44371.6,44489.9,56422,25,0
2025-02-13 16:00:00+00:00,44490.4,44785.4,44430.0,44734.5,65292,25,0
2025-02-13 20:00:00+00:00,44733.9,44808.4,44724.8,44742.2,16363,25,0
2025-02-14 00:00:00+00:00,44743.2,44789.2,44726.9,44776.1,3972,26,0
2025-02-14 04:00:00+00:00,44775.2,44784.3,44745.1,44747.5,3014,25,0
2025-02-14 08:00:00+00:00,44748.3,44748.5,44553.0,44598.0,9906,25,0
2025-02-14 12:00:00+00:00,44597.5,44775.5,44594.3,44660.1,35236,25,0
2025-02-14 16:00:00+00:00,44661.2,44716.5,44564.9,44606.5,34306,25,0
2025-02-14 20:00:00+00:00,44605.9,44605.9,44501.1,44548.3,10440,25,0
2025-02-16 20:00:00+00:00,44598.4,44598.4,44532.7,44569.3,1406,28,0
2025-02-17 00:00:00+00:00,44568.8,44596.3,44549.9,44588.5,2925,25,0
2025-02-17 04:00:00+00:00,44588.0,44614.3,44572.2,44573.5,1682,25,0
2025-02-17 08:00:00+00:00,44572.9,44623.2,44569.1,44614.7,3078,25,0
2025-02-17 12:00:00+00:00,44615.3,44671.5,44597.0,44608.9,5228,25,0
2025-02-17 16:00:00+00:00,44609.4,44687.1,44604.9,44670.3,2388,26,0
2025-02-17 20:00:00+00:00,44660.5,44665.8,44604.9,44642.2,806,29,0
2025-02-18 00:00:00+00:00,44641.7,44648.3,44604.8,44611.4,2972,25,0
2025-02-18 04:00:00+00:00,44612.3,44679.3,44594.9,44671.4,2754,25,0
2025-02-18 08:00:00+00:00,44672.3,44672.4,44549.5,44613.1,7610,25,0
2025-02-18 12:00:00+00:00,44612.6,44659.3,44393.3,44567.9,45225,25,0
2025-02-18 16:00:00+00:00,44567.3,44569.8,44334.9,44455.0,46340,25,0
2025-02-18 20:00:00+00:00,44455.5,44602.4,44432.0,44586.8,16536,25,0
2025-02-19 00:00:00+00:00,44586.0,44629.5,44580.8,44625.5,2702,25,0
2025-02-19 04:00:00+00:00,44624.9,44632.4,44594.0,44594.9,2166,25,0
2025-02-19 08:00:00+00:00,44596.2,44619.5,44455.3,44489.2,7429,25,0
2025-02-19 12:00:00+00:00,44488.3,44528.3,44363.9,44378.5,39829,25,0
2025-02-19 16:00:00+00:00,44379.3,44609.3,44327.1,44586.5,38607,25,0
2025-02-19 20:00:00+00:00,44585.9,44654.5,44536.9,44597.9,17716,25,0
2025-02-20 00:00:00+00:00,44597.0,44616.5,44556.9,44564.9,4883,25,0
2025-02-20 04:00:00+00:00,44564.1,44568.4,44537.0,44545.1,3423,25,0
2025-02-20 08:00:00+00:00,44544.1,44606.7,44499.0,44502.7,6190,25,0
2025-02-20 12:00:00+00:00,44501.9,44545.9,44056.9,44091.1,59727,25,0
2025-02-20 16:00:00+00:00,44091.5,44166.3,43964.1,44143.9,61663,25,0
2025-02-20 20:00:00+00:00,44144.5,44236.3,44114.1,44222.9,19796,25,0
2025-02-21 00:00:00+00:00,44222.0,44229.4,44193.1,44194.5,3410,25,0
2025-02-21 04:00:00+00:00,44195.3,44225.2,44182.1,44199.4,2661,25,0
2025-02-21 08:00:00+00:00,44201.1,44268.4,44185.9,44248.3,7888,24,0
2025-02-21 12:00:00+00:00,44248.4,44248.4,43762.7,43808.3,69379,25,0
2025-02-21 16:00:00+00:00,43807.9,43855.5,43358.1,43423.0,112552,25,0
2025-02-21 20:00:00+00:00,43422.1,43480.5,43397.1,43437.4,29201,25,0
2025-02-23 20:00:00+00:00,43477.3,43579.4,43467.3,43568.5,2907,26,0
2025-02-24 00:00:00+00:00,43569.3,43649.3,43564.9,43641.5,7217,25,0
2025-02-24 04:00:00+00:00,43642.3,43688.5,43611.9,43643.4,5354,25,0
2025-02-24 08:00:00+00:00,43645.0,43781.4,43562.5,43767.4,15386,25,0
2025-02-24 12:00:00+00:00,43767.0,43772.9,43376.0,43463.9,83341,25,0
2025-02-24 16:00:00+00:00,43464.5,43734.5,43454.1,43636.5,98840,24,0
2025-02-24 20:00:00+00:00,43635.9,43652.3,43464.1,43522.4,31928,25,0
2025-02-25 00:00:00+00:00,43523.3,43620.4,43521.9,43579.4,7734,25,0
2025-02-25 04:00:00+00:00,43580.3,43600.4,43392.6,43393.7,7992,26,0
2025-02-25 08:00:00+00:00,43392.0,43559.2,43355.8,43480.9,23894,25,0
2025-02-25 12:00:00+00:00,43481.4,43770.4,43311.1,43513.5,93906,25,0
2025-02-25 16:00:00+00:00,43514.3,43742.4,43342.1,43684.1,131376,25,0
2025-02-25 20:00:00+00:00,43684.5,43808.2,43593.8,43740.3,47162,25,0
2025-02-26 00:00:00+00:00,43739.8,43756.3,43669.1,43721.0,5850,26,0
2025-02-26 04:00:00+00:00,43720.1,43763.5,43715.9,43728.1,3264,25,0
2025-02-26 08:00:00+00:00,43729.9,43818.4,43719.3,43777.3,9580,24,0
2025-02-26 12:00:00+00:00,43777.3,43904.5,43587.2,43856.0,75083,24,0
2025-02-26 16:00:00+00:00,43856.5,43885.3,43344.9,43419.9,142767,24,0
2025-02-26 20:00:00+00:00,43420.5,43571.5,43303.4,43433.8,53774,24,0
2025-02-27 00:00:00+00:00,43432.9,43503.3,43387.0,43474.1,10278,26,0
2025-02-27 04:00:00+00:00,43474.5,43608.2,43465.0,43572.5,9474,26,0
2025-02-27 08:00:00+00:00,43573.3,43636.9,43550.9,43636.9,13920,25,0
2025-02-27 12:00:00+00:00,43636.3,43936.1,43384.4,43780.5,120333,25,0
2025-02-27 16:00:00+00:00,43779.9,43928.3,43368.7,43431.0,164338,24,0
2025-02-27 20:00:00+00:00,43431.9,43434.9,43261.1,43294.8,59120,25,0
2025-02-28 00:00:00+00:00,43294.0,43309.3,43129.8,43180.4,18159,26,0
2025-02-28 04:00:00+00:00,43181.3,43321.2,43168.8,43310.4,12320,26,0
2025-02-28 08:00:00+00:00,43308.4,43420.4,43294.4,43410.4,14260,25,0
2025-02-28 12:00:00+00:00,43410.9,43560.3,43260.9,43553.5,101122,25,0
2025-02-28 16:00:00+00:00,43554.4,43567.5,43121.0,43478.9,158292,25,0
2025-02-28 20:00:00+00:00,43478.1,43897.4,43467.9,43844.1,42599,25,0
2025-03-02 20:00:00+00:00,43839.2,43937.3,43822.6,43899.4,5829,26,0
2025-03-03 00:00:00+00:00,43898.9,43914.2,43761.8,43833.0,19729,25,0
2025-03-03 04:00:00+00:00,43832.1,43926.3,43827.1,43883.9,11947,25,0
2025-03-03 08:00:00+00:00,43883.0,43969.4,43775.7,43967.6,22015,24,0
2025-03-03 12:00:00+00:00,43967.4,44084.3,43793.6,43821.9,108043,24,0
2025-03-03 16:00:00+00:00,43822.4,43885.2,43319.8,43331.8,153787,25,0
2025-03-03 20:00:00+00:00,43332.4,43336.2,42953.9,43265.2,74975,25,0
2025-03-04 00:00:00+00:00,43266.2,43316.3,43193.1,43272.5,19136,25,0
2025-03-04 04:00:00+00:00,43273.3,43330.2,43178.6,43215.4,18919,26,0
2025-03-04 08:00:00+00:00,43214.2,43314.3,43137.9,43175.9,34660,25,0
2025-03-04 12:00:00+00:00,43175.1,43175.4,42444.0,42508.3,154472,24,0
2025-03-04 16:00:00+00:00,42507.8,43006.4,42395.1,42989.0,158551,25,0
2025-03-04 20:00:00+00:00,42989.5,43125.0,42455.9,42840.8,82186,26,0
2025-03-05 00:00:00+00:00,42841.3,42854.3,42682.7,42807.9,28055,26,0
2025-03-05 04:00:00+00:00,42807.0,42843.2,42743.1,42762.4,16040,25,0
2025-03-05 08:00:00+00:00,42760.4,42907.4,42640.0,42716.2,35951,24,0
2025-03-05 12:00:00+00:00,42715.8,42832.4,42501.5,42679.0,143979,25,0
2025-03-05 16:00:00+00:00,42678.1,43149.2,42455.0,43059.5,174363,25,0
2025-03-05 20:00:00+00:00,43058.9,43176.5,42911.0,43040.9,52425,25,0
2025-03-06 00:00:00+00:00,43040.0,43062.4,42991.0,43036.3,10411,25,0
2025-03-06 04:00:00+00:00,43035.9,43085.5,42893.0,42896.9,10505,24,0
2025-03-06 08:00:00+00:00,42897.4,42938.2,42571.9,42722.3,40373,25,0
2025-03-06 12:00:00+00:00,42721.9,42960.5,42434.9,42914.9,121012,24,0
2025-03-06 16:00:00+00:00,42915.5,43029.3,42414.2,42477.3,163369,25,0
2025-03-06 20:00:00+00:00,42476.8,42726.2,42439.0,42676.0,68446,25,0
2025-03-07 00:00:00+00:00,42676.4,42748.3,42643.9,42666.5,15373,25,0
2025-03-07 04:00:00+00:00,42665.9,42694.4,42598.0,42682.4,14790,25,0
2025-03-07 08:00:00+00:00,42684.0,42729.9,42616.0,42694.9,25525,25,0
2025-03-07 12:00:00+00:00,42695.4,42883.6,42366.6,42529.2,155846,25,0
2025-03-07 16:00:00+00:00,42528.8,42943.5,42206.9,42811.5,214277,25,0
2025-03-07 20:00:00+00:00,42810.7,42940.3,42663.0,42867.3,45577,26,0
2025-03-09 20:00:00+00:00,42693.9,42699.8,42428.7,42597.8,18748,27,0
2025-03-10 00:00:00+00:00,42597.0,42697.5,42539.9,42680.5,15899,25,0
2025-03-10 04:00:00+00:00,42680.0,42705.3,42624.9,42627.9,11363,25,0
2025-03-10 08:00:00+00:00,42628.4,42670.9,42362.5,42390.8,45615,25,0
2025-03-10 12:00:00+00:00,42391.8,42609.3,42303.9,42354.5,169341,25,0
2025-03-10 16:00:00+00:00,42353.9,42418.4,41668.9,41960.9,193860,24,0
2025-03-10 20:00:00+00:00,41967.4,42030.4,41855.0,41972.1,27841,25,0
2025-03-11 00:00:00+00:00,41971.8,42116.2,41664.0,42047.5,39414,25,0
2025-03-11 04:00:00+00:00,42046.9,42115.2,41999.0,42089.0,18145,26,0
2025-03-11 08:00:00+00:00,42089.4,42133.9,42006.9,42129.6,29369,25,0
2025-03-11 12:00:00+00:00,42129.1,42134.3,41334.3,41529.8,219065,25,0
2025-03-11 16:00:00+00:00,41529.3,41856.5,41226.5,41482.4,256485,24,0
2025-03-11 20:00:00+00:00,41475.7,41579.5,41456.7,41574.5,22145,24,0
2025-03-12 00:00:00+00:00,41574.0,41619.5,41525.0,41555.4,13836,24,0
2025-03-12 04:00:00+00:00,41555.0,41607.4,41490.0,41593.5,12987,24,0
2025-03-12 08:00:00+00:00,41595.1,41759.5,41522.0,41728.0,30716,24,0
2025-03-12 12:00:00+00:00,41728.5,42034.0,41062.9,41385.0,172293,24,0
2025-03-12 16:00:00+00:00,41385.5,41627.4,41327.1,41407.0,149425,24,0
2025-03-12 20:00:00+00:00,41405.4,41494.4,41349.9,41489.1,12884,24,0
2025-03-13 00:00:00+00:00,41488.1,41505.4,41312.1,41329.9,15365,24,0
2025-03-13 04:00:00+00:00,41329.1,41360.3,41193.9,41214.3,23653,25,0
2025-03-13 08:00:00+00:00,41215.3,41448.4,41157.9,41342.9,42253,24,0
2025-03-13 12:00:00+00:00,41342.0,41419.8,40924.4,40930.0,156191,24,0
2025-03-13 16:00:00+00:00,40930.5,41050.2,40709.3,40860.9,158021,24,0
2025-03-13 20:00:00+00:00,40865.4,41030.3,40862.0,41001.3,14328,25,0
2025-03-14 00:00:00+00:00,41002.3,41087.5,40967.2,41072.0,15450,23,0
2025-03-14 04:00:00+00:00,41071.1,41100.5,40989.0,41012.0,11871,24,0
2025-03-14 08:00:00+00:00,41012.5,41131.9,40984.1,41100.2,35242,23,0
2025-03-14 12:00:00+00:00,41100.2,41481.4,40954.6,41466.3,140691,23,0
2025-03-14 16:00:00+00:00,41466.9,41560.9,41315.4,41498.3,113038,23,0
2025-03-16 20:00:00+00:00,41452.3,41473.8,41302.0,41338.5,10394,25,0
2025-03-17 00:00:00+00:00,41337.9,41392.4,41314.0,41340.4,10625,24,0
2025-03-17 04:00:00+00:00,41339.9,41364.5,41271.3,41345.3,8431,24,0
2025-03-17 08:00:00+00:00,41346.4,41445.5,41268.1,41353.5,22118,24,0
2025-03-17 12:00:00+00:00,41353.0,41810.3,41296.5,41718.9,108765,24,0
2025-03-17 16:00:00+00:00,41719.5,42063.8,41679.1,41901.9,73903,24,0
2025-03-17 20:00:00+00:00,41901.4,41940.4,41860.2,41905.5,8941,24,0
2025-03-18 00:00:00+00:00,41904.9,41915.4,41786.1,41791.6,8532,24,0
2025-03-18 04:00:00+00:00,41791.0,41847.5,41769.0,41824.5,6563,24,0
2025-03-18 08:00:00+00:00,41823.9,41923.1,41712.2,41846.3,26841,24,0
2025-03-18 12:00:00+00:00,41847.1,41851.4,41492.7,41512.5,110129,24,0
2025-03-18 16:00:00+00:00,41511.7,41694.1,41446.5,41623.1,104256,24,0
2025-03-18 20:00:00+00:00,41624.2,41665.2,41567.9,41654.3,8349,24,0
2025-03-19 00:00:00+00:00,41654.4,41733.4,41650.9,41672.6,8037,24,0
2025-03-19 04:00:00+00:00,41673.4,41680.5,41550.0,41586.3,9371,24,0
2025-03-19 08:00:00+00:00,41587.3,41701.5,41579.0,41664.0,21936,24,0
2025-03-19 12:00:00+00:00,41663.4,41993.3,41615.6,41943.1,60726,24,0
2025-03-19 16:00:00+00:00,41943.5,42228.2,41585.9,42014.8,113728,25,0
2025-03-19 20:00:00+00:00,42019.4,42106.3,42008.2,42098.9,8438,26,0
2025-03-20 00:00:00+00:00,42099.4,42162.3,42081.0,42141.4,5698,25,0
2025-03-20 04:00:00+00:00,42140.9,42156.3,42097.1,42102.2,5182,24,0
2025-03-20 08:00:00+00:00,42104.9,42175.6,41719.1,41891.9,39545,24,0
2025-03-20 12:00:00+00:00,41892.5,42291.5,41725.1,42160.5,90820,24,0
2025-03-20 16:00:00+00:00,42160.0,42242.2,41866.1,41981.9,106140,24,0
2025-03-20 20:00:00+00:00,41986.0,42021.3,41928.9,41978.7,6887,26,0
2025-03-21 00:00:00+00:00,41978.0,42022.5,41969.8,41980.9,8304,25,0
2025-03-21 04:00:00+00:00,41980.1,41995.5,41863.9,41897.9,9255,25,0
2025-03-21 08:00:00+00:00,41897.0,41949.4,41763.2,41837.1,29055,24,0
2025-03-21 12:00:00+00:00,41836.6,41892.4,41442.9,41680.5,106883,24,0
2025-03-21 16:00:00+00:00,41679.9,42031.1,41649.5,41996.9,80459,24,0
2025-03-23 20:00:00+00:00,42194.7,42260.4,42170.9,42228.8,4522,26,0
2025-03-24 00:00:00+00:00,42229.4,42261.5,42212.9,42247.0,5842,24,0
2025-03-24 04:00:00+00:00,42246.1,42350.5,42234.1,42304.4,4254,24,0
2025-03-24 08:00:00+00:00,42303.2,42438.1,42297.0,42412.4,16249,24,0
2025-03-24 12:00:00+00:00,42412.3,42606.5,42323.1,42594.5,50489,24,0
2025-03-24 16:00:00+00:00,42594.0,42674.4,42413.0,42600.5,51502,24,0
2025-03-24 20:00:00+00:00,42595.0,42651.6,42571.0,42588.5,4485,24,0
2025-03-25 00:00:00+00:00,42589.3,42604.3,42545.1,42550.4,4835,24,0
2025-03-25 04:00:00+00:00,42552.0,42578.3,42521.2,42525.5,3284,24,0
2025-03-25 08:00:00+00:00,42524.9,42675.0,42519.1,42673.4,14162,24,0
2025-03-25 12:00:00+00:00,42674.1,42734.4,42530.0,42588.1,55110,24,0
2025-03-25 16:00:00+00:00,42589.0,42643.4,42477.0,42618.3,52486,24,0
2025-03-25 20:00:00+00:00,42616.1,42668.2,42615.9,42636.9,3859,24,0
2025-03-26 00:00:00+00:00,42636.0,42678.5,42607.1,42629.5,4871,24,0
2025-03-26 04:00:00+00:00,42631.0,42636.4,42563.9,42592.5,3933,24,0
2025-03-26 08:00:00+00:00,42593.4,42676.9,42546.0,42670.2,14491,24,0
2025-03-26 12:00:00+00:00,42669.9,42859.0,42527.4,42571.9,73725,24,0
2025-03-26 16:00:00+00:00,42572.5,42625.5,42353.3,42471.1,90771,24,0
2025-03-26 20:00:00+00:00,42467.0,42481.5,42287.3,42406.9,13004,24,0
2025-03-27 00:00:00+00:00,42406.1,42534.3,42386.1,42531.0,7948,25,0
2025-03-27 04:00:00+00:00,42530.1,42595.3,42485.9,42491.5,9423,24,0
2025-03-27 08:00:00+00:00,42492.3,42596.5,42427.0,42523.0,27530,24,0
2025-03-27 12:00:00+00:00,42522.2,42558.5,42188.6,42347.2,102546,24,0
2025-03-27 16:00:00+00:00,42346.7,42497.5,42241.6,42332.5,107057,24,0
2025-03-27 20:00:00+00:00,42337.5,42375.2,42281.5,42316.9,7650,25,0
2025-03-28 00:00:00+00:00,42317.5,42391.3,42272.9,42387.5,5503,24,0
2025-03-28 04:00:00+00:00,42386.9,42396.5,42184.0,42187.4,9510,25,0
2025-03-28 08:00:00+00:00,42189.0,42332.4,42184.1,42302.0,23281,25,0
2025-03-28 12:00:00+00:00,42302.5,42319.3,41712.0,41763.5,118767,24,0
2025-03-28 16:00:00+00:00,41763.0,41818.5,41542.2,41584.1,96890,23,0
2025-03-30 20:00:00+00:00,41358.0,41461.5,41306.9,41461.5,8630,25,0
2025-03-31 00:00:00+00:00,41460.9,41464.6,41373.0,41418.0,16379,24,0
2025-03-31 04:00:00+00:00,41417.1,41471.3,41329.1,41424.9,23110,24,0
2025-03-31 08:00:00+00:00,41424.1,41470.5,41259.7,41318.5,30809,24,0
2025-03-31 12:00:00+00:00,41318.0,41753.5,41176.2,41707.0,109125,24,0
2025-03-31 16:00:00+00:00,41707.5,42169.3,41596.1,42018.4,109872,25,0
2025-03-31 20:00:00+00:00,42021.9,42026.5,41868.8,41941.8,13827,25,0
2025-04-01 00:00:00+00:00,41941.0,41960.5,41842.1,41908.1,13972,25,0
2025-04-01 04:00:00+00:00,41907.1,42059.4,41874.0,41934.5,18942,25,0
2025-04-01 08:00:00+00:00,41933.2,42006.0,41725.0,41764.0,34164,24,0
2025-04-01 12:00:00+00:00,41763.2,42145.4,41529.1,42088.5,162968,24,0
2025-04-01 16:00:00+00:00,42089.4,42170.7,41707.0,42002.4,145851,24,0
2025-04-01 20:00:00+00:00,41997.0,42127.3,41942.0,42059.0,12699,24,0
2025-04-02 00:00:00+00:00,42059.5,42063.2,41941.9,41959.0,11512,24,0
2025-04-02 04:00:00+00:00,41958.1,42009.3,41902.9,41919.9,14096,25,0
2025-04-02 08:00:00+00:00,41920.4,41956.5,41770.0,41788.5,27033,24,0
2025-04-02 12:00:00+00:00,41789.0,42202.5,41636.0,42075.0,148472,24,0
2025-04-02 16:00:00+00:00,42074.1,42411.5,41976.8,42238.5,165965,24,0
2025-04-02 20:00:00+00:00,42242.1,42591.9,41067.6,41244.0,70393,24,0
2025-04-03 00:00:00+00:00,41243.0,41504.2,41241.9,41404.4,35180,26,0
2025-04-03 04:00:00+00:00,41405.3,41460.0,41134.9,41243.8,42056,26,0
2025-04-03 08:00:00+00:00,41242.9,41284.5,40961.7,41046.5,45657,26,0
2025-04-03 12:00:00+00:00,41045.9,41187.4,40628.9,40916.5,200217,24,0
2025-04-03 16:00:00+00:00,40915.9,41155.3,40526.0,40544.0,191725,24,0
2025-04-03 20:00:00+00:00,40554.4,40577.3,40358.8,40434.3,20318,24,0
2025-04-04 00:00:00+00:00,40435.3,40508.5,40239.8,40311.5,26457,25,0
2025-04-04 04:00:00+00:00,40310.9,40471.3,40205.9,40283.4,47008,25,0
2025-04-04 08:00:00+00:00,40282.9,40289.5,38954.7,39418.8,148802,25,0
2025-04-04 12:00:00+00:00,39416.4,39662.3,38812.9,39039.5,357740,24,0
2025-04-04 16:00:00+00:00,39040.4,39232.3,38245.1,38319.4,345108,23,0
2025-04-06 20:00:00+00:00,37084.1,37213.8,36493.3,36974.0,38615,31,0
2025-04-07 00:00:00+00:00,36974.9,37596.1,36844.7,37269.8,79328,26,0
2025-04-07 04:00:00+00:00,37268.9,37501.1,36619.7,36785.0,95493,26,0
2025-04-07 08:00:00+00:00,36784.1,37769.3,36758.7,37499.3,142303,26,0
2025-04-07 12:00:00+00:00,37502.6,39224.8,36617.1,37663.9,372140,25,0
2025-04-07 16:00:00+00:00,37663.1,38357.0,37299.5,37951.0,87891,25,0
2025-04-07 20:00:00+00:00,37956.4,38518.9,37930.4,38466.7,26202,25,0
2025-04-08 00:00:00+00:00,38465.8,38751.3,38346.8,38664.8,44538,25,0
2025-04-08 04:00:00+00:00,38665.3,38776.4,38480.1,38722.9,41857,27,0
2025-04-08 08:00:00+00:00,38723.4,39122.3,38590.9,39098.4,57168,25,0
2025-04-08 12:00:00+00:00,39099.3,39447.3,38680.0,38942.4,289288,23,0
2025-04-08 16:00:00+00:00,38941.9,38997.2,37103.8,37655.5,306537,24,0
2025-04-08 20:00:00+00:00,37657.5,37757.3,37088.6,37289.5,44330,25,0
2025-04-09 00:00:00+00:00,37288.1,37588.2,36993.5,37039.6,54639,26,0
2025-04-09 04:00:00+00:00,37040.4,37944.2,36699.7,37742.3,73005,28,0
2025-04-09 08:00:00+00:00,37741.6,37819.1,36745.7,36940.5,86725,28,0
2025-04-09 12:00:00+00:00,36941.1,38036.3,36734.4,37576.3,254525,25,0
2025-04-09 16:00:00+00:00,37575.7,40804.4,37483.9,40593.4,268119,24,0
2025-04-09 20:00:00+00:00,40602.2,40935.1,40561.2,40895.7,36307,26,0
2025-04-10 00:00:00+00:00,40894.8,40921.1,40482.9,40590.8,46843,25,0
2025-04-10 04:00:00+00:00,40591.4,40705.8,40047.7,40111.0,63159,25,0
2025-04-10 08:00:00+00:00,40110.6,40290.0,39867.7,40154.3,75535,27,0
2025-04-10 12:00:00+00:00,40153.8,40294.7,39018.0,39058.5,297269,24,0
2025-04-10 16:00:00+00:00,39057.9,39836.6,38429.8,39607.1,468592,24,0
2025-04-10 20:00:00+00:00,39592.2,39781.0,39365.5,39436.4,35142,25,0
2025-04-11 00:00:00+00:00,39434.8,39645.1,39020.6,39547.3,46487,28,0
2025-04-11 04:00:00+00:00,39548.8,40063.1,39546.6,39614.0,55067,27,0
2025-04-11 08:00:00+00:00,39615.9,39934.7,39268.1,39703.5,78962,28,0
2025-04-11 12:00:00+00:00,39702.5,39888.6,39255.8,39691.5,314928,25,0
2025-04-11 16:00:00+00:00,39692.4,40415.4,39628.0,40207.6,287449,25,0
2025-04-13 20:00:00+00:00,40549.4,40656.0,40266.9,40380.0,21788,26,0
2025-04-14 00:00:00+00:00,40380.4,40437.1,39837.3,40326.2,25171,25,0
2025-04-14 04:00:00+00:00,40325.8,40589.2,40313.0,40558.1,14428,26,0
2025-04-14 08:00:00+00:00,40559.8,40760.5,40483.9,40493.9,20205,25,0
2025-04-14 12:00:00+00:00,40494.5,40803.1,40266.0,40286.9,174602,25,0
2025-04-14 16:00:00+00:00,40287.5,40784.5,40167.9,40554.5,201880,25,0
2025-04-14 20:00:00+00:00,40561.4,40590.4,40338.0,40443.8,19308,25,0
2025-04-15 00:00:00+00:00,40442.9,40551.5,40442.9,40537.0,15909,24,0
2025-04-15 04:00:00+00:00,40537.5,40694.3,40475.9,40674.5,21677,24,0
2025-04-15 08:00:00+00:00,40673.9,40687.3,40391.9,40427.3,40455,25,0
2025-04-15 12:00:00+00:00,40428.2,40820.2,40349.8,40653.8,144670,24,0
2025-04-15 16:00:00+00:00,40654.3,40705.3,40366.0,40394.5,100513,24,0
2025-04-15 20:00:00+00:00,40386.9,40414.5,40149.8,40242.5,12500,25,0
2025-04-16 00:00:00+00:00,40241.9,40304.4,40147.1,40252.6,13481,24,0
2025-04-16 04:00:00+00:00,40253.4,40258.4,40009.9,40032.4,24840,24,0
2025-04-16 08:00:00+00:00,40031.9,40529.2,40021.8,40352.0,50570,25,0
2025-04-16 12:00:00+00:00,40351.1,40439.2,40031.9,40209.9,131566,24,0
2025-04-16 16:00:00+00:00,40209.1,40219.4,39406.9,39679.5,167860,24,0
2025-04-16 20:00:00+00:00,39676.4,39746.5,39589.8,39689.2,18346,24,0
2025-04-17 00:00:00+00:00,39688.7,39941.5,39645.8,39935.8,15319,25,0
2025-04-17 04:00:00+00:00,39935.0,40116.3,39921.0,40023.3,19935,24,0
2025-04-17 08:00:00+00:00,40021.5,40045.5,39020.7,39091.8,39242,25,0
2025-04-17 12:00:00+00:00,39090.9,39299.5,38956.1,39161.6,167147,24,0
2025-04-17 16:00:00+00:00,39165.4,39462.5,39105.1,39157.1,165169,24,0
2025-04-17 20:00:00+00:00,39143.1,39236.4,39131.1,39234.6,7412,25,0
2025-04-20 20:00:00+00:00,39010.7,39085.2,38915.6,38996.2,4739,27,0
2025-04-21 00:00:00+00:00,38995.7,39050.3,38774.0,38832.9,15208,24,0
2025-04-21 04:00:00+00:00,38833.5,38893.5,38761.3,38768.9,8392,24,0
2025-04-21 08:00:00+00:00,38768.0,38896.3,38681.1,38732.3,16296,24,0
2025-04-21 12:00:00+00:00,38731.2,38886.3,38032.0,38047.6,95403,23,0
2025-04-21 16:00:00+00:00,38047.0,38225.5,37837.0,38165.0,98105,22,0
2025-04-21 20:00:00+00:00,38163.0,38286.5,38092.1,38285.8,11256,24,0
2025-04-22 00:00:00+00:00,38286.5,38414.4,38265.9,38296.0,16005,24,0
2025-04-22 04:00:00+00:00,38294.4,38618.4,38277.0,38464.5,21893,23,0
2025-04-22 08:00:00+00:00,38465.4,38533.4,38428.4,38455.0,23205,24,0
2025-04-22 12:00:00+00:00,38455.5,39138.0,38443.9,39103.4,94726,23,0
2025-04-22 16:00:00+00:00,39102.7,39295.3,38800.9,39202.4,135915,24,0
2025-04-22 20:00:00+00:00,39200.5,39905.8,39192.1,39792.3,21166,24,0
2025-04-23 00:00:00+00:00,39793.8,39809.3,39571.7,39652.6,18489,24,0
2025-04-23 04:00:00+00:00,39651.9,39764.1,39599.1,39759.5,19134,24,0
2025-04-23 08:00:00+00:00,39760.0,39990.1,39755.0,39857.5,22070,24,0
2025-04-23 12:00:00+00:00,39858.4,40399.2,39689.7,39806.0,155424,24,0
2025-04-23 16:00:00+00:00,39806.4,39904.1,39502.7,39596.0,170495,24,0
2025-04-23 20:00:00+00:00,39601.4,39733.9,39474.6,39591.8,17307,25,0
2025-04-24 00:00:00+00:00,39592.4,39647.3,39477.0,39513.0,14672,24,0
2025-04-24 04:00:00+00:00,39512.0,39543.5,39358.8,39387.5,24820,25,0
2025-04-24 08:00:00+00:00,39386.9,39581.4,39257.9,39425.9,29992,24,0
2025-04-24 12:00:00+00:00,39424.3,39943.5,39391.3,39875.0,85209,24,0
2025-04-24 16:00:00+00:00,39876.3,40187.3,39851.0,40108.5,73507,24,0
2025-04-24 20:00:00+00:00,40107.5,40256.8,40057.6,40087.5,11986,24,0
2025-04-25 00:00:00+00:00,40086.9,40179.4,40043.9,40153.0,12343,25,0
2025-04-25 04:00:00+00:00,40154.2,40230.2,40030.9,40139.9,21521,25,0
2025-04-25 08:00:00+00:00,40140.5,40189.6,39853.0,39938.0,41680,24,0
2025-04-25 12:00:00+00:00,39937.1,40093.5,39714.0,39931.6,131077,23,0
2025-04-25 16:00:00+00:00,39932.4,40140.4,39871.0,40104.0,93180,23,0
2025-04-27 20:00:00+00:00,40073.8,40080.0,39986.5,39995.8,5490,26,0
2025-04-28 00:00:00+00:00,39996.3,40013.2,39937.0,39948.0,7130,24,0
2025-04-28 04:00:00+00:00,39947.1,40097.3,39922.1,40009.6,10370,24,0
2025-04-28 08:00:00+00:00,40010.4,40152.5,40000.9,40098.6,16236,24,0
2025-04-28 12:00:00+00:00,40099.4,40433.5,40034.5,40069.0,109912,24,0
2025-04-28 16:00:00+00:00,40068.1,40327.9,39881.9,40246.5,89383,23,0
2025-04-28 20:00:00+00:00,40236.4,40271.3,40165.1,40266.9,7230,24,0
2025-04-29 00:00:00+00:00,40267.5,40343.4,40215.1,40293.5,8567,24,0
2025-04-29 04:00:00+00:00,40294.4,40362.0,40241.1,40337.3,12989,25,0
2025-04-29 08:00:00+00:00,40337.6,40442.5,40270.0,40391.5,25234,24,0
2025-04-29 12:00:00+00:00,40391.0,40535.5,40198.9,40421.0,113529,24,0
2025-04-29 16:00:00+00:00,40421.5,40647.5,40339.0,40527.5,89089,24,0
2025-04-29 20:00:00+00:00,40523.0,40629.3,40521.1,40530.4,10226,24,0
2025-04-30 00:00:00+00:00,40529.9,40555.4,40394.1,40439.9,10173,24,0
2025-04-30 04:00:00+00:00,40439.1,40557.5,40424.0,40540.9,9685,24,0
2025-04-30 08:00:00+00:00,40537.9,40626.4,40400.8,40570.3,18201,24,0
2025-04-30 12:00:00+00:00,40569.9,40588.5,39746.0,40315.9,156180,24,0
2025-04-30 16:00:00+00:00,40316.5,40788.3,40185.0,40615.4,134977,24,0
2025-04-30 20:00:00+00:00,40626.9,40846.0,40560.6,40806.0,23035,25,0
2025-05-01 00:00:00+00:00,40806.5,40899.5,40798.0,40896.0,10656,24,0
2025-05-01 04:00:00+00:00,40896.5,40939.2,40814.9,40850.0,10665,24,0
2025-05-01 08:00:00+00:00,40849.5,41022.4,40809.9,40973.0,17936,24,0
2025-05-01 12:00:00+00:00,40972.1,41100.5,40759.1,40878.5,107871,24,0
2025-05-01 16:00:00+00:00,40878.0,40984.5,40705.0,40750.5,102706,24,0
2025-05-01 20:00:00+00:00,40749.9,40822.3,40614.0,40712.9,14839,26,0
2025-05-02 00:00:00+00:00,40713.4,41142.3,40691.1,41095.9,24711,25,0
2025-05-02 04:00:00+00:00,41096.4,41136.3,40986.1,40990.1,19820,25,0
2025-05-02 08:00:00+00:00,40991.3,41011.5,40852.9,40918.4,23144,25,0
2025-05-02 12:00:00+00:00,40917.9,41260.4,40903.9,41238.5,95672,24,0
2025-05-02 16:00:00+00:00,41238.9,41388.5,41229.0,41301.5,82760,24,0
2025-05-04 20:00:00+00:00,41292.4,41293.7,41081.2,41129.9,7735,25,0
2025-05-05 00:00:00+00:00,41130.4,41146.5,41019.1,41061.1,10523,24,0
2025-05-05 04:00:00+00:00,41060.1,41125.0,41006.1,41084.9,11724,25,0
2025-05-05 08:00:00+00:00,41084.1,41119.5,41000.5,41056.5,16081,24,0
2025-05-05 12:00:00+00:00,41057.0,41390.5,41040.0,41383.4,74679,24,0
2025-05-05 16:00:00+00:00,41382.9,41451.3,41207.0,41228.6,52197,24,0
2025-05-05 20:00:00+00:00,41235.5,41249.1,41191.5,41212.5,5645,24,0
2025-05-06 00:00:00+00:00,41211.9,41244.4,41155.1,41203.4,7824,24,0
2025-05-06 04:00:00+00:00,41204.3,41207.4,41065.1,41068.9,8470,25,0
2025-05-06 08:00:00+00:00,41067.3,41067.3,40890.0,40939.5,23226,25,0
2025-05-06 12:00:00+00:00,40940.4,41099.5,40747.9,40975.0,76978,24,0
2025-05-06 16:00:00+00:00,40974.1,41176.8,40784.9,40817.4,90827,24,0
2025-05-06 20:00:00+00:00,40818.4,41237.7,40666.5,41105.3,26802,24,0
2025-05-07 00:00:00+00:00,41104.8,41169.2,41012.3,41052.9,17002,25,0
2025-05-07 04:00:00+00:00,41052.1,41094.3,40976.9,41042.5,12473,25,0
2025-05-07 08:00:00+00:00,41041.9,41141.5,41004.5,41093.3,15675,24,0
2025-05-07 12:00:00+00:00,41092.9,41101.3,40933.0,41089.0,95401,24,0
2025-05-07 16:00:00+00:00,41088.1,41281.0,40817.9,41101.5,148978,24,0
2025-05-07 20:00:00+00:00,41104.3,41167.5,41027.8,41076.9,11203,25,0
2025-05-08 00:00:00+00:00,41078.2,41370.0,41044.9,41359.9,18940,25,0
2025-05-08 04:00:00+00:00,41360.4,41383.5,41275.9,41317.4,11592,25,0
2025-05-08 08:00:00+00:00,41318.3,41528.4,41311.1,41427.0,12288,24,0
2025-05-08 12:00:00+00:00,41427.5,41721.4,41155.3,41657.5,110647,24,0
2025-05-08 16:00:00+00:00,41656.2,41785.4,41368.0,41387.0,86571,23,0
2025-05-08 20:00:00+00:00,41394.0,41445.4,41300.9,41319.5,8931,24,0
2025-05-09 00:00:00+00:00,41318.9,41424.3,41220.0,41387.1,11817,25,0
2025-05-09 04:00:00+00:00,41387.5,41406.5,41321.1,41344.3,13724,25,0
2025-05-09 08:00:00+00:00,41343.9,41524.7,41268.5,41423.5,21583,24,0
2025-05-09 12:00:00+00:00,41422.2,41523.6,41208.1,41335.0,92665,24,0
2025-05-09 16:00:00+00:00,41335.5,41345.5,41134.1,41228.0,71613,24,0
2025-05-11 20:00:00+00:00,41742.3,41806.4,41605.1,41658.9,12362,25,0
2025-05-12 00:00:00+00:00,41657.3,41720.3,41644.0,41714.9,11448,24,0
2025-05-12 04:00:00+00:00,41714.1,42263.3,41676.0,42039.5,21232,25,0
2025-05-12 08:00:00+00:00,42040.3,42331.4,42008.9,42245.3,37868,25,0
2025-05-12 12:00:00+00:00,42244.1,42379.6,42113.0,42126.9,103403,25,0
2025-05-12 16:00:00+00:00,42127.5,42432.5,42110.9,42420.3,65574,24,0
2025-05-12 20:00:00+00:00,42421.3,42491.2,42373.9,42373.9,9180,24,0
2025-05-13 00:00:00+00:00,42374.5,42384.3,42310.2,42311.0,11191,24,0
2025-05-13 04:00:00+00:00,42311.5,42360.3,42272.1,42303.5,12702,25,0
2025-05-13 08:00:00+00:00,42304.4,42397.3,42148.0,42201.4,18288,24,0
2025-05-13 12:00:00+00:00,42202.3,42396.5,42190.9,42266.9,79578,24,0
2025-05-13 16:00:00+00:00,42267.5,42346.5,42143.0,42147.9,51564,24,0
2025-05-13 20:00:00+00:00,42147.1,42215.3,42126.4,42191.5,7178,24,0
2025-05-14 00:00:00+00:00,42190.9,42197.4,42134.0,42173.5,7305,24,0
2025-05-14 04:00:00+00:00,42174.4,42219.9,42144.9,42198.6,9815,24,0
2025-05-14 08:00:00+00:00,42197.3,42225.6,42103.9,42171.9,17095,24,0
2025-05-14 12:00:00+00:00,42171.1,42271.4,42025.9,42165.0,73265,24,0
2025-05-14 16:00:00+00:00,42164.1,42194.5,41960.0,42057.4,65032,24,0
2025-05-14 20:00:00+00:00,42056.9,42086.2,41831.0,41862.3,9148,24,0
2025-05-15 00:00:00+00:00,41861.8,41912.5,41854.9,41892.6,5963,24,0
2025-05-15 04:00:00+00:00,41892.0,41899.3,41775.5,41782.9,11987,24,0
2025-05-15 08:00:00+00:00,41783.5,41948.1,41782.1,41932.5,17879,24,0
2025-05-15 12:00:00+00:00,41931.0,42223.5,41833.0,42203.5,81040,24,0
2025-05-15 16:00:00+00:00,42203.0,42370.5,42160.0,42351.5,72393,24,0
2025-05-15 20:00:00+00:00,42350.9,42386.7,42320.9,42332.5,7220,24,0
2025-05-16 00:00:00+00:00,42333.4,42351.0,42265.0,42306.5,5627,25,0
2025-05-16 04:00:00+00:00,42306.0,42396.5,42297.9,42395.9,5896,25,0
2025-05-16 08:00:00+00:00,42395.1,42473.6,42390.8,42465.1,9400,24,0
2025-05-16 12:00:00+00:00,42464.5,42466.7,42244.1,42330.0,62000,24,0
2025-05-16 16:00:00+00:00,42330.5,42674.5,42322.0,42650.5,45320,24,0
2025-05-16 20:00:00+00:00,42650.0,42651.4,42394.9,42399.1,4126,24,0
2025-05-18 20:00:00+00:00,42334.7,42447.0,42305.0,42398.3,5639,26,0
2025-05-19 00:00:00+00:00,42399.3,42463.4,42316.1,42328.4,10992,25,0
2025-05-19 04:00:00+00:00,42329.3,42360.5,42269.4,42272.1,13580,25,0
2025-05-19 08:00:00+00:00,42272.5,42439.5,42258.0,42429.0,15928,25,0
2025-05-19 12:00:00+00:00,42428.4,42702.1,42336.8,42662.5,69498,25,0
2025-05-19 16:00:00+00:00,42663.4,42862.5,42649.1,42798.9,53968,24,0
2025-05-19 20:00:00+00:00,42799.5,42907.8,42745.2,42871.5,6976,25,0
2025-05-20 00:00:00+00:00,42870.2,42890.4,42733.0,42765.1,8136,25,0
2025-05-20 04:00:00+00:00,42765.5,42806.0,42706.9,42757.0,9707,25,0
2025-05-20 08:00:00+00:00,42756.1,42844.3,42698.5,42803.0,11994,25,0
2025-05-20 12:00:00+00:00,42801.8,42837.9,42653.0,42710.4,56099,24,0
2025-05-20 16:00:00+00:00,42709.9,42735.5,42502.9,42702.5,49790,25,0
2025-05-20 20:00:00+00:00,42702.0,42707.9,42552.9,42664.9,9712,24,0
2025-05-21 00:00:00+00:00,42667.0,42680.3,42578.9,42597.3,7353,25,0
2025-05-21 04:00:00+00:00,42596.9,42605.3,42491.9,42528.5,9924,25,0
2025-05-21 08:00:00+00:00,42529.3,42535.3,42265.0,42423.4,16274,25,0
2025-05-21 12:00:00+00:00,42422.9,42462.8,42245.0,42366.5,68461,25,0
2025-05-21 16:00:00+00:00,42365.9,42431.2,41809.0,41875.9,163739,24,0
2025-05-21 20:00:00+00:00,41875.1,41883.5,41779.0,41858.5,13396,24,0
2025-05-22 00:00:00+00:00,41857.9,41938.3,41846.9,41894.0,7458,25,0
2025-05-22 04:00:00+00:00,41893.1,41941.4,41855.1,41885.4,9604,25,0
2025-05-22 08:00:00+00:00,41884.2,41916.5,41678.0,41678.0,18083,25,0
2025-05-22 12:00:00+00:00,41678.5,41968.4,41641.6,41956.9,107019,24,0
2025-05-22 16:00:00+00:00,41957.5,42124.3,41857.1,41886.9,80688,24,0
2025-05-22 20:00:00+00:00,41886.1,41976.8,41839.9,41894.9,10048,24,0
2025-05-23 00:00:00+00:00,41895.4,41966.4,41889.1,41910.4,8358,25,0
2025-05-23 04:00:00+00:00,41909.9,41975.4,41793.0,41933.5,10566,24,0
2025-05-23 08:00:00+00:00,41932.9,41958.5,41281.8,41327.4,41232,24,0
2025-05-23 12:00:00+00:00,41329.0,41690.6,41181.8,41554.4,150669,24,0
2025-05-23 16:00:00+00:00,41553.9,41804.5,41522.1,41619.9,88660,24,0
2025-05-23 20:00:00+00:00,41620.5,41621.3,41550.3,41575.7,4805,25,0
2025-05-25 20:00:00+00:00,41620.6,42008.6,41610.4,41924.4,8789,26,0
2025-05-26 00:00:00+00:00,41923.9,42022.3,41899.9,42007.9,11104,25,0
2025-05-26 04:00:00+00:00,42007.1,42116.4,41959.9,42105.0,10263,25,0
2025-05-26 08:00:00+00:00,42105.4,42136.6,42051.6,42090.3,6547,25,0
2025-05-26 12:00:00+00:00,42091.3,42133.3,41963.9,42096.9,11579,26,0
2025-05-26 16:00:00+00:00,42097.4,42109.5,42059.0,42096.3,1999,25,0
2025-05-26 20:00:00+00:00,42097.8,42100.7,42008.1,42024.9,2373,26,0
2025-05-27 00:00:00+00:00,42025.4,42055.5,41949.9,41962.5,7377,25,0
2025-05-27 04:00:00+00:00,41961.9,42242.3,41955.9,42198.5,9741,25,0
2025-05-27 08:00:00+00:00,42197.9,42225.9,42136.1,42198.9,15500,25,0
2025-05-27 12:00:00+00:00,42198.0,42241.5,41909.9,42236.5,55767,24,0
2025-05-27 16:00:00+00:00,42237.4,42389.4,42233.0,42384.5,40522,24,0
2025-05-27 20:00:00+00:00,42384.0,42449.4,42371.0,42414.9,6026,24,0
2025-05-28 00:00:00+00:00,42414.1,42414.1,42356.1,42358.9,4614,25,0
2025-05-28 04:00:00+00:00,42358.1,42370.2,42292.5,42296.4,6104,25,0
2025-05-28 08:00:00+00:00,42295.9,42407.5,42253.0,42376.1,10632,24,0
2025-05-28 12:00:00+00:00,42375.1,42485.5,42196.2,42216.3,54540,24,0
2025-05-28 16:00:00+00:00,42217.3,42313.5,42075.0,42141.0,56504,24,0
2025-05-28 20:00:00+00:00,42141.5,42682.3,42100.1,42635.8,41363,24,0
2025-05-29 00:00:00+00:00,42636.4,42750.0,42544.9,42677.9,21533,26,0
2025-05-29 04:00:00+00:00,42677.0,42752.2,42613.9,42706.5,11226,26,0
2025-05-29 08:00:00+00:00,42707.3,42722.3,42285.1,42288.5,20617,25,0
2025-05-29 12:00:00+00:00,42287.9,42326.8,41888.9,41931.4,97279,25,0
2025-05-29 16:00:00+00:00,41930.9,42304.2,41853.0,42251.1,89002,24,0
2025-05-29 20:00:00+00:00,42251.5,42271.4,42150.1,42157.5,10433,25,0
2025-05-30 00:00:00+00:00,42156.9,42208.4,42063.6,42186.9,11473,25,0
2025-05-30 04:00:00+00:00,42186.0,42247.5,42129.9,42202.5,12612,25,0
2025-05-30 08:00:00+00:00,42201.9,42239.5,42162.9,42193.5,13977,25,0
2025-05-30 12:00:00+00:00,42194.4,42310.4,41963.7,42179.4,90756,24,0
2025-05-30 16:00:00+00:00,42181.0,42405.5,41922.9,42254.5,112373,24,0
2025-05-30 20:00:00+00:00,42255.3,42315.4,42204.6,42229.2,7277,25,0
2025-06-01 20:00:00+00:00,42149.8,42208.1,42116.9,42153.3,4656,26,0
2025-06-02 00:00:00+00:00,42152.8,42198.4,42099.1,42108.9,10206,25,0
2025-06-02 04:00:00+00:00,42109.5,42138.5,41945.0,42040.4,16476,25,0
2025-06-02 08:00:00+00:00,42038.5,42193.4,42011.4,42147.9,23533,25,0
2025-06-02 12:00:00+00:00,42148.5,42196.4,41873.0,42134.9,82150,25,0
2025-06-02 16:00:00+00:00,42135.5,42355.5,42048.1,42345.5,48198,24,0
2025-06-02 20:00:00+00:00,42345.0,42385.2,42247.3,42261.0,7905,24,0
2025-06-03 00:00:00+00:00,42261.5,42275.3,42169.4,42197.5,6106,25,0
2025-06-03 04:00:00+00:00,42196.9,42218.3,42087.0,42141.4,9748,25,0
2025-06-03 08:00:00+00:00,42140.9,42262.5,42095.7,42257.4,14102,24,0
2025-06-03 12:00:00+00:00,42258.3,42513.4,42212.9,42511.5,50824,24,0
2025-06-03 16:00:00+00:00,42510.9,42611.5,42467.1,42570.5,42277,24,0
2025-06-03 20:00:00+00:00,42570.0,42616.3,42540.4,42599.5,6056,24,0
2025-06-04 00:00:00+00:00,42598.9,42621.2,42530.3,42547.9,6443,25,0
2025-06-04 04:00:00+00:00,42547.0,42632.4,42532.9,42629.5,7365,26,0
2025-06-04 08:00:00+00:00,42629.0,42673.4,42613.9,42641.1,10823,25,0
2025-06-04 12:00:00+00:00,42641.5,42689.3,42521.1,42583.4,60859,24,0
2025-06-04 16:00:00+00:00,42582.9,42641.5,42466.0,42466.0,40920,24,0
2025-06-04 20:00:00+00:00,42466.5,42476.3,42426.1,42435.5,5809,24,0
2025-06-05 00:00:00+00:00,42436.3,42478.0,42429.9,42451.5,4298,25,0
2025-06-05 04:00:00+00:00,42450.9,42551.3,42440.1,42544.9,6902,25,0
2025-06-05 08:00:00+00:00,42544.1,42582.0,42468.9,42489.1,12199,25,0
2025-06-05 12:00:00+00:00,42488.1,42711.3,42268.9,42603.4,88483,25,0
2025-06-05 16:00:00+00:00,42602.9,42641.4,42238.3,42356.4,107937,24,0
2025-06-05 20:00:00+00:00,42355.9,42427.5,42327.2,42407.5,11745,25,0
2025-06-06 00:00:00+00:00,42406.9,42483.4,42406.0,42466.5,8348,26,0
2025-06-06 04:00:00+00:00,42467.3,42557.9,42455.1,42518.4,8800,25,0
2025-06-06 08:00:00+00:00,42518.3,42527.9,42431.9,42480.9,11856,25,0
2025-06-06 12:00:00+00:00,42480.1,42956.4,42477.4,42713.9,76785,25,0
2025-06-06 16:00:00+00:00,42714.5,42833.5,42598.8,42779.9,54478,24,0
2025-06-06 20:00:00+00:00,42780.5,42818.5,42774.5,42810.3,2657,24,0
2025-06-08 20:00:00+00:00,42832.0,42864.9,42744.9,42787.9,5258,26,0
2025-06-09 00:00:00+00:00,42788.4,42802.5,42709.1,42731.9,5129,25,0
2025-06-09 04:00:00+00:00,42731.1,42830.9,42719.9,42830.9,7294,25,0
2025-06-09 08:00:00+00:00,42830.1,42876.4,42801.2,42852.5,10141,25,0
2025-06-09 12:00:00+00:00,42852.0,42861.5,42591.1,42758.0,44817,25,0
2025-06-09 16:00:00+00:00,42757.1,42929.5,42725.0,42787.3,34837,24,0
2025-06-09 20:00:00+00:00,42786.9,42825.5,42771.9,42804.6,4989,24,0
2025-06-10 00:00:00+00:00,42803.9,42951.4,42770.1,42914.9,6895,25,0
2025-06-10 04:00:00+00:00,42914.0,42923.3,42665.0,42747.5,22712,26,0
2025-06-10 08:00:00+00:00,42746.2,42800.4,42672.4,42800.0,15074,25,0
2025-06-10 12:00:00+00:00,42799.5,42864.2,42729.9,42816.5,42867,25,0
2025-06-10 16:00:00+00:00,42816.0,42959.5,42766.0,42905.9,43378,24,0
2025-06-10 20:00:00+00:00,42906.5,42939.4,42816.9,42882.8,9008,24,0
2025-06-11 00:00:00+00:00,42882.0,42894.3,42775.9,42805.1,7575,25,0
2025-06-11 04:00:00+00:00,42804.1,42842.4,42771.9,42831.1,9330,25,0
2025-06-11 08:00:00+00:00,42831.5,42877.5,42747.9,42822.0,9764,25,0
2025-06-11 12:00:00+00:00,42822.5,43141.7,42752.2,43038.4,72972,25,0
2025-06-11 16:00:00+00:00,43040.1,43152.5,42761.0,42904.5,98000,25,0
2025-06-11 20:00:00+00:00,42905.3,42917.7,42821.9,42844.2,9328,25,0
2025-06-12 00:00:00+00:00,42846.0,42855.3,42691.0,42760.5,11674,26,0
2025-06-12 04:00:00+00:00,42761.3,42847.9,42680.9,42695.3,11399,26,0
2025-06-12 08:00:00+00:00,42694.9,42719.4,42590.9,42608.4,21213,26,0
2025-06-12 12:00:00+00:00,42607.9,42938.4,42606.9,42882.0,58198,25,0
2025-06-12 16:00:00+00:00,42882.5,43003.9,42834.9,43002.9,43001,24,0
2025-06-12 20:00:00+00:00,43002.1,43003.4,42775.9,42779.4,7913,24,0
2025-06-13 00:00:00+00:00,42780.2,42786.9,42211.5,42427.3,68799,26,0
2025-06-13 04:00:00+00:00,42426.8,42527.3,42334.0,42509.2,29254,26,0
2025-06-13 08:00:00+00:00,42508.8,42597.5,42429.8,42584.5,33367,25,0
2025-06-13 12:00:00+00:00,42584.0,42627.2,42266.9,42576.9,85469,25,0
2025-06-13 16:00:00+00:00,42576.1,42613.3,42087.9,42214.1,99398,24,0
2025-06-13 20:00:00+00:00,42214.5,42240.7,42178.3,42214.6,9517,23,0
2025-06-15 20:00:00+00:00,41956.9,42249.2,41925.3,42234.5,13665,25,0
2025-06-16 00:00:00+00:00,42234.0,42281.4,42207.1,42229.9,10419,25,0
2025-06-16 04:00:00+00:00,42229.0,42445.4,42220.9,42430.5,12874,25,0
2025-06-16 08:00:00+00:00,42430.0,42460.3,42339.0,42453.0,15187,24,0
2025-06-16 12:00:00+00:00,42453.2,42749.3,42411.9,42596.5,55228,25,0
2025-06-16 16:00:00+00:00,42597.4,42656.5,42480.0,42559.5,42747,24,0
2025-06-16 20:00:00+00:00,42558.9,42602.3,42314.1,42315.4,20180,24,0
2025-06-17 00:00:00+00:00,42316.3,42461.2,42307.1,42417.3,25226,25,0
2025-06-17 04:00:00+00:00,42418.3,42441.4,42221.9,42273.9,21755,25,0
2025-06-17 08:00:00+00:00,42274.4,42381.4,42245.2,42378.0,21159,25,0
2025-06-17 12:00:00+00:00,42377.4,42580.4,42298.2,42476.9,49550,25,0
2025-06-17 16:00:00+00:00,42477.5,42543.3,42165.1,42244.5,68539,25,0
2025-06-17 20:00:00+00:00,42245.3,42274.4,42116.1,42150.8,13697,25,0
2025-06-18 00:00:00+00:00,42151.4,42299.3,42148.9,42252.0,10539,25,0
2025-06-18 04:00:00+00:00,42252.5,42353.4,42229.4,42317.3,10386,25,0
2025-06-18 08:00:00+00:00,42318.3,42362.3,42190.5,42289.5,15388,25,0
2025-06-18 12:00:00+00:00,42288.9,42549.4,42209.1,42384.5,51711,25,0
2025-06-18 16:00:00+00:00,42385.4,42473.2,42138.9,42212.0,100465,25,0
2025-06-18 20:00:00+00:00,42211.1,42251.2,42148.7,42195.9,7573,25,0
2025-06-19 00:00:00+00:00,42195.0,42200.3,41989.6,42155.9,11781,26,0
2025-06-19 04:00:00+00:00,42155.0,42173.4,41959.8,41976.9,12794,26,0
2025-06-19 08:00:00+00:00,41977.4,42085.3,41976.7,42000.4,12548,25,0
2025-06-19 12:00:00+00:00,41999.9,42018.9,41778.9,41793.8,23288,25,0
2025-06-19 16:00:00+00:00,41795.1,41873.3,41793.9,41811.0,3598,26,0
2025-06-19 20:00:00+00:00,41888.6,42094.4,41879.2,42054.6,9282,26,0
2025-06-20 00:00:00+00:00,42053.2,42123.2,41997.8,42098.5,10028,25,0
2025-06-20 04:00:00+00:00,42099.3,42167.4,42067.1,42147.5,10104,25,0
2025-06-20 08:00:00+00:00,42146.9,42315.3,42074.9,42234.5,18672,25,0
2025-06-20 12:00:00+00:00,42235.4,42457.3,42177.0,42258.5,88166,25,0
2025-06-20 16:00:00+00:00,42258.0,42328.2,42102.9,42213.3,69994,24,0
2025-06-20 20:00:00+00:00,42212.9,42300.8,42201.9,42271.0,5556,24,0
2025-06-22 20:00:00+00:00,41894.3,42168.2,41857.9,42101.9,11352,26,0
2025-06-23 00:00:00+00:00,42101.0,42108.5,42037.0,42096.6,9109,25,0
2025-06-23 04:00:00+00:00,42097.4,42268.6,42084.9,42258.5,12565,25,0
2025-06-23 08:00:00+00:00,42256.5,42323.4,42092.4,42153.9,19210,25,0
2025-06-23 12:00:00+00:00,42154.4,42458.5,42142.9,42249.5,56169,25,0
2025-06-23 16:00:00+00:00,42250.3,42645.4,41999.0,42616.4,102035,25,0
2025-06-23 20:00:00+00:00,42615.9,42824.2,42598.2,42798.9,13969,25,0
2025-06-24 00:00:00+00:00,42799.4,42858.5,42757.6,42835.9,10196,26,0
2025-06-24 04:00:00+00:00,42835.0,43048.7,42798.0,42939.2,16120,26,0
2025-06-24 08:00:00+00:00,42938.4,42969.2,42845.3,42891.4,18752,25,0
2025-06-24 12:00:00+00:00,42890.9,43075.5,42810.6,43057.3,45554,25,0
2025-06-24 16:00:00+00:00,43058.3,43225.5,43032.9,43123.9,32130,25,0
2025-06-24 20:00:00+00:00,43124.5,43137.4,43084.9,43129.4,5698,25,0
2025-06-25 00:00:00+00:00,43131.0,43160.3,43114.1,43134.9,4305,25,0
2025-06-25 04:00:00+00:00,43134.0,43180.3,43131.0,43146.4,4826,25,0
2025-06-25 08:00:00+00:00,43147.6,43163.8,43085.6,43140.5,7755,25,0
2025-06-25 12:00:00+00:00,43141.5,43151.9,42990.1,43023.1,40425,25,0
2025-06-25 16:00:00+00:00,43022.1,43072.7,42887.9,43023.1,39932,25,0
2025-06-25 20:00:00+00:00,43023.5,43043.4,42973.5,43031.8,5548,24,0
2025-06-26 00:00:00+00:00,43031.0,43076.3,43006.9,43059.4,3607,26,0
2025-06-26 04:00:00+00:00,43060.3,43141.4,43045.1,43094.1,4860,26,0
2025-06-26 08:00:00+00:00,43094.5,43158.8,43093.1,43131.3,7886,25,0
2025-06-26 12:00:00+00:00,43132.2,43347.4,43070.0,43296.9,39370,25,0
2025-06-26 16:00:00+00:00,43296.1,43470.5,43293.0,43439.5,27762,25,0
2025-06-26 20:00:00+00:00,43440.3,43538.4,43404.2,43485.9,6866,25,0
2025-06-27 00:00:00+00:00,43487.1,43530.4,43470.1,43516.4,4175,25,0
2025-06-27 04:00:00+00:00,43517.3,43606.2,43499.0,43576.9,5594,26,0
2025-06-27 08:00:00+00:00,43577.4,43601.9,43528.1,43594.2,6477,25,0
2025-06-27 12:00:00+00:00,43594.9,43921.5,43544.8,43911.5,41008,25,0
2025-06-27 16:00:00+00:00,43912.3,44006.1,43591.2,43841.1,65330,25,0
2025-06-27 20:00:00+00:00,43841.5,43984.3,43795.5,43975.4,4701,25,0
2025-06-29 20:00:00+00:00,43961.5,44091.3,43961.5,44043.8,4282,27,0
2025-06-30 00:00:00+00:00,44044.4,44117.4,44036.1,44102.4,4881,26,0
2025-06-30 04:00:00+00:00,44101.9,44166.3,44088.4,44097.4,5637,25,0
2025-06-30 08:00:00+00:00,44101.8,44119.3,44038.5,44093.5,7170,25,0
2025-06-30 12:00:00+00:00,44093.0,44118.8,43933.1,44036.3,39306,25,0
2025-06-30 16:00:00+00:00,44037.3,44175.2,43921.6,44109.3,46202,25,0
2025-06-30 20:00:00+00:00,44108.9,44130.3,44065.0,44118.4,5865,25,0
2025-07-01 00:00:00+00:00,44119.9,44171.4,44085.0,44088.8,4568,26,0
2025-07-01 04:00:00+00:00,44088.0,44138.2,44061.0,44099.4,6898,26,0
2025-07-01 08:00:00+00:00,44101.0,44115.9,44057.0,44099.9,9034,25,0
2025-07-01 12:00:00+00:00,44099.1,44594.4,44023.9,44566.9,58028,25,0
2025-07-01 16:00:00+00:00,44567.4,44655.5,44455.9,44551.1,59839,25,0
2025-07-01 20:00:00+00:00,44551.5,44577.2,44532.2,44562.9,5825,25,0
2025-07-02 00:00:00+00:00,44564.1,44619.4,44518.0,44611.4,4288,26,0
2025-07-02 04:00:00+00:00,44612.3,44703.3,44601.9,44618.9,7547,26,0
2025-07-02 08:00:00+00:00,44620.1,44663.3,44571.9,44604.4,9907,25,0
2025-07-02 12:00:00+00:00,44603.9,44617.4,44384.0,44529.9,53051,25,0
2025-07-02 16:00:00+00:00,44530.5,44536.3,44458.9,44518.5,30622,25,0
2025-07-02 20:00:00+00:00,44517.9,44550.4,44494.5,44543.0,3698,25,0
2025-07-03 00:00:00+00:00,44543.4,44560.4,44481.9,44532.9,4059,26,0
2025-07-03 04:00:00+00:00,44533.4,44572.6,44531.0,44538.4,4653,26,0
2025-07-03 08:00:00+00:00,44537.9,44561.0,44493.5,44550.9,6583,26,0
2025-07-03 12:00:00+00:00,44550.0,44899.4,44537.9,44858.9,41614,25,0
2025-07-03 16:00:00+00:00,44857.4,44905.4,44813.9,44833.8,11983,25,0
2025-07-03 20:00:00+00:00,44815.4,44820.1,44764.6,44772.7,2523,28,0
2025-07-04 00:00:00+00:00,44771.9,44788.3,44718.0,44719.4,3547,26,0
2025-07-04 04:00:00+00:00,44718.9,44734.9,44599.8,44602.4,7319,26,0
2025-07-04 08:00:00+00:00,44602.4,44623.3,44523.9,44598.9,11452,26,0
2025-07-04 12:00:00+00:00,44599.4,44655.2,44575.9,44598.3,9694,26,0
2025-07-04 16:00:00+00:00,44597.8,44628.3,44572.9,44584.6,2221,26,0
2025-07-06 20:00:00+00:00,44742.5,44805.9,44690.2,44714.8,4220,27,0
2025-07-07 00:00:00+00:00,44715.4,44764.3,44673.9,44725.3,7123,27,0
2025-07-07 04:00:00+00:00,44724.8,44752.3,44685.8,44723.4,7607,27,0
2025-07-07 08:00:00+00:00,44723.9,44871.2,44722.2,44857.8,9377,26,0
2025-07-07 12:00:00+00:00,44857.1,44883.8,44463.1,44515.0,46476,25,0
2025-07-07 16:00:00+00:00,44515.5,44551.3,44181.9,44433.9,80209,25,0
2025-07-07 20:00:00+00:00,44433.1,44433.1,44266.9,44359.4,7602,25,0
2025-07-08 00:00:00+00:00,44358.8,44416.4,44324.0,44390.8,6310,26,0
2025-07-08 04:00:00+00:00,44390.0,44474.5,44387.1,44462.9,6610,26,0
2025-07-08 08:00:00+00:00,44463.1,44463.1,44344.9,44417.5,9320,25,0
2025-07-08 12:00:00+00:00,44417.0,44467.3,44244.9,44370.1,56138,25,0
2025-07-08 16:00:00+00:00,44370.5,44417.4,44230.9,44264.4,48927,25,0
2025-07-08 20:00:00+00:00,44263.9,44303.1,44242.2,44250.4,3871,25,0
2025-07-09 00:00:00+00:00,44249.8,44265.2,44187.0,44227.9,4857,26,0
2025-07-09 04:00:00+00:00,44228.4,44309.3,44202.9,44298.0,5971,26,0
2025-07-09 08:00:00+00:00,44297.4,44409.2,44287.2,44394.4,8857,26,0
2025-07-09 12:00:00+00:00,44393.9,44595.2,44256.0,44340.5,55509,25,0
2025-07-09 16:00:00+00:00,44339.2,44509.4,44290.1,44483.9,36151,25,0
2025-07-09 20:00:00+00:00,44483.1,44530.3,44462.5,44466.9,3924,26,0
2025-07-10 00:00:00+00:00,44467.4,44467.4,44363.0,44375.0,5526,26,0
2025-07-10 04:00:00+00:00,44374.1,44397.3,44332.4,44359.9,6344,26,0
2025-07-10 08:00:00+00:00,44360.4,44489.2,44352.9,44474.9,6597,25,0
2025-07-10 12:00:00+00:00,44473.7,44769.4,44389.9,44701.9,41893,25,0
2025-07-10 16:00:00+00:00,44701.1,44805.4,44647.9,44673.9,28020,25,0
2025-07-10 20:00:00+00:00,44674.4,44711.4,44633.0,44708.9,4179,25,0
2025-07-11 00:00:00+00:00,44709.4,44709.4,44406.8,44541.0,18765,26,0
2025-07-11 04:00:00+00:00,44541.4,44576.2,44406.4,44407.8,11442,26,0
2025-07-11 08:00:00+00:00,44408.0,44457.2,44315.4,44415.4,16320,26,0
2025-07-11 12:00:00+00:00,44414.3,44456.5,44281.8,44330.5,52742,25,0
2025-07-11 16:00:00+00:00,44329.9,44424.4,44281.1,44367.0,45935,25,0
2025-07-11 20:00:00+00:00,44367.5,44372.3,44319.0,44345.1,2749,25,0
2025-07-13 20:00:00+00:00,44223.5,44243.9,44130.1,44221.2,5660,27,0
2025-07-14 00:00:00+00:00,44222.2,44243.3,44163.1,44190.4,5803,26,0
2025-07-14 04:00:00+00:00,44189.9,44249.2,44110.8,44240.4,8916,26,0
2025-07-14 08:00:00+00:00,44239.9,44288.9,44175.1,44262.2,8907,25,0
2025-07-14 12:00:00+00:00,44261.2,44464.3,44224.1,44398.3,50493,25,0
2025-07-14 16:00:00+00:00,44397.9,44492.4,44350.1,44474.1,28647,25,0
2025-07-14 20:00:00+00:00,44474.5,44482.4,44410.9,44439.9,3609,25,0
2025-07-15 00:00:00+00:00,44440.4,44620.3,44414.9,44448.8,12423,26,0
2025-07-15 04:00:00+00:00,44449.4,44535.2,44440.9,44487.5,8230,27,0
2025-07-15 08:00:00+00:00,44486.9,44524.8,44394.6,44453.4,10489,26,0
2025-07-15 12:00:00+00:00,44452.9,44535.2,44147.9,44217.9,67241,26,0
2025-07-15 16:00:00+00:00,44217.0,44239.4,44028.9,44035.0,56472,25,0
2025-07-15 20:00:00+00:00,44035.5,44052.3,43918.7,43968.0,8746,25,0
2025-07-16 00:00:00+00:00,43968.4,44003.3,43925.1,43966.4,5432,26,0
2025-07-16 04:00:00+00:00,43967.3,44003.2,43891.0,43996.1,9277,26,0
2025-07-16 08:00:00+00:00,43996.0,44167.7,43984.9,44143.9,10353,25,0
2025-07-16 12:00:00+00:00,44144.4,44254.2,43773.8,44083.8,91324,26,0
2025-07-16 16:00:00+00:00,44082.9,44280.4,44002.9,44258.1,44594,26,0
2025-07-16 20:00:00+00:00,44257.1,44258.7,44180.9,44194.1,4522,25,0
2025-07-17 00:00:00+00:00,44195.3,44222.4,44160.9,44189.4,4402,26,0
2025-07-17 04:00:00+00:00,44188.9,44278.2,44181.0,44213.1,8382,26,0
2025-07-17 08:00:00+00:00,44212.2,44260.4,44157.1,44185.9,9986,26,0
2025-07-17 12:00:00+00:00,44184.8,44504.4,44159.2,44472.5,52157,25,0
2025-07-17 16:00:00+00:00,44473.1,44580.3,44372.1,44529.3,34827,25,0
2025-07-17 20:00:00+00:00,44530.3,44618.2,44510.4,44611.4,4307,25,0
2025-07-18 00:00:00+00:00,44610.9,44628.4,44569.0,44604.3,3495,26,0
2025-07-18 04:00:00+00:00,44603.8,44665.4,44575.3,44578.5,5166,26,0
2025-07-18 08:00:00+00:00,44578.6,44605.3,44515.0,44553.8,8217,26,0
2025-07-18 12:00:00+00:00,44554.3,44626.9,44275.5,44344.8,51991,26,0
2025-07-18 16:00:00+00:00,44345.6,44366.5,44219.3,44344.5,37144,25,0
2025-07-18 20:00:00+00:00,44344.0,44359.4,44321.4,44336.5,1348,25,0
2025-07-20 20:00:00+00:00,44338.7,44412.2,44304.5,44411.2,1865,27,0
2025-07-21 00:00:00+00:00,44410.8,44419.4,44372.0,44376.9,2628,27,0
2025-07-21 04:00:00+00:00,44377.4,44487.0,44374.0,44448.2,3936,26,0
2025-07-21 08:00:00+00:00,44447.8,44490.3,44426.1,44454.9,5913,26,0
2025-07-21 12:00:00+00:00,44455.4,44625.9,44373.9,44614.5,39458,26,0
2025-07-21 16:00:00+00:00,44615.3,44632.1,44336.0,44364.1,33729,25,0
2025-07-21 20:00:00+00:00,44363.1,44428.2,44358.5,44409.8,3043,25,0
2025-07-22 00:00:00+00:00,44408.3,44443.4,44395.1,44403.9,2975,26,0
2025-07-22 04:00:00+00:00,44403.0,44405.2,44334.9,44347.3,4501,26,0
2025-07-22 08:00:00+00:00,44346.1,44392.4,44239.4,44325.4,9031,26,0
2025-07-22 12:00:00+00:00,44324.2,44486.4,44293.8,44372.9,61639,25,0
2025-07-22 16:00:00+00:00,44373.5,44569.9,44342.0,44520.9,42677,25,0
2025-07-22 20:00:00+00:00,44521.9,44675.3,44510.6,44655.0,7704,26,0
2025-07-23 00:00:00+00:00,44655.4,44671.4,44570.9,44649.2,6560,26,0
2025-07-23 04:00:00+00:00,44648.8,44695.2,44633.9,44652.8,7226,27,0
2025-07-23 08:00:00+00:00,44651.9,44777.8,44638.4,44766.9,8431,25,0
2025-07-23 12:00:00+00:00,44766.3,44930.8,44661.5,44887.4,45675,26,0
2025-07-23 16:00:00+00:00,44886.8,45055.9,44858.1,45052.2,45885,25,0
2025-07-23 20:00:00+00:00,45053.0,45057.9,44910.5,44934.3,7910,26,0
2025-07-24 00:00:00+00:00,44933.8,44953.4,44903.9,44904.5,3691,26,0
2025-07-24 04:00:00+00:00,44903.9,44926.2,44859.1,44871.2,5189,26,0
2025-07-24 08:00:00+00:00,44870.9,44955.8,44834.0,44857.5,7459,26,0
2025-07-24 12:00:00+00:00,44856.3,44933.4,44686.7,44870.5,57126,25,0
2025-07-24 16:00:00+00:00,44869.9,44893.4,44706.1,44720.5,43182,25,0
2025-07-24 20:00:00+00:00,44721.3,44804.4,44700.2,44800.0,4069,25,0
2025-07-25 00:00:00+00:00,44800.4,44859.4,44791.9,44847.4,2497,27,0
2025-07-25 04:00:00+00:00,44846.9,44848.3,44726.9,44743.1,5393,26,0
2025-07-25 08:00:00+00:00,44744.1,44798.9,44736.3,44755.0,6024,26,0
2025-07-25 12:00:00+00:00,44755.4,44836.5,44646.9,44757.3,43459,25,0
2025-07-25 16:00:00+00:00,44756.9,44952.7,44745.1,44913.4,28013,25,0
2025-07-25 20:00:00+00:00,44914.3,44924.3,44885.5,44910.0,1873,25,0
2025-07-27 20:00:00+00:00,45083.9,45130.8,45059.8,45070.8,2590,28,0
2025-07-28 00:00:00+00:00,45071.4,45104.4,45055.0,45099.9,2876,26,0
2025-07-28 04:00:00+00:00,45101.1,45151.3,45025.1,45049.9,4556,26,0
2025-07-28 08:00:00+00:00,45049.1,45050.0,44936.9,44957.9,7125,25,0
2025-07-28 12:00:00+00:00,44957.4,44973.2,44801.9,44941.5,40410,25,0
2025-07-28 16:00:00+00:00,44941.0,44966.4,44753.9,44852.3,31107,25,0
2025-07-28 20:00:00+00:00,44853.3,44889.4,44833.4,44870.2,3205,25,0
2025-07-29 00:00:00+00:00,44871.2,44901.4,44832.9,44898.4,2885,26,0
2025-07-29 04:00:00+00:00,44899.2,44944.1,44868.8,44932.3,4342,27,0
2025-07-29 08:00:00+00:00,44931.8,44971.2,44807.6,44934.8,12681,26,0
2025-07-29 12:00:00+00:00,44934.4,44942.7,44612.0,44653.5,42939,26,0
2025-07-29 16:00:00+00:00,44652.9,44764.4,44582.9,44671.2,32548,25,0
2025-07-29 20:00:00+00:00,44670.8,44690.1,44602.5,44650.9,4218,26,0
2025-07-30 00:00:00+00:00,44650.0,44713.2,44645.1,44702.4,2971,26,0
2025-07-30 04:00:00+00:00,44703.3,44724.3,44641.2,44690.4,4687,26,0
2025-07-30 08:00:00+00:00,44689.4,44704.2,44635.9,44691.9,6998,26,0
2025-07-30 12:00:00+00:00,44692.4,44761.4,44570.9,44659.9,48305,25,0
2025-07-30 16:00:00+00:00,44660.5,44766.3,44277.2,44493.4,75099,25,0
2025-07-30 20:00:00+00:00,44494.2,44691.6,44475.9,44563.8,10213,27,0
2025-07-31 00:00:00+00:00,44564.4,44621.2,44536.1,44614.4,4931,27,0
2025-07-31 04:00:00+00:00,44615.3,44715.3,44610.9,44689.2,7284,26,0
2025-07-31 08:00:00+00:00,44688.8,44705.2,44555.0,44582.9,10162,26,0
2025-07-31 12:00:00+00:00,44583.3,44647.4,44313.9,44491.4,76869,25,0
2025-07-31 16:00:00+00:00,44490.9,44547.5,44073.0,44150.4,100337,25,0
2025-07-31 20:00:00+00:00,44149.9,44280.2,44071.8,44133.8,15210,27,0
2025-08-01 00:00:00+00:00,44133.0,44178.2,44018.9,44110.4,11396,26,0
2025-08-01 04:00:00+00:00,44109.9,44126.4,43721.1,43789.6,20250,26,0
2025-08-01 08:00:00+00:00,43790.1,43859.9,43657.5,43799.6,28566,26,0
2025-08-01 12:00:00+00:00,43800.7,43906.4,43335.9,43665.9,131051,25,0
2025-08-01 16:00:00+00:00,43664.4,43736.4,43412.8,43579.4,112615,25,0
2025-08-01 20:00:00+00:00,43578.9,43606.9,43559.9,43591.5,4320,25,0
2025-08-03 20:00:00+00:00,43549.6,43642.2,43519.6,43626.2,6893,27,0
2025-08-04 00:00:00+00:00,43627.2,43754.3,43618.0,43749.9,11223,26,0
2025-08-04 04:00:00+00:00,43748.3,43837.3,43675.9,43803.9,13234,26,0
2025-08-04 08:00:00+00:00,43804.4,43914.3,43774.5,43779.5,13654,25,0
2025-08-04 12:00:00+00:00,43780.3,44138.4,43772.1,44101.0,62131,25,0
2025-08-04 16:00:00+00:00,44101.5,44214.2,44063.1,44202.5,41318,25,0
2025-08-04 20:00:00+00:00,44201.9,44303.0,44196.4,44241.9,6172,25,0
2025-08-05 00:00:00+00:00,44241.0,44329.3,44215.9,44248.4,7431,26,0
2025-08-05 04:00:00+00:00,44249.2,44318.4,44206.9,44216.4,7216,26,0
2025-08-05 08:00:00+00:00,44217.3,44304.4,44125.0,44249.3,12619,26,0
2025-08-05 12:00:00+00:00,44248.9,44317.8,43936.9,44099.9,88659,25,0
2025-08-05 16:00:00+00:00,44099.1,44266.3,44082.3,44135.5,64265,25,0
2025-08-05 20:00:00+00:00,44134.9,44183.4,44090.1,44125.8,10069,25,0
2025-08-06 00:00:00+00:00,44124.3,44265.4,44119.8,44253.4,8665,26,0
2025-08-06 04:00:00+00:00,44254.3,44384.8,44250.0,44375.3,8983,26,0
2025-08-06 08:00:00+00:00,44376.2,44377.2,44233.5,44277.9,15934,26,0
2025-08-06 12:00:00+00:00,44277.0,44318.4,44025.9,44270.9,77603,25,0
2025-08-06 16:00:00+00:00,44270.1,44315.5,44196.9,44215.9,42069,25,0
2025-08-06 20:00:00+00:00,44215.4,44291.4,44157.7,44243.9,7012,25,0
2025-08-07 00:00:00+00:00,44244.4,44286.4,44226.0,44259.5,5708,26,0
2025-08-07 04:00:00+00:00,44260.3,44302.4,44208.9,44296.4,8809,26,0
2025-08-07 08:00:00+00:00,44295.9,44506.3,44286.9,44417.8,18498,26,0
2025-08-07 12:00:00+00:00,44418.3,44522.0,43854.3,43905.5,87544,25,0
2025-08-07 16:00:00+00:00,43904.5,43990.4,43801.4,43987.1,83612,25,0
2025-08-07 20:00:00+00:00,43986.4,44081.1,43981.6,44046.0,7203,25,0
2025-08-08 00:00:00+00:00,44046.4,44122.2,44026.0,44072.9,5685,26,0
2025-08-08 04:00:00+00:00,44073.4,44080.0,43983.1,44051.9,8240,26,0
2025-08-08 08:00:00+00:00,44051.0,44119.2,44018.7,44108.4,7676,25,0
2025-08-08 12:00:00+00:00,44108.3,44285.2,44021.4,44129.9,59789,25,0
2025-08-08 16:00:00+00:00,44129.1,44245.5,44110.9,44183.5,43038,25,0
2025-08-08 20:00:00+00:00,44182.9,44265.8,44181.1,44243.8,2670,25,0
2025-08-10 20:00:00+00:00,44257.2,44280.1,44209.0,44227.4,2797,27,0
2025-08-11 00:00:00+00:00,44226.0,44327.3,44223.1,44273.4,4776,27,0
2025-08-11 04:00:00+00:00,44272.9,44318.4,44211.9,44223.9,5884,26,0
2025-08-11 08:00:00+00:00,44224.4,44322.7,44224.4,44318.4,8229,25,0
2025-08-11 12:00:00+00:00,44317.5,44318.8,44006.7,44094.9,50956,25,0
2025-08-11 16:00:00+00:00,44095.5,44196.3,43918.9,44000.4,50968,25,0
2025-08-11 20:00:00+00:00,43999.9,44009.0,43943.0,43981.3,5455,25,0
2025-08-12 00:00:00+00:00,43980.8,44054.2,43971.0,44042.9,6349,26,0
2025-08-12 04:00:00+00:00,44042.0,44099.2,43975.1,44083.8,11663,26,0
2025-08-12 08:00:00+00:00,44083.3,44084.9,43961.8,44001.1,8133,26,0
2025-08-12 12:00:00+00:00,44001.8,44499.4,43993.7,44453.4,87508,26,0
2025-08-12 16:00:00+00:00,44452.9,44519.2,44426.0,44468.1,29896,25,0
2025-08-12 20:00:00+00:00,44467.4,44502.1,44455.9,44499.8,4114,25,0
2025-08-13 00:00:00+00:00,44498.9,44500.3,44426.9,44469.9,3790,26,0
2025-08-13 04:00:00+00:00,44470.4,44539.4,44433.0,44525.9,4666,26,0
2025-08-13 08:00:00+00:00,44526.4,44634.8,44520.0,44606.4,7153,26,0
2025-08-13 12:00:00+00:00,44606.9,44910.4,44594.9,44767.0,60776,25,0
2025-08-13 16:00:00+00:00,44767.5,44974.3,44735.1,44953.3,47892,25,0
2025-08-13 20:00:00+00:00,44954.3,44991.8,44906.8,44958.3,3933,25,0
2025-08-14 00:00:00+00:00,44959.3,44971.4,44931.0,44944.1,4031,27,0
2025-08-14 04:00:00+00:00,44944.5,44969.4,44892.0,44946.2,5133,27,0
2025-08-14 08:00:00+00:00,44947.2,44995.4,44919.1,44976.4,6074,26,0
2025-08-14 12:00:00+00:00,44975.7,44976.9,44724.9,44800.2,75019,26,0
2025-08-14 16:00:00+00:00,44801.0,44975.3,44706.6,44922.5,49840,25,0
2025-08-14 20:00:00+00:00,44923.3,45113.1,44885.3,45083.0,9151,25,0
2025-08-15 00:00:00+00:00,45083.4,45248.0,45064.0,45211.4,4986,27,0
2025-08-15 04:00:00+00:00,45210.8,45295.3,45210.8,45274.3,5742,28,0
2025-08-15 08:00:00+00:00,45273.9,45283.8,45169.5,45187.9,8533,27,0
2025-08-15 12:00:00+00:00,45188.4,45221.1,44908.9,45002.5,70333,25,0
2025-08-15 16:00:00+00:00,45002.0,45103.3,44948.1,44968.1,48742,25,0
2025-08-15 20:00:00+00:00,44968.5,44976.5,44919.5,44940.0,2187,25,0
2025-08-17 20:00:00+00:00,44972.3,45051.2,44969.8,45037.8,1907,28,0
2025-08-18 00:00:00+00:00,45037.0,45058.4,45032.0,45040.4,2498,26,0
2025-08-18 04:00:00+00:00,45039.9,45044.3,44841.5,44895.5,7941,27,0
2025-08-18 08:00:00+00:00,44895.9,44971.9,44846.4,44959.5,11027,27,0
2025-08-18 12:00:00+00:00,44958.6,45023.4,44885.1,44941.5,55863,25,0
2025-08-18 16:00:00+00:00,44940.9,45009.4,44882.9,44928.9,35042,26,0
2025-08-18 20:00:00+00:00,44928.0,44994.1,44911.0,44955.8,3284,25,0
2025-08-19 00:00:00+00:00,44956.4,44956.4,44879.9,44897.4,5445,27,0
2025-08-19 04:00:00+00:00,44898.2,44899.2,44856.1,44879.9,4355,27,0
2025-08-19 08:00:00+00:00,44879.0,45000.2,44783.8,44999.4,8629,26,0
2025-08-19 12:00:00+00:00,44998.9,45238.3,44913.1,44928.3,64528,26,0
2025-08-19 16:00:00+00:00,44927.9,44968.4,44840.9,44944.9,53413,25,0
2025-08-19 20:00:00+00:00,44945.5,44996.5,44929.9,44954.2,6244,25,0
2025-08-20 00:00:00+00:00,44955.1,44956.3,44801.5,44816.4,8797,27,0
2025-08-20 04:00:00+00:00,44815.8,44894.4,44814.8,44867.4,8206,26,0
2025-08-20 08:00:00+00:00,44868.3,44931.3,44813.9,44925.0,9388,26,0
2025-08-20 12:00:00+00:00,44924.6,45069.2,44779.9,44869.5,102408,25,0
2025-08-20 16:00:00+00:00,44869.0,45042.3,44815.9,44947.9,75480,25,0
2025-08-20 20:00:00+00:00,44947.1,44976.2,44898.9,44925.5,6025,25,0
2025-08-21 00:00:00+00:00,44926.3,44975.4,44872.1,44936.5,7125,27,0
2025-08-21 04:00:00+00:00,44935.9,44955.0,44880.7,44895.1,7844,27,0
2025-08-21 08:00:00+00:00,44895.0,44915.6,44746.5,44802.7,15318,26,0
2025-08-21 12:00:00+00:00,44802.4,44919.4,44593.1,44765.9,75684,25,0
2025-08-21 16:00:00+00:00,44766.4,44859.3,44676.0,44806.4,55314,26,0
2025-08-21 20:00:00+00:00,44807.3,44872.3,44797.1,44867.1,4282,26,0
2025-08-22 00:00:00+00:00,44866.1,44883.2,44794.9,44806.3,7771,27,0
2025-08-22 04:00:00+00:00,44807.2,44859.8,44688.9,44856.8,9469,26,0
2025-08-22 08:00:00+00:00,44856.4,44959.7,44849.9,44920.4,9312,25,0
2025-08-22 12:00:00+00:00,44920.4,45764.4,44917.6,45726.3,109719,26,0
2025-08-22 16:00:00+00:00,45727.3,45785.3,45617.1,45660.8,60733,26,0
2025-08-22 20:00:00+00:00,45660.0,45698.4,45651.2,45670.0,2403,25,0
2025-08-24 20:00:00+00:00,45694.6,45705.8,45657.5,45674.8,3912,18,0
2025-08-25 00:00:00+00:00,45675.7,45690.9,45589.4,45622.4,5353,17,0
2025-08-25 04:00:00+00:00,45621.5,45669.7,45600.3,45612.2,5793,17,0
2025-08-25 08:00:00+00:00,45611.5,45612.3,45556.6,45570.4,6443,17,0
2025-08-25 12:00:00+00:00,45570.3,45618.3,45399.4,45430.5,60234,10,0
2025-08-25 16:00:00+00:00,45429.6,45460.9,45296.8,45303.7,32285,10,0
2025-08-25 20:00:00+00:00,45304.2,45370.7,45292.4,45354.3,4254,10,0
2025-08-26 00:00:00+00:00,45353.5,45377.6,45157.3,45245.7,26026,17,0
2025-08-26 04:00:00+00:00,45245.3,45302.9,45134.4,45203.3,18964,17,0
2025-08-26 08:00:00+00:00,45203.7,45268.6,45185.5,45254.1,15220,17,0
2025-08-26 12:00:00+00:00,45253.8,45344.3,45220.6,45290.4,67771,10,0
2025-08-26 16:00:00+00:00,45289.8,45462.4,45276.7,45435.3,41018,10,0
2025-08-26 20:00:00+00:00,45434.8,45493.0,45425.4,45463.5,4387,10,0
2025-08-27 00:00:00+00:00,45464.0,45493.8,45449.8,45490.9,2608,17,0
2025-08-27 04:00:00+00:00,45491.8,45495.7,45421.3,45464.0,5384,17,0
2025-08-27 08:00:00+00:00,45463.6,45502.5,45426.4,45466.3,8199,17,0
2025-08-27 12:00:00+00:00,45466.0,45599.2,45407.6,45550.7,54081,10,0
2025-08-27 16:00:00+00:00,45551.3,45660.4,45512.9,45600.7,35296,10,0
2025-08-27 20:00:00+00:00,45599.9,45645.9,45469.1,45591.3,18461,10,0
2025-08-28 00:00:00+00:00,45590.5,45704.7,45555.4,45696.4,6284,17,0
2025-08-28 04:00:00+00:00,45695.5,45770.4,45657.4,45769.9,8620,17,0
2025-08-28 08:00:00+00:00,45769.4,45769.4,45647.6,45674.8,10075,17,0
2025-08-28 12:00:00+00:00,45674.4,45692.9,45470.7,45587.3,87039,10,0
2025-08-28 16:00:00+00:00,45586.7,45712.3,45580.6,45672.7,39329,10,0
2025-08-28 20:00:00+00:00,45673.2,45699.2,45580.3,45606.3,5977,10,0
2025-08-29 00:00:00+00:00,45606.9,45632.7,45586.5,45593.9,3367,17,0
2025-08-29 04:00:00+00:00,45594.8,45599.9,45540.3,45542.7,6027,17,0
2025-08-29 08:00:00+00:00,45542.4,45551.0,45476.0,45513.5,12475,17,0
2025-08-29 12:00:00+00:00,45512.7,45644.3,45386.6,45450.1,101603,10,0
2025-08-29 16:00:00+00:00,45449.7,45599.1,45447.0,45569.7,54145,10,0
2025-08-29 20:00:00+00:00,45569.9,45597.4,45566.1,45596.8,4034,10,0
2025-08-31 20:00:00+00:00,45644.1,45710.7,45607.6,45688.3,2821,18,0
2025-09-01 00:00:00+00:00,45688.9,45729.1,45543.5,45580.9,7903,17,0
2025-09-01 04:00:00+00:00,45580.3,45609.5,45531.6,45598.8,12883,17,0
2025-09-01 08:00:00+00:00,45599.5,45662.5,45544.8,45554.5,10822,17,0
2025-09-01 12:00:00+00:00,45554.0,45639.4,45509.6,45606.7,11858,10,0
2025-09-01 16:00:00+00:00,45607.2,45625.3,45573.5,45615.4,1476,10,0
2025-09-01 20:00:00+00:00,45585.1,45615.9,45515.6,45546.6,2448,18,0
2025-09-02 00:00:00+00:00,45546.9,45601.7,45517.4,45560.9,6141,17,0
2025-09-02 04:00:00+00:00,45561.8,45575.9,45265.3,45281.4,22530,17,0
2025-09-02 08:00:00+00:00,45281.9,45416.9,45272.5,45310.0,28676,17,0
2025-09-02 12:00:00+00:00,45309.5,45321.3,44971.7,45031.7,149008,10,0
2025-09-02 16:00:00+00:00,45030.9,45334.4,45009.8,45327.3,81325,10,0
2025-09-02 20:00:00+00:00,45326.7,45367.2,45239.4,45243.9,14645,10,0
2025-09-03 00:00:00+00:00,45243.4,45251.9,45168.7,45188.9,5447,17,0
2025-09-03 04:00:00+00:00,45188.4,45273.8,45136.5,45262.4,12143,17,0
2025-09-03 08:00:00+00:00,45262.9,45356.8,45261.3,45297.4,14341,17,0
2025-09-03 12:00:00+00:00,45297.9,45341.4,45107.8,45170.7,105415,10,0
2025-09-03 16:00:00+00:00,45169.9,45294.2,45008.7,45285.1,78286,10,0
2025-09-03 20:00:00+00:00,45285.3,45303.8,45193.5,45204.5,7902,10,0
2025-09-04 00:00:00+00:00,45203.6,45292.0,45196.4,45234.7,8688,17,0
2025-09-04 04:00:00+00:00,45235.0,45298.9,45216.3,45274.1,11096,17,0
2025-09-04 08:00:00+00:00,45273.1,45320.5,45230.4,45247.0,11779,17,0
2025-09-04 12:00:00+00:00,45247.4,45535.2,45205.7,45508.9,74118,10,0
2025-09-04 16:00:00+00:00,45509.3,45683.9,45486.6,45658.9,36371,10,0
2025-09-04 20:00:00+00:00,45659.8,45691.7,45643.2,45668.5,5784,10,0
2025-09-05 00:00:00+00:00,45669.0,45697.9,45663.4,45679.9,2979,17,0
2025-09-05 04:00:00+00:00,45680.8,45742.6,45652.4,45688.1,6810,17,0
2025-09-05 08:00:00+00:00,45688.1,45692.7,45584.9,45584.9,6735,17,0
2025-09-05 12:00:00+00:00,45585.4,45805.4,45227.7,45370.4,184559,10,0
2025-09-05 16:00:00+00:00,45371.1,45488.7,45289.9,45441.2,110438,10,0
2025-09-05 20:00:00+00:00,45440.7,45444.3,45401.4,45436.7,3108,10,0
2025-09-07 20:00:00+00:00,45455.4,45551.8,45398.7,45537.5,5638,18,0
2025-09-08 00:00:00+00:00,45538.0,45552.9,45453.4,45496.6,5954,17,0
2025-09-08 04:00:00+00:00,45495.6,45570.8,45453.6,45523.0,8801,17,0
2025-09-08 08:00:00+00:00,45523.1,45551.3,45494.0,45497.9,9677,17,0
2025-09-08 12:00:00+00:00,45498.4,45561.2,45315.7,45493.3,77648,10,0
2025-09-08 16:00:00+00:00,45494.1,45577.2,45354.4,45566.3,52257,10,0
2025-09-08 20:00:00+00:00,45565.7,45635.9,45549.2,45608.9,4944,10,0
2025-09-09 00:00:00+00:00,45609.7,45632.7,45558.6,45624.4,4337,17,0
2025-09-09 04:00:00+00:00,45624.9,45666.3,45578.4,45604.2,7238,17,0
2025-09-09 08:00:00+00:00,45603.8,45646.4,45551.2,45629.0,10723,17,0
2025-09-09 12:00:00+00:00,45629.4,45735.1,45477.4,45602.3,90812,10,0
2025-09-09 16:00:00+00:00,45601.7,45813.9,45570.6,45759.0,44907,10,0
2025-09-09 20:00:00+00:00,45759.8,45764.6,45650.4,45662.3,8069,10,0
2025-09-10 00:00:00+00:00,45661.5,45724.9,45655.4,45714.5,4387,17,0
2025-09-10 04:00:00+00:00,45714.9,45754.4,45682.4,45726.9,6996,17,0
2025-09-10 08:00:00+00:00,45726.5,45749.3,45622.3,45689.9,12312,17,0
2025-09-10 12:00:00+00:00,45689.5,45848.4,45414.3,45538.7,103020,10,0
2025-09-10 16:00:00+00:00,45539.3,45592.3,45421.7,45533.6,63304,10,0
2025-09-10 20:00:00+00:00,45533.1,45598.5,45498.4,45569.7,5271,10,0
2025-09-11 00:00:00+00:00,45568.6,45591.1,45536.4,45574.4,4459,17,0
2025-09-11 04:00:00+00:00,45573.5,45601.1,45520.4,45591.6,8659,17,0
2025-09-11 08:00:00+00:00,45590.7,45646.3,45565.4,45619.4,8319,17,0
2025-09-11 12:00:00+00:00,45618.6,46146.7,45532.6,46098.4,91662,10,0
2025-09-11 16:00:00+00:00,46098.9,46189.6,46089.4,46148.3,42471,10,0
2025-09-11 20:00:00+00:00,46148.4,46181.3,46135.9,46162.9,4916,10,0
2025-09-12 00:00:00+00:00,46162.3,46178.9,46127.5,46167.3,3349,17,0
2025-09-12 04:00:00+00:00,46167.8,46176.8,46075.3,46084.9,5924,17,0
2025-09-12 08:00:00+00:00,46085.3,46094.4,46029.9,46045.8,7934,17,0
2025-09-12 12:00:00+00:00,46046.3,46114.8,45926.3,45957.2,53176,10,0
2025-09-12 16:00:00+00:00,45957.8,45998.1,45841.7,45867.2,47019,10,0
2025-09-12 20:00:00+00:00,45866.8,45887.9,45853.7,45869.5,3691,10,0
2025-09-14 20:00:00+00:00,45876.8,45892.4,45849.5,45868.9,1689,18,0
2025-09-15 00:00:00+00:00,45869.8,45902.9,45840.6,45887.3,3678,17,0
2025-09-15 04:00:00+00:00,45886.5,45953.9,45885.4,45949.5,4846,17,0
2025-09-15 08:00:00+00:00,45949.3,45980.7,45870.3,45949.9,12116,17,0
2025-09-15 12:00:00+00:00,45950.7,46023.4,45809.7,45850.0,62435,10,0
2025-09-15 16:00:00+00:00,45850.3,45947.3,45828.1,45937.7,46135,10,0
2025-09-15 20:00:00+00:00,45938.2,45940.2,45885.5,45924.5,4838,10,0
2025-09-16 00:00:00+00:00,45924.9,45972.7,45898.4,45965.9,3382,17,0
2025-09-16 04:00:00+00:00,45965.4,45987.9,45926.4,45976.8,6327,17,0
2025-09-16 08:00:00+00:00,45976.4,45979.5,45918.4,45930.4,9433,17,0
2025-09-16 12:00:00+00:00,45930.6,46012.0,45703.8,45802.3,68333,10,0
2025-09-16 16:00:00+00:00,45801.7,45856.4,45758.3,45808.4,39738,10,0
2025-09-16 20:00:00+00:00,45808.9,45853.8,45807.1,45840.5,3867,10,0
2025-09-17 00:00:00+00:00,45839.6,45851.7,45753.4,45770.9,3553,17,0
2025-09-17 04:00:00+00:00,45771.7,45816.2,45753.6,45803.3,5596,12,0
2025-09-17 08:00:00+00:00,45803.3,45833.3,45753.7,45820.6,14549,12,0
2025-09-17 12:00:00+00:00,45820.5,46153.0,45815.4,46149.5,62099,7,0
2025-09-17 16:00:00+00:00,46148.7,46319.5,45715.7,46054.3,280836,7,0
2025-09-17 20:00:00+00:00,46053.8,46214.5,46029.8,46184.9,9083,7,0
2025-09-18 00:00:00+00:00,46185.7,46213.9,46132.3,46188.4,5000,17,0
2025-09-18 04:00:00+00:00,46188.9,46287.0,46142.4,46279.2,10357,12,0
2025-09-18 08:00:00+00:00,46279.3,46410.0,46253.6,46306.7,19250,12,0
2025-09-18 12:00:00+00:00,46307.4,46367.2,45981.9,46148.6,120756,7,0
2025-09-18 16:00:00+00:00,46148.4,46333.0,46130.9,46198.3,64425,7,0
2025-09-18 20:00:00+00:00,46197.8,46302.6,46185.9,46282.9,6379,7,0
2025-09-19 00:00:00+00:00,46282.3,46304.6,46220.4,46253.9,8093,17,0
2025-09-19 04:00:00+00:00,46254.7,46257.8,46092.2,46175.2,18949,12,0
2025-09-19 08:00:00+00:00,46176.0,46230.5,46153.7,46227.7,15060,12,0
2025-09-19 12:00:00+00:00,46227.2,46380.2,46130.8,46206.4,91204,7,0
2025-09-19 16:00:00+00:00,46205.9,46434.5,46198.9,46347.4,46439,7,0
2025-09-19 20:00:00+00:00,46346.9,46357.3,46301.2,46313.0,4421,7,0
2025-09-21 20:00:00+00:00,46311.6,46345.8,46284.5,46288.8,2329,18,0
2025-09-22 00:00:00+00:00,46288.3,46321.9,46253.6,46314.9,5364,17,0
2025-09-22 04:00:00+00:00,46314.4,46321.9,46174.1,46220.7,9620,12,0
2025-09-22 08:00:00+00:00,46220.5,46265.0,46176.7,46206.4,13043,12,0
2025-09-22 12:00:00+00:00,46205.9,46435.2,46072.9,46387.5,58108,7,0
2025-09-22 16:00:00+00:00,46388.1,46498.2,46360.7,46433.1,38428,7,0
2025-09-22 20:00:00+00:00,46432.6,46452.0,46396.5,46436.9,3724,7,0
2025-09-23 00:00:00+00:00,46437.7,46468.9,46424.4,46441.9,3422,17,0
2025-09-23 04:00:00+00:00,46441.4,46475.7,46413.4,46447.1,7606,12,0
2025-09-23 08:00:00+00:00,46446.6,46511.2,46430.7,46486.5,9347,12,0
2025-09-23 12:00:00+00:00,46486.7,46763.6,46457.2,46458.2,62696,7,0
2025-09-23 16:00:00+00:00,46458.8,46504.8,46255.0,46346.2,85141,7,0
2025-09-23 20:00:00+00:00,46345.4,46396.8,46335.5,46376.8,4015,7,0
2025-09-24 00:00:00+00:00,46376.3,46399.6,46339.4,46399.2,5143,17,0
2025-09-24 04:00:00+00:00,46398.4,46448.9,46341.1,46411.6,7576,12,0
2025-09-24 08:00:00+00:00,46412.1,46413.0,46334.6,46384.8,9863,12,0
2025-09-24 12:00:00+00:00,46384.5,46508.2,46170.1,46189.9,73154,7,0
2025-09-24 16:00:00+00:00,46190.4,46265.4,46132.0,46153.3,68121,7,0
2025-09-24 20:00:00+00:00,46152.8,46219.1,46152.8,46215.9,4356,7,0
2025-09-25 00:00:00+00:00,46216.7,46262.0,46208.6,46259.5,3229,17,0
2025-09-25 04:00:00+00:00,46259.9,46263.9,46108.7,46175.5,9241,12,0
2025-09-25 08:00:00+00:00,46175.4,46220.3,46078.6,46090.7,20253,12,0
2025-09-25 12:00:00+00:00,46089.9,46168.4,45926.9,46094.5,128935,7,0
2025-09-25 16:00:00+00:00,46093.9,46113.2,45823.9,45996.0,102265,7,0
2025-09-25 20:00:00+00:00,45996.4,46050.0,45977.5,45994.4,7076,7,0
2025-09-26 00:00:00+00:00,45993.5,46049.9,45975.6,46007.4,7696,17,0
2025-09-26 04:00:00+00:00,46006.5,46113.9,45965.4,46097.2,14297,12,0
2025-09-26 08:00:00+00:00,46096.7,46122.9,46030.9,46067.2,18495,12,0
2025-09-26 12:00:00+00:00,46066.7,46400.5,46059.8,46137.8,145988,7,0
2025-09-26 16:00:00+00:00,46138.2,46378.4,46126.7,46280.5,68322,7,0
2025-09-26 20:00:00+00:00,46280.2,46337.8,46278.5,46296.3,3521,7,0
2025-09-28 20:00:00+00:00,46311.6,46370.0,46308.9,46354.9,3145,18,0
2025-09-29 00:00:00+00:00,46355.7,46430.9,46341.5,46419.9,5900,17,0
2025-09-29 04:00:00+00:00,46419.4,46493.2,46406.5,46466.5,8460,12,0
2025-09-29 08:00:00+00:00,46466.7,46537.5,46437.7,46471.8,13043,12,0
2025-09-29 12:00:00+00:00,46472.2,46519.6,46192.0,46233.4,86319,7,0
2025-09-29 16:00:00+00:00,46232.9,46389.1,46197.1,46365.5,52368,7,0
2025-09-29 20:00:00+00:00,46366.1,46382.7,46321.2,46354.7,4131,7,0
2025-09-30 00:00:00+00:00,46354.3,46382.9,46322.4,46358.9,7110,17,0
2025-09-30 04:00:00+00:00,46359.7,46365.9,46236.1,46289.1,13359,12,0
2025-09-30 08:00:00+00:00,46287.6,46287.6,46209.6,46266.6,16485,12,0
2025-09-30 12:00:00+00:00,46266.2,46428.5,46149.1,46244.4,102216,7,0
2025-09-30 16:00:00+00:00,46244.6,46476.4,46182.9,46442.4,74203,7,0
2025-09-30 20:00:00+00:00,46441.9,46452.8,46345.7,46392.8,11491,7,0
2025-10-01 00:00:00+00:00,46393.7,46401.7,46245.3,46260.4,7936,17,0
2025-10-01 04:00:00+00:00,46260.9,46278.7,46098.7,46145.5,18783,12,0
2025-10-01 08:00:00+00:00,46144.9,46322.8,46120.5,46319.6,19413,12,0
2025-10-01 12:00:00+00:00,46318.9,46577.4,46250.5,46513.8,97532,7,0
2025-10-01 16:00:00+00:00,46514.4,46560.3,46377.9,46485.4,45154,7,0
2025-10-01 20:00:00+00:00,46484.9,46491.8,46443.4,46476.3,5602,7,0
2025-10-02 00:00:00+00:00,46476.8,46534.7,46449.5,46479.6,7017,17,0
2025-10-02 04:00:00+00:00,46478.6,46512.9,46448.6,46464.2,13535,12,0
2025-10-02 08:00:00+00:00,46465.0,46497.4,46426.8,46456.6,14309,12,0
2025-10-02 12:00:00+00:00,46457.0,46623.4,46312.9,46435.4,101534,7,0
2025-10-02 16:00:00+00:00,46434.9,46638.4,46390.9,46572.3,44774,7,0
2025-10-02 20:00:00+00:00,46572.5,46587.7,46535.4,46583.7,4275,7,0
2025-10-03 00:00:00+00:00,46583.3,46666.7,46560.4,46659.4,4345,17,0
2025-10-03 04:00:00+00:00,46658.5,46698.0,46635.5,46689.5,6274,12,0
2025-10-03 08:00:00+00:00,46690.0,46726.1,46627.6,46656.9,9762,12,0
2025-10-03 12:00:00+00:00,46656.6,47039.4,46597.0,47015.5,71646,7,0
2025-10-03 16:00:00+00:00,47016.3,47090.4,46787.9,46804.4,95944,7,0
2025-10-03 20:00:00+00:00,46805.3,46818.5,46784.7,46814.1,3586,7,0
2025-10-05 20:00:00+00:00,46848.1,46936.6,46835.2,46898.3,4727,18,0
2025-10-06 00:00:00+00:00,46898.9,46912.9,46834.9,46903.6,5646,17,0
2025-10-06 04:00:00+00:00,46904.0,46940.8,46829.4,46864.6,11476,12,0
2025-10-06 08:00:00+00:00,46865.5,46931.0,46861.2,46929.6,12732,12,0
2025-10-06 12:00:00+00:00,46929.2,46936.6,46472.8,46709.5,76804,7,0
2025-10-06 16:00:00+00:00,46708.7,46797.2,46649.2,46736.5,39531,7,0
2025-10-06 20:00:00+00:00,46736.3,46763.8,46656.3,46671.7,4896,7,0
2025-10-07 00:00:00+00:00,46671.3,46689.6,46638.4,46651.3,4741,17,0
2025-10-07 04:00:00+00:00,46651.9,46678.6,46609.3,46626.6,9339,12,0
2025-10-07 08:00:00+00:00,46627.1,46789.3,46591.8,46756.8,13573,12,0
2025-10-07 12:00:00+00:00,46756.2,46917.5,46546.9,46559.4,107265,7,0
2025-10-07 16:00:00+00:00,46558.9,46644.4,46481.1,46635.9,77828,7,0
2025-10-07 20:00:00+00:00,46635.7,46687.8,46612.4,46623.3,5224,7,0
2025-10-08 00:00:00+00:00,46622.5,46702.7,46606.4,46692.9,6720,17,0
2025-10-08 04:00:00+00:00,46692.4,46732.4,46636.5,46717.1,9402,12,0
2025-10-08 08:00:00+00:00,46716.7,46771.7,46669.4,46760.2,9152,12,0
2025-10-08 12:00:00+00:00,46759.8,46874.0,46542.2,46840.1,63286,7,0
2025-10-08 16:00:00+00:00,46839.6,46856.0,46643.9,46662.9,39414,7,0
2025-10-08 20:00:00+00:00,46662.0,46729.7,46650.8,46701.9,4770,7,0
2025-10-09 00:00:00+00:00,46701.3,46710.9,46586.3,46607.9,6669,17,0
2025-10-09 04:00:00+00:00,46608.7,46688.9,46604.5,46654.1,9622,12,0
2025-10-09 08:00:00+00:00,46654.0,46700.1,46641.3,46662.7,10560,12,0
2025-10-09 12:00:00+00:00,46662.8,46729.4,46400.9,46482.9,93769,7,0
2025-10-09 16:00:00+00:00,46483.4,46518.4,46301.9,46396.8,76688,7,0
2025-10-09 20:00:00+00:00,46397.4,46446.9,46378.9,46445.8,5446,7,0
2025-10-10 00:00:00+00:00,46445.3,46463.0,46413.3,46434.4,4409,17,0
2025-10-10 04:00:00+00:00,46434.9,46472.7,46386.4,46449.6,12348,12,0
2025-10-10 08:00:00+00:00,46449.1,46456.7,46382.1,46451.7,14258,12,0
2025-10-10 12:00:00+00:00,46451.2,46676.3,45782.7,45888.4,314564,7,0
2025-10-10 16:00:00+00:00,45888.6,45970.8,45482.8,45501.9,318027,7,0
2025-10-10 20:00:00+00:00,45501.0,45579.7,45218.5,45247.2,22886,7,0
2025-10-12 20:00:00+00:00,45876.1,45966.5,45786.1,45876.4,24056,18,0
2025-10-13 00:00:00+00:00,45876.2,45955.7,45811.5,45903.3,22374,17,0
2025-10-13 04:00:00+00:00,45902.5,46080.0,45891.5,46022.4,22184,12,0
2025-10-13 08:00:00+00:00,46022.4,46072.3,45813.5,45867.0,44292,12,0
2025-10-13 12:00:00+00:00,45866.6,46165.6,45821.5,46102.1,184459,7,0
2025-10-13 16:00:00+00:00,46102.4,46204.4,46008.7,46116.0,79433,7,0
2025-10-13 20:00:00+00:00,46116.5,46170.6,46088.7,46136.7,8228,7,0
2025-10-14 00:00:00+00:00,46135.6,46290.8,46117.2,46143.9,20145,17,0
2025-10-14 04:00:00+00:00,46144.7,46153.7,45755.6,45867.0,70005,12,0
2025-10-14 08:00:00+00:00,45867.2,45952.1,45716.5,45852.6,66125,12,0
2025-10-14 12:00:00+00:00,45853.1,46314.5,45491.8,46287.1,195685,7,0
2025-10-14 16:00:00+00:00,46287.4,46567.2,46218.7,46326.7,148996,7,0
2025-10-14 20:00:00+00:00,46326.4,46406.8,46251.8,46346.3,12928,8,0
2025-10-15 00:00:00+00:00,46344.8,46427.6,46315.4,46393.3,14692,17,0
2025-10-15 04:00:00+00:00,46393.9,46489.9,46388.5,46466.5,16752,12,0
2025-10-15 08:00:00+00:00,46465.9,46570.3,46453.5,46560.1,20381,12,0
2025-10-15 12:00:00+00:00,46560.4,46745.2,46346.0,46418.9,133767,7,0
2025-10-15 16:00:00+00:00,46419.4,46483.3,46066.9,46324.9,186462,7,0
2025-10-15 20:00:00+00:00,46324.0,46431.8,46276.1,46353.5,12729,7,0
2025-10-16 00:00:00+00:00,46353.9,46369.9,46297.6,46306.4,14924,17,0
2025-10-16 04:00:00+00:00,46306.9,46450.8,46299.4,46420.6,20393,12,0
2025-10-16 08:00:00+00:00,46420.4,46539.2,46388.5,46422.1,20297,12,0
2025-10-16 12:00:00+00:00,46421.6,46470.7,46216.2,46252.8,196291,7,0
2025-10-16 16:00:00+00:00,46252.1,46299.6,45820.8,46003.2,353497,7,0
2025-10-16 20:00:00+00:00,46002.8,46025.2,45868.3,45934.0,21432,7,0
2025-10-17 00:00:00+00:00,45934.3,45965.7,45842.5,45880.5,22036,17,0
2025-10-17 04:00:00+00:00,45880.9,45890.7,45447.5,45553.6,65622,12,0
2025-10-17 08:00:00+00:00,45553.7,46028.5,45478.6,45979.2,102075,12,0
2025-10-17 12:00:00+00:00,45978.7,46264.1,45941.8,46169.6,292754,7,0
2025-10-17 16:00:00+00:00,46169.1,46362.6,46051.4,46226.8,138093,7,0
2025-10-17 20:00:00+00:00,46226.1,46289.0,46220.9,46273.0,2890,7,0
2025-10-19 20:00:00+00:00,46339.6,46359.1,46217.6,46236.1,7750,18,0
2025-10-20 00:00:00+00:00,46234.7,46346.8,46166.3,46334.4,17602,17,0
2025-10-20 04:00:00+00:00,46334.9,46433.9,46328.6,46392.9,15711,12,0
2025-10-20 08:00:00+00:00,46393.8,46395.1,46259.3,46330.5,24196,12,0
2025-10-20 12:00:00+00:00,46329.8,46683.2,46302.6,46586.0,104751,7,0
2025-10-20 16:00:00+00:00,46586.4,46809.4,46577.7,46757.9,49565,7,0
2025-10-20 20:00:00+00:00,46757.0,46816.6,46734.8,46773.5,6334,7,0
2025-10-21 00:00:00+00:00,46773.9,46815.7,46759.5,46767.9,7346,17,0
2025-10-21 04:00:00+00:00,46768.7,46770.9,46672.5,46698.6,13242,12,0
2025-10-21 08:00:00+00:00,46698.5,46801.6,46664.2,46784.3,16243,12,0
2025-10-21 12:00:00+00:00,46784.4,47187.4,46726.6,47056.9,111664,7,0
2025-10-21 16:00:00+00:00,47054.7,47131.4,46973.9,46981.1,77001,7,0
2025-10-21 20:00:00+00:00,46980.6,47015.8,46964.4,46968.8,10414,7,0
2025-10-22 00:00:00+00:00,46969.7,47006.6,46939.4,47001.5,8912,17,0
2025-10-22 04:00:00+00:00,47001.9,47053.9,46984.1,47015.5,13588,12,0
2025-10-22 08:00:00+00:00,47015.9,47018.9,46934.8,46950.6,20509,12,0
2025-10-22 12:00:00+00:00,46950.8,47014.2,46776.9,46846.9,141961,7,0
2025-10-22 16:00:00+00:00,46847.4,46860.2,46494.7,46627.9,214088,7,0
2025-10-22 20:00:00+00:00,46628.4,46683.5,46513.4,46519.7,10017,8,0
2025-10-23 00:00:00+00:00,46519.3,46635.9,46455.4,46597.3,13286,17,0
2025-10-23 04:00:00+00:00,46597.9,46619.2,46545.7,46603.1,15097,12,0
2025-10-23 08:00:00+00:00,46604.2,46613.9,46498.6,46541.7,23919,12,0
2025-10-23 12:00:00+00:00,46541.5,46762.9,46504.6,46666.0,107390,7,0
2025-10-23 16:00:00+00:00,46665.5,46852.5,46637.4,46781.5,53471,19,0
2025-10-23 20:00:00+00:00,46780.9,46782.3,46708.9,46774.4,6329,19,0
2025-10-24 00:00:00+00:00,46774.8,46833.6,46748.3,46830.8,5458,19,0
2025-10-24 04:00:00+00:00,46830.3,46890.8,46811.6,46817.3,7781,19,0
2025-10-24 08:00:00+00:00,46817.8,46874.8,46753.7,46864.8,10293,19,0
2025-10-24 12:00:00+00:00,46864.3,47369.1,46842.5,47323.6,97041,12,0
2025-10-24 16:00:00+00:00,47324.2,47358.5,47221.8,47260.3,41067,19,0
2025-10-24 20:00:00+00:00,47259.4,47281.2,47239.9,47243.3,2783,19,0
2025-10-26 20:00:00+00:00,47563.7,47638.2,47516.6,47534.9,5815,19,0
2025-10-27 00:00:00+00:00,47534.3,47564.7,47476.3,47538.2,7981,19,0
2025-10-27 04:00:00+00:00,47537.4,47611.0,47533.3,47577.0,6693,19,0
2025-10-27 08:00:00+00:00,47578.1,47582.6,47471.3,47475.7,10846,19,0
2025-10-27 12:00:00+00:00,47475.3,47578.8,47422.3,47511.3,66145,12,0
2025-10-27 16:00:00+00:00,47510.4,47612.8,47425.5,47584.8,30299,19,0
2025-10-27 20:00:00+00:00,47584.3,47644.3,47582.8,47598.8,5878,19,0
2025-10-28 00:00:00+00:00,47598.3,47625.6,47580.4,47596.4,6417,19,0
2025-10-28 04:00:00+00:00,47595.5,47606.7,47569.4,47579.2,7257,19,0
2025-10-28 08:00:00+00:00,47580.2,47775.7,47566.9,47768.1,14151,19,0
2025-10-28 12:00:00+00:00,47768.4,47967.9,47735.4,47766.8,77324,12,0
2025-10-28 16:00:00+00:00,47766.3,47996.8,47742.5,47768.3,57634,19,0
2025-10-28 20:00:00+00:00,47768.8,47794.8,47706.2,47737.4,7696,19,0
2025-10-29 00:00:00+00:00,47737.8,47748.5,47696.4,47727.2,7465,19,0
2025-10-29 04:00:00+00:00,47726.4,47765.3,47711.4,47756.8,5755,19,0
2025-10-29 08:00:00+00:00,47757.6,47890.5,47620.3,47846.2,17429,19,0
2025-10-29 12:00:00+00:00,47845.8,48097.7,47822.3,47980.1,79799,12,0
2025-10-29 16:00:00+00:00,47980.7,48071.8,47503.0,47706.2,176405,19,0
2025-10-29 20:00:00+00:00,47706.6,47758.8,47539.3,47650.3,12773,19,0
2025-10-30 00:00:00+00:00,47650.8,47817.7,47643.5,47768.5,18993,19,0
2025-10-30 04:00:00+00:00,47768.8,47774.9,47542.6,47673.7,49920,19,0
2025-10-30 08:00:00+00:00,47673.3,47681.5,47487.1,47535.0,26650,19,0
2025-10-30 12:00:00+00:00,47533.9,48076.6,47438.6,47899.2,166100,12,0
2025-10-30 16:00:00+00:00,47898.4,47949.7,47545.4,47555.3,104185,19,0
2025-10-30 20:00:00+00:00,47555.8,47706.8,47535.3,47639.2,24020,19,0
2025-10-31 00:00:00+00:00,47638.4,47676.7,47555.3,47602.2,10273,19,0
2025-10-31 04:00:00+00:00,47602.7,47638.4,47571.3,47633.3,8321,19,0
2025-10-31 08:00:00+00:00,47634.5,47657.7,47521.0,47643.4,12687,19,0
2025-10-31 12:00:00+00:00,47642.1,47719.8,47517.3,47551.2,103503,12,0
2025-10-31 16:00:00+00:00,47550.5,47760.8,47386.3,47609.2,110396,19,0
2025-10-31 20:00:00+00:00,47608.4,47614.2,47565.7,47609.6,4917,19,0
2025-11-02 20:00:00+00:00,47649.8,47756.8,47646.4,47740.5,2688,19,0
2025-11-03 00:00:00+00:00,47740.9,47783.6,47669.3,47695.2,8686,19,0
2025-11-03 04:00:00+00:00,47694.4,47711.0,47618.5,47626.8,8789,20,0
2025-11-03 08:00:00+00:00,47626.2,47746.0,47612.4,47666.3,14046,19,0
2025-11-03 12:00:00+00:00,47667.1,47694.5,47184.5,47410.3,85997,12,0
2025-11-03 16:00:00+00:00,47410.8,47495.8,47377.3,47400.7,67191,19,0
2025-11-03 20:00:00+00:00,47401.6,47427.8,47329.5,47348.9,19742,19,0
2025-11-04 00:00:00+00:00,47349.0,47354.7,47254.3,47273.8,13770,19,0
2025-11-04 04:00:00+00:00,47274.6,47281.7,47051.4,47084.8,26315,19,0
2025-11-04 08:00:00+00:00,47085.6,47090.3,46901.9,47066.9,35081,19,0
2025-11-04 12:00:00+00:00,47067.5,47327.8,46935.3,47244.3,93165,11,0
2025-11-04 16:00:00+00:00,47244.8,47282.5,47031.6,47072.8,113619,19,0
2025-11-04 20:00:00+00:00,47073.6,47259.5,47063.3,47208.4,40402,19,0
2025-11-05 00:00:00+00:00,47209.1,47209.1,47007.2,47194.8,43250,18,0
2025-11-05 04:00:00+00:00,47194.9,47228.5,47141.3,47169.8,20284,19,0
2025-11-05 08:00:00+00:00,47170.7,47242.9,47075.2,47155.2,28696,19,0
2025-11-05 12:00:00+00:00,47155.6,47325.7,47089.6,47197.2,102346,12,0
2025-11-05 16:00:00+00:00,47197.6,47515.6,47100.3,47429.9,69011,19,0
2025-11-05 20:00:00+00:00,47430.4,47498.4,47346.2,47433.3,21875,19,0
2025-11-06 00:00:00+00:00,47433.8,47433.8,47301.3,47358.3,16709,19,0
2025-11-06 04:00:00+00:00,47357.4,47382.8,47281.4,47289.8,10331,19,0
2025-11-06 08:00:00+00:00,47291.3,47385.3,47246.2,47356.8,19965,19,0
2025-11-06 12:00:00+00:00,47356.3,47434.7,46949.5,47000.9,114321,12,0
2025-11-06 16:00:00+00:00,47001.6,47140.6,46830.5,47102.3,155128,19,0
2025-11-06 20:00:00+00:00,47102.8,47144.9,46942.3,47075.6,43280,19,0
2025-11-07 00:00:00+00:00,47075.3,47108.9,46943.3,46972.8,26690,18,0
2025-11-07 04:00:00+00:00,46973.6,47089.6,46920.3,47073.8,14482,19,0
2025-11-07 08:00:00+00:00,47072.6,47089.0,46811.8,46912.9,36960,19,0
2025-11-07 12:00:00+00:00,46913.6,46916.9,46688.3,46732.8,142014,12,0
2025-11-07 16:00:00+00:00,46731.8,47013.8,46527.8,47006.4,137024,19,0
2025-11-07 20:00:00+00:00,47006.2,47102.6,46878.4,47102.3,46600,19,0
2025-11-09 20:00:00+00:00,47180.3,47258.1,47155.2,47171.8,3415,19,0
2025-11-10 00:00:00+00:00,47171.3,47180.8,47094.5,47095.3,16939,19,0
2025-11-10 04:00:00+00:00,47094.4,47164.8,47088.3,47120.2,10219,19,0
2025-11-10 08:00:00+00:00,47121.5,47254.0,47086.5,47242.9,16818,19,0
2025-11-10 12:00:00+00:00,47243.3,47371.5,47042.4,47050.8,72018,12,0
2025-11-10 16:00:00+00:00,47050.3,47456.8,46981.3,47420.4,68658,19,0
2025-11-10 20:00:00+00:00,47419.5,47463.7,47385.3,47450.4,20198,19,0
2025-11-11 00:00:00+00:00,47450.2,47475.8,47411.4,47457.4,14691,18,0
2025-11-11 04:00:00+00:00,47456.4,47456.4,47395.4,47397.3,11142,19,0
2025-11-11 08:00:00+00:00,47399.8,47438.3,47371.2,47437.5,14417,19,0
2025-11-11 12:00:00+00:00,47437.8,47625.9,47417.0,47589.8,66850,12,0
2025-11-11 16:00:00+00:00,47589.3,48006.6,47569.3,47994.3,70722,19,0
2025-11-11 20:00:00+00:00,47994.8,48043.8,47954.3,47995.8,20077,19,0
2025-11-12 00:00:00+00:00,47996.6,48052.7,47988.5,48019.3,9909,19,0
2025-11-12 04:00:00+00:00,48019.1,48079.8,48002.3,48053.8,6946,19,0
2025-11-12 08:00:00+00:00,48055.3,48094.7,48029.8,48042.3,13367,19,0
2025-11-12 12:00:00+00:00,48041.5,48486.6,48032.3,48369.3,67464,12,0
2025-11-12 16:00:00+00:00,48369.8,48436.8,48275.5,48335.2,92314,19,0
2025-11-12 20:00:00+00:00,48334.4,48411.6,48256.2,48297.5,29508,19,0
2025-11-13 00:00:00+00:00,48298.5,48442.7,48297.3,48411.6,19234,19,0
2025-11-13 04:00:00+00:00,48410.4,48464.5,48400.5,48421.2,8309,19,0
2025-11-13 08:00:00+00:00,48421.7,48438.0,48264.5,48305.6,22937,19,0
2025-11-13 12:00:00+00:00,48305.2,48320.7,47955.2,47993.8,111307,12,0
2025-11-13 16:00:00+00:00,47993.3,48007.7,47497.5,47566.8,173614,19,0
2025-11-13 20:00:00+00:00,47566.3,47627.7,47464.4,47560.7,61920,19,0
2025-11-14 00:00:00+00:00,47560.3,47597.6,47512.5,47536.6,15627,18,0
2025-11-14 04:00:00+00:00,47537.6,47547.8,47389.1,47434.8,23968,19,0
2025-11-14 08:00:00+00:00,47435.6,47499.8,47222.3,47260.3,43851,19,0
2025-11-14 12:00:00+00:00,47260.8,47280.6,46893.3,47184.8,164576,12,0
2025-11-14 16:00:00+00:00,47184.5,47419.6,47112.4,47345.3,164330,19,0
2025-11-14 20:00:00+00:00,47345.8,47372.8,47150.2,47229.7,38589,19,0
2025-11-16 20:00:00+00:00,47188.3,47213.7,47078.7,47195.3,6565,19,0
2025-11-17 00:00:00+00:00,47194.4,47247.8,47133.3,47237.8,16136,19,0
2025-11-17 04:00:00+00:00,47238.6,47303.6,47221.3,47287.2,8551,19,0
2025-11-17 08:00:00+00:00,47287.8,47345.7,47161.2,47213.3,29511,19,0
2025-11-17 12:00:00+00:00,47213.1,47265.7,47056.2,47107.3,123170,12,0
2025-11-17 16:00:00+00:00,47107.8,47222.7,46523.4,46526.3,151915,19,0
2025-11-17 20:00:00+00:00,46525.5,46710.5,46478.2,46691.8,58556,19,0
2025-11-18 00:00:00+00:00,46692.6,46728.8,46566.4,46575.8,28091,18,0
2025-11-18 04:00:00+00:00,46575.3,46575.3,46350.4,46459.6,38869,19,0
2025-11-18 08:00:00+00:00,46460.6,46591.5,46378.2,46417.6,45259,19,0
2025-11-18 12:00:00+00:00,46417.3,46430.6,45999.2,46009.6,204055,11,0
2025-11-18 16:00:00+00:00,46009.3,46423.8,45961.2,46380.2,234119,19,0
2025-11-18 20:00:00+00:00,46380.7,46415.8,46071.3,46202.4,67330,19,0
2025-11-19 00:00:00+00:00,46202.8,46232.8,46093.5,46108.8,32802,18,0
2025-11-19 04:00:00+00:00,46109.6,46195.7,46033.4,46174.3,20743,19,0
2025-11-19 08:00:00+00:00,46172.7,46257.3,46098.5,46218.7,32267,19,0
2025-11-19 12:00:00+00:00,46217.7,46353.7,46034.3,46046.3,106647,11,0
2025-11-19 16:00:00+00:00,46046.8,46217.6,45952.3,46062.8,208662,19,0
2025-11-19 20:00:00+00:00,46062.6,46393.8,46046.2,46387.4,80924,19,0
2025-11-20 00:00:00+00:00,46387.8,46492.8,46362.3,46440.8,14376,18,0
2025-11-20 04:00:00+00:00,46441.6,46532.8,46431.2,46435.6,11402,19,0
2025-11-20 08:00:00+00:00,46435.2,46526.0,46358.8,46403.2,30635,19,0
2025-11-20 12:00:00+00:00,46403.6,46915.6,46357.1,46754.3,129971,12,0
2025-11-20 16:00:00+00:00,46754.7,46759.6,45780.5,46088.1,433429,19,0
2025-11-20 20:00:00+00:00,46087.6,46089.9,45753.5,45887.3,100570,19,0
2025-11-21 00:00:00+00:00,45887.8,46067.8,45869.4,46001.5,29886,18,0
2025-11-21 04:00:00+00:00,46001.8,46027.6,45812.2,45828.6,26596,19,0
2025-11-21 08:00:00+00:00,45829.6,46042.4,45798.5,45929.8,67525,19,0
2025-11-21 12:00:00+00:00,45929.3,46136.7,45816.6,45995.8,262452,11,0
2025-11-21 16:00:00+00:00,45995.4,46626.9,45878.3,46468.2,264717,19,0
2025-11-21 20:00:00+00:00,46468.6,46496.9,46261.6,46338.8,66090,19,0
2025-11-23 20:00:00+00:00,46509.5,46541.2,46450.1,46463.8,4312,19,0
2025-11-24 00:00:00+00:00,46463.3,46473.6,46366.4,46439.3,14999,19,0
2025-11-24 04:00:00+00:00,46438.4,46475.7,46376.4,46455.7,10690,19,0
2025-11-24 08:00:00+00:00,46453.2,46493.9,46212.2,46349.6,44842,19,0
2025-11-24 12:00:00+00:00,46349.3,46584.6,46149.3,46547.8,131546,19,0
2025-11-24 16:00:00+00:00,46547.3,46641.8,46451.3,46494.6,70351,19,0
2025-11-24 20:00:00+00:00,46494.3,46570.4,46464.2,46488.4,27572,19,0
2025-11-25 00:00:00+00:00,46487.4,46490.8,46410.3,46417.8,10791,19,0
2025-11-25 04:00:00+00:00,46418.6,46494.8,46417.3,46467.2,7353,19,0
2025-11-25 08:00:00+00:00,46466.4,46489.6,46402.3,46443.7,22782,19,0
2025-11-25 12:00:00+00:00,46443.3,46912.6,46384.5,46807.2,139623,19,0
2025-11-25 16:00:00+00:00,46807.7,47135.6,46781.3,47114.2,83591,19,0
2025-11-25 20:00:00+00:00,47114.8,47237.6,47114.4,47213.7,21152,19,0
2025-11-26 00:00:00+00:00,47214.9,47278.6,47194.2,47257.3,8194,19,0
2025-11-26 04:00:00+00:00,47256.4,47318.6,47239.3,47295.5,5305,19,0
2025-11-26 08:00:00+00:00,47296.5,47311.9,47205.3,47218.3,17270,19,0
2025-11-26 12:00:00+00:00,47217.4,47478.8,47170.3,47476.8,79278,19,0
2025-11-26 16:00:00+00:00,47476.9,47625.8,47464.3,47552.8,63787,19,0
2025-11-26 20:00:00+00:00,47552.3,47589.8,47475.3,47487.2,18284,19,0
2025-11-27 00:00:00+00:00,47487.7,47537.6,47480.4,47514.8,5986,19,0
2025-11-27 04:00:00+00:00,47514.3,47532.6,47479.2,47502.8,3380,19,0
2025-11-27 08:00:00+00:00,47502.3,47526.7,47445.0,47479.4,9393,19,0
2025-11-27 12:00:00+00:00,47479.2,47521.7,47454.6,47485.5,7150,19,0
2025-11-27 16:00:00+00:00,47485.1,47498.5,47458.2,47481.7,2118,21,0
2025-11-27 20:00:00+00:00,47501.9,47567.7,47497.7,47565.0,1060,21,0
2025-11-28 00:00:00+00:00,47565.0,47585.9,47541.0,47551.1,1803,21,0
2025-11-28 12:00:00+00:00,47543.8,47775.7,47471.8,47760.3,17429,19,0
2025-11-28 16:00:00+00:00,47759.4,47804.8,47699.1,47751.3,25820,19,0
2025-11-30 20:00:00+00:00,47767.9,47790.4,47691.2,47719.2,3937,21,0
2025-12-01 00:00:00+00:00,47719.7,47730.5,47531.2,47551.8,19123,19,0
2025-12-01 04:00:00+00:00,47551.3,47551.8,47470.7,47513.3,8233,19,0
2025-12-01 08:00:00+00:00,47513.8,47593.9,47485.7,47568.1,19126,19,0
2025-12-01 12:00:00+00:00,47568.5,47727.8,47383.2,47545.3,82508,19,0
2025-12-01 16:00:00+00:00,47545.8,47624.8,47387.5,47409.8,71724,19,0
2025-12-01 20:00:00+00:00,47409.3,47467.6,47307.2,47319.3,27536,19,0
2025-12-02 00:00:00+00:00,47319.8,47357.5,47268.5,47311.6,9237,19,0
2025-12-02 04:00:00+00:00,47311.9,47328.5,47260.3,47303.8,5849,19,0
2025-12-02 08:00:00+00:00,47301.9,47430.4,47256.5,47390.8,14739,19,0
2025-12-02 12:00:00+00:00,47390.6,47613.8,47315.2,47606.8,71233,19,0
2025-12-02 16:00:00+00:00,47607.6,47656.8,47365.5,47561.8,107546,19,0
2025-12-02 20:00:00+00:00,47562.6,47647.9,47518.4,47588.6,19330,19,0
2025-12-03 00:00:00+00:00,47588.1,47661.9,47539.4,47657.2,7351,19,0
2025-12-03 04:00:00+00:00,47656.4,47664.8,47601.5,47624.4,4449,19,0
2025-12-03 08:00:00+00:00,47624.8,47653.9,47590.4,47604.4,13093,19,0
2025-12-03 12:00:00+00:00,47602.9,47766.5,47420.2,47714.8,98231,19,0
2025-12-03 16:00:00+00:00,47714.3,48006.8,47702.3,47978.8,66013,19,0
2025-12-03 20:00:00+00:00,47979.6,48073.4,47925.0,47992.6,19798,19,0
2025-12-04 00:00:00+00:00,47992.1,48015.5,47962.4,47985.4,5908,19,0
2025-12-04 04:00:00+00:00,47985.8,48020.5,47979.5,48006.3,4035,19,0
2025-12-04 08:00:00+00:00,48006.8,48010.4,47940.6,48000.5,12562,19,0
2025-12-04 12:00:00+00:00,48000.2,48119.5,47844.3,47935.3,79017,19,0
2025-12-04 16:00:00+00:00,47934.4,47998.8,47748.3,47860.4,81597,19,0
2025-12-04 20:00:00+00:00,47859.5,47923.2,47798.3,47888.3,23190,19,0
2025-12-05 00:00:00+00:00,47887.4,47970.7,47877.2,47936.2,6410,19,0
2025-12-05 04:00:00+00:00,47935.3,47955.2,47919.2,47936.1,4237,19,0
2025-12-05 08:00:00+00:00,47936.7,47987.9,47889.6,47951.1,10525,19,0
2025-12-05 12:00:00+00:00,47952.4,48179.8,47812.3,48050.7,58560,19,0
2025-12-05 16:00:00+00:00,48049.9,48101.6,47911.3,48064.8,77920,19,0
2025-12-05 20:00:00+00:00,48064.3,48065.6,47925.3,48004.9,17964,19,0
2025-12-07 20:00:00+00:00,48032.7,48033.7,47988.7,47997.2,1800,21,0
2025-12-08 00:00:00+00:00,47997.7,48016.8,47953.0,47999.3,6014,19,0
2025-12-08 04:00:00+00:00,47999.1,48040.8,47999.1,48016.3,3365,19,0
2025-12-08 08:00:00+00:00,48017.4,48024.8,47977.3,48007.4,10978,19,0
2025-12-08 12:00:00+00:00,48007.8,48062.0,47821.2,47827.1,42823,19,0
2025-12-08 16:00:00+00:00,47827.5,47887.8,47658.2,47726.2,67021,19,0
2025-12-08 20:00:00+00:00,47726.8,47831.5,47722.3,47831.1,18368,19,0
2025-12-09 00:00:00+00:00,47830.3,47830.3,47779.3,47808.8,6298,19,0
2025-12-09 04:00:00+00:00,47809.7,47830.7,47779.7,47822.7,4075,19,0
2025-12-09 08:00:00+00:00,47822.2,47868.9,47729.8,47842.5,16438,19,0
2025-12-09 12:00:00+00:00,47842.7,48009.6,47742.1,47921.3,64293,19,0
2025-12-09 16:00:00+00:00,47920.4,47987.8,47605.3,47669.8,65147,19,0
2025-12-09 20:00:00+00:00,47669.3,47687.8,47584.8,47599.2,17937,19,0
2025-12-10 00:00:00+00:00,47598.3,47638.6,47589.3,47621.8,5210,19,0
2025-12-10 04:00:00+00:00,47622.0,47662.5,47616.4,47631.2,3964,19,0
2025-12-10 08:00:00+00:00,47632.5,47663.0,47532.2,47587.3,16996,19,0
2025-12-10 12:00:00+00:00,47587.8,47803.8,47512.4,47743.8,64746,19,0
2025-12-10 16:00:00+00:00,47743.3,48169.5,47688.3,48158.3,112647,19,0
2025-12-10 20:00:00+00:00,48157.4,48256.7,48095.6,48168.9,42750,19,0
2025-12-11 00:00:00+00:00,48168.9,48174.4,47876.2,47934.4,17541,19,0
2025-12-11 04:00:00+00:00,47934.8,47964.5,47880.3,47948.2,10546,19,0
2025-12-11 08:00:00+00:00,47947.3,48093.8,47891.3,48088.8,20984,19,0
2025-12-11 12:00:00+00:00,48088.4,48616.8,48084.1,48605.3,97605,19,0
2025-12-11 16:00:00+00:00,48605.8,48804.6,48557.2,48793.5,86073,19,0
2025-12-11 20:00:00+00:00,48793.9,48903.2,48748.2,48825.2,22331,19,0
2025-12-12 00:00:00+00:00,48823.7,48893.7,48795.4,48882.2,7671,19,0
2025-12-12 04:00:00+00:00,48882.7,48901.7,48858.2,48881.2,5279,19,0
2025-12-12 08:00:00+00:00,48880.4,48947.9,48839.3,48861.0,16435,19,0
2025-12-12 12:00:00+00:00,48861.0,48960.4,48578.4,48600.2,86704,19,0
2025-12-12 16:00:00+00:00,48599.4,48678.7,48403.1,48562.3,147131,19,0
2025-12-12 20:00:00+00:00,48561.4,48603.9,48443.1,48572.7,30111,19,0
2025-12-14 20:00:00+00:00,48580.5,48601.5,48505.6,48595.5,2589,21,0
2025-12-15 00:00:00+00:00,48595.1,48682.7,48583.2,48667.2,8238,19,0
2025-12-15 04:00:00+00:00,48667.8,48707.6,48648.4,48665.2,6207,19,0
2025-12-15 08:00:00+00:00,48664.3,48786.5,48644.3,48772.1,13083,19,0
2025-12-15 12:00:00+00:00,48772.3,48807.0,48390.2,48473.6,80312,19,0
2025-12-15 16:00:00+00:00,48473.3,48567.8,48344.9,48520.2,94530,19,0
2025-12-15 20:00:00+00:00,48520.7,48542.5,48465.2,48499.5,23786,19,0
2025-12-16 00:00:00+00:00,48499.1,48516.7,48339.3,48396.3,22911,19,0
2025-12-16 04:00:00+00:00,48395.4,48412.7,48322.4,48367.5,11740,19,0
2025-12-16 08:00:00+00:00,48368.5,48491.3,48347.1,48487.7,19823,19,0
2025-12-16 12:00:00+00:00,48488.4,48594.3,48169.4,48341.7,117983,19,0
2025-12-16 16:00:00+00:00,48343.1,48359.8,47997.6,48106.1,129228,19,0
2025-12-16 20:00:00+00:00,48106.6,48275.9,48096.3,48113.4,32492,19,0
2025-12-17 00:00:00+00:00,48113.1,48163.6,48052.2,48127.7,20329,19,0
2025-12-17 04:00:00+00:00,48128.5,48207.7,48093.2,48172.2,9649,19,0
2025-12-17 08:00:00+00:00,48170.7,48285.8,48145.3,48266.3,19146,19,0
2025-12-17 12:00:00+00:00,48266.8,48436.6,48033.2,48064.2,106036,19,0
2025-12-17 16:00:00+00:00,48063.3,48141.9,47923.3,48014.9,141473,19,0
2025-12-17 20:00:00+00:00,48014.6,48029.9,47897.7,47930.7,31067,19,0
2025-12-18 00:00:00+00:00,47931.5,47976.7,47845.2,47876.6,22221,19,0
2025-12-18 04:00:00+00:00,47877.6,47918.8,47866.3,47911.8,10315,19,0
2025-12-18 08:00:00+00:00,47913.3,48077.8,47889.2,48071.9,16759,19,0
2025-12-18 12:00:00+00:00,48066.2,48429.7,47992.3,48361.8,104659,19,0
2025-12-18 16:00:00+00:00,48361.4,48425.6,47904.0,47984.6,138746,19,0
2025-12-18 20:00:00+00:00,47984.9,48147.8,47913.2,47964.6,36574,19,0
2025-12-19 00:00:00+00:00,47964.1,47976.5,47909.5,47944.8,14626,19,0
2025-12-19 04:00:00+00:00,47945.6,47963.5,47836.3,47960.4,10133,19,0
2025-12-19 08:00:00+00:00,47960.8,48091.7,47946.3,48015.3,19028,19,0
2025-12-19 12:00:00+00:00,48015.7,48341.5,47970.6,48255.3,77221,19,0
2025-12-19 16:00:00+00:00,48254.5,48330.6,48235.2,48255.2,55983,19,0
2025-12-19 20:00:00+00:00,48255.7,48270.7,48131.3,48196.7,21116,19,0
2025-12-21 20:00:00+00:00,48297.9,48306.2,48257.2,48282.1,1954,20,0
2025-12-22 00:00:00+00:00,48282.6,48285.7,48219.3,48222.8,6199,19,0
2025-12-22 04:00:00+00:00,48223.6,48259.7,48204.3,48252.3,3623,19,0
2025-12-22 08:00:00+00:00,48252.8,48266.8,48181.4,48203.5,12565,19,0
2025-12-22 12:00:00+00:00,48203.2,48438.3,48192.0,48371.3,65010,19,0
2025-12-22 16:00:00+00:00,48371.8,48509.7,48365.5,48444.2,37979,19,0
2025-12-22 20:00:00+00:00,48443.4,48462.5,48395.2,48412.6,10991,19,0
2025-12-23 00:00:00+00:00,48413.5,48441.8,48403.2,48406.8,4074,19,0
2025-12-23 04:00:00+00:00,48406.3,48407.8,48367.3,48391.3,3326,19,0
2025-12-23 08:00:00+00:00,48391.8,48458.2,48386.4,48401.8,6819,19,0
2025-12-23 12:00:00+00:00,48401.7,48522.5,48260.2,48494.6,47943,19,0
2025-12-23 16:00:00+00:00,48494.2,48583.7,48459.5,48492.3,26317,19,0
2025-12-23 20:00:00+00:00,48492.8,48519.8,48457.3,48467.2,9622,19,0
2025-12-24 00:00:00+00:00,48468.4,48486.8,48452.4,48465.3,3374,19,0
2025-12-24 04:00:00+00:00,48464.4,48471.8,48437.3,48441.1,1831,19,0
2025-12-24 08:00:00+00:00,48441.7,48475.8,48439.4,48456.7,2884,19,0
2025-12-24 12:00:00+00:00,48457.2,48694.8,48421.0,48687.2,27392,19,0
2025-12-24 16:00:00+00:00,48687.8,48823.7,48683.2,48757.3,16743,19,0
2025-12-25 20:00:00+00:00,48787.3,48832.3,48782.3,48800.0,1344,23,0
2025-12-26 00:00:00+00:00,48799.3,48822.7,48742.2,48750.5,3599,21,0
2025-12-26 04:00:00+00:00,48751.5,48787.5,48717.8,48721.3,2255,21,0
2025-12-26 08:00:00+00:00,48721.7,48745.1,48667.1,48682.8,3901,19,0
2025-12-26 12:00:00+00:00,48683.5,48819.1,48683.5,48738.8,38656,19,0
2025-12-26 16:00:00+00:00,48738.3,48748.8,48618.8,48671.8,27957,19,0
2025-12-26 20:00:00+00:00,48671.3,48766.8,48669.3,48749.3,8170,19,0
2025-12-28 20:00:00+00:00,48764.9,48793.5,48751.7,48781.3,1365,21,0
2025-12-29 00:00:00+00:00,48781.7,48811.5,48760.4,48776.8,4948,19,0
2025-12-29 04:00:00+00:00,48777.6,48781.6,48736.4,48763.7,4244,19,0
2025-12-29 08:00:00+00:00,48765.2,48784.0,48707.4,48763.7,11097,19,0
2025-12-29 12:00:00+00:00,48763.3,48763.3,48489.3,48519.4,52008,19,0
2025-12-29 16:00:00+00:00,48519.8,48570.8,48424.3,48566.3,35487,19,0
2025-12-29 20:00:00+00:00,48566.8,48600.8,48484.2,48507.4,10819,19,0
2025-12-30 00:00:00+00:00,48507.8,48529.6,48496.3,48510.8,4527,19,0
2025-12-30 04:00:00+00:00,48510.3,48530.8,48449.1,48458.7,3557,19,0
2025-12-30 08:00:00+00:00,48460.2,48531.6,48457.3,48514.4,7332,19,0
2025-12-30 12:00:00+00:00,48514.8,48529.5,48332.2,48413.6,46411,19,0
2025-12-30 16:00:00+00:00,48413.2,48481.8,48355.5,48429.2,27065,19,0
2025-12-30 20:00:00+00:00,48429.8,48477.8,48404.4,48435.7,11028,19,0
2025-12-31 00:00:00+00:00,48435.2,48435.2,48353.2,48404.2,5604,19,0
2025-12-31 04:00:00+00:00,48404.8,48412.8,48353.3,48372.2,3776,19,0
2025-12-31 08:00:00+00:00,48372.7,48377.2,48332.4,48353.4,5817,19,0
2025-12-31 12:00:00+00:00,48353.4,48445.7,48212.4,48216.3,39527,19,0
2025-12-31 16:00:00+00:00,48215.4,48343.6,48200.3,48206.3,33281,19,0
2025-12-31 20:00:00+00:00,48206.8,48212.4,48085.3,48122.3,21083,19,0
2026-01-01 20:00:00+00:00,48156.2,48202.5,48133.0,48179.6,1923,21,0
2026-01-02 00:00:00+00:00,48179.1,48239.8,48159.4,48239.8,4854,19,0
2026-01-02 04:00:00+00:00,48240.7,48257.7,48198.4,48200.3,3121,19,0
2026-01-02 08:00:00+00:00,48201.5,48329.8,48192.3,48321.5,10043,19,0
2026-01-02 12:00:00+00:00,48320.9,48343.1,47864.1,48131.6,93444,19,0
2026-01-02 16:00:00+00:00,48131.1,48423.7,48080.4,48387.7,96875,19,0
2026-01-02 20:00:00+00:00,48388.6,48424.8,48295.2,48367.7,20441,19,0
2026-01-04 20:00:00+00:00,48426.8,48432.0,48371.2,48402.2,4242,21,0
2026-01-05 00:00:00+00:00,48402.0,48434.7,48364.4,48380.8,10738,19,0
2026-01-05 04:00:00+00:00,48380.3,48476.7,48376.5,48441.4,5590,19,0
2026-01-05 08:00:00+00:00,48441.8,48476.7,48397.5,48439.3,13751,19,0
2026-01-05 12:00:00+00:00,48439.2,49120.7,48347.2,49073.6,96214,19,0
2026-01-05 16:00:00+00:00,49074.5,49255.8,49039.4,49112.2,56456,19,0
2026-01-05 20:00:00+00:00,49112.7,49151.8,49001.4,49003.5,18085,19,0
2026-01-06 00:00:00+00:00,49004.5,49059.9,48992.2,49044.3,6531,19,0
2026-01-06 04:00:00+00:00,49044.8,49060.8,49009.4,49023.2,4154,19,0
2026-01-06 08:00:00+00:00,49021.7,49022.5,48886.5,48925.2,13569,19,0
2026-01-06 12:00:00+00:00,48924.8,49230.5,48920.7,49147.2,72702,19,0
2026-01-06 16:00:00+00:00,49146.4,49534.7,49127.2,49499.3,48086,19,0
2026-01-06 20:00:00+00:00,49498.5,49552.7,49494.5,49519.5,12300,19,0
2026-01-07 00:00:00+00:00,49520.5,49583.5,49520.5,49567.1,5636,21,0
2026-01-07 04:00:00+00:00,49567.7,49598.8,49540.2,49545.1,3335,19,0
2026-01-07 08:00:00+00:00,49546.4,49579.0,49510.2,49539.6,8595,19,0
2026-01-07 12:00:00+00:00,49540.5,49665.5,49238.2,49315.7,64904,19,0
2026-01-07 16:00:00+00:00,49316.5,49436.7,49164.4,49189.6,53466,19,0
2026-01-07 20:00:00+00:00,49189.2,49194.7,48973.2,49058.2,24148,19,0
2026-01-08 00:00:00+00:00,49058.7,49068.5,48946.2,48967.2,6998,19,0
2026-01-08 04:00:00+00:00,48966.4,48969.7,48864.5,48909.1,9891,19,0
2026-01-08 08:00:00+00:00,48907.7,48946.3,48846.1,48865.3,11813,19,0
2026-01-08 12:00:00+00:00,48864.4,49251.7,48797.8,49247.7,83827,19,0
2026-01-08 16:00:00+00:00,49248.5,49380.8,49181.4,49262.2,72981,19,0
2026-01-08 20:00:00+00:00,49262.7,49396.7,49248.4,49329.2,18117,19,0
2026-01-09 00:00:00+00:00,49329.7,49341.7,49273.2,49296.2,7308,19,0
2026-01-09 04:00:00+00:00,49296.7,49308.5,49256.4,49285.7,5171,19,0
2026-01-09 08:00:00+00:00,49287.2,49319.9,49249.8,49289.6,10643,19,0
2026-01-09 12:00:00+00:00,49288.7,49492.7,49204.5,49387.4,102621,19,0
2026-01-09 16:00:00+00:00,49387.7,49592.8,49371.6,49543.6,57238,19,0
2026-01-09 20:00:00+00:00,49543.2,49572.7,49504.7,49517.1,13241,19,0
2026-01-11 20:00:00+00:00,49528.1,49541.7,49445.1,49471.4,3420,21,0
2026-01-12 00:00:00+00:00,49471.8,49472.5,49273.2,49283.1,16873,19,0
2026-01-12 04:00:00+00:00,49283.7,49334.8,49272.2,49304.7,6280,19,0
2026-01-12 08:00:00+00:00,49303.5,49323.4,49102.2,49167.6,18700,19,0
2026-01-12 12:00:00+00:00,49167.5,49451.7,49024.1,49445.7,70519,19,0
2026-01-12 16:00:00+00:00,49445.2,49611.8,49404.4,49593.2,40782,19,0
2026-01-12 20:00:00+00:00,49593.7,49664.7,49534.3,49566.4,14835,19,0
2026-01-13 00:00:00+00:00,49566.7,49616.7,49544.2,49600.8,5774,19,0
2026-01-13 04:00:00+00:00,49601.6,49617.8,49573.2,49584.2,3383,19,0
2026-01-13 08:00:00+00:00,49582.7,49644.6,49507.2,49612.4,9245,19,0
2026-01-13 12:00:00+00:00,49611.3,49716.4,49234.4,49321.1,87587,19,0
2026-01-13 16:00:00+00:00,49320.3,49371.7,49197.4,49230.8,79400,19,0
2026-01-13 20:00:00+00:00,49230.3,49237.9,49089.5,49181.5,20859,19,0
2026-01-14 00:00:00+00:00,49181.1,49202.7,49118.2,49143.7,7049,19,0
2026-01-14 04:00:00+00:00,49143.2,49150.7,49078.3,49108.5,6575,19,0
2026-01-14 08:00:00+00:00,49109.5,49164.3,49032.4,49069.8,15058,19,0
2026-01-14 12:00:00+00:00,49070.2,49222.4,48912.3,48978.2,113151,19,0
2026-01-14 16:00:00+00:00,48978.5,49169.7,48880.5,49063.6,104190,19,0
2026-01-14 20:00:00+00:00,49063.2,49210.5,49019.3,49118.5,36545,19,0
2026-01-15 00:00:00+00:00,49117.5,49168.8,49097.2,49130.2,10092,19,0
2026-01-15 04:00:00+00:00,49130.7,49216.5,49125.4,49152.7,10273,19,0
2026-01-15 08:00:00+00:00,49152.2,49253.6,49131.2,49218.1,13023,19,0
2026-01-15 12:00:00+00:00,49217.7,49521.8,49114.7,49509.1,86292,19,0
2026-01-15 16:00:00+00:00,49508.3,49619.5,49494.2,49510.2,63143,19,0
2026-01-15 20:00:00+00:00,49510.7,49529.5,49423.2,49505.4,26196,19,0
2026-01-16 00:00:00+00:00,49504.4,49563.6,49477.2,49556.5,5852,19,0
2026-01-16 04:00:00+00:00,49557.4,49582.7,49543.3,49545.2,3544,19,0
2026-01-16 08:00:00+00:00,49545.7,49564.4,49463.3,49467.2,8672,19,0
2026-01-16 12:00:00+00:00,49466.8,49632.3,49260.1,49381.2,74325,19,0
2026-01-16 16:00:00+00:00,49381.6,49547.5,49370.4,49442.7,64699,19,0
2026-01-16 20:00:00+00:00,49442.2,49452.6,49340.2,49385.6,19935,19,0
2026-01-18 20:00:00+00:00,49032.9,49173.4,49030.8,49141.4,7961,20,0
2026-01-19 00:00:00+00:00,49141.7,49141.7,49024.7,49053.4,13753,21,0
2026-01-19 04:00:00+00:00,49053.7,49067.8,48950.2,48969.7,6904,19,0
2026-01-19 08:00:00+00:00,48968.5,49102.6,48902.3,48947.2,21495,19,0
2026-01-19 12:00:00+00:00,48946.8,49066.1,48915.4,48961.7,18450,19,0
2026-01-19 16:00:00+00:00,48962.4,49050.0,48942.3,48995.8,7541,21,0
2026-01-19 20:00:00+00:00,48990.4,49026.5,48960.2,48970.7,1385,21,0
2026-01-20 00:00:00+00:00,48970.2,48992.6,48905.2,48968.3,9491,19,0
2026-01-20 04:00:00+00:00,48968.8,48970.8,48733.2,48777.1,13884,19,0
2026-01-20 08:00:00+00:00,48775.7,48784.6,48538.0,48763.2,32964,19,0
2026-01-20 12:00:00+00:00,48762.7,48946.3,48604.1,48898.3,129454,19,0
2026-01-20 16:00:00+00:00,48897.4,48903.7,48471.4,48500.3,123669,19,0
2026-01-20 20:00:00+00:00,48500.8,48605.4,48457.2,48540.6,36018,19,0
2026-01-21 00:00:00+00:00,48542.2,48637.7,48542.2,48609.2,9823,19,0
2026-01-21 04:00:00+00:00,48609.7,48639.7,48566.4,48618.3,6740,19,0
2026-01-21 08:00:00+00:00,48616.7,48643.7,48404.5,48407.5,18798,19,0
2026-01-21 12:00:00+00:00,48408.9,49061.7,48343.5,49005.2,120428,19,0
2026-01-21 16:00:00+00:00,49004.4,49337.7,48628.2,49307.7,180249,19,0
2026-01-21 20:00:00+00:00,49308.5,49333.6,49078.2,49180.7,48281,19,0
2026-01-22 00:00:00+00:00,49181.5,49253.7,49172.4,49234.8,8650,19,0
2026-01-22 04:00:00+00:00,49234.3,49235.9,49118.2,49189.7,9695,19,0
2026-01-22 08:00:00+00:00,49189.2,49335.8,49185.4,49262.7,19221,19,0
2026-01-22 12:00:00+00:00,49262.3,49626.4,49234.3,49469.7,100050,19,0
2026-01-22 16:00:00+00:00,49469.2,49652.7,49442.2,49442.7,72684,19,0
2026-01-22 20:00:00+00:00,49442.2,49506.8,49345.4,49387.2,30173,19,0
2026-01-23 00:00:00+00:00,49386.4,49468.4,49370.4,49461.2,6966,19,0
2026-01-23 04:00:00+00:00,49461.7,49480.8,49432.2,49443.5,5152,19,0
2026-01-23 08:00:00+00:00,49442.5,49447.7,49283.4,49302.3,19983,19,0
2026-01-23 12:00:00+00:00,49303.0,49337.9,49035.2,49185.2,66290,19,0
2026-01-23 16:00:00+00:00,49185.7,49225.7,48983.4,49118.3,78057,19,0
2026-01-23 20:00:00+00:00,49117.5,49151.7,49027.2,49038.1,19860,19,0
2026-01-25 20:00:00+00:00,48850.2,48988.7,48727.2,48972.4,10123,20,0
2026-01-26 00:00:00+00:00,48972.8,49087.5,48968.5,49018.7,18527,19,0
2026-01-26 04:00:00+00:00,49018.2,49126.5,48998.2,49117.5,8983,19,0
2026-01-26 08:00:00+00:00,49119.8,49176.6,49035.2,49115.4,17543,21,0
2026-01-26 12:00:00+00:00,49114.5,49403.7,49110.0,49322.5,65307,19,0
2026-01-26 16:00:00+00:00,49321.5,49495.5,49237.2,49454.3,56316,19,0
2026-01-26 20:00:00+00:00,49454.8,49520.6,49239.3,49285.7,20028,19,0
2026-01-27 00:00:00+00:00,49284.5,49389.7,49263.4,49383.2,6203,19,0
2026-01-27 04:00:00+00:00,49383.7,49435.7,49381.3,49417.2,5387,19,0
2026-01-27 08:00:00+00:00,49418.4,49445.7,49289.2,49295.5,12733,19,0
2026-01-27 12:00:00+00:00,49295.1,49318.1,48920.2,49057.7,68774,19,0
2026-01-27 16:00:00+00:00,49057.2,49199.7,48890.2,49016.7,52496,19,0
2026-01-27 20:00:00+00:00,49016.2,49052.6,48992.2,49019.7,15037,19,0
2026-01-28 00:00:00+00:00,49020.5,49076.5,49019.2,49033.8,7294,19,0
2026-01-28 04:00:00+00:00,49033.3,49109.5,49018.3,49087.3,9693,19,0
2026-01-28 08:00:00+00:00,49087.7,49099.9,49012.3,49062.3,11909,19,0
2026-01-28 12:00:00+00:00,49063.1,49173.7,48940.2,49020.3,74334,19,0
2026-01-28 16:00:00+00:00,49019.5,49158.3,48922.5,48970.5,94314,19,0
2026-01-28 20:00:00+00:00,48970.1,49102.1,48868.9,48903.5,45437,19,0
2026-01-29 00:00:00+00:00,48903.1,48994.5,48866.1,48981.7,21109,19,0
2026-01-29 04:00:00+00:00,48982.5,49099.7,48970.3,49087.2,8713,19,0
2026-01-29 08:00:00+00:00,49086.4,49310.3,49008.8,49104.6,25112,19,0
2026-01-29 12:00:00+00:00,49105.3,49326.3,48684.2,48743.4,118748,21,0
2026-01-29 16:00:00+00:00,48743.1,49088.7,48606.2,48920.9,132573,19,0
2026-01-29 20:00:00+00:00,48921.8,49084.0,48863.6,48981.7,36638,19,0
2026-01-30 00:00:00+00:00,48981.2,49009.8,48786.4,48866.8,29070,21,0
2026-01-30 04:00:00+00:00,48866.2,48893.7,48653.2,48660.5,18945,21,0
2026-01-30 08:00:00+00:00,48662.7,48938.7,48587.2,48930.2,37417,21,0
2026-01-30 12:00:00+00:00,48929.4,49060.7,48754.0,48816.3,120603,21,0
2026-01-30 16:00:00+00:00,48815.4,48926.8,48471.2,48805.9,164187,19,0
2026-01-30 20:00:00+00:00,48806.4,48989.7,48792.2,48886.4,39206,19,0
2026-02-01 20:00:00+00:00,48778.7,48908.6,48675.9,48888.5,11714,20,0
2026-02-02 00:00:00+00:00,48888.1,48954.5,48544.4,48556.2,45076,21,0
2026-02-02 04:00:00+00:00,48556.7,48579.7,48420.8,48558.7,35449,21,0
2026-02-02 08:00:00+00:00,48558.2,48911.3,48551.3,48884.1,32473,21,0
2026-02-02 12:00:00+00:00,48883.4,49370.7,48727.2,49351.7,102604,19,0
2026-02-02 16:00:00+00:00,49351.2,49511.2,49306.2,49445.6,66695,19,0
2026-02-02 20:00:00+00:00,49446.5,49516.4,49393.2,49454.2,31590,19,0
2026-02-03 00:00:00+00:00,49454.7,49488.7,49425.2,49464.4,11506,19,0
2026-02-03 04:00:00+00:00,49464.8,49500.8,49448.4,49482.7,6875,19,0
2026-02-03 08:00:00+00:00,49482.2,49516.1,49373.7,49407.5,15474,19,0
2026-02-03 12:00:00+00:00,49406.5,49689.5,49322.3,49486.2,138704,19,0
2026-02-03 16:00:00+00:00,49486.7,49512.5,48858.2,49079.5,210155,19,0
2026-02-03 20:00:00+00:00,49079.8,49340.3,49054.4,49325.7,50848,19,0
2026-02-04 00:00:00+00:00,49326.6,49352.5,49282.4,49337.7,13989,21,0
2026-02-04 04:00:00+00:00,49337.2,49414.5,49316.2,49400.7,8252,19,0
2026-02-04 08:00:00+00:00,49402.2,49471.3,49317.1,49456.6,27317,19,0
2026-02-04 12:00:00+00:00,49457.1,49684.6,49286.4,49629.3,146611,21,0
2026-02-04 16:00:00+00:00,49629.7,49675.6,49144.2,49608.5,177585,21,0
2026-02-04 20:00:00+00:00,49607.5,49641.7,49470.4,49495.5,40222,21,0
2026-02-05 00:00:00+00:00,49496.5,49603.5,49402.2,49410.7,28573,21,0
2026-02-05 04:00:00+00:00,49411.5,49510.4,49411.5,49467.7,18913,21,0
2026-02-05 08:00:00+00:00,49468.5,49576.5,49344.3,49566.4,36021,21,0
2026-02-05 12:00:00+00:00,49565.7,49624.5,48857.5,48939.5,198621,21,0
2026-02-05 16:00:00+00:00,48939.2,49292.4,48852.2,49053.5,161245,21,0
2026-02-05 20:00:00+00:00,49053.1,49123.7,48715.2,48745.2,54989,21,0
2026-02-06 00:00:00+00:00,48744.3,48908.7,48644.2,48875.4,41158,21,0
2026-02-06 04:00:00+00:00,48874.4,48926.5,48782.2,48916.1,21638,21,0
2026-02-06 08:00:00+00:00,48914.7,49221.2,48856.7,49209.3,37589,21,0
2026-02-06 12:00:00+00:00,49208.8,49848.8,49131.2,49755.7,155600,21,0
2026-02-06 16:00:00+00:00,49756.5,50061.5,49740.2,50036.3,88667,19,0
2026-02-06 20:00:00+00:00,50036.8,50206.5,50024.3,50129.7,22790,19,0
2026-02-08 20:00:00+00:00,50233.9,50294.8,50228.0,50259.4,7479,20,0
2026-02-09 00:00:00+00:00,50258.4,50281.6,50200.5,50206.2,18591,21,0
2026-02-09 04:00:00+00:00,50206.7,50249.7,50181.2,50204.2,12036,21,0
2026-02-09 08:00:00+00:00,50204.7,50279.5,50052.6,50096.8,23826,21,0
2026-02-09 12:00:00+00:00,50095.5,50254.7,49864.3,50211.7,94918,19,0
2026-02-09 16:00:00+00:00,50212.5,50223.5,50060.3,50210.2,53105,19,0
2026-02-09 20:00:00+00:00,50210.8,50236.7,50110.2,50122.7,21637,19,0
2026-02-10 00:00:00+00:00,50122.2,50176.5,50109.2,50169.8,9753,19,0
2026-02-10 04:00:00+00:00,50169.3,50189.5,50118.4,50172.7,6254,19,0
2026-02-10 08:00:00+00:00,50170.2,50239.6,50141.3,50188.1,14613,21,0
2026-02-10 12:00:00+00:00,50188.5,50554.4,50051.6,50400.1,83626,19,0
2026-02-10 16:00:00+00:00,50400.9,50480.8,50149.2,50290.2,88439,21,0
2026-02-10 20:00:00+00:00,50289.4,50319.7,50186.2,50303.7,22594,19,0
2026-02-11 00:00:00+00:00,50304.5,50354.5,50302.1,50349.2,5372,19,0
2026-02-11 04:00:00+00:00,50349.7,50369.7,50303.4,50316.7,6728,19,0
2026-02-11 08:00:00+00:00,50316.2,50342.7,50218.4,50257.2,21653,19,0
2026-02-11 12:00:00+00:00,50256.4,50532.6,49932.2,50017.7,138641,19,0
2026-02-11 16:00:00+00:00,50016.5,50285.8,49984.6,50158.4,109965,21,0
2026-02-11 20:00:00+00:00,50157.6,50218.8,50121.3,50144.2,24796,19,0
2026-02-12 00:00:00+00:00,50143.4,50291.7,50127.2,50291.7,11474,21,0
2026-02-12 04:00:00+00:00,50292.5,50336.5,50259.2,50310.7,8690,21,0
2026-02-12 08:00:00+00:00,50312.2,50355.6,50258.8,50326.2,14239,19,0
2026-02-12 12:00:00+00:00,50325.5,50480.5,50114.2,50120.7,113549,19,0
2026-02-12 16:00:00+00:00,50121.5,50132.5,49458.7,49774.7,201958,21,0
2026-02-12 20:00:00+00:00,49775.5,49827.7,49442.4,49490.4,43955,21,0
2026-02-13 00:00:00+00:00,49489.4,49529.7,49415.2,49440.2,19465,21,0
2026-02-13 04:00:00+00:00,49440.7,49487.5,49302.4,49391.7,17085,21,0
2026-02-13 08:00:00+00:00,49392.5,49431.1,49243.8,49326.7,39443,21,0
2026-02-13 12:00:00+00:00,49326.3,49629.7,49099.4,49505.6,175968,21,0
2026-02-13 16:00:00+00:00,49506.4,49760.5,49484.2,49500.2,120455,21,0
2026-02-13 20:00:00+00:00,49499.4,49579.4,49372.2,49466.4,39640,19,0
2026-02-15 20:00:00+00:00,49519.7,49579.5,49463.3,49551.1,4783,21,0
2026-02-16 00:00:00+00:00,49550.3,49640.7,49525.4,49595.2,8313,21,0
2026-02-16 04:00:00+00:00,49593.7,49664.7,49567.4,49661.7,5483,21,0
2026-02-16 08:00:00+00:00,49662.5,49777.7,49636.3,49731.7,14403,21,0
2026-02-16 12:00:00+00:00,49732.5,49763.9,49531.2,49535.7,28239,21,0
2026-02-16 16:00:00+00:00,49535.2,49621.5,49515.5,49557.8,14971,21,0
2026-02-16 20:00:00+00:00,49581.8,49644.6,49566.0,49616.1,2044,21,0
2026-02-17 00:00:00+00:00,49616.6,49622.5,49340.6,49371.2,20590,21,0
2026-02-17 04:00:00+00:00,49371.7,49430.5,49312.4,49425.3,12761,21,0
2026-02-17 08:00:00+00:00,49425.7,49557.7,49418.4,49492.7,28877,21,0
2026-02-17 12:00:00+00:00,49492.2,49747.3,49190.1,49356.2,182098,21,0
2026-02-17 16:00:00+00:00,49355.5,49714.6,49340.2,49612.9,160520,21,0
2026-02-17 20:00:00+00:00,49612.5,49635.7,49497.4,49502.7,28960,21,0
2026-02-18 00:00:00+00:00,49503.5,49589.5,49498.2,49581.2,9005,21,0
2026-02-18 04:00:00+00:00,49580.4,49648.7,49573.2,49634.7,6828,21,0
2026-02-18 08:00:00+00:00,49636.2,49837.7,49633.4,49742.7,16045,19,0
2026-02-18 12:00:00+00:00,49742.3,49923.5,49446.9,49881.6,90046,21,0
2026-02-18 16:00:00+00:00,49881.2,49910.7,49556.1,49602.3,73929,21,0
2026-02-18 20:00:00+00:00,49603.4,49749.5,49549.4,49673.1,26938,21,0
2026-02-19 00:00:00+00:00,49673.7,49710.7,49631.2,49680.4,8951,21,0
2026-02-19 04:00:00+00:00,49680.7,49746.5,49635.2,49699.3,6858,21,0
2026-02-19 08:00:00+00:00,49700.4,49743.5,49474.0,49540.6,25891,21,0
2026-02-19 12:00:00+00:00,49540.2,49630.8,49363.2,49542.9,125823,21,0
2026-02-19 16:00:00+00:00,49543.1,49555.7,49219.4,49294.4,103024,21,0
2026-02-19 20:00:00+00:00,49293.4,49454.3,49293.2,49431.7,23614,21,0
2026-02-20 00:00:00+00:00,49432.5,49495.7,49407.4,49470.2,8168,19,0
2026-02-20 04:00:00+00:00,49469.4,49529.7,49467.2,49493.1,5880,21,0
2026-02-20 08:00:00+00:00,49491.6,49569.8,49359.2,49368.2,19649,19,0
2026-02-20 12:00:00+00:00,49368.7,49731.8,49170.8,49540.8,146732,19,0
2026-02-20 16:00:00+00:00,49540.3,49646.7,49232.3,49542.7,164111,21,0
2026-02-20 20:00:00+00:00,49543.5,49689.1,49541.4,49643.2,21197,21,0
2026-02-22 20:00:00+00:00,49629.9,49654.4,49523.1,49565.1,5121,21,0
2026-02-23 00:00:00+00:00,49565.0,49565.7,49327.4,49331.2,15750,21,0
2026-02-23 04:00:00+00:00,49331.7,49456.5,49326.4,49445.7,6176,21,0
2026-02-23 08:00:00+00:00,49444.5,49571.5,49408.0,49491.5,15231,21,0
2026-02-23 12:00:00+00:00,49492.1,49748.5,48927.2,48963.4,113248,19,0
2026-02-23 16:00:00+00:00,48962.4,49046.8,48786.2,48849.8,129801,19,0
2026-02-23 20:00:00+00:00,48849.3,48904.7,48761.1,48870.3,31962,19,0
2026-02-24 00:00:00+00:00,48870.7,48914.7,48849.4,48904.8,9962,19,0
2026-02-24 04:00:00+00:00,48905.6,48938.7,48865.4,48902.7,7420,19,0
2026-02-24 08:00:00+00:00,48903.5,48993.7,48805.3,48963.7,22354,19,0
2026-02-24 12:00:00+00:00,48963.3,49301.7,48784.5,49202.1,109762,19,0
2026-02-24 16:00:00+00:00,49202.7,49333.4,49117.3,49242.1,52208,21,0
2026-02-24 20:00:00+00:00,49242.6,49286.7,49179.5,49220.1,15505,19,0
2026-02-25 00:00:00+00:00,49219.3,49284.5,49124.9,49242.1,10805,19,0
2026-02-25 04:00:00+00:00,49242.7,49249.7,49203.2,49211.7,7349,21,0
2026-02-25 08:00:00+00:00,49212.6,49364.1,49211.2,49363.4,13060,19,0
2026-02-25 12:00:00+00:00,49362.5,49485.8,49236.0,49334.0,72461,19,0
2026-02-25 16:00:00+00:00,49333.1,49536.5,49317.2,49510.7,35285,19,0
2026-02-25 20:00:00+00:00,49510.2,49574.8,49426.2,49426.2,24193,19,0
2026-02-26 00:00:00+00:00,49426.7,49470.7,49413.4,49453.3,8284,21,0
2026-02-26 04:00:00+00:00,49452.4,49459.7,49401.2,49411.7,6549,19,0
2026-02-26 08:00:00+00:00,49411.2,49511.2,49398.0,49509.0,11740,21,0
2026-02-26 12:00:00+00:00,49508.6,49867.4,49267.3,49586.2,119267,19,0
2026-02-26 16:00:00+00:00,49586.7,49598.7,49259.4,49536.8,118150,19,0
2026-02-26 20:00:00+00:00,49537.6,49594.6,49206.0,49252.1,29313,19,0
2026-02-27 00:00:00+00:00,49251.3,49288.5,49196.4,49274.2,12396,19,0
2026-02-27 04:00:00+00:00,49274.7,49329.1,49241.2,49317.9,7264,21,0
2026-02-27 08:00:00+00:00,49316.6,49385.3,49147.2,49174.5,24651,21,0
2026-02-27 12:00:00+00:00,49175.4,49232.6,48685.5,48929.7,123918,21,0
2026-02-27 16:00:00+00:00,48929.3,49065.8,48730.2,48793.7,93603,19,0
2026-02-27 20:00:00+00:00,48793.2,49015.6,48793.2,48904.2,28594,21,0
2026-03-01 20:00:00+00:00,48423.5,48598.4,48388.1,48405.2,13819,20,0
2026-03-02 00:00:00+00:00,48405.7,48710.6,48365.2,48593.7,30614,21,0
2026-03-02 04:00:00+00:00,48594.5,48640.7,48226.2,48242.8,29836,21,0
2026-03-02 08:00:00+00:00,48243.6,48539.8,48147.1,48463.9,57638,21,0
2026-03-02 12:00:00+00:00,48463.3,48951.5,48391.2,48836.7,142629,21,0
2026-03-02 16:00:00+00:00,48836.3,49100.5,48705.3,49038.2,82086,21,0
2026-03-02 20:00:00+00:00,49038.7,49050.5,48791.0,48858.1,49523,21,0
2026-03-03 00:00:00+00:00,48858.7,48877.7,48602.2,48655.2,32787,21,0
2026-03-03 04:00:00+00:00,48654.3,48675.5,48389.1,48411.7,29126,21,0
2026-03-03 08:00:00+00:00,48413.2,48416.7,47930.7,48083.8,92183,21,0
2026-03-03 12:00:00+00:00,48082.7,48289.8,47658.0,47839.3,210620,21,0
2026-03-03 16:00:00+00:00,47838.4,48728.5,47799.6,48645.8,189243,21,0
2026-03-03 20:00:00+00:00,48646.9,48691.6,48413.2,48443.6,53938,21,0
2026-03-04 00:00:00+00:00,48444.5,48572.5,48269.2,48362.9,73624,21,0
2026-03-04 04:00:00+00:00,48362.4,48452.7,48244.3,48422.6,55917,19,0
2026-03-04 08:00:00+00:00,48420.9,48700.6,48316.4,48547.5,69441,21,0
2026-03-04 12:00:00+00:00,48548.2,48880.7,48382.2,48831.9,140384,21,0
2026-03-04 16:00:00+00:00,48832.4,48894.7,48741.1,48838.6,87445,19,0
2026-03-04 20:00:00+00:00,48838.2,48865.8,48722.5,48788.1,29263,19,0
2026-03-05 00:00:00+00:00,48788.7,48870.7,48545.2,48586.4,34755,21,0
2026-03-05 04:00:00+00:00,48585.4,48667.5,48500.4,48614.2,26168,19,0
2026-03-05 08:00:00+00:00,48613.4,48856.6,48465.0,48638.2,65685,21,0
2026-03-05 12:00:00+00:00,48638.7,48709.8,48076.4,48151.2,142550,21,0
2026-03-05 16:00:00+00:00,48150.4,48176.4,47605.5,47709.6,172078,19,0
2026-03-05 20:00:00+00:00,47710.5,48070.5,47667.2,48056.7,51623,19,0
2026-03-06 00:00:00+00:00,48057.5,48116.5,48017.2,48094.3,22758,19,0
2026-03-06 04:00:00+00:00,48093.4,48120.8,48028.7,48068.4,12619,19,0
2026-03-06 08:00:00+00:00,48067.3,48085.5,47701.1,47727.8,67178,21,0
2026-03-06 12:00:00+00:00,47728.5,47770.5,47014.2,47460.8,194776,20,0
2026-03-06 16:00:00+00:00,47460.4,47574.2,47246.5,47531.2,190013,19,0
2026-03-06 20:00:00+00:00,47531.5,47592.7,47409.3,47483.2,48166,19,0
2026-03-08 20:00:00+00:00,47069.5,47130.7,46400.6,46644.3,31079,20,0
2026-03-09 00:00:00+00:00,46644.7,46752.4,46331.3,46484.2,71427,19,0
2026-03-09 04:00:00+00:00,46484.7,46788.6,46465.2,46729.4,60578,19,0
2026-03-09 08:00:00+00:00,46730.3,47154.6,46660.1,46907.7,110295,21,0
2026-03-09 12:00:00+00:00,46907.2,47198.7,46636.0,47115.1,222978,19,0
2026-03-09 16:00:00+00:00,47115.6,47915.8,47008.1,47767.3,160490,19,0
2026-03-09 20:00:00+00:00,47767.7,47804.3,47526.4,47570.7,34076,21,0
2026-03-10 00:00:00+00:00,47570.2,47727.7,47500.2,47549.3,38680,19,0
2026-03-10 04:00:00+00:00,47549.7,47902.9,47519.3,47899.2,29525,19,0
2026-03-10 08:00:00+00:00,47897.6,47985.1,47673.4,47695.4,62206,19,0
2026-03-10 12:00:00+00:00,47697.7,48075.6,47465.3,48027.0,157156,19,0
2026-03-10 16:00:00+00:00,48027.6,48252.0,47685.2,47736.7,165911,21,0
2026-03-10 20:00:00+00:00,47736.2,47936.2,47730.1,47782.7,10513,19,0
2026-03-11 00:00:00+00:00,47783.5,47967.5,47779.2,47957.1,17710,19,0
2026-03-11 04:00:00+00:00,47957.7,47958.5,47715.2,47766.7,17920,21,0
2026-03-11 08:00:00+00:00,47765.5,47876.0,47550.4,47658.2,56393,21,0
2026-03-11 12:00:00+00:00,47658.6,47766.0,47245.2,47254.3,187734,19,0
2026-03-11 16:00:00+00:00,47254.8,47494.3,47208.2,47450.5,117827,19,0
2026-03-11 20:00:00+00:00,47450.8,47457.8,46937.6,47050.6,23541,19,0
2026-03-12 00:00:00+00:00,47054.1,47062.7,46829.2,46889.7,29706,21,0
2026-03-12 04:00:00+00:00,46889.2,47140.5,46876.2,47137.3,20807,19,0
2026-03-12 08:00:00+00:00,47137.8,47237.7,47046.9,47109.4,43326,21,0
2026-03-12 12:00:00+00:00,47109.7,47121.5,46710.4,46895.6,196741,19,0
2026-03-12 16:00:00+00:00,46895.3,47105.7,46701.2,46706.8,131670,19,0
2026-03-12 20:00:00+00:00,46706.3,46837.5,46696.2,46767.2,14580,19,0
2026-03-13 00:00:00+00:00,46765.7,46988.8,46720.7,46916.3,28436,19,0
2026-03-13 04:00:00+00:00,46915.4,46921.6,46553.2,46586.7,29026,19,0
2026-03-13 08:00:00+00:00,46584.8,46927.3,46448.5,46922.3,63929,19,0
2026-03-13 12:00:00+00:00,46923.4,47154.7,46660.2,46675.7,179591,19,0
2026-03-13 16:00:00+00:00,46675.2,46769.7,46518.3,46590.3,129471,19,0
2026-03-13 20:00:00+00:00,46589.5,46597.7,46528.7,46543.1,4092,19,0
2026-03-15 20:00:00+00:00,46436.2,46767.2,46401.9,46681.9,20085,19,0
2026-03-16 00:00:00+00:00,46682.8,46820.1,46665.7,46812.6,29772,19,0
2026-03-16 04:00:00+00:00,46812.6,46855.8,46702.5,46727.4,16009,19,0
2026-03-16 08:00:00+00:00,46727.8,46878.8,46611.4,46870.4,48343,19,0
2026-03-16 12:00:00+00:00,46869.5,47228.6,46866.6,46967.0,113367,19,0
2026-03-16 16:00:00+00:00,46967.3,47145.1,46856.6,46988.4,94204,19,0
2026-03-16 20:00:00+00:00,46988.8,47018.5,46933.9,46974.7,10183,19,0
2026-03-17 00:00:00+00:00,46974.2,46974.8,46846.3,46856.5,12014,19,0
2026-03-17 04:00:00+00:00,46856.1,46928.5,46721.4,46805.1,18570,19,0
2026-03-17 08:00:00+00:00,46805.7,47009.3,46781.0,46950.0,35225,19,0
2026-03-17 12:00:00+00:00,46950.3,47473.6,46948.0,47094.5,101149,19,0
2026-03-17 16:00:00+00:00,47094.9,47174.9,47025.3,47055.2,66300,19,0
2026-03-17 20:00:00+00:00,47054.4,47081.7,46991.1,47000.7,6114,19,0
2026-03-18 00:00:00+00:00,46999.5,47238.7,46992.3,47231.0,8667,19,0
2026-03-18 04:00:00+00:00,47231.6,47356.5,47231.6,47298.9,8944,19,0
2026-03-18 08:00:00+00:00,47298.3,47348.2,47154.8,47205.5,25290,19,0
2026-03-18 12:00:00+00:00,47206.4,47215.9,46569.4,46611.2,137590,19,0
2026-03-18 16:00:00+00:00,46610.4,46684.6,46230.2,46265.3,109196,19,0
2026-03-18 20:00:00+00:00,46264.4,46269.9,46095.7,46203.4,14726,19,0
2026-03-19 00:00:00+00:00,46203.8,46353.7,46145.2,46303.1,17220,19,0
2026-03-19 04:00:00+00:00,46302.3,46302.3,46136.2,46168.6,23819,19,0
2026-03-19 08:00:00+00:00,46169.5,46315.7,46054.0,46158.9,71541,19,0
2026-03-19 12:00:00+00:00,46157.9,46181.9,45788.1,45898.7,163985,19,0
2026-03-19 16:00:00+00:00,45899.1,46293.8,45766.6,46067.3,137773,19,0
2026-03-19 20:00:00+00:00,46066.4,46215.7,46028.7,46169.7,11291,19,0
2026-03-20 00:00:00+00:00,46170.6,46275.2,46129.7,46177.3,13732,19,0
2026-03-20 04:00:00+00:00,46177.7,46191.7,45999.4,46179.8,12807,19,0
2026-03-20 08:00:00+00:00,46180.6,46210.7,45741.8,45937.2,58206,19,0
2026-03-20 12:00:00+00:00,45936.4,46098.7,45707.3,45818.9,145214,19,0
2026-03-20 16:00:00+00:00,45820.1,45928.6,45400.5,45641.8,111106,19,0
2026-03-20 20:00:00+00:00,45642.6,45883.1,45627.2,45837.8,8779,19,0
2026-03-22 20:00:00+00:00,45339.0,45713.7,45329.4,45577.3,17736,19,0
2026-03-23 00:00:00+00:00,45577.7,45696.7,45459.2,45463.7,47228,19,0
2026-03-23 04:00:00+00:00,45464.6,45557.8,45203.3,45282.1,40232,19,0
2026-03-23 08:00:00+00:00,45281.3,46959.3,45221.3,46246.4,117184,19,0
2026-03-23 12:00:00+00:00,46246.1,46773.6,46149.0,46316.7,211099,19,0
2026-03-23 16:00:00+00:00,46318.1,46568.6,46150.5,46258.3,144544,19,0
2026-03-23 20:00:00+00:00,46257.6,46385.6,46181.1,46330.3,16885,19,0
2026-03-24 00:00:00+00:00,46328.7,46330.5,45969.9,46070.2,57874,19,0
2026-03-24 04:00:00+00:00,46070.8,46399.7,45923.2,46339.5,42585,19,0
2026-03-24 08:00:00+00:00,46339.8,46397.5,46043.2,46218.2,74423,19,0
2026-03-24 12:00:00+00:00,46219.7,46461.6,45802.2,46295.8,176171,19,0
2026-03-24 16:00:00+00:00,46295.3,46432.6,46132.5,46171.8,123200,19,0
2026-03-24 20:00:00+00:00,46171.3,46659.2,46165.3,46492.3,40565,19,0
2026-03-25 00:00:00+00:00,46492.7,46647.5,46426.3,46495.7,41363,19,0
2026-03-25 04:00:00+00:00,46495.2,46582.2,46448.4,46556.7,26914,19,0
2026-03-25 08:00:00+00:00,46556.3,46722.4,46472.1,46652.2,61448,19,0
2026-03-25 12:00:00+00:00,46653.8,46794.7,46234.1,46470.9,165292,19,0
2026-03-25 16:00:00+00:00,46470.5,46633.7,46386.4,46479.3,103917,19,0
2026-03-25 20:00:00+00:00,46479.8,46510.7,46348.2,46405.7,11924,19,0
2026-03-26 00:00:00+00:00,46407.2,46504.8,46287.0,46444.3,29327,19,0
2026-03-26 04:00:00+00:00,46444.8,46450.6,46196.3,46295.6,29753,19,0
2026-03-26 08:00:00+00:00,46295.3,46363.5,46078.2,46080.3,58122,19,0
2026-03-26 12:00:00+00:00,46081.1,46599.1,46030.2,46264.2,163412,19,0
2026-03-26 16:00:00+00:00,46263.6,46287.8,45942.2,45983.8,90824,19,0
2026-03-26 20:00:00+00:00,45983.4,46524.8,45935.5,46211.7,39326,19,0
2026-03-27 00:00:00+00:00,46212.5,46253.8,46076.7,46176.8,30077,19,0
2026-03-27 04:00:00+00:00,46176.3,46272.8,46092.2,46127.7,21284,19,0
2026-03-27 08:00:00+00:00,46129.1,46154.7,45765.2,45847.4,63574,19,0
2026-03-27 12:00:00+00:00,45847.7,45856.7,45463.2,45587.8,181384,19,0
2026-03-27 16:00:00+00:00,45588.6,45599.8,45086.3,45169.3,114779,19,0
2026-03-27 20:00:00+00:00,45169.8,45197.6,45045.2,45101.3,10210,19,0
2026-03-29 20:00:00+00:00,44946.5,45039.7,44846.0,44910.1,24085,19,0
2026-03-30 00:00:00+00:00,44910.7,45184.8,44854.4,45159.3,70332,19,0
2026-03-30 04:00:00+00:00,45159.7,45381.6,45148.0,45368.3,35484,19,0
2026-03-30 08:00:00+00:00,45366.8,45699.6,45322.5,45488.2,52619,19,0
2026-03-30 12:00:00+00:00,45488.7,45674.8,45321.5,45609.6,163737,19,0
2026-03-30 16:00:00+00:00,45609.8,45616.6,45099.2,45254.7,106168,19,0
2026-03-30 20:00:00+00:00,45254.3,45311.8,45155.1,45194.6,15056,19,0
2026-03-31 00:00:00+00:00,45194.2,45772.6,45084.4,45659.3,75049,19,0
2026-03-31 04:00:00+00:00,45659.8,45773.7,45545.7,45768.2,51099,19,0
2026-03-31 08:00:00+00:00,45767.1,45864.5,45522.5,45749.3,70921,19,0
2026-03-31 12:00:00+00:00,45749.8,45931.4,45524.9,45678.7,190682,19,0
2026-03-31 16:00:00+00:00,45679.6,46437.5,45660.5,46374.1,207250,19,0
2026-03-31 20:00:00+00:00,46373.3,46459.7,46311.5,46441.8,22161,19,0
2026-04-01 00:00:00+00:00,46441.2,46492.4,46384.0,46410.7,29922,19,0
2026-04-01 04:00:00+00:00,46409.0,46712.7,46403.5,46572.1,31032,19,0
2026-04-01 08:00:00+00:00,46572.7,46779.7,46497.9,46753.3,49161,19,0
2026-04-01 12:00:00+00:00,46753.7,46864.4,46502.2,46817.3,153394,19,0
2026-04-01 16:00:00+00:00,46817.8,46836.8,46554.3,46607.7,95732,19,0
2026-04-01 20:00:00+00:00,46607.2,46646.5,46563.1,46592.9,14356,19,0
2026-04-02 00:00:00+00:00,46592.5,46714.7,46105.3,46114.7,74811,19,0
2026-04-02 04:00:00+00:00,46115.5,46185.8,45995.2,46180.7,36376,19,0
2026-04-02 08:00:00+00:00,46179.6,46207.7,45912.5,45913.2,40062,19,0
2026-04-02 12:00:00+00:00,45913.6,46777.2,45868.2,46442.3,192784,19,0
2026-04-02 16:00:00+00:00,46442.7,46553.5,46306.2,46526.8,109656,19,0
2026-04-02 20:00:00+00:00,46527.6,46564.6,46494.3,46539.9,9164,19,0
2026-04-03 00:00:00+00:00,46540.5,46579.4,46448.1,46475.2,10065,19,0
2026-04-03 04:00:00+00:00,46475.1,46498.7,46382.4,46425.4,7294,19,0
2026-04-03 08:00:00+00:00,46425.1,46478.8,46393.0,46459.8,6946,19,0
2026-04-03 12:00:00+00:00,46459.3,46688.3,46385.0,46428.6,10518,20,0
2026-04-05 20:00:00+00:00,46290.7,46310.7,46167.0,46279.7,16815,19,0
2026-04-06 00:00:00+00:00,46280.5,46556.7,46270.2,46404.7,34041,19,0
2026-04-06 04:00:00+00:00,46405.6,46576.6,46396.1,46547.8,23253,19,0
2026-04-06 08:00:00+00:00,46547.3,46633.4,46420.3,46469.7,27425,19,0
2026-04-06 12:00:00+00:00,46470.6,46735.6,46370.2,46646.6,150073,19,0
2026-04-06 16:00:00+00:00,46647.5,46715.6,46484.5,46714.8,65777,19,0
2026-04-06 20:00:00+00:00,46714.3,46854.0,46685.2,46734.8,12534,19,0
2026-04-07 00:00:00+00:00,46735.6,46824.7,46509.3,46590.7,27329,19,0
2026-04-07 04:00:00+00:00,46591.6,46635.8,46548.4,46615.6,29109,19,0
2026-04-07 08:00:00+00:00,46615.8,46847.4,46450.1,46508.3,71482,19,0
2026-04-07 12:00:00+00:00,46509.2,46674.5,46238.3,46341.2,173991,19,0
2026-04-07 16:00:00+00:00,46340.5,46657.6,46278.5,46619.5,148176,19,0
2026-04-07 20:00:00+00:00,46620.0,47626.8,46576.4,47552.1,52150,19,0
2026-04-08 00:00:00+00:00,47548.6,47686.5,47454.9,47640.8,31724,19,0
2026-04-08 04:00:00+00:00,47641.6,47782.9,47641.2,47661.5,30774,19,0
2026-04-08 08:00:00+00:00,47660.7,47952.8,47649.1,47897.5,37796,21,0
2026-04-08 12:00:00+00:00,47899.7,48070.4,47599.9,47855.2,138501,19,0
2026-04-08 16:00:00+00:00,47854.3,47968.5,47717.2,47947.8,83053,19,0
2026-04-08 20:00:00+00:00,47948.2,47967.7,47893.4,47900.5,11940,19,0
2026-04-09 00:00:00+00:00,47900.1,47949.7,47854.7,47888.0,18268,19,0
2026-04-09 04:00:00+00:00,47888.8,47915.7,47754.6,47789.4,19088,19,0
2026-04-09 08:00:00+00:00,47790.3,47805.3,47709.0,47772.3,27831,21,0
2026-04-09 12:00:00+00:00,47772.0,48109.6,47730.1,48105.4,105066,19,0
2026-04-09 16:00:00+00:00,48105.8,48361.7,48105.2,48217.1,78804,19,0
2026-04-09 20:00:00+00:00,48217.7,48233.7,48167.3,48183.7,8971,19,0
2026-04-10 00:00:00+00:00,48183.2,48227.8,48158.2,48183.8,8819,19,0
2026-04-10 04:00:00+00:00,48184.6,48198.9,48130.3,48187.4,8950,19,0
2026-04-10 08:00:00+00:00,48188.2,48231.8,48091.1,48196.2,20763,19,0
2026-04-10 12:00:00+00:00,48196.7,48320.6,47953.4,47965.3,80669,19,0
2026-04-10 16:00:00+00:00,47966.5,47989.8,47880.3,47936.7,51266,19,0
2026-04-10 20:00:00+00:00,47936.2,47980.8,47901.7,47975.6,2719,19,0
2026-04-12 20:00:00+00:00,47469.5,47542.0,47357.2,47456.1,11238,20,0
2026-04-13 00:00:00+00:00,47455.4,47594.7,47421.2,47555.6,12269,19,0
2026-04-13 04:00:00+00:00,47555.1,47727.6,47543.5,47695.7,11104,21,0
2026-04-13 08:00:00+00:00,47695.4,47808.3,47440.5,47457.6,23232,21,0
2026-04-13 12:00:00+00:00,47458.6,47812.6,47441.1,47712.0,83230,19,0
2026-04-13 16:00:00+00:00,47711.6,48264.5,47696.1,48244.8,51028,19,0
2026-04-13 20:00:00+00:00,48244.2,48287.4,48231.7,48251.7,5213,19,0
2026-04-14 00:00:00+00:00,48251.2,48284.7,48224.2,48256.7,5685,19,0
2026-04-14 04:00:00+00:00,48257.6,48335.7,48226.2,48311.5,9787,19,0
2026-04-14 08:00:00+00:00,48311.1,48368.3,48177.4,48286.2,17606,19,0
2026-04-14 12:00:00+00:00,48287.4,48596.7,48223.0,48574.2,76508,19,0
2026-04-14 16:00:00+00:00,48574.7,48636.8,48473.2,48589.2,42312,19,0
2026-04-14 20:00:00+00:00,48589.7,48627.5,48556.5,48592.2,5775,19,0
2026-04-15 00:00:00+00:00,48590.7,48619.7,48555.3,48600.4,4906,21,0
2026-04-15 04:00:00+00:00,48600.7,48629.5,48530.6,48570.9,9986,21,0
2026-04-15 08:00:00+00:00,48570.6,48659.5,48498.9,48600.4,18284,21,0
2026-04-15 12:00:00+00:00,48600.7,48742.5,48336.2,48341.7,67868,19,0
2026-04-15 16:00:00+00:00,48342.5,48538.6,48315.2,48499.8,43016,19,0
2026-04-15 20:00:00+00:00,48499.2,48578.5,48459.7,48573.1,4562,21,0
2026-04-16 00:00:00+00:00,48573.7,48613.5,48546.2,48546.4,4789,21,0
2026-04-16 04:00:00+00:00,48545.4,48575.7,48519.4,48529.4,5669,21,0
2026-04-16 08:00:00+00:00,48529.7,48591.8,48484.6,48586.0,11071,19,0
2026-04-16 12:00:00+00:00,48586.5,48705.6,48364.1,48590.2,72996,19,0
2026-04-16 16:00:00+00:00,48590.6,48640.9,48470.3,48599.1,49004,19,0
2026-04-16 20:00:00+00:00,48598.8,48707.6,48597.1,48690.7,3362,21,0
2026-04-17 00:00:00+00:00,48690.2,48690.7,48657.2,48664.7,4322,19,0
2026-04-17 04:00:00+00:00,48664.2,48760.1,48656.3,48751.6,6330,19,0
2026-04-17 08:00:00+00:00,48751.9,48855.4,48736.9,48849.3,9586,19,0
2026-04-17 12:00:00+00:00,48849.7,49711.7,48838.1,49695.5,100185,21,0
2026-04-17 16:00:00+00:00,49695.1,49761.6,49443.2,49476.4,57328,21,0
2026-04-17 20:00:00+00:00,49476.8,49511.4,49465.6,49511.1,2393,21,0
2026-04-19 20:00:00+00:00,49025.0,49109.6,48932.6,49016.4,9499,20,0
2026-04-20 00:00:00+00:00,49016.8,49157.5,48988.5,49117.7,10852,21,0
2026-04-20 04:00:00+00:00,49117.2,49217.7,49090.2,49124.2,16827,21,0
2026-04-20 08:00:00+00:00,49122.8,49278.9,49093.1,49249.5,18552,21,0
2026-04-20 12:00:00+00:00,49250.5,49531.4,49228.3,49449.2,86307,21,0
2026-04-20 16:00:00+00:00,49449.7,49489.4,49361.6,49484.5,36171,19,0
2026-04-20 20:00:00+00:00,49485.5,49586.6,49469.4,49555.2,5932,21,0
2026-04-21 00:00:00+00:00,49555.7,49598.8,49505.4,49545.7,6792,21,0
2026-04-21 04:00:00+00:00,49546.5,49617.6,49515.3,49556.5,8129,21,0
2026-04-21 08:00:00+00:00,49556.8,49831.4,49528.5,49769.4,18566,21,0
2026-04-21 12:00:00+00:00,49769.7,49891.8,49341.1,49402.8,95152,21,0
2026-04-21 16:00:00+00:00,49403.5,49480.6,49078.4,49187.7,96497,21,0
2026-04-21 20:00:00+00:00,49187.2,49450.6,49142.2,49396.2,18198,20,0
2026-04-22 00:00:00+00:00,49396.7,49446.7,49396.7,49405.2,7003,21,0
2026-04-22 04:00:00+00:00,49405.7,49500.6,49376.4,49464.5,12936,21,0
2026-04-22 08:00:00+00:00,49464.1,49502.3,49353.9,49495.5,21347,21,0
2026-04-22 12:00:00+00:00,49496.7,49662.7,49453.2,49517.3,75585,21,0
2026-04-22 16:00:00+00:00,49519.6,49545.8,49365.1,49516.7,39947,21,0
2026-04-22 20:00:00+00:00,49517.5,49524.7,49274.3,49351.1,10788,21,0
2026-04-23 00:00:00+00:00,49350.3,49350.7,48988.2,49178.4,29981,21,0
2026-04-23 04:00:00+00:00,49177.4,49304.7,49158.4,49278.5,14543,21,0
2026-04-23 08:00:00+00:00,49278.2,49313.4,49112.2,49302.4,27449,21,0
2026-04-23 12:00:00+00:00,49300.9,49563.7,49192.6,49458.7,68947,20,0
2026-04-23 16:00:00+00:00,49458.8,49467.9,48896.3,49345.2,110953,19,0
2026-04-23 20:00:00+00:00,49345.7,49347.4,49221.2,49325.4,9249,21,0
2026-04-24 00:00:00+00:00,49326.4,49355.7,49183.2,49209.4,11117,21,0
2026-04-24 04:00:00+00:00,49208.4,49310.8,49199.4,49289.5,10755,21,0
2026-04-24 08:00:00+00:00,49288.5,49460.1,49115.9,49335.4,34575,21,0
2026-04-24 12:00:00+00:00,49335.8,49377.5,49105.1,49272.7,91514,21,0
2026-04-24 16:00:00+00:00,49272.2,49290.8,49153.1,49249.8,39586,19,0
2026-04-24 20:00:00+00:00,49250.2,49293.2,49230.2,49290.3,2028,21,0
2026-04-26 20:00:00+00:00,49228.2,49244.0,49109.1,49157.5,4945,21,0
2026-04-27 00:00:00+00:00,49158.4,49262.6,49127.2,49223.7,12689,21,0
2026-04-27 04:00:00+00:00,49223.2,49232.7,49146.1,49185.6,11480,21,0
2026-04-27 08:00:00+00:00,49185.5,49235.7,49155.4,49219.7,11465,21,0
2026-04-27 12:00:00+00:00,49220.5,49400.7,49068.4,49162.7,70710,21,0
2026-04-27 16:00:00+00:00,49162.2,49267.4,49147.3,49225.1,24774,19,0
2026-04-27 20:00:00+00:00,49224.3,49311.5,49202.2,49280.2,4453,21,0
2026-04-28 00:00:00+00:00,49280.7,49321.7,49255.2,49281.2,10764,19,0
2026-04-28 04:00:00+00:00,49281.7,49293.7,49202.5,49274.3,13714,21,0
2026-04-28 08:00:00+00:00,49274.1,49431.6,49204.3,49329.2,26125,21,0
2026-04-28 12:00:00+00:00,49329.5,49430.4,49123.1,49287.1,97499,21,0
2026-04-28 16:00:00+00:00,49287.5,49329.8,49117.1,49179.7,35940,21,0
2026-04-28 20:00:00+00:00,49180.5,49272.3,49159.1,49270.6,4831,21,0
2026-04-29 00:00:00+00:00,49271.5,49307.5,49231.3,49271.5,7465,19,0
2026-04-29 04:00:00+00:00,49271.1,49293.7,49208.3,49235.3,7594,21,0
2026-04-29 08:00:00+00:00,49239.8,49272.4,49137.3,49184.2,22133,21,0
2026-04-29 12:00:00+00:00,49184.6,49210.7,48769.4,48819.4,75754,21,0
2026-04-29 16:00:00+00:00,48820.4,48921.7,48736.5,48908.7,63376,19,0
2026-04-29 20:00:00+00:00,48909.6,49018.4,48667.4,48742.5,28246,21,0
2026-04-30 00:00:00+00:00,48744.2,48799.5,48625.1,48655.7,16970,21,0
2026-04-30 04:00:00+00:00,48655.2,48668.4,48497.2,48640.7,28655,21,0
2026-04-30 08:00:00+00:00,48640.3,49275.2,48639.1,49173.1,38627,21,0
2026-04-30 12:00:00+00:00,49172.3,49639.7,49073.0,49633.2,89811,21,0
2026-04-30 16:00:00+00:00,49634.7,49803.8,49553.0,49704.8,37451,21,0
2026-04-30 20:00:00+00:00,49705.7,49840.6,49662.8,49800.7,10701,21,0
2026-05-01 00:00:00+00:00,49801.5,49844.5,49781.1,49791.6,5453,21,0
2026-05-01 04:00:00+00:00,49792.5,49810.7,49764.0,49766.8,4220,21,0
2026-05-01 08:00:00+00:00,49766.8,49880.1,49756.2,49858.2,7230,21,0
2026-05-01 12:00:00+00:00,49858.5,50032.7,49683.6,49704.6,74948,21,0
2026-05-01 16:00:00+00:00,49704.2,49739.4,49530.2,49535.7,38937,21,0
2026-05-01 20:00:00+00:00,49536.5,49554.7,49491.4,49492.3,2217,21,0
2026-05-03 20:00:00+00:00,49661.1,49717.1,49587.2,49610.6,5192,20,0
2026-05-04 00:00:00+00:00,49610.1,49617.6,49484.4,49512.5,11609,21,0
2026-05-04 04:00:00+00:00,49513.5,49562.7,49475.1,49495.2,11703,21,0
2026-05-04 08:00:00+00:00,49494.4,49496.1,49136.1,49354.7,43626,21,0
2026-05-04 12:00:00+00:00,49355.4,49471.7,49053.2,49104.4,93374,21,0
2026-05-04 16:00:00+00:00,49104.1,49139.7,48931.0,48996.4,60394,19,0
2026-05-04 20:00:00+00:00,48996.7,49040.9,48938.6,49010.2,4856,21,0
2026-05-05 00:00:00+00:00,49009.3,49050.7,48978.5,49044.7,6970,21,0
2026-05-05 04:00:00+00:00,49044.2,49184.5,49022.1,49105.2,10837,21,0
2026-05-05 08:00:00+00:00,49105.0,49177.3,49062.1,49161.8,15192,21,0
2026-05-05 12:00:00+00:00,49160.3,49349.7,49039.4,49215.4,65270,21,0
2026-05-05 16:00:00+00:00,49215.8,49395.5,49213.3,49333.2,27163,19,0
2026-05-05 20:00:00+00:00,49333.5,49477.7,49272.0,49417.6,12231,20,0
2026-05-06 00:00:00+00:00,49417.1,49495.7,49408.4,49448.7,8946,21,0
2026-05-06 04:00:00+00:00,49449.6,49469.5,49385.1,49465.2,10043,21,0
2026-05-06 08:00:00+00:00,49466.2,49985.8,49428.2,49842.1,42977,21,0
2026-05-06 12:00:00+00:00,49842.4,50015.6,49666.0,49878.5,90958,21,0
2026-05-06 16:00:00+00:00,49879.0,50052.7,49803.7,49944.7,35655,21,0
2026-05-06 20:00:00+00:00,49945.6,49979.6,49909.3,49920.2,6153,21,0
2026-05-07 00:00:00+00:00,49919.4,50034.7,49917.5,50024.2,8500,21,0
2026-05-07 04:00:00+00:00,50023.4,50146.5,50006.2,50070.6,12466,21,0
2026-05-07 08:00:00+00:00,50071.5,50099.7,49946.1,50018.2,18916,21,0
2026-05-07 12:00:00+00:00,50017.4,50166.6,49750.2,49847.1,82345,21,0
2026-05-07 16:00:00+00:00,49847.0,49852.7,49512.1,49628.2,86206,19,0
2026-05-07 20:00:00+00:00,49627.4,49754.5,49529.9,49640.7,14133,21,0
2026-05-08 00:00:00+00:00,49641.5,49706.7,49624.1,49686.7,11619,21,0
2026-05-08 04:00:00+00:00,49688.2,49728.5,49645.4,49703.1,12396,21,0
2026-05-08 08:00:00+00:00,49704.1,49793.8,49669.3,49775.0,15636,21,0
2026-05-08 12:00:00+00:00,49774.4,49878.3,49591.0,49672.2,79187,21,0
2026-05-08 16:00:00+00:00,49671.4,49706.6,49504.2,49623.7,38937,19,0
2026-05-08 20:00:00+00:00,49623.2,49662.4,49601.8,49662.1,2134,21,0
2026-05-10 20:00:00+00:00,49526.6,49554.6,49401.4,49485.5,5921,20,0
2026-05-11 00:00:00+00:00,49485.7,49546.7,49408.2,49521.3,12130,21,0
2026-05-11 04:00:00+00:00,49521.7,49582.7,49504.0,49559.7,7699,21,0
2026-05-11 08:00:00+00:00,49559.4,49638.7,49526.3,49544.1,13231,21,0
2026-05-11 12:00:00+00:00,49544.5,49749.8,49494.2,49645.5,90681,21,0
2026-05-11 16:00:00+00:00,49645.2,49806.5,49599.0,49743.2,44000,19,0
2026-05-11 20:00:00+00:00,49743.7,49779.4,49701.4,49744.3,4813,21,0
2026-05-12 00:00:00+00:00,49743.4,49751.7,49651.2,49706.7,12039,21,0
2026-05-12 04:00:00+00:00,49707.5,49732.7,49583.3,49710.7,12415,21,0
2026-05-12 08:00:00+00:00,49712.2,49745.5,49650.0,49706.1,20993,21,0
2026-05-12 12:00:00+00:00,49706.6,49775.2,49333.3,49554.2,112035,19,0
2026-05-12 16:00:00+00:00,49554.7,49864.4,49514.3,49815.7,64661,19,0
2026-05-12 20:00:00+00:00,49815.2,49832.5,49758.4,49760.7,6411,21,0
2026-05-13 00:00:00+00:00,49760.2,49826.7,49760.2,49811.5,10522,19,0
2026-05-13 04:00:00+00:00,49812.5,49838.6,49772.2,49803.6,7187,21,0
2026-05-13 08:00:00+00:00,49803.8,49820.6,49641.3,49675.7,14624,21,0
2026-05-13 12:00:00+00:00,49675.6,49712.6,49480.1,49580.2,95778,19,0
2026-05-13 16:00:00+00:00,49579.4,49785.6,49547.6,49739.2,45391,19,0
2026-05-13 20:00:00+00:00,49738.3,49873.6,49720.9,49850.7,5960,21,0
2026-05-14 00:00:00+00:00,49850.2,49878.5,49822.2,49852.7,7902,21,0
2026-05-14 04:00:00+00:00,49853.5,49931.5,49845.2,49857.7,11361,21,0
2026-05-14 08:00:00+00:00,49857.3,50142.6,49847.4,50109.4,19205,21,0
2026-05-14 12:00:00+00:00,50111.0,50216.7,49901.2,50215.1,93186,21,0
2026-05-14 16:00:00+00:00,50214.4,50238.7,50009.0,50106.4,60707,21,0
2026-05-14 20:00:00+00:00,50106.1,50125.9,50049.4,50055.7,5385,21,0
2026-05-15 00:00:00+00:00,50055.2,50058.7,49896.4,49984.7,17487,21,0
2026-05-15 04:00:00+00:00,49985.5,49988.7,49867.4,49871.9,20806,21,0
2026-05-15 08:00:00+00:00,49874.5,49930.6,49688.1,49748.2,42263,21,0
2026-05-15 12:00:00+00:00,49748.6,49794.6,49530.6,49597.7,112802,19,0
2026-05-15 16:00:00+00:00,49598.5,49740.7,49541.4,49564.4,69751,19,0
2026-05-15 20:00:00+00:00,49564.7,49565.5,49379.9,49435.2,7405,21,0
2026-05-17 20:00:00+00:00,49402.0,49516.6,49335.5,49411.5,13380,21,0
2026-05-18 00:00:00+00:00,49411.2,49411.2,49123.2,49152.7,48911,19,0
2026-05-18 04:00:00+00:00,49152.2,49304.4,49114.2,49251.7,28489,21,0
2026-05-18 08:00:00+00:00,49252.5,49485.6,49154.0,49390.4,34792,21,0
2026-05-18 12:00:00+00:00,49390.7,49807.3,49381.2,49549.3,130657,21,0
2026-05-18 16:00:00+00:00,49549.7,49742.5,49389.1,49731.2,98102,21,0
2026-05-18 20:00:00+00:00,49731.7,49773.7,49677.5,49712.8,10430,21,0
2026-05-19 00:00:00+00:00,49713.5,49773.4,49648.2,49681.1,26767,21,0
2026-05-19 04:00:00+00:00,49681.7,49792.7,49559.7,49786.9,30504,21,0
2026-05-19 08:00:00+00:00,49786.4,49794.6,49554.1,49568.4,35974,21,0
2026-05-19 12:00:00+00:00,49569.6,49664.8,49281.5,49485.4,130165,21,0
2026-05-19 16:00:00+00:00,49485.1,49650.7,49357.4,49406.5,73137,19,0
2026-05-19 20:00:00+00:00,49407.5,49504.7,49352.2,49446.2,9653,21,0
2026-05-20 00:00:00+00:00,49445.4,49445.4,49254.4,49314.7,45137,21,0
2026-05-20 04:00:00+00:00,49315.5,49453.7,49307.2,49386.7,23641,21,0
2026-05-20 08:00:00+00:00,49387.5,49567.5,49365.1,49507.9,23367,21,0
2026-05-20 12:00:00+00:00,49507.5,49972.5,49262.1,49894.0,125146,21,0
2026-05-20 16:00:00+00:00,49894.4,50118.7,49834.2,50052.7,64946,21,0
2026-05-20 20:00:00+00:00,50053.5,50070.4,49904.2,49941.7,19534,21,0
2026-05-21 00:00:00+00:00,49942.5,50007.5,49881.1,49981.2,13981,21,0
2026-05-21 04:00:00+00:00,49980.4,50040.4,49911.3,49967.8,17821,21,0
2026-05-21 08:00:00+00:00,49967.4,50243.3,49859.1,49963.9,44600,21,0
2026-05-21 12:00:00+00:00,49964.5,50125.5,49739.2,49974.3,120515,21,0
2026-05-21 16:00:00+00:00,49974.7,50438.4,49901.2,50339.8,96745,21,0
2026-05-21 20:00:00+00:00,50339.4,50438.6,50336.2,50419.2,6385,21,0
2026-05-22 00:00:00+00:00,50419.7,50509.7,50399.2,50507.7,10009,21,0
2026-05-22 04:00:00+00:00,50507.2,50535.7,50430.1,50487.7,12420,21,0
2026-05-22 08:00:00+00:00,50487.8,50557.5,50408.4,50522.0,20874,21,0
2026-05-22 12:00:00+00:00,50520.9,50830.6,50513.4,50736.4,94515,21,0
2026-05-22 16:00:00+00:00,50736.1,50881.6,50612.2,50616.3,54768,21,0
2026-05-22 20:00:00+00:00,50616.6,50660.6,50593.2,50597.6,3322,21,0
2026-05-24 20:00:00+00:00,50851.0,50940.6,50845.1,50891.4,6334,20,0
2026-05-25 00:00:00+00:00,50892.4,51041.7,50887.3,51014.2,9884,21,0
2026-05-25 04:00:00+00:00,51014.7,51091.2,50968.3,51051.4,8929,21,0
2026-05-25 08:00:00+00:00,51051.0,51123.2,51020.1,51105.1,8439,21,0
2026-05-25 12:00:00+00:00,51104.9,51187.5,51042.1,51109.4,15910,21,0
2026-05-25 16:00:00+00:00,51110.9,51117.6,51049.4,51116.6,2660,23,0
2026-05-25 20:00:00+00:00,51094.2,51112.0,50963.1,50995.6,4763,23,0
2026-05-26 00:00:00+00:00,50995.8,51003.6,50914.2,50950.4,12485,21,0
2026-05-26 04:00:00+00:00,50950.7,51002.6,50891.4,50924.6,11036,21,0
2026-05-26 08:00:00+00:00,50924.8,50949.7,50839.7,50920.5,14582,21,0
2026-05-26 12:00:00+00:00,50919.4,50923.6,50480.5,50521.7,84424,21,0
2026-05-26 16:00:00+00:00,50522.5,50553.7,50397.5,50533.2,39405,21,0
2026-05-26 20:00:00+00:00,50534.2,50578.6,50478.0,50572.4,5469,21,0
2026-05-27 00:00:00+00:00,50571.3,50594.3,50547.2,50567.4,7647,21,0
2026-05-27 04:00:00+00:00,50566.4,50658.3,50546.4,50642.3,7175,21,0
2026-05-27 08:00:00+00:00,50642.7,50775.0,50546.1,50558.8,11531,21,0
2026-05-27 12:00:00+00:00,50558.8,50873.7,50486.1,50673.9,94047,21,0
2026-05-27 16:00:00+00:00,50674.4,50766.7,50637.1,50694.2,39380,21,0
2026-05-27 20:00:00+00:00,50694.7,50802.5,50634.0,50706.3,9275,21,0
2026-05-28 00:00:00+00:00,50705.4,50774.7,50601.2,50605.8,18688,21,0
2026-05-28 04:00:00+00:00,50605.2,50718.2,50579.9,50688.2,13530,21,0
2026-05-28 08:00:00+00:00,50688.3,50707.4,50561.3,50619.3,15323,21,0
2026-05-28 12:00:00+00:00,50619.4,50837.6,50372.1,50753.7,77391,21,0
2026-05-28 16:00:00+00:00,50754.5,50781.8,50628.2,50735.4,31006,21,0
2026-05-28 20:00:00+00:00,50734.4,50794.7,50723.3,50728.7,5406,21,0
2026-05-29 00:00:00+00:00,50728.2,50775.7,50696.2,50762.7,7624,21,0
2026-05-29 04:00:00+00:00,50763.6,50806.1,50739.4,50782.2,7283,21,0
2026-05-29 08:00:00+00:00,50781.4,50897.7,50759.5,50895.2,12731,21,0
2026-05-29 12:00:00+00:00,50895.6,51134.5,50724.0,51102.7,88638,21,0
2026-05-29 16:00:00+00:00,51102.2,51132.7,50962.2,51072.2,45892,21,0
2026-05-29 20:00:00+00:00,51072.7,51093.0,51028.4,51045.7,2876,21,0
2026-05-31 20:00:00+00:00,51038.5,51110.4,50985.4,51096.6,4579,21,0
2026-06-01 00:00:00+00:00,51097.4,51156.7,51079.1,51104.7,8865,21,0
2026-06-01 04:00:00+00:00,51105.5,51128.5,51075.0,51108.8,6314,21,0
2026-06-01 08:00:00+00:00,51108.9,51372.8,51107.7,51291.4,12858,21,0
2026-06-01 12:00:00+00:00,51291.7,51297.7,50814.2,50957.7,88714,21,0
2026-06-01 16:00:00+00:00,50959.1,51164.8,50856.6,51125.7,40860,21,0
2026-06-01 20:00:00+00:00,51127.1,51138.6,50952.9,50971.4,8084,21,0
2026-06-02 00:00:00+00:00,50971.8,50983.6,50857.2,50916.2,12356,21,0
2026-06-02 04:00:00+00:00,50915.4,51066.9,50900.2,51063.7,7338,21,0
2026-06-02 08:00:00+00:00,51063.2,51069.7,50877.2,50892.6,11868,21,0
2026-06-02 12:00:00+00:00,50892.8,51332.7,50827.2,51250.7,85556,21,0
2026-06-02 16:00:00+00:00,51251.5,51428.7,51199.2,51383.2,33129,21,0
2026-06-02 20:00:00+00:00,51383.7,51427.2,51267.3,51393.2,9562,21,0
2026-06-03 00:00:00+00:00,51393.6,51409.1,51352.4,51372.7,6883,21,0
2026-06-03 04:00:00+00:00,51372.2,51378.5,51261.1,51275.2,7211,21,0
2026-06-03 08:00:00+00:00,51274.4,51279.6,51168.5,51244.7,14601,21,0
2026-06-03 12:00:00+00:00,51247.2,51256.6,50869.2,50931.2,91027,21,0
2026-06-03 16:00:00+00:00,50931.7,50963.8,50776.2,50790.2,45904,21,0
2026-06-03 20:00:00+00:00,50790.8,50838.6,50727.2,50801.3,14957,21,0
2026-06-04 00:00:00+00:00,50799.7,50835.4,50740.4,50785.7,16646,21,0
2026-06-04 04:00:00+00:00,50786.5,50922.8,50761.4,50898.4,12474,21,0
2026-06-04 08:00:00+00:00,50897.5,51209.6,50877.0,51200.1,26603,21,0
2026-06-04 12:00:00+00:00,51200.5,51670.0,51174.7,51619.7,100096,21,0
2026-06-04 16:00:00+00:00,51619.3,51746.5,51555.4,51657.4,42307,21,0
2026-06-04 20:00:00+00:00,51657.1,51686.7,51638.3,51641.3,6570,21,0
2026-06-05 00:00:00+00:00,51640.3,51653.4,51588.2,51611.2,14364,21,0
2026-06-05 04:00:00+00:00,51611.7,51709.8,51601.2,51665.6,13427,21,0
2026-06-05 08:00:00+00:00,51665.1,51820.5,51644.2,51718.5,20052,21,0
2026-06-05 12:00:00+00:00,51718.2,51835.9,51310.2,51310.8,124729,20,0
2026-06-05 16:00:00+00:00,51310.2,51342.3,50841.3,50936.4,129192,21,0
2026-06-05 20:00:00+00:00,50937.4,50941.7,50741.1,50797.7,13916,21,0
2026-06-07 20:00:00+00:00,50796.6,50927.3,50644.2,50879.2,19464,21,0
2026-06-08 00:00:00+00:00,50878.2,50933.0,50693.3,50878.5,42032,21,0
2026-06-08 04:00:00+00:00,50879.4,50893.4,50693.4,50843.6,36308,21,0
2026-06-08 08:00:00+00:00,50844.4,51131.1,50753.8,51069.5,37882,21,0
2026-06-08 12:00:00+00:00,51070.7,51351.3,50954.2,51026.7,129345,21,0
2026-06-08 16:00:00+00:00,51027.5,51090.7,50812.1,50873.4,93254,21,0
2026-06-08 20:00:00+00:00,50873.7,50889.7,50738.4,50826.2,13008,21,0
2026-06-09 00:00:00+00:00,50825.4,50935.5,50711.2,50921.2,39096,21,0
2026-06-09 04:00:00+00:00,50919.7,50986.4,50857.4,50900.0,21652,21,0
2026-06-09 08:00:00+00:00,50900.4,51065.7,50868.1,50944.9,23764,21,0
2026-06-09 12:00:00+00:00,50944.9,51340.4,50512.0,50533.6,200957,21,0
2026-06-09 16:00:00+00:00,50533.2,50993.7,50289.6,50927.4,220305,21,0
2026-06-09 20:00:00+00:00,50927.0,50954.6,50759.1,50829.2,22110,21,0
2026-06-10 00:00:00+00:00,50829.5,50932.5,50771.7,50846.1,37386,21,0
2026-06-10 04:00:00+00:00,50846.7,50890.9,50758.1,50783.7,27328,21,0
2026-06-10 08:00:00+00:00,50783.9,50789.4,50341.0,50508.5,67908,20,0
2026-06-10 12:00:00+00:00,50508.2,50851.5,50220.3,50396.5,211261,20,0
2026-06-10 16:00:00+00:00,50397.4,50434.7,49993.5,49999.1,165047,21,0
2026-06-10 20:00:00+00:00,49999.5,50012.7,49785.1,49862.6,33294,21,0
2026-06-11 00:00:00+00:00,49863.4,50139.5,49854.1,50130.7,64257,21,0
2026-06-11 04:00:00+00:00,50132.2,50348.6,50076.3,50318.0,31347,21,0
2026-06-11 08:00:00+00:00,50317.5,50433.0,50303.2,50417.8,25187,21,0
2026-06-11 12:00:00+00:00,50416.9,50476.7,50129.2,50315.5,208963,21,0
2026-06-11 16:00:00+00:00,50316.4,51045.3,50193.2,50899.5,186712,21,0
2026-06-11 20:00:00+00:00,50900.4,51024.9,50887.2,50993.7,23930,21,0
2026-06-12 00:00:00+00:00,50994.5,51000.7,50884.1,50954.5,59072,19,0
2026-06-12 04:00:00+00:00,50955.5,51068.6,50866.0,51009.3,46064,19,0
2026-06-12 08:00:00+00:00,51009.6,51383.6,51006.1,51284.2,51918,21,0
2026-06-12 12:00:00+00:00,51283.4,51486.4,50890.2,51172.6,160472,20,0
2026-06-12 16:00:00+00:00,51173.4,51373.7,51103.4,51277.2,92885,21,0
2026-06-12 20:00:00+00:00,51277.6,51333.9,51266.9,51268.3,4424,21,0
2026-06-14 20:00:00+00:00,51546.0,51633.5,51501.8,51607.5,15592,20,0
2026-06-15 00:00:00+00:00,51607.1,51745.6,51587.3,51719.7,15732,21,0
2026-06-15 04:00:00+00:00,51719.2,51829.5,51705.2,51766.3,15240,21,0
2026-06-15 08:00:00+00:00,51765.4,51820.6,51678.1,51763.8,21774,21,0
2026-06-15 12:00:00+00:00,51763.4,52030.8,51721.6,52009.2,89995,21,0
2026-06-15 16:00:00+00:00,52009.5,52049.5,51756.3,51820.4,48030,21,0
2026-06-15 20:00:00+00:00,51819.3,51840.5,51754.1,51782.8,7757,21,0
2026-06-16 00:00:00+00:00,51782.8,51849.7,51767.1,51824.7,13424,21,0
2026-06-16 04:00:00+00:00,51824.2,51913.5,51789.2,51880.7,10824,21,0
2026-06-16 08:00:00+00:00,51881.5,51912.6,51807.4,51846.5,14592,21,0
2026-06-16 12:00:00+00:00,51846.8,52261.5,51836.5,52234.4,97719,21,0
2026-06-16 16:00:00+00:00,52234.7,52312.7,52119.1,52151.4,58363,21,0
2026-06-16 20:00:00+00:00,52151.7,52207.6,52103.1,52192.4,8286,21,0
2026-06-17 00:00:00+00:00,52193.4,52247.4,52183.2,52218.4,7659,21,0
2026-06-17 04:00:00+00:00,52218.8,52222.7,52134.0,52141.6,8179,21,0
2026-06-17 08:00:00+00:00,52141.2,52172.4,52074.9,52114.2,19520,11,0
2026-06-17 12:00:00+00:00,52113.7,52412.4,52091.5,52347.5,104424,11,0
2026-06-17 16:00:00+00:00,52348.4,52379.7,51518.0,51619.5,163506,20,0
2026-06-17 20:00:00+00:00,51620.4,51860.4,51607.6,51858.6,18171,21,0
2026-06-18 00:00:00+00:00,51860.1,51956.4,51848.6,51928.1,19827,21,0
2026-06-18 04:00:00+00:00,51928.7,51939.9,51844.2,51919.7,17673,21,0
2026-06-18 08:00:00+00:00,51920.9,51965.5,51689.7,51731.0,27335,21,0
2026-06-18 12:00:00+00:00,51730.3,52060.4,51689.1,51766.5,120720,21,0
2026-06-18 16:00:00+00:00,51766.9,51885.6,51649.1,51662.1,63241,21,0
2026-06-18 20:00:00+00:00,51661.4,51772.1,51650.6,51694.1,10351,21,0
2026-06-19 00:00:00+00:00,51693.3,51695.6,51529.2,51573.5,12028,21,0
2026-06-19 04:00:00+00:00,51575.1,51646.6,51482.0,51645.9,12781,21,0
2026-06-19 08:00:00+00:00,51645.8,51692.7,51514.1,51555.4,12621,21,0
2026-06-19 12:00:00+00:00,51556.3,51672.4,51481.0,51631.8,24422,21,0
2026-06-19 16:00:00+00:00,51631.8,51648.5,51562.8,51572.3,1906,23,0
2026-06-21 20:00:00+00:00,51537.4,51578.8,51418.3,51468.3,11572,21,0
2026-06-22 00:00:00+00:00,51467.9,51668.6,51446.5,51549.4,25178,21,0
2026-06-22 04:00:00+00:00,51549.7,51706.5,51514.3,51656.4,15348,21,0
2026-06-22 08:00:00+00:00,51657.8,51804.3,51622.4,51751.1,23917,21,0
2026-06-22 12:00:00+00:00,51751.5,52010.3,51743.0,51872.7,107215,21,0
2026-06-22 16:00:00+00:00,51872.4,51906.7,51712.2,51819.6,55429,21,0
2026-06-22 20:00:00+00:00,51819.1,51914.3,51806.6,51860.4,9862,21,0
2026-06-23 00:00:00+00:00,51860.2,51970.7,51756.2,51809.1,29737,21,0
2026-06-23 04:00:00+00:00,51809.7,51833.4,51406.2,51441.7,35850,21,0
2026-06-23 08:00:00+00:00,51443.1,51675.4,51400.9,51633.5,38808,21,0
2026-06-23 12:00:00+00:00,51632.5,51918.6,51406.4,51855.3,126342,21,0
2026-06-23 16:00:00+00:00,51856.5,51993.9,51757.2,51778.6,74039,21,0
2026-06-23 20:00:00+00:00,51779.4,51839.7,51687.4,51809.3,17654,21,0
2026-06-24 00:00:00+00:00,51807.3,51846.6,51701.2,51793.6,38001,21,0
2026-06-24 04:00:00+00:00,51794.5,51806.5,51678.6,51701.6,23975,21,0
2026-06-24 08:00:00+00:00,51702.5,51894.4,51683.3,51890.4,28236,21,0
2026-06-24 12:00:00+00:00,51890.1,52393.4,51652.0,52294.1,117428,21,0
2026-06-24 16:00:00+00:00,52294.5,52326.6,51876.1,52006.5,120520,21,0
2026-06-24 20:00:00+00:00,52006.1,52136.4,51978.0,52054.1,24292,21,0
2026-06-25 00:00:00+00:00,52053.3,52059.3,51955.4,52023.2,20861,21,0
2026-06-25 04:00:00+00:00,52023.7,52089.6,51942.3,52072.5,14588,21,0
2026-06-25 08:00:00+00:00,52071.6,52187.0,52018.8,52063.2,19423,21,0
2026-06-25 12:00:00+00:00,52062.4,52816.8,52032.4,52392.1,183522,21,0
2026-06-25 16:00:00+00:00,52393.1,52470.7,52017.2,52094.3,125094,21,0
2026-06-25 20:00:00+00:00,52094.7,52258.4,52085.4,52123.6,19591,21,0
2026-06-26 00:00:00+00:00,52124.4,52202.8,51919.1,52006.7,44606,21,0
2026-06-26 04:00:00+00:00,52007.5,52177.3,51897.1,52163.3,27092,21,0
2026-06-26 08:00:00+00:00,52164.1,52187.8,51964.2,52008.0,36442,21,0
2026-06-26 12:00:00+00:00,52009.1,52276.5,51742.1,52236.4,159062,21,0
2026-06-26 16:00:00+00:00,52237.4,52241.3,51865.1,51892.5,101024,21,0
2026-06-26 20:00:00+00:00,51894.3,52037.5,51883.9,51949.6,20771,21,0
2026-06-28 20:00:00+00:00,51941.8,52201.5,51935.3,52154.6,11393,21,0
2026-06-29 00:00:00+00:00,52154.7,52156.5,52007.3,52135.1,37560,21,0
2026-06-29 04:00:00+00:00,52135.6,52190.5,52040.2,52162.8,20642,21,0
2026-06-29 08:00:00+00:00,52163.4,52245.5,52085.9,52215.3,25709,21,0
2026-06-29 12:00:00+00:00,52215.6,52444.7,52073.3,52239.2,137034,21,0
2026-06-29 16:00:00+00:00,52239.6,52402.6,52206.1,52301.2,44333,21,0
2026-06-29 20:00:00+00:00,52300.3,52327.3,52237.1,52259.0,9095,21,0
2026-06-30 00:00:00+00:00,52258.3,52329.9,52208.2,52305.7,16419,21,0
2026-06-30 04:00:00+00:00,52305.2,52381.5,52297.0,52330.2,13419,21,0
2026-06-30 08:00:00+00:00,52333.2,52454.4,52284.5,52356.3,20046,21,0
2026-06-30 12:00:00+00:00,52357.3,52473.3,52124.0,52420.6,84795,23,0
2026-06-30 16:00:00+00:00,52422.0,52506.4,52388.5,52416.1,35667,21,0
2026-06-30 20:00:00+00:00,52416.6,52448.0,52304.4,52322.1,8283,23,0
2026-07-01 00:00:00+00:00,52322.6,52376.4,52214.2,52252.5,16188,21,0
2026-07-01 04:00:00+00:00,52252.1,52284.4,52176.3,52246.3,16221,21,0
2026-07-01 08:00:00+00:00,52245.4,52334.8,52228.0,52268.6,15919,21,0
2026-07-01 12:00:00+00:00,52268.2,52739.6,52132.4,52736.3,86346,21,0
2026-07-01 16:00:00+00:00,52737.4,52856.5,52405.1,52407.2,47377,21,0
2026-07-01 20:00:00+00:00,52407.7,52415.0,52319.1,52356.4,9911,21,0
2026-07-02 00:00:00+00:00,52356.0,52484.4,52309.1,52469.7,14564,21,0
2026-07-02 04:00:00+00:00,52470.5,52471.7,52299.4,52381.7,14020,21,0
2026-07-02 08:00:00+00:00,52381.8,52530.9,52364.3,52479.2,16472,21,0
2026-07-02 12:00:00+00:00,52478.4,52892.4,52460.1,52760.6,139713,21,0
2026-07-02 16:00:00+00:00,52760.2,52967.3,52516.2,52919.3,84931,21,0
2026-07-02 20:00:00+00:00,52918.9,52982.2,52887.4,52974.4,8377,21,0
2026-07-03 00:00:00+00:00,52974.1,53155.3,52943.3,53091.7,13987,21,0
2026-07-03 04:00:00+00:00,53092.4,53097.7,52975.9,52976.0,8464,23,0
2026-07-03 08:00:00+00:00,52976.3,52981.7,52825.6,52857.9,9614,23,0
2026-07-03 12:00:00+00:00,52857.9,52999.8,52827.1,52931.9,14470,23,0
2026-07-03 16:00:00+00:00,52932.3,52936.4,52907.1,52912.4,1797,23,0
2026-07-05 20:00:00+00:00,52977.8,53016.0,52896.4,53014.1,4176,23,0
2026-07-06 00:00:00+00:00,53014.6,53054.3,52911.1,52922.3,17619,21,0
2026-07-06 04:00:00+00:00,52922.7,53056.5,52905.2,53051.5,9520,21,0
2026-07-06 08:00:00+00:00,53050.5,53068.5,52865.1,52876.1,12954,23,0
2026-07-06 12:00:00+00:00,52875.0,53139.7,52720.0,52938.3,80457,23,0
2026-07-06 16:00:00+00:00,52937.9,53136.3,52901.1,53136.3,35632,21,0
2026-07-06 20:00:00+00:00,53136.6,53198.4,53112.3,53123.0,5332,23,0
2026-07-07 00:00:00+00:00,53121.0,53228.6,53113.4,53181.3,13529,19,0
2026-07-07 04:00:00+00:00,53181.7,53235.3,53101.1,53201.8,9993,21,0
2026-07-07 08:00:00+00:00,53202.7,53290.3,53170.1,53277.3,14205,23,0
2026-07-07 12:00:00+00:00,53276.7,53417.3,52841.1,52940.5,87813,21,0
2026-07-07 16:00:00+00:00,52941.4,53026.7,52886.4,52969.7,35777,21,0
2026-07-07 20:00:00+00:00,52968.7,52972.8,52893.0,52904.8,7546,32,0
2026-07-08 00:00:00+00:00,52903.7,52977.1,52862.8,52908.8,11659,32,0
2026-07-08 04:00:00+00:00,52907.8,52937.1,52743.8,52760.3,12986,32,0
2026-07-08 08:00:00+00:00,52760.7,52775.8,52236.1,52453.8,42632,32,0
2026-07-08 12:00:00+00:00,52453.5,52579.6,52105.9,52148.0,76528,32,0
2026-07-08 16:00:00+00:00,52148.9,52450.8,52147.9,52384.7,38693,32,0
2026-07-08 20:00:00+00:00,52383.9,52389.6,52294.8,52366.8,7395,32,0
2026-07-09 00:00:00+00:00,52365.7,52469.8,52346.6,52463.0,12181,32,0
2026-07-09 04:00:00+00:00,52462.5,52531.0,52440.5,52467.7,11361,32,0
2026-07-09 08:00:00+00:00,52468.8,52484.0,52272.7,52360.4,18040,32,0
2026-07-09 12:00:00+00:00,52359.8,52623.8,52319.9,52544.2,52830,32,0
2026-07-09 16:00:00+00:00,52543.7,52635.4,52469.8,52539.8,21738,32,0
2026-07-09 20:00:00+00:00,52538.8,52556.8,52482.5,52523.7,4779,32,0
2026-07-10 00:00:00+00:00,52524.8,52538.0,52486.5,52512.7,5669,32,0
2026-07-10 04:00:00+00:00,52513.2,52622.8,52479.6,52582.4,7047,32,0
2026-07-10 08:00:00+00:00,52582.3,52670.8,52543.9,52597.8,11941,35,0
2026-07-10 12:00:00+00:00,52598.8,52727.0,52283.0,52642.0,50453,30,0
2026-07-10 16:00:00+00:00,52643.0,52760.0,52589.5,52690.8,18060,32,0
2026-07-10 20:00:00+00:00,52691.6,52761.1,52684.7,52759.9,1571,35,0
2026-07-12 20:00:00+00:00,52629.7,52662.0,52542.7,52598.0,3785,30,0
2026-07-13 00:00:00+00:00,52598.8,52633.9,52481.7,52486.9,13049,32,0
2026-07-13 04:00:00+00:00,52487.9,52684.2,52447.7,52642.6,13269,32,0
2026-07-13 08:00:00+00:00,52646.2,52773.2,52621.8,52635.5,13001,35,0
2026-07-13 12:00:00+00:00,52635.3,52904.2,52535.8,52543.7,50714,30,0
2026-07-13 16:00:00+00:00,52543.6,52580.8,52394.7,52555.9,33124,32,0
2026-07-13 20:00:00+00:00,52555.3,52555.8,52436.5,52489.9,8163,32,0
2026-07-14 00:00:00+00:00,52491.4,52513.8,52355.5,52392.7,22651,32,0
2026-07-14 04:00:00+00:00,52393.2,52539.8,52365.7,52428.0,16185,32,0
2026-07-14 08:00:00+00:00,52427.6,52557.3,52052.3,52260.2,33434,30,0
2026-07-14 12:00:00+00:00,52259.7,52774.9,52213.7,52459.8,79306,30,0
2026-07-14 16:00:00+00:00,52459.3,52617.7,52397.8,52573.9,27350,32,0
2026-07-14 20:00:00+00:00,52574.8,52668.8,52557.4,52662.5,4844,35,0
2026-07-15 00:00:00+00:00,52663.0,52670.8,52573.6,52642.9,6537,32,0
2026-07-15 04:00:00+00:00,52643.0,52672.0,52497.3,52549.7,7444,35,0
2026-07-15 08:00:00+00:00,52549.9,52723.5,52541.5,52610.7,7842,32,0
2026-07-15 12:00:00+00:00,52609.7,52885.8,52562.8,52688.8,40657,35,0
2026-07-15 16:00:00+00:00,52689.0,52749.8,52480.4,52713.0,21154,32,0
2026-07-15 20:00:00+00:00,52713.8,52744.8,52682.2,52714.4,2319,35,0
2026-07-16 00:00:00+00:00,52713.1,52770.9,52659.7,52761.7,4837,32,0
2026-07-16 04:00:00+00:00,52762.6,52800.9,52638.6,52651.3,5248,32,0
2026-07-16 08:00:00+00:00,52650.7,52860.8,52639.9,52786.1,10516,32,0
2026-07-16 12:00:00+00:00,52790.0,52912.8,52660.8,52815.8,40029,32,0
2026-07-16 16:00:00+00:00,52814.8,52821.1,52417.7,52593.0,26971,32,0
2026-07-16 20:00:00+00:00,52592.5,52596.4,52496.5,52506.8,3967,32,0
2026-07-17 00:00:00+00:00,52510.4,52518.0,52259.6,52260.5,6840,32,0
2026-07-17 04:00:00+00:00,52260.3,52351.8,52135.4,52333.1,9455,32,0
2026-07-17 08:00:00+00:00,52333.2,52391.3,52185.7,52323.1,14004,32,0
2026-07-17 12:00:00+00:00,52322.6,52651.8,51991.7,52564.8,55455,32,0
2026-07-17 16:00:00+00:00,52565.8,52573.8,52151.7,52191.4,30629,32,0
2026-07-17 20:00:00+00:00,52190.7,52210.0,52135.8,52206.9,1873,32,0
2026-07-19 20:00:00+00:00,52131.6,52190.7,52064.6,52177.3,4353,35,0
2026-07-20 00:00:00+00:00,52179.4,52227.7,52106.7,52168.7,7975,32,0
2026-07-20 04:00:00+00:00,52172.9,52292.7,52093.5,52251.9,7878,32,0
2026-07-20 08:00:00+00:00,52253.2,52442.6,52251.8,52401.0,10370,32,0
2026-07-20 12:00:00+00:00,52400.3,52457.0,51961.4,52054.5,34298,32,0
2026-07-20 16:00:00+00:00,52053.8,52126.8,51818.0,51898.8,22670,32,0
2026-07-20 20:00:00+00:00,51898.0,51947.8,51868.5,51925.0,3350,32,0
2026-07-21 00:00:00+00:00,51924.5,52030.0,51864.1,52030.0,6497,32,0
2026-07-21 04:00:00+00:00,52031.0,52138.2,52019.5,52062.2,5166,32,0
2026-07-21 08:00:00+00:00,52062.8,52154.3,52016.8,52028.4,13278,32,0
2026-07-21 12:00:00+00:00,52028.9,52286.8,51919.4,52261.0,51909,32,0
2026-07-21 16:00:00+00:00,52260.6,52421.2,52241.7,52273.8,19045,32,0
2026-07-21 20:00:00+00:00,52272.8,52281.1,52240.7,52260.6,3876,32,0
2026-07-22 00:00:00+00:00,52259.2,52278.8,52210.7,52224.2,11125,32,0
2026-07-22 04:00:00+00:00,52225.0,52264.1,52103.7,52145.4,14253,32,0
2026-07-22 08:00:00+00:00,52145.1,52316.5,52118.1,52139.8,21966,32,0
2026-07-22 12:00:00+00:00,52140.5,52557.0,52102.2,52456.8,48403,32,0
2026-07-22 16:00:00+00:00,52457.8,52489.1,52251.5,52263.3,22373,32,0
2026-07-22 20:00:00+00:00,52263.8,52380.0,52195.3,52267.8,9440,35,0
2026-07-23 00:00:00+00:00,52268.8,52357.8,52218.5,52233.5,10771,32,0
2026-07-23 04:00:00+00:00,52232.7,52261.0,51975.3,52047.3,16093,32,0
2026-07-23 08:00:00+00:00,52046.8,52176.0,51939.7,51993.6,22465,32,0
2026-07-23 12:00:00+00:00,51992.9,51995.8,51572.3,51736.3,191242,32,0
2026-07-23 16:00:00+00:00,51735.3,51858.3,51616.3,51729.8,91295,32,0
2026-07-23 20:00:00+00:00,51734.3,51764.6,51692.3,51724.0,13248,32,0
2026-07-24 00:00:00+00:00,51727.3,51817.3,51713.3,51740.3,23095,32,0
2026-07-24 04:00:00+00:00,51740.3,51959.3,51719.3,51918.3,23861,32,0
2026-07-24 08:00:00+00:00,51916.3,52039.3,51886.7,51965.3,32607,32,0
2026-07-24 12:00:00+00:00,51964.3,52149.3,51720.3,52115.3,152511,32,0
2026-07-24 16:00:00+00:00,52116.3,52157.3,51856.3,51972.3,89759,32,0
2026-07-24 20:00:00+00:00,51971.3,51986.7,51901.3,51936.8,5213,32,0
2026-07-26 20:00:00+00:00,52195.8,52334.1,52189.2,52312.3,8673,30,0
2026-07-27 00:00:00+00:00,52311.3,52341.1,52197.3,52284.3,23858,32,0
2026-07-27 04:00:00+00:00,52285.3,52459.3,52281.3,52375.5,19006,32,0
2026-07-27 08:00:00+00:00,52376.3,52578.3,52364.3,52558.8,26339,32,0
2026-07-27 12:00:00+00:00,52559.3,52650.1,52045.3,52082.3,171629,32,0
2026-07-27 16:00:00+00:00,52083.3,52266.3,52031.3,52241.3,112074,32,0
2026-07-27 20:00:00+00:00,52240.3,52299.1,52213.3,52264.3,10069,35,0
2026-07-28 00:00:00+00:00,52265.3,52283.3,52149.3,52275.3,29687,32,0
2026-07-28 04:00:00+00:00,52274.3,52355.3,52215.3,52300.7,27237,32,0
2026-07-28 08:00:00+00:00,52299.3,52636.1,52272.3,52629.8,43968,32,0
2026-07-28 12:00:00+00:00,52629.3,52939.3,52477.1,52926.3,169870,32,0
2026-07-28 16:00:00+00:00,52927.3,52968.1,52787.1,52808.7,73422,32,0
2026-07-28 20:00:00+00:00,52807.6,52869.3,52696.1,52835.3,25334,32,0
2026-07-29 00:00:00+00:00,52834.3,52900.1,52685.3,52695.3,28039,32,0
2026-07-29 04:00:00+00:00,52696.3,52876.3,52673.1,52862.3,28606,32,0
2026-07-29 08:00:00+00:00,52861.3,52893.3,52614.3,52628.3,34481,32,0
2026-07-29 12:00:00+00:00,52627.3,52629.3,51881.5,51922.3,125889,35,0
2026-07-29 16:00:00+00:00,51921.3,52298.3,51566.7,51631.1,178878,35,0
2026-07-29 20:00:00+00:00,51632.1,51832.1,51497.6,51788.3,30326,35,0
2026-07-30 00:00:00+00:00,51789.3,51822.4,51679.3,51703.4,31213,32,0
2026-07-30 04:00:00+00:00,51703.4,51799.3,51603.3,51673.3,37836,32,0
2026-07-30 08:00:00+00:00,51672.3,51919.3,51646.3,51883.3,38338,32,0
2026-07-30 12:00:00+00:00,51883.3,52006.6,51674.3,51957.3,118753,32,0
2026-07-30 16:00:00+00:00,51959.3,52294.9,51936.3,52254.1,59086,32,0
2026-07-30 20:00:00+00:00,52255.1,52385.1,52243.1,52363.3,15109,35,0
2026-07-31 00:00:00+00:00,52364.3,52476.1,52344.3,52455.3,13883,35,0
2026-07-31 04:00:00+00:00,52455.3,52575.3,52434.1,52543.3,12972,35,0
2026-07-31 08:00:00+00:00,52542.3,52624.3,52479.3,52546.3,22528,35,0
2026-07-31 12:00:00+00:00,52546.3,52548.3,52006.1,52419.3,124001,35,0
2026-07-31 16:00:00+00:00,52420.3,52655.1,52374.3,52515.3,53498,35,0
2026-07-31 20:00:00+00:00,52516.3,52569.8,52417.6,52453.1,6347,35,0
2026-08-02 20:00:00+00:00,52768.4,52768.4,52684.1,52715.3,5726,35,0
2026-08-03 00:00:00+00:00,52714.3,52821.3,52677.1,52805.3,9336,35,0
2026-08-03 04:00:00+00:00,52805.3,52859.8,52746.8,52852.9,10234,23,0
2026-08-03 08:00:00+00:00,52851.9,53104.8,52819.9,53073.8,18437,23,0
2026-08-03 12:00:00+00:00,53072.8,53279.8,53026.1,53074.5,79201,11,0
2026-08-03 16:00:00+00:00,53075.5,53275.5,52979.5,53234.5,37473,11,0
2026-08-03 20:00:00+00:00,53233.5,53347.4,53232.5,53313.5,5203,11,0
2026-08-04 00:00:00+00:00,53310.5,53397.5,53300.5,53387.5,8152,11,0
2026-08-04 04:00:00+00:00,53387.5,53388.5,53302.5,53331.5,7863,11,0
2026-08-04 08:00:00+00:00,53330.5,53848.4,53176.1,53814.4,33285,11,0
2026-08-04 12:00:00+00:00,53815.4,54162.4,53709.4,54102.1,86489,11,0
2026-08-04 16:00:00+00:00,54101.1,54328.4,54096.1,54160.4,49945,11,0
2026-08-04 20:00:00+00:00,54161.4,54298.5,54153.9,54260.4,11433,11,0
2026-08-05 00:00:00+00:00,54261.4,54404.4,54256.4,54401.4,7478,11,0
2026-08-05 04:00:00+00:00,54401.4,54412.4,54268.0,54315.5,9851,11,0
2026-08-05 08:00:00+00:00,54315.5,54426.5,54273.4,54419.4,15050,11,0
2026-08-05 12:00:00+00:00,54419.4,54797.4,54365.4,54550.4,95447,11,0
2026-08-05 16:00:00+00:00,54550.4,54649.4,54396.4,54400.5,49829,11,0
2026-08-05 20:00:00+00:00,54399.5,54522.4,54393.9,54502.4,7895,11,0
2026-08-06 00:00:00+00:00,54504.4,54545.4,54468.4,54529.5,9283,11,0
2026-08-06 04:00:00+00:00,54529.5,54583.5,54496.4,54554.5,10008,11,0
2026-08-06 08:00:00+00:00,54553.5,54600.0,54464.5,54505.5,14975,11,0
2026-08-06 12:00:00+00:00,54505.5,54579.4,54013.5,54041.4,81010,11,0
2026-08-06 16:00:00+00:00,54042.4,54089.5,53880.8,53936.4,50653,11,0
2026-08-06 20:00:00+00:00,53937.4,53958.4,53871.4,53922.5,6318,11,0
2026-08-07 00:00:00+00:00,53923.5,53927.5,53805.5,53821.5,12405,11,0
2026-08-07 04:00:00+00:00,53822.5,53921.5,53803.4,53877.5,8920,11,0
2026-08-07 08:00:00+00:00,53878.5,54018.5,53856.5,53975.5,11050,11,0
2026-08-07 12:00:00+00:00,53976.5,54127.4,53833.4,53983.5,86540,11,0
2026-08-07 16:00:00+00:00,53982.5,54111.5,53923.5,54068.4,38953,11,0
2026-08-07 20:00:00+00:00,54069.4,54085.5,54036.4,54054.5,2747,11,0
2026-08-09 20:00:00+00:00,54000.1,54009.2,53929.4,53935.4,2924,11,0
2026-08-10 00:00:00+00:00,53934.4,54035.5,53927.4,54022.5,6784,11,0
2026-08-10 04:00:00+00:00,54022.5,54098.4,54017.5,54061.5,7601,11,0
2026-08-10 08:00:00+00:00,54062.5,54079.5,53978.5,54011.5,10352,11,0
2026-08-10 12:00:00+00:00,54010.5,54095.4,53894.4,54050.5,61290,11,0
2026-08-10 16:00:00+00:00,54051.5,54054.5,53884.3,53995.4,31139,11,0
2026-08-10 20:00:00+00:00,53996.4,54007.4,53931.5,53956.5,4874,11,0
2026-08-11 00:00:00+00:00,53955.5,54016.4,53940.5,53998.5,4367,11,0
2026-08-11 04:00:00+00:00,53999.5,54017.4,53881.4,53939.5,7147,11,0
2026-08-11 08:00:00+00:00,53938.5,54063.4,53902.5,54045.5,15637,11,0
2026-08-11 12:00:00+00:00,54044.5,54270.1,53941.4,53976.4,56231,11,0
2026-08-11 16:00:00+00:00,53978.4,54001.4,53787.4,53825.4,28447,11,0
2026-08-11 20:00:00+00:00,53826.4,53858.4,53813.9,53839.4,3550,11,0
2026-08-12 00:00:00+00:00,53839.4,53841.4,53791.5,53825.5,5134,11,0
2026-08-12 04:00:00+00:00,53826.5,53855.4,53809.4,53830.5,4640,11,0
2026-08-12 08:00:00+00:00,53829.5,53933.5,53800.5,53913.5,11360,11,0
2026-08-12 12:00:00+00:00,53913.5,54102.6,53775.4,53840.4,64875,11,0
2026-08-12 16:00:00+00:00,53841.4,53891.5,53785.4,53799.4,22874,11,0
2026-08-12 20:00:00+00:00,53798.4,53877.4,53788.5,53815.4,5960,11,0
2026-08-13 00:00:00+00:00,53815.4,53824.5,53741.5,53783.5,5598,11,0
2026-08-13 04:00:00+00:00,53783.5,53877.5,53775.5,53860.5,5142,11,0
2026-08-13 08:00:00+00:00,53861.5,53980.5,53841.5,53944.5,7719,11,0
2026-08-13 12:00:00+00:00,53945.5,54088.4,53654.4,53700.4,64081,11,0
2026-08-13 16:00:00+00:00,53701.4,53889.8,53697.4,53873.4,27247,11,0
2026-08-13 20:00:00+00:00,53873.9,53913.4,53857.9,53892.4,4146,11,0
2026-08-14 00:00:00+00:00,53892.4,53939.4,53864.4,53909.4,3736,11,0
2026-08-14 04:00:00+00:00,53909.4,53918.5,53789.4,53817.4,4503,11,0
2026-08-14 08:00:00+00:00,53816.4,53826.5,53736.4,53787.5,8366,11,0
2026-08-14 12:00:00+00:00,53786.5,53897.1,53696.5,53702.5,55454,11,0
2026-08-14 16:00:00+00:00,53703.5,53827.5,53683.8,53753.4,22465,11,0
2026-08-14 20:00:00+00:00,53754.4,53756.4,53716.4,53722.4,1699,11,0
2026-08-16 20:00:00+00:00,53745.3,53791.4,53740.4,53773.4,2217,13,0
2026-08-17 00:00:00+00:00,53772.4,53786.4,53677.4,53705.3,4220,13,0
2026-08-17 04:00:00+00:00,53705.3,53747.3,53683.9,53724.4,5209,13,0
2026-08-17 08:00:00+00:00,53725.4,53767.3,53639.4,53649.4,11529,13,0
2026-08-17 12:00:00+00:00,53651.4,53676.5,53508.5,53540.5,54092,10,0
2026-08-17 16:00:00+00:00,53541.5,53642.5,53422.5,53500.5,28764,10,0
2026-08-17 20:00:00+00:00,53499.5,53503.4,53450.3,53496.3,4263,10,0
2026-08-18 00:00:00+00:00,53496.3,53521.3,53443.4,53449.4,7400,13,0
2026-08-18 04:00:00+00:00,53449.4,53490.3,53357.4,53362.4,11343,13,0
2026-08-18 08:00:00+00:00,53364.4,53555.1,53346.3,53457.4,18845,13,0
2026-08-18 12:00:00+00:00,53458.4,53503.5,53276.3,53369.5,71992,10,0
2026-08-18 16:00:00+00:00,53370.5,53441.5,53344.5,53367.5,28041,10,0
2026-08-18 20:00:00+00:00,53368.5,53382.3,53345.4,53356.3,5057,10,0
2026-08-19 00:00:00+00:00,53355.3,53366.3,53304.4,53308.4,9793,13,0
2026-08-19 04:00:00+00:00,53308.4,53424.4,53292.4,53411.4,11849,13,0
2026-08-19 08:00:00+00:00,53410.4,53435.9,53326.9,53431.4,13044,13,0
2026-08-19 12:00:00+00:00,53431.4,53740.5,53397.4,53524.5,87749,10,0
2026-08-19 16:00:00+00:00,53525.5,53614.5,53441.5,53502.5,42716,10,0
2026-08-19 20:00:00+00:00,53501.5,53541.9,53479.4,53523.4,6498,10,0
2026-08-20 00:00:00+00:00,53524.4,53527.3,53485.4,53516.3,7256,13,0
2026-08-20 04:00:00+00:00,53515.3,53549.3,53421.4,53434.4,8572,13,0
2026-08-20 08:00:00+00:00,53433.4,53472.3,53188.4,53197.4,22039,13,0
2026-08-20 12:00:00+00:00,53197.4,53247.5,53005.4,53045.5,86014,10,0
2026-08-20 16:00:00+00:00,53044.5,53112.5,52787.2,52816.5,36995,10,0
2026-08-20 20:00:00+00:00,52817.5,52829.8,52766.9,52816.3,5869,10,0
2026-08-21 00:00:00+00:00,52815.3,52843.4,52779.3,52817.3,8134,13,0
2026-08-21 04:00:00+00:00,52817.3,52929.8,52799.4,52918.4,8222,13,0
2026-08-21 08:00:00+00:00,52918.4,53079.3,52889.4,53056.4,14487,13,0
2026-08-21 12:00:00+00:00,53057.4,53267.5,53016.5,53217.5,59993,10,0
2026-08-21 16:00:00+00:00,53218.5,53227.5,53129.5,53167.5,5364,10,0
