time,open,high,low,close,tick_volume,spread,real_volume
2023-08-21 00:00:00+00:00,4374.56,4378.47,4366.94,4372.98,3945,148,0
2023-08-21 04:00:00+00:00,4372.97,4385.58,4364.19,4385.24,3296,148,0
2023-08-21 08:00:00+00:00,4384.84,4395.01,4382.13,4393.73,2811,151,0
2023-08-21 12:00:00+00:00,4394.01,4396.55,4361.39,4364.43,5794,152,0
2023-08-21 16:00:00+00:00,4364.01,4408.88,4363.24,4401.11,4530,165,0
2023-08-21 20:00:00+00:00,4400.94,4400.94,4394.42,4395.48,970,164,0
2023-08-22 00:00:00+00:00,4395.72,4401.82,4392.56,4400.49,3386,149,0
2023-08-22 04:00:00+00:00,4400.56,4414.74,4396.0,4413.61,3308,153,0
2023-08-22 08:00:00+00:00,4413.93,4426.53,4413.38,4425.73,2666,149,0
2023-08-22 12:00:00+00:00,4425.74,4429.02,4393.25,4394.75,5651,157,0
2023-08-22 16:00:00+00:00,4394.53,4402.15,4382.99,4387.99,5255,166,0
2023-08-22 20:00:00+00:00,4387.91,4392.58,4386.55,4389.8,763,162,0
2023-08-23 00:00:00+00:00,4389.85,4402.63,4389.13,4400.14,2799,148,0
2023-08-23 04:00:00+00:00,4400.14,4411.36,4398.15,4405.71,2772,148,0
2023-08-23 08:00:00+00:00,4405.46,4414.09,4391.69,4397.24,2825,148,0
2023-08-23 12:00:00+00:00,4397.07,4431.49,4388.99,4430.77,5483,154,0
2023-08-23 16:00:00+00:00,4430.34,4444.46,4426.87,4437.63,3694,160,0
2023-08-23 20:00:00+00:00,4437.09,4464.3,4434.56,4459.46,2606,157,0
2023-08-24 00:00:00+00:00,4459.63,4471.23,4457.35,4467.99,3293,149,0
2023-08-24 04:00:00+00:00,4467.84,4475.65,4461.66,4464.38,3470,153,0
2023-08-24 08:00:00+00:00,4464.31,4470.51,4453.9,4460.15,3400,152,0
2023-08-24 12:00:00+00:00,4460.4,4460.66,4397.74,4397.93,7126,161,0
2023-08-24 16:00:00+00:00,4397.75,4413.69,4373.91,4374.9,5914,166,0
2023-08-24 20:00:00+00:00,4375.51,4379.77,4368.17,4377.23,1954,157,0
2023-08-25 00:00:00+00:00,4377.2,4382.14,4375.24,4377.19,3336,149,0
2023-08-25 04:00:00+00:00,4377.19,4383.09,4369.13,4379.2,3506,150,0
2023-08-25 08:00:00+00:00,4379.59,4388.86,4379.2,4385.86,2835,151,0
2023-08-25 12:00:00+00:00,4386.04,4417.06,4355.36,4375.18,8873,153,0
2023-08-25 16:00:00+00:00,4374.33,4418.32,4374.24,4404.65,7746,169,0
2023-08-27 20:00:00+00:00,4414.48,4416.38,4411.51,4413.34,1145,166,0
2023-08-28 00:00:00+00:00,4413.33,4414.11,4406.46,4407.27,3446,147,0
2023-08-28 04:00:00+00:00,4407.15,4416.12,4407.07,4410.24,2297,151,0
2023-08-28 08:00:00+00:00,4409.93,4416.58,4408.61,4416.5,2051,151,0
2023-08-28 12:00:00+00:00,4416.41,4438.91,4415.6,4421.49,5779,151,0
2023-08-28 16:00:00+00:00,4421.25,4440.1,4415.0,4433.37,5135,163,0
2023-08-28 20:00:00+00:00,4432.94,4439.24,4432.13,4435.3,798,164,0
2023-08-29 00:00:00+00:00,4435.06,4438.6,4431.76,4436.93,2643,144,0
2023-08-29 04:00:00+00:00,4437.12,4446.29,4431.56,4432.52,2523,143,0
2023-08-29 08:00:00+00:00,4432.3,4441.18,4429.33,4430.65,3070,151,0
2023-08-29 12:00:00+00:00,4430.8,4487.11,4426.05,4483.84,5603,156,0
2023-08-29 16:00:00+00:00,4484.09,4501.97,4482.69,4499.14,4013,166,0
2023-08-29 20:00:00+00:00,4498.88,4504.65,4498.6,4502.39,950,156,0
2023-08-30 00:00:00+00:00,4502.23,4509.66,4501.64,4507.65,2430,147,0
2023-08-30 04:00:00+00:00,4507.66,4508.41,4493.27,4501.55,2725,149,0
2023-08-30 08:00:00+00:00,4501.8,4502.04,4490.62,4495.89,2387,153,0
2023-08-30 12:00:00+00:00,4496.05,4524.25,4494.5,4517.94,6290,157,0
2023-08-30 16:00:00+00:00,4517.45,4524.08,4507.4,4517.42,4171,168,0
2023-08-30 20:00:00+00:00,4517.18,4521.07,4516.39,4517.79,469,166,0
2023-08-31 00:00:00+00:00,4517.96,4524.26,4517.93,4521.01,1596,154,0
2023-08-31 04:00:00+00:00,4520.84,4525.0,4517.56,4524.49,1912,155,0
2023-08-31 08:00:00+00:00,4524.1,4530.24,4516.51,4528.51,2023,152,0
2023-08-31 12:00:00+00:00,4528.34,4534.05,4518.46,4523.89,5604,158,0
2023-08-31 16:00:00+00:00,4524.3,4527.57,4509.16,4509.29,4162,167,0
2023-08-31 20:00:00+00:00,4507.81,4513.15,4507.81,4512.43,1083,167,0
2023-09-01 00:00:00+00:00,4512.45,4515.76,4511.45,4514.52,1820,148,0
2023-09-01 04:00:00+00:00,4514.52,4521.94,4507.75,4520.94,2102,149,0
2023-09-01 08:00:00+00:00,4521.18,4527.8,4517.9,4524.9,2324,150,0
2023-09-01 12:00:00+00:00,4524.67,4541.65,4501.04,4503.2,7888,158,0
2023-09-01 16:00:00+00:00,4502.81,4517.41,4501.28,4517.05,3690,165,0
2023-09-03 20:00:00+00:00,4517.49,4517.57,4514.79,4516.66,665,177,0
2023-09-04 00:00:00+00:00,4516.93,4521.58,4516.47,4519.58,2555,145,0
2023-09-04 04:00:00+00:00,4519.58,4527.49,4518.82,4525.46,1884,147,0
2023-09-04 08:00:00+00:00,4525.54,4528.52,4523.84,4524.92,1510,148,0
2023-09-04 12:00:00+00:00,4524.96,4528.45,4513.31,4516.17,1511,150,0
2023-09-04 16:00:00+00:00,4516.46,4518.87,4516.17,4516.74,334,151,0
2023-09-04 20:00:00+00:00,4517.61,4519.6,4515.87,4518.62,537,160,0
2023-09-05 00:00:00+00:00,4518.53,4519.09,4511.17,4512.41,2605,149,0
2023-09-05 04:00:00+00:00,4512.41,4515.17,4502.54,4503.82,2858,147,0
2023-09-05 08:00:00+00:00,4503.68,4514.79,4497.75,4512.64,2483,153,0
2023-09-05 12:00:00+00:00,4512.69,4518.02,4499.53,4509.78,5666,155,0
2023-09-05 16:00:00+00:00,4509.96,4514.69,4499.72,4500.87,3206,168,0
2023-09-05 20:00:00+00:00,4501.29,4502.65,4497.83,4500.39,750,157,0
2023-09-06 00:00:00+00:00,4500.46,4502.61,4495.65,4496.4,1927,146,0
2023-09-06 04:00:00+00:00,4496.22,4499.64,4484.8,4487.42,2870,150,0
2023-09-06 08:00:00+00:00,4487.23,4493.95,4486.96,4491.3,2564,153,0
2023-09-06 12:00:00+00:00,4491.48,4492.08,4459.02,4462.23,5518,153,0
2023-09-06 16:00:00+00:00,4461.98,4470.97,4444.65,4469.12,4281,167,0
2023-09-06 20:00:00+00:00,4468.8,4469.37,4466.05,4468.59,790,156,0
2023-09-07 00:00:00+00:00,4468.44,4469.66,4464.88,4466.89,1892,146,0
2023-09-07 04:00:00+00:00,4466.99,4467.14,4452.35,4460.95,3172,145,0
2023-09-07 08:00:00+00:00,4460.8,4462.74,4449.53,4449.65,2773,153,0
2023-09-07 12:00:00+00:00,4449.56,4455.35,4432.44,4445.07,5692,161,0
2023-09-07 16:00:00+00:00,4444.52,4459.33,4444.22,4453.53,4162,167,0
2023-09-07 20:00:00+00:00,4453.03,4456.2,4449.78,4454.96,722,161,0
2023-09-08 00:00:00+00:00,4454.96,4456.24,4449.24,4455.66,1844,154,0
2023-09-08 04:00:00+00:00,4455.53,4466.87,4452.48,4460.91,2251,156,0
2023-09-08 08:00:00+00:00,4461.05,4463.14,4441.28,4447.55,3399,155,0
2023-09-08 12:00:00+00:00,4447.69,4475.18,4446.64,4466.22,4651,154,0
2023-09-08 16:00:00+00:00,4466.3,4472.24,4450.88,4458.61,5661,143,0
2023-09-10 20:00:00+00:00,4462.01,4467.0,4461.98,4466.75,807,162,0
2023-09-11 00:00:00+00:00,4466.75,4468.97,4460.55,4465.6,2956,153,0
2023-09-11 04:00:00+00:00,4465.54,4484.34,4465.53,4481.94,2735,153,0
2023-09-11 08:00:00+00:00,4482.1,4484.88,4475.4,4480.67,2337,155,0
2023-09-11 12:00:00+00:00,4481.0,4495.72,4472.02,4476.9,4897,154,0
2023-09-11 16:00:00+00:00,4477.04,4495.15,4476.73,4493.62,3399,155,0
2023-09-11 20:00:00+00:00,4492.49,4493.88,4488.16,4488.82,841,158,0
2023-09-12 00:00:00+00:00,4488.67,4490.69,4483.9,4490.22,2351,151,0
2023-09-12 04:00:00+00:00,4490.2,4491.4,4481.2,4482.84,2538,153,0
2023-09-12 08:00:00+00:00,4482.74,4486.36,4478.68,4479.07,2359,155,0
2023-09-12 12:00:00+00:00,4478.96,4486.55,4469.01,4478.7,4811,157,0
2023-09-12 16:00:00+00:00,4479.12,4492.8,4461.3,4467.45,4572,159,0
2023-09-12 20:00:00+00:00,4467.0,4469.92,4466.0,4468.74,830,155,0
2023-09-13 00:00:00+00:00,4468.51,4469.99,4460.26,4460.51,2675,148,0
2023-09-13 04:00:00+00:00,4460.5,4473.12,4459.55,4467.89,3266,148,0
2023-09-13 08:00:00+00:00,4467.73,4470.06,4459.24,4468.74,2721,155,0
2023-09-13 12:00:00+00:00,4468.92,4482.95,4450.26,4479.25,7385,157,0
2023-09-13 16:00:00+00:00,4479.67,4483.86,4459.86,4471.28,4617,162,0
2023-09-13 20:00:00+00:00,4471.36,4476.7,4470.12,4476.18,803,157,0
2023-09-14 00:00:00+00:00,4476.18,4485.2,4475.2,4485.19,2399,147,0
2023-09-14 04:00:00+00:00,4485.2,4487.3,4478.86,4480.72,2506,150,0
2023-09-14 08:00:00+00:00,4480.33,4491.15,4475.31,4485.79,2616,153,0
2023-09-14 12:00:00+00:00,4485.49,4503.86,4480.26,4503.36,6962,151,0
2023-09-14 16:00:00+00:00,4503.54,4515.26,4502.1,4508.53,3386,156,0
2023-09-14 20:00:00+00:00,4508.35,4515.05,4507.14,4511.3,1095,152,0
2023-09-15 00:00:00+00:00,4511.54,4519.72,4510.62,4518.2,2402,148,0
2023-09-15 04:00:00+00:00,4518.31,4519.99,4511.0,4514.22,2941,146,0
2023-09-15 08:00:00+00:00,4514.37,4515.6,4510.44,4511.13,2317,149,0
2023-09-15 12:00:00+00:00,4511.06,4514.89,4462.4,4470.58,5997,156,0
2023-09-15 16:00:00+00:00,4470.82,4473.33,4447.96,4451.88,4709,161,0
2023-09-17 20:00:00+00:00,4457.85,4460.91,4456.89,4460.24,720,154,0
2023-09-18 00:00:00+00:00,4460.48,4461.74,4457.75,4461.0,2185,146,0
2023-09-18 04:00:00+00:00,4460.6,4462.14,4454.24,4460.03,2275,146,0
2023-09-18 08:00:00+00:00,4460.03,4460.95,4442.06,4444.71,2285,151,0
2023-09-18 12:00:00+00:00,4444.58,4466.04,4442.71,4464.54,5212,160,0
2023-09-18 16:00:00+00:00,4464.78,4467.49,4450.34,4455.29,3295,158,0
2023-09-18 20:00:00+00:00,4456.04,4459.36,4455.05,4458.67,593,159,0
2023-09-19 00:00:00+00:00,4458.67,4460.2,4454.98,4456.0,1810,143,0
2023-09-19 04:00:00+00:00,4455.87,4461.4,4450.97,4460.33,2048,143,0
2023-09-19 08:00:00+00:00,4460.13,4464.46,4458.79,4460.85,1442,149,0
2023-09-19 12:00:00+00:00,4460.81,4461.1,4422.48,4426.62,4867,150,0
2023-09-19 16:00:00+00:00,4426.56,4451.53,4417.45,4445.42,4131,165,0
2023-09-19 20:00:00+00:00,4446.6,4448.83,4446.22,4447.9,729,153,0
2023-09-20 00:00:00+00:00,4447.75,4448.15,4440.36,4440.7,2227,144,0
2023-09-20 04:00:00+00:00,4440.7,4449.34,4439.94,4447.62,2416,144,0
2023-09-20 08:00:00+00:00,4447.44,4457.14,4444.94,4455.72,1777,152,0
2023-09-20 12:00:00+00:00,4455.9,4463.59,4450.69,4456.59,3759,154,0
2023-09-20 16:00:00+00:00,4456.42,4459.36,4402.18,4403.18,7074,159,0
2023-09-20 20:00:00+00:00,4403.71,4405.36,4395.81,4396.07,1526,159,0
2023-09-21 00:00:00+00:00,4395.94,4399.91,4387.36,4391.35,2845,148,0
2023-09-21 04:00:00+00:00,4391.35,4394.54,4383.5,4391.59,3135,147,0
2023-09-21 08:00:00+00:00,4391.73,4393.73,4365.45,4366.42,3346,156,0
2023-09-21 12:00:00+00:00,4366.83,4374.07,4352.11,4354.87,6450,157,0
2023-09-21 16:00:00+00:00,4354.94,4364.48,4326.75,4327.24,5008,164,0
2023-09-21 20:00:00+00:00,4328.66,4331.06,4322.49,4326.14,1320,157,0
2023-09-22 00:00:00+00:00,4326.14,4336.86,4323.14,4335.86,3522,146,0
2023-09-22 04:00:00+00:00,4335.92,4340.83,4332.08,4333.27,3147,146,0
2023-09-22 08:00:00+00:00,4333.62,4341.3,4330.21,4338.68,2570,152,0
2023-09-22 12:00:00+00:00,4338.76,4355.2,4330.44,4344.05,4890,153,0
2023-09-22 16:00:00+00:00,4343.63,4352.15,4313.92,4318.78,5324,166,0
2023-09-24 20:00:00+00:00,4325.48,4328.81,4323.87,4325.64,1012,157,0
2023-09-25 00:00:00+00:00,4325.38,4332.4,4319.16,4331.17,2816,145,0
2023-09-25 04:00:00+00:00,4331.01,4338.09,4327.92,4334.34,2286,147,0
2023-09-25 08:00:00+00:00,4333.95,4335.59,4305.87,4307.96,3868,155,0
2023-09-25 12:00:00+00:00,4307.8,4332.62,4298.02,4328.39,6333,159,0
2023-09-25 16:00:00+00:00,4328.63,4338.16,4316.08,4336.75,5004,166,0
2023-09-25 20:00:00+00:00,4337.51,4341.77,4337.04,4337.28,656,166,0
2023-09-26 00:00:00+00:00,4337.25,4337.29,4317.03,4322.52,3129,147,0
2023-09-26 04:00:00+00:00,4322.52,4324.42,4302.93,4313.34,3247,147,0
2023-09-26 08:00:00+00:00,4313.58,4324.05,4311.7,4320.57,3901,155,0
2023-09-26 12:00:00+00:00,4320.4,4325.31,4281.87,4286.04,5885,161,0
2023-09-26 16:00:00+00:00,4286.44,4295.09,4265.81,4273.79,4718,165,0
2023-09-26 20:00:00+00:00,4273.96,4281.86,4273.53,4281.12,1231,159,0
2023-09-27 00:00:00+00:00,4281.16,4285.65,4277.14,4282.65,2755,143,0
2023-09-27 04:00:00+00:00,4282.65,4295.95,4281.93,4295.95,2376,148,0
2023-09-27 08:00:00+00:00,4295.84,4296.67,4287.27,4293.33,2343,151,0
2023-09-27 12:00:00+00:00,4293.43,4296.16,4262.57,4265.3,5695,157,0
2023-09-27 16:00:00+00:00,4265.06,4292.12,4239.06,4275.84,6794,167,0
2023-09-27 20:00:00+00:00,4276.9,4285.34,4275.9,4283.23,1468,154,0
2023-09-28 00:00:00+00:00,4283.48,4288.49,4274.87,4276.48,3107,143,0
2023-09-28 04:00:00+00:00,4276.32,4285.2,4270.25,4277.21,3896,144,0
2023-09-28 08:00:00+00:00,4277.35,4284.14,4264.7,4274.41,4339,149,0
2023-09-28 12:00:00+00:00,4274.12,4311.89,4264.16,4310.64,8332,159,0
2023-09-28 16:00:00+00:00,4310.64,4318.61,4290.73,4300.3,6263,165,0
2023-09-28 20:00:00+00:00,4301.15,4310.35,4297.93,4303.2,1131,155,0
2023-09-29 00:00:00+00:00,4303.19,4305.64,4291.21,4305.07,2545,149,0
2023-09-29 04:00:00+00:00,4304.79,4320.66,4298.47,4318.91,3409,147,0
2023-09-29 08:00:00+00:00,4318.61,4325.09,4314.87,4315.62,2767,152,0
2023-09-29 12:00:00+00:00,4315.46,4334.62,4302.89,4308.4,7332,157,0
2023-09-29 16:00:00+00:00,4308.81,4313.78,4275.37,4289.71,7644,170,0
2023-10-01 20:00:00+00:00,4307.64,4313.12,4304.0,4311.9,1994,161,0
2023-10-02 00:00:00+00:00,4311.8,4319.78,4311.24,4315.71,2799,147,0
2023-10-02 04:00:00+00:00,4316.09,4322.16,4303.65,4316.48,3263,145,0
2023-10-02 08:00:00+00:00,4316.65,4320.36,4284.85,4286.25,3440,156,0
2023-10-02 12:00:00+00:00,4286.07,4303.68,4272.24,4275.29,8616,160,0
2023-10-02 16:00:00+00:00,4274.79,4290.9,4261.23,4290.28,7393,164,0
2023-10-02 20:00:00+00:00,4290.92,4295.18,4288.91,4292.14,1455,151,0
2023-10-03 00:00:00+00:00,4292.14,4293.62,4283.9,4289.67,3915,148,0
2023-10-03 04:00:00+00:00,4289.66,4296.07,4280.53,4291.82,3724,143,0
2023-10-03 08:00:00+00:00,4291.68,4302.08,4267.6,4270.72,3966,153,0
2023-10-03 12:00:00+00:00,4270.64,4282.46,4223.81,4228.03,8759,160,0
2023-10-03 16:00:00+00:00,4228.22,4244.56,4218.07,4233.45,6828,166,0
2023-10-03 20:00:00+00:00,4233.27,4235.99,4228.42,4233.17,1727,146,0
2023-10-04 00:00:00+00:00,4233.11,4235.85,4213.0,4216.16,5075,149,0
2023-10-04 04:00:00+00:00,4216.16,4225.14,4203.21,4220.5,5986,145,0
2023-10-04 08:00:00+00:00,4220.4,4242.05,4216.4,4240.29,4899,150,0
2023-10-04 12:00:00+00:00,4239.9,4256.22,4222.09,4256.22,8574,153,0
2023-10-04 16:00:00+00:00,4256.75,4271.16,4233.42,4263.42,6702,165,0
2023-10-04 20:00:00+00:00,4263.18,4263.18,4257.15,4259.43,1409,145,0
2023-10-05 00:00:00+00:00,4259.44,4269.14,4253.92,4267.9,4069,143,0
2023-10-05 04:00:00+00:00,4267.91,4269.18,4249.67,4253.81,3955,145,0
2023-10-05 08:00:00+00:00,4253.71,4265.93,4244.7,4265.44,4175,149,0
2023-10-05 12:00:00+00:00,4265.45,4269.59,4225.34,4234.01,8261,149,0
2023-10-05 16:00:00+00:00,4233.83,4268.22,4232.1,4259.03,6055,165,0
2023-10-05 20:00:00+00:00,4258.86,4260.05,4253.28,4253.73,1107,147,0
2023-10-06 00:00:00+00:00,4253.87,4260.6,4252.52,4256.37,3803,147,0
2023-10-06 04:00:00+00:00,4256.37,4262.3,4249.91,4261.63,3334,144,0
2023-10-06 08:00:00+00:00,4261.81,4272.6,4257.64,4261.54,3093,149,0
2023-10-06 12:00:00+00:00,4261.29,4303.46,4209.83,4303.46,10928,151,0
2023-10-06 16:00:00+00:00,4303.29,4326.24,4291.3,4309.6,6005,165,0
2023-10-08 20:00:00+00:00,4280.2,4283.71,4271.96,4282.26,2816,161,0
2023-10-09 00:00:00+00:00,4282.51,4283.24,4273.83,4274.59,3798,148,0
2023-10-09 04:00:00+00:00,4274.59,4287.78,4269.61,4276.42,4431,146,0
2023-10-09 08:00:00+00:00,4276.74,4292.45,4275.27,4283.98,4237,149,0
2023-10-09 12:00:00+00:00,4284.06,4307.39,4278.54,4306.45,6603,151,0
2023-10-09 16:00:00+00:00,4306.54,4345.37,4301.81,4339.2,5245,161,0
2023-10-09 20:00:00+00:00,4339.58,4341.79,4337.95,4340.17,683,152,0
2023-10-10 00:00:00+00:00,4340.0,4348.27,4338.75,4343.79,2769,143,0
2023-10-10 04:00:00+00:00,4343.79,4348.19,4337.04,4343.5,3581,141,0
2023-10-10 08:00:00+00:00,4343.25,4352.06,4336.99,4337.79,3639,150,0
2023-10-10 12:00:00+00:00,4337.72,4388.21,4336.65,4386.92,6032,154,0
2023-10-10 16:00:00+00:00,4387.16,4389.18,4359.67,4362.13,5502,166,0
2023-10-10 20:00:00+00:00,4361.72,4364.17,4360.3,4363.61,856,151,0
2023-10-11 00:00:00+00:00,4363.61,4366.28,4360.91,4364.14,3005,142,0
2023-10-11 04:00:00+00:00,4364.31,4370.42,4359.43,4363.86,3141,142,0
2023-10-11 08:00:00+00:00,4363.62,4378.69,4360.86,4374.91,3579,149,0
2023-10-11 12:00:00+00:00,4374.8,4380.18,4358.53,4360.67,6290,154,0
2023-10-11 16:00:00+00:00,4360.5,4382.12,4347.74,4380.12,4908,165,0
2023-10-11 20:00:00+00:00,4379.87,4390.61,4379.2,4390.42,818,158,0
2023-10-12 00:00:00+00:00,4390.42,4392.85,4388.84,4392.64,2461,146,0
2023-10-12 04:00:00+00:00,4392.55,4398.41,4389.5,4390.32,2597,143,0
2023-10-12 08:00:00+00:00,4390.35,4400.15,4389.01,4397.55,2079,146,0
2023-10-12 12:00:00+00:00,4397.56,4401.66,4364.14,4379.82,7050,153,0
2023-10-12 16:00:00+00:00,4380.06,4387.84,4326.5,4350.06,6596,169,0
2023-10-12 20:00:00+00:00,4350.98,4354.83,4349.04,4353.81,1146,155,0
2023-10-13 00:00:00+00:00,4353.83,4359.07,4352.09,4355.87,2923,145,0
2023-10-13 04:00:00+00:00,4355.87,4361.03,4351.55,4357.89,3051,148,0
2023-10-13 08:00:00+00:00,4357.92,4362.21,4336.1,4348.6,4187,153,0
2023-10-13 12:00:00+00:00,4348.99,4378.1,4323.54,4326.47,7655,158,0
2023-10-13 16:00:00+00:00,4325.83,4346.66,4311.34,4325.21,7660,171,0
2023-10-15 20:00:00+00:00,4335.54,4340.62,4332.62,4339.15,1601,153,0
2023-10-16 00:00:00+00:00,4340.62,4344.57,4336.92,4339.43,4047,144,0
2023-10-16 04:00:00+00:00,4339.43,4347.13,4330.88,4334.25,4280,147,0
2023-10-16 08:00:00+00:00,4333.91,4348.53,4326.86,4344.57,3700,152,0
2023-10-16 12:00:00+00:00,4344.5,4386.42,4339.9,4374.32,6165,158,0
2023-10-16 16:00:00+00:00,4374.75,4384.56,4357.96,4374.04,5183,168,0
2023-10-16 20:00:00+00:00,4374.3,4379.47,4370.88,4375.47,981,155,0
2023-10-17 00:00:00+00:00,4375.47,4377.0,4366.45,4368.99,3092,139,0
2023-10-17 04:00:00+00:00,4368.99,4375.67,4365.76,4374.04,2814,146,0
2023-10-17 08:00:00+00:00,4373.91,4374.74,4358.95,4365.08,3583,153,0
2023-10-17 12:00:00+00:00,4364.83,4391.09,4339.12,4388.83,7205,165,0
2023-10-17 16:00:00+00:00,4389.01,4397.76,4358.51,4376.92,6444,166,0
2023-10-17 20:00:00+00:00,4377.29,4378.13,4367.97,4368.06,1183,153,0
2023-10-18 00:00:00+00:00,4367.81,4373.0,4362.05,4372.05,3863,143,0
2023-10-18 04:00:00+00:00,4372.05,4374.77,4361.08,4368.18,3764,146,0
2023-10-18 08:00:00+00:00,4367.83,4373.22,4354.32,4359.91,3764,153,0
2023-10-18 12:00:00+00:00,4359.92,4367.53,4338.14,4340.93,6680,156,0
2023-10-18 16:00:00+00:00,4341.35,4354.26,4306.69,4317.37,7663,168,0
2023-10-18 20:00:00+00:00,4319.71,4326.32,4316.23,4320.19,2212,157,0
2023-10-19 00:00:00+00:00,4320.17,4324.9,4305.71,4308.95,3818,145,0
2023-10-19 04:00:00+00:00,4308.95,4317.86,4296.93,4303.0,4373,148,0
2023-10-19 08:00:00+00:00,4302.9,4324.19,4301.48,4312.75,4282,153,0
2023-10-19 12:00:00+00:00,4312.47,4328.83,4298.86,4314.53,7486,157,0
2023-10-19 16:00:00+00:00,4314.78,4342.88,4271.33,4278.78,11606,171,0
2023-10-19 20:00:00+00:00,4278.45,4278.45,4269.05,4272.19,1951,162,0
2023-10-20 00:00:00+00:00,4271.94,4275.51,4264.98,4273.51,3319,153,0
2023-10-20 04:00:00+00:00,4273.51,4276.06,4260.72,4270.89,3842,151,0
2023-10-20 08:00:00+00:00,4271.06,4281.06,4264.66,4274.5,4143,152,0
2023-10-20 12:00:00+00:00,4274.1,4278.86,4232.41,4246.99,7924,156,0
2023-10-20 16:00:00+00:00,4247.48,4260.47,4224.77,4227.31,7566,169,0
2023-10-22 20:00:00+00:00,4235.01,4240.77,4233.66,4240.57,1092,194,0
2023-10-23 00:00:00+00:00,4240.57,4240.89,4231.03,4235.29,2354,155,0
2023-10-23 04:00:00+00:00,4235.29,4239.32,4217.68,4218.74,2874,152,0
2023-10-23 08:00:00+00:00,4219.06,4226.82,4194.94,4208.9,4963,153,0
2023-10-23 12:00:00+00:00,4208.92,4245.09,4193.08,4243.36,7764,156,0
2023-10-23 16:00:00+00:00,4243.35,4259.34,4217.89,4221.02,7152,163,0
2023-10-23 20:00:00+00:00,4219.83,4234.88,4219.83,4233.91,1198,165,0
2023-10-24 00:00:00+00:00,4233.91,4234.43,4222.26,4231.03,3806,148,0
2023-10-24 04:00:00+00:00,4231.03,4240.84,4230.27,4233.93,3100,146,0
2023-10-24 08:00:00+00:00,4234.86,4248.02,4227.01,4246.4,3271,148,0
2023-10-24 12:00:00+00:00,4246.49,4263.8,4239.32,4248.14,7259,155,0
2023-10-24 16:00:00+00:00,4247.75,4256.94,4222.5,4251.39,5899,165,0
2023-10-24 20:00:00+00:00,4251.12,4269.59,4240.23,4249.29,3160,149,0
2023-10-25 00:00:00+00:00,4249.13,4249.45,4242.92,4243.04,3395,143,0
2023-10-25 04:00:00+00:00,4243.04,4244.52,4227.13,4234.16,3274,143,0
2023-10-25 08:00:00+00:00,4233.88,4242.82,4229.75,4239.48,3371,148,0
2023-10-25 12:00:00+00:00,4239.82,4245.28,4205.15,4210.48,7656,148,0
2023-10-25 16:00:00+00:00,4210.07,4212.38,4185.28,4191.52,7162,160,0
2023-10-25 20:00:00+00:00,4192.08,4204.26,4168.44,4173.46,3657,157,0
2023-10-26 00:00:00+00:00,4173.46,4178.2,4160.49,4164.81,4050,147,0
2023-10-26 04:00:00+00:00,4164.81,4166.78,4153.04,4162.21,4333,145,0
2023-10-26 08:00:00+00:00,4162.31,4171.45,4153.99,4161.2,3658,152,0
2023-10-26 12:00:00+00:00,4161.02,4186.87,4152.6,4158.59,9286,151,0
2023-10-26 16:00:00+00:00,4158.27,4172.97,4129.39,4140.08,7923,163,0
2023-10-26 20:00:00+00:00,4140.14,4163.0,4131.84,4162.28,2867,158,0
2023-10-27 00:00:00+00:00,4161.91,4164.98,4153.52,4161.65,3307,146,0
2023-10-27 04:00:00+00:00,4161.67,4165.8,4154.73,4159.35,3032,147,0
2023-10-27 08:00:00+00:00,4159.18,4167.66,4144.36,4145.53,3243,148,0
2023-10-27 12:00:00+00:00,4145.56,4161.22,4132.0,4147.83,8359,154,0
2023-10-27 16:00:00+00:00,4147.97,4148.92,4105.36,4115.98,8636,162,0
2023-10-29 20:00:00+00:00,4133.68,4137.51,4127.61,4133.47,1509,185,0
2023-10-30 00:00:00+00:00,4133.72,4139.14,4132.97,4138.02,3032,143,0
2023-10-30 04:00:00+00:00,4137.95,4147.23,4134.53,4145.18,2120,140,0
2023-10-30 08:00:00+00:00,4146.38,4153.33,4140.96,4150.66,3086,148,0
2023-10-30 12:00:00+00:00,4150.83,4168.56,4136.95,4154.81,6194,155,0
2023-10-30 16:00:00+00:00,4154.5,4181.68,4140.87,4170.27,6415,157,0
2023-10-30 20:00:00+00:00,4170.86,4171.72,4166.45,4167.16,917,164,0
2023-10-31 00:00:00+00:00,4167.15,4167.44,4152.62,4156.39,4131,149,0
2023-10-31 04:00:00+00:00,4156.38,4165.3,4152.12,4161.51,3268,151,0
2023-10-31 08:00:00+00:00,4161.77,4184.17,4159.44,4180.09,3670,149,0
2023-10-31 12:00:00+00:00,4179.67,4184.96,4157.12,4179.78,7376,152,0
2023-10-31 16:00:00+00:00,4179.7,4200.35,4167.51,4197.37,6080,161,0
2023-10-31 20:00:00+00:00,4196.85,4198.25,4187.37,4188.38,1260,152,0
2023-11-01 00:00:00+00:00,4188.23,4192.95,4183.68,4191.45,2803,147,0
2023-11-01 04:00:00+00:00,4191.45,4197.16,4186.18,4189.49,2094,148,0
2023-11-01 08:00:00+00:00,4189.57,4193.33,4177.48,4179.96,3098,149,0
2023-11-01 12:00:00+00:00,4180.05,4234.53,4179.71,4223.24,7031,151,0
2023-11-01 16:00:00+00:00,4222.81,4249.57,4206.85,4242.51,8536,158,0
2023-11-01 20:00:00+00:00,4241.87,4253.25,4239.85,4252.05,1443,155,0
2023-11-02 00:00:00+00:00,4252.07,4255.92,4248.63,4253.43,2305,144,0
2023-11-02 04:00:00+00:00,4253.43,4254.39,4248.77,4254.38,2020,141,0
2023-11-02 08:00:00+00:00,4254.63,4268.79,4252.25,4266.75,2684,147,0
2023-11-02 12:00:00+00:00,4266.91,4308.49,4265.11,4302.92,5575,152,0
2023-11-02 16:00:00+00:00,4302.75,4324.45,4299.65,4322.72,4029,161,0
2023-11-02 20:00:00+00:00,4322.78,4325.42,4312.53,4315.03,2198,155,0
2023-11-03 00:00:00+00:00,4315.03,4321.84,4314.56,4319.4,1711,158,0
2023-11-03 04:00:00+00:00,4319.4,4322.18,4316.34,4316.96,1444,152,0
2023-11-03 08:00:00+00:00,4317.25,4321.02,4313.68,4320.97,2160,145,0
2023-11-03 12:00:00+00:00,4321.01,4370.31,4317.35,4365.63,7081,150,0
2023-11-03 16:00:00+00:00,4366.05,4378.95,4362.5,4362.59,4470,162,0
2023-11-05 20:00:00+00:00,4371.26,4372.41,4364.56,4366.34,640,182,0
2023-11-06 00:00:00+00:00,4366.34,4368.39,4363.17,4367.5,2419,147,0
2023-11-06 04:00:00+00:00,4367.5,4371.84,4366.0,4369.36,1818,145,0
2023-11-06 08:00:00+00:00,4369.37,4375.79,4368.41,4373.8,2399,148,0
2023-11-06 12:00:00+00:00,4373.62,4378.39,4364.32,4370.95,3905,148,0
2023-11-06 16:00:00+00:00,4370.95,4374.89,4353.66,4367.64,3906,160,0
2023-11-06 20:00:00+00:00,4368.07,4374.31,4364.16,4366.47,1655,165,0
2023-11-07 00:00:00+00:00,4366.47,4368.94,4363.79,4365.08,2208,145,0
2023-11-07 04:00:00+00:00,4365.08,4365.58,4359.78,4360.85,1678,140,0
2023-11-07 08:00:00+00:00,4361.01,4368.63,4356.17,4361.01,2451,148,0
2023-11-07 12:00:00+00:00,4360.81,4391.6,4360.41,4389.13,4244,152,0
2023-11-07 16:00:00+00:00,4388.94,4392.4,4376.07,4386.29,3998,160,0
2023-11-07 20:00:00+00:00,4386.53,4393.06,4379.6,4385.51,1648,158,0
2023-11-08 00:00:00+00:00,4385.51,4387.03,4380.56,4382.02,1992,144,0
2023-11-08 04:00:00+00:00,4382.06,4384.06,4378.24,4379.25,1956,145,0
2023-11-08 08:00:00+00:00,4379.46,4389.08,4378.39,4387.43,2266,150,0
2023-11-08 12:00:00+00:00,4387.51,4398.0,4382.09,4382.59,3830,147,0
2023-11-08 16:00:00+00:00,4383.01,4388.78,4365.57,4381.89,4614,163,0
2023-11-08 20:00:00+00:00,4382.29,4395.02,4380.53,4383.03,1705,161,0
2023-11-09 00:00:00+00:00,4383.03,4388.35,4381.78,4384.37,1654,143,0
2023-11-09 04:00:00+00:00,4384.37,4390.09,4384.37,4388.1,1501,142,0
2023-11-09 08:00:00+00:00,4388.06,4400.12,4383.74,4392.09,2384,149,0
2023-11-09 12:00:00+00:00,4392.15,4403.11,4375.65,4384.64,4018,152,0
2023-11-09 16:00:00+00:00,4384.6,4395.56,4350.91,4352.84,6461,162,0
2023-11-09 20:00:00+00:00,4352.66,4357.53,4347.74,4350.75,2575,161,0
2023-11-10 00:00:00+00:00,4350.5,4355.27,4345.04,4354.54,2421,151,0
2023-11-10 04:00:00+00:00,4354.52,4363.41,4354.29,4362.02,1805,144,0
2023-11-10 08:00:00+00:00,4362.25,4364.12,4346.45,4352.18,2857,150,0
2023-11-10 12:00:00+00:00,4352.35,4376.48,4350.42,4368.02,4596,153,0
2023-11-10 16:00:00+00:00,4367.84,4414.03,4367.84,4411.27,4164,166,0
2023-11-10 20:00:00+00:00,4411.11,4423.76,4410.87,4419.86,1119,166,0
2023-11-12 20:00:00+00:00,4418.69,4420.78,4412.01,4413.28,802,185,0
2023-11-13 00:00:00+00:00,4413.28,4414.29,4401.41,4403.17,2179,150,0
2023-11-13 04:00:00+00:00,4403.17,4409.37,4401.18,4408.63,1961,153,0
2023-11-13 08:00:00+00:00,4409.04,4417.47,4405.54,4416.12,2130,158,0
2023-11-13 12:00:00+00:00,4416.22,4418.2,4399.84,4412.84,3932,160,0
2023-11-13 16:00:00+00:00,4413.02,4428.92,4411.1,4421.61,4023,163,0
2023-11-13 20:00:00+00:00,4421.29,4424.85,4416.83,4419.85,1294,159,0
2023-11-14 00:00:00+00:00,4419.78,4420.65,4417.39,4420.43,1575,148,0
2023-11-14 04:00:00+00:00,4420.4,4423.36,4417.16,4423.04,1353,140,0
2023-11-14 08:00:00+00:00,4423.29,4428.96,4418.25,4421.75,2032,150,0
2023-11-14 12:00:00+00:00,4422.06,4509.1,4415.07,4505.03,5340,160,0
2023-11-14 16:00:00+00:00,4505.33,4512.68,4492.44,4510.02,3901,165,0
2023-11-14 20:00:00+00:00,4509.78,4515.72,4497.8,4508.33,1694,166,0
2023-11-15 00:00:00+00:00,4508.33,4515.12,4505.91,4513.93,2031,151,0
2023-11-15 04:00:00+00:00,4513.93,4518.39,4510.38,4511.38,1752,148,0
2023-11-15 08:00:00+00:00,4511.14,4522.45,4510.8,4522.23,2254,157,0
2023-11-15 12:00:00+00:00,4522.05,4531.38,4508.99,4525.69,5007,160,0
2023-11-15 16:00:00+00:00,4525.5,4528.41,4503.01,4516.9,4461,166,0
2023-11-15 20:00:00+00:00,4517.08,4518.31,4503.85,4507.91,2003,168,0
2023-11-16 00:00:00+00:00,4507.94,4511.43,4498.5,4500.7,2586,155,0
2023-11-16 04:00:00+00:00,4500.73,4509.99,4500.49,4507.48,2003,161,0
2023-11-16 08:00:00+00:00,4507.24,4512.53,4505.62,4509.44,2301,155,0
2023-11-16 12:00:00+00:00,4509.63,4517.15,4499.52,4502.2,4957,157,0
2023-11-16 16:00:00+00:00,4501.96,4510.84,4493.2,4507.64,4370,171,0
2023-11-16 20:00:00+00:00,4507.47,4520.57,4505.48,4515.91,1506,171,0
2023-11-17 00:00:00+00:00,4515.87,4522.23,4515.38,4521.98,1711,149,0
2023-11-17 04:00:00+00:00,4521.98,4522.02,4515.66,4518.67,1630,149,0
2023-11-17 08:00:00+00:00,4518.67,4527.79,4517.37,4524.48,2311,156,0
2023-11-17 12:00:00+00:00,4524.72,4531.0,4506.0,4512.2,4286,160,0
2023-11-17 16:00:00+00:00,4512.44,4525.48,4504.53,4521.09,3298,164,0
2023-11-17 20:00:00+00:00,4521.25,4525.39,4513.79,4520.15,933,166,0
2023-11-19 20:00:00+00:00,4520.73,4521.77,4513.87,4517.66,807,186,0
2023-11-20 00:00:00+00:00,4517.67,4519.55,4515.84,4516.37,2200,146,0
2023-11-20 04:00:00+00:00,4516.48,4517.58,4513.2,4516.29,1471,140,0
2023-11-20 08:00:00+00:00,4516.67,4527.2,4516.24,4523.85,2090,153,0
2023-11-20 12:00:00+00:00,4523.6,4538.71,4516.64,4538.71,3241,157,0
2023-11-20 16:00:00+00:00,4538.96,4559.71,4537.7,4558.31,2905,163,0
2023-11-20 20:00:00+00:00,4558.07,4563.97,4551.6,4557.77,1438,165,0
2023-11-21 00:00:00+00:00,4557.73,4560.61,4556.09,4559.11,1661,144,0
2023-11-21 04:00:00+00:00,4559.11,4559.36,4551.22,4551.97,1580,144,0
2023-11-21 08:00:00+00:00,4551.77,4554.53,4548.61,4549.19,1784,153,0
2023-11-21 12:00:00+00:00,4549.52,4552.99,4531.63,4539.02,3389,159,0
2023-11-21 16:00:00+00:00,4538.58,4547.74,4534.27,4544.8,3284,162,0
2023-11-21 20:00:00+00:00,4544.8,4548.21,4530.41,4539.43,2251,160,0
2023-11-22 00:00:00+00:00,4539.43,4548.15,4539.43,4544.76,1565,146,0
2023-11-22 04:00:00+00:00,4544.76,4546.51,4539.99,4543.7,1749,146,0
2023-11-22 08:00:00+00:00,4543.53,4554.79,4541.88,4551.62,2080,153,0
2023-11-22 12:00:00+00:00,4551.49,4574.05,4549.45,4555.55,4399,155,0
2023-11-22 16:00:00+00:00,4555.72,4569.46,4549.52,4558.73,3882,167,0
2023-11-22 20:00:00+00:00,4558.49,4564.17,4557.5,4558.14,1375,163,0
2023-11-23 00:00:00+00:00,4558.37,4563.39,4556.89,4560.47,1310,145,0
2023-11-23 04:00:00+00:00,4560.47,4566.88,4559.97,4565.64,1166,145,0
2023-11-23 08:00:00+00:00,4565.64,4567.23,4562.32,4564.41,1747,153,0
2023-11-23 12:00:00+00:00,4564.12,4567.49,4562.47,4567.49,1246,151,0
2023-11-23 16:00:00+00:00,4567.33,4567.51,4563.39,4564.12,402,143,0
2023-11-23 20:00:00+00:00,4566.93,4566.93,4564.45,4566.45,368,170,0
2023-11-24 00:00:00+00:00,4566.45,4567.51,4564.63,4565.56,1343,146,0
2023-11-24 04:00:00+00:00,4565.56,4565.82,4561.78,4563.78,1120,147,0
2023-11-24 08:00:00+00:00,4563.92,4569.3,4562.71,4567.17,1451,152,0
2023-11-24 12:00:00+00:00,4567.42,4569.41,4558.47,4562.38,2532,155,0
2023-11-24 16:00:00+00:00,4562.31,4565.17,4559.1,4563.98,1243,164,0
2023-11-26 20:00:00+00:00,4563.15,4563.49,4558.72,4559.49,399,164,0
2023-11-27 00:00:00+00:00,4559.4,4560.2,4550.79,4552.83,1721,150,0
2023-11-27 04:00:00+00:00,4553.01,4557.2,4549.58,4556.75,1453,146,0
2023-11-27 08:00:00+00:00,4556.94,4562.43,4551.93,4558.8,1392,157,0
2023-11-27 12:00:00+00:00,4558.81,4564.64,4553.09,4560.14,2986,156,0
2023-11-27 16:00:00+00:00,4560.14,4567.28,4553.66,4559.03,2687,162,0
2023-11-27 20:00:00+00:00,4559.04,4565.42,4556.09,4561.61,1160,164,0
2023-11-28 00:00:00+00:00,4561.44,4562.44,4557.61,4558.94,1396,148,0
2023-11-28 04:00:00+00:00,4558.94,4561.93,4551.15,4552.9,1410,149,0
2023-11-28 08:00:00+00:00,4553.15,4558.25,4548.59,4553.83,1886,153,0
2023-11-28 12:00:00+00:00,4553.99,4566.13,4544.97,4563.91,3463,155,0
2023-11-28 16:00:00+00:00,4564.15,4574.94,4549.93,4559.58,3771,164,0
2023-11-28 20:00:00+00:00,4560.0,4563.25,4552.22,4562.14,1433,162,0
2023-11-29 00:00:00+00:00,4562.19,4568.16,4561.65,4567.69,1698,144,0
2023-11-29 04:00:00+00:00,4567.69,4569.16,4565.71,4566.62,1538,148,0
2023-11-29 08:00:00+00:00,4566.97,4580.14,4565.36,4578.94,1714,155,0
2023-11-29 12:00:00+00:00,4579.17,4594.25,4572.46,4576.62,4672,150,0
2023-11-29 16:00:00+00:00,4576.55,4578.72,4561.06,4566.41,4391,147,0
2023-11-29 20:00:00+00:00,4566.39,4567.06,4553.63,4559.73,1862,149,0
2023-11-30 00:00:00+00:00,4559.73,4562.23,4557.26,4561.47,2092,146,0
2023-11-30 04:00:00+00:00,4561.29,4565.41,4561.22,4564.25,1600,142,0
2023-11-30 08:00:00+00:00,4564.25,4567.45,4555.64,4564.09,2055,147,0
2023-11-30 12:00:00+00:00,4564.08,4575.27,4548.75,4558.03,5939,149,0
2023-11-30 16:00:00+00:00,4557.63,4560.14,4542.15,4559.62,5158,148,0
2023-11-30 20:00:00+00:00,4559.46,4576.36,4547.2,4570.28,2540,150,0
2023-12-01 00:00:00+00:00,4570.28,4574.27,4569.07,4570.58,1532,140,0
2023-12-01 04:00:00+00:00,4570.58,4573.06,4569.66,4570.8,1731,139,0
2023-12-01 08:00:00+00:00,4570.55,4581.88,4570.55,4573.87,1815,146,0
2023-12-01 12:00:00+00:00,4573.91,4579.79,4560.21,4571.94,5177,146,0
2023-12-01 16:00:00+00:00,4571.97,4605.2,4562.36,4599.6,6903,148,0
2023-12-01 20:00:00+00:00,4599.3,4601.73,4592.78,4598.65,1278,151,0
2023-12-03 20:00:00+00:00,4603.19,4604.1,4597.11,4597.37,747,156,0
2023-12-04 00:00:00+00:00,4597.37,4597.87,4592.17,4593.67,1936,144,0
2023-12-04 04:00:00+00:00,4593.67,4595.74,4585.87,4586.37,1590,143,0
2023-12-04 08:00:00+00:00,4586.55,4594.2,4583.78,4584.78,2282,148,0
2023-12-04 12:00:00+00:00,4584.53,4588.14,4552.97,4555.03,5143,145,0
2023-12-04 16:00:00+00:00,4554.62,4577.09,4553.6,4569.63,4553,146,0
2023-12-04 20:00:00+00:00,4569.63,4579.09,4566.4,4569.76,1950,145,0
2023-12-05 00:00:00+00:00,4569.77,4570.3,4566.02,4569.05,1549,147,0
2023-12-05 04:00:00+00:00,4568.9,4569.3,4556.52,4557.77,1660,146,0
2023-12-05 08:00:00+00:00,4557.8,4569.11,4556.29,4556.41,2589,150,0
2023-12-05 12:00:00+00:00,4556.43,4583.51,4555.58,4583.1,6104,145,0
2023-12-05 16:00:00+00:00,4583.5,4585.27,4561.84,4575.88,6846,145,0
2023-12-05 20:00:00+00:00,4575.75,4578.66,4570.58,4578.48,1869,143,0
2023-12-06 00:00:00+00:00,4578.46,4590.7,4578.27,4588.56,2008,143,0
2023-12-06 04:00:00+00:00,4588.56,4590.81,4583.09,4586.56,1649,145,0
2023-12-06 08:00:00+00:00,4586.56,4589.09,4581.4,4583.68,2014,150,0
2023-12-06 12:00:00+00:00,4583.98,4598.85,4576.93,4581.2,4868,145,0
2023-12-06 16:00:00+00:00,4581.21,4583.99,4565.19,4567.47,5456,148,0
2023-12-06 20:00:00+00:00,4567.33,4568.27,4552.47,4555.92,2248,148,0
2023-12-07 00:00:00+00:00,4555.64,4557.26,4552.14,4553.61,2198,144,0
2023-12-07 04:00:00+00:00,4553.58,4555.99,4551.05,4555.26,1641,143,0
2023-12-07 08:00:00+00:00,4555.26,4558.1,4549.44,4557.06,2280,150,0
2023-12-07 12:00:00+00:00,4556.7,4588.78,4555.19,4585.93,5131,147,0
2023-12-07 16:00:00+00:00,4586.35,4596.36,4572.47,4587.62,4776,147,0
2023-12-07 20:00:00+00:00,4587.87,4592.35,4584.16,4585.57,1712,149,0
2023-12-08 00:00:00+00:00,4585.57,4590.4,4585.57,4590.39,1477,149,0
2023-12-08 04:00:00+00:00,4590.39,4591.16,4584.38,4584.57,930,148,0
2023-12-08 08:00:00+00:00,4584.59,4594.48,4581.79,4585.44,1412,148,0
2023-12-08 12:00:00+00:00,4585.59,4612.23,4563.05,4607.31,7250,149,0
2023-12-08 16:00:00+00:00,4607.72,4613.75,4583.45,4612.73,6495,145,0
2023-12-08 20:00:00+00:00,4612.97,4616.16,4607.83,4610.57,1531,145,0
2023-12-10 20:00:00+00:00,4606.21,4616.05,4605.98,4614.33,641,589,0
2023-12-11 00:00:00+00:00,4614.33,4617.05,4608.93,4611.48,2381,153,0
2023-12-11 04:00:00+00:00,4611.32,4612.92,4606.54,4608.31,1878,150,0
2023-12-11 08:00:00+00:00,4608.31,4614.28,4604.37,4609.46,2641,147,0
2023-12-11 12:00:00+00:00,4609.75,4622.0,4605.63,4618.12,5010,145,0
2023-12-11 16:00:00+00:00,4618.18,4628.77,4609.1,4625.43,3918,146,0
2023-12-11 20:00:00+00:00,4625.47,4631.99,4623.35,4631.15,1501,150,0
2023-12-12 00:00:00+00:00,4631.15,4635.22,4630.24,4633.22,1972,143,0
2023-12-12 04:00:00+00:00,4633.22,4635.41,4631.45,4633.42,1141,143,0
2023-12-12 08:00:00+00:00,4633.66,4638.24,4631.34,4631.34,1797,148,0
2023-12-12 12:00:00+00:00,4631.75,4648.87,4615.32,4635.8,6437,146,0
2023-12-12 16:00:00+00:00,4635.84,4645.37,4631.48,4644.81,3287,146,0
2023-12-12 20:00:00+00:00,4644.81,4657.85,4644.19,4657.6,1514,149,0
2023-12-13 00:00:00+00:00,4657.6,4658.62,4655.42,4656.64,1211,151,0
2023-12-13 04:00:00+00:00,4656.64,4658.1,4654.89,4655.32,1090,147,0
2023-12-13 08:00:00+00:00,4655.32,4658.99,4655.17,4657.3,1456,147,0
2023-12-13 12:00:00+00:00,4657.31,4662.68,4651.29,4660.29,3074,148,0
2023-12-13 16:00:00+00:00,4660.7,4710.88,4650.29,4707.92,5305,149,0
2023-12-13 20:00:00+00:00,4708.13,4722.77,4691.01,4722.51,4063,150,0
2023-12-14 00:00:00+00:00,4722.4,4735.06,4722.12,4730.1,2198,153,0
2023-12-14 04:00:00+00:00,4730.1,4735.13,4726.01,4726.01,1943,152,0
2023-12-14 08:00:00+00:00,4726.01,4733.62,4720.89,4725.69,3500,154,0
2023-12-14 12:00:00+00:00,4725.54,4744.77,4724.23,4733.46,7108,149,0
2023-12-14 16:00:00+00:00,4733.86,4740.95,4700.04,4722.28,6635,150,0
2023-12-14 20:00:00+00:00,4722.44,4728.82,4718.14,4725.53,2275,152,0
2023-12-15 00:00:00+00:00,4725.53,4732.31,4722.55,4732.31,2194,147,0
2023-12-15 04:00:00+00:00,4732.31,4739.05,4730.66,4738.43,1563,152,0
2023-12-15 08:00:00+00:00,4738.29,4742.6,4735.77,4739.92,2174,147,0
2023-12-15 12:00:00+00:00,4739.51,4740.28,4715.43,4729.83,6062,148,0
2023-12-15 16:00:00+00:00,4730.07,4731.84,4711.5,4716.92,5359,152,0
2023-12-15 20:00:00+00:00,4717.03,4732.9,4715.49,4727.22,1694,149,0
2023-12-17 20:00:00+00:00,4725.34,4728.68,4724.41,4728.65,479,167,0
2023-12-18 00:00:00+00:00,4728.64,4733.98,4728.24,4733.24,1740,149,0
2023-12-18 04:00:00+00:00,4733.24,4737.24,4732.74,4732.97,1169,150,0
2023-12-18 08:00:00+00:00,4732.97,4736.57,4726.02,4730.0,2757,149,0
2023-12-18 12:00:00+00:00,4729.99,4745.52,4729.89,4739.66,4148,150,0
2023-12-18 16:00:00+00:00,4739.81,4756.81,4738.13,4752.63,2723,152,0
2023-12-18 20:00:00+00:00,4752.77,4755.42,4743.16,4745.74,1415,152,0
2023-12-19 00:00:00+00:00,4745.74,4750.02,4743.05,4748.8,1402,147,0
2023-12-19 04:00:00+00:00,4748.8,4750.32,4747.05,4748.02,1221,146,0
2023-12-19 08:00:00+00:00,4748.13,4753.61,4748.13,4752.07,1785,148,0
2023-12-19 12:00:00+00:00,4752.06,4768.09,4751.68,4767.76,3538,150,0
2023-12-19 16:00:00+00:00,4768.1,4771.85,4763.4,4768.86,2698,151,0
2023-12-19 20:00:00+00:00,4768.86,4776.33,4765.18,4772.69,1296,154,0
2023-12-20 00:00:00+00:00,4772.7,4778.58,4772.7,4776.98,1065,148,0
2023-12-20 04:00:00+00:00,4776.98,4779.45,4775.49,4776.93,1193,146,0
2023-12-20 08:00:00+00:00,4776.97,4777.16,4764.13,4766.02,2087,150,0
2023-12-20 12:00:00+00:00,4765.97,4782.52,4762.61,4779.93,2560,153,0
2023-12-20 16:00:00+00:00,4779.97,4785.77,4728.72,4731.25,3946,153,0
2023-12-20 20:00:00+00:00,4731.27,4737.75,4698.58,4714.85,5862,154,0
2023-12-21 00:00:00+00:00,4715.08,4717.69,4712.46,4716.69,1489,151,0
2023-12-21 04:00:00+00:00,4716.69,4728.94,4716.19,4728.16,1351,152,0
2023-12-21 08:00:00+00:00,4728.03,4733.62,4725.56,4727.39,1992,153,0
2023-12-21 12:00:00+00:00,4727.71,4750.41,4725.81,4735.46,6530,150,0
2023-12-21 16:00:00+00:00,4735.3,4740.64,4711.76,4729.21,8317,155,0
2023-12-21 20:00:00+00:00,4729.22,4753.98,4726.15,4750.04,2666,156,0
2023-12-22 00:00:00+00:00,4749.79,4751.05,4743.69,4746.52,2078,152,0
2023-12-22 04:00:00+00:00,4746.75,4747.42,4742.11,4744.84,1457,153,0
2023-12-22 08:00:00+00:00,4744.84,4751.69,4743.31,4751.39,2091,152,0
2023-12-22 12:00:00+00:00,4751.43,4777.23,4745.7,4765.72,4650,152,0
2023-12-22 16:00:00+00:00,4765.74,4770.45,4740.87,4762.14,5844,152,0
2023-12-22 20:00:00+00:00,4762.42,4763.38,4753.31,4758.98,1748,153,0
2023-12-25 20:00:00+00:00,4763.55,4768.03,4762.31,4766.66,409,177,0
2023-12-26 00:00:00+00:00,4766.41,4768.39,4763.22,4767.07,1297,162,0
2023-12-26 04:00:00+00:00,4767.25,4771.58,4767.04,4771.07,983,154,0
2023-12-26 08:00:00+00:00,4771.07,4771.81,4766.8,4767.47,769,155,0
2023-12-26 12:00:00+00:00,4767.3,4776.44,4763.56,4774.13,2414,151,0
2023-12-26 16:00:00+00:00,4774.47,4781.43,4771.14,4781.12,2438,151,0
2023-12-26 20:00:00+00:00,4781.29,4789.64,4778.77,4782.77,1576,153,0
2023-12-27 00:00:00+00:00,4782.77,4782.77,4778.58,4779.37,1335,145,0
2023-12-27 04:00:00+00:00,4779.37,4784.91,4779.37,4781.21,928,145,0
2023-12-27 08:00:00+00:00,4781.3,4783.19,4778.35,4780.21,1785,153,0
2023-12-27 12:00:00+00:00,4780.37,4784.46,4774.34,4777.61,2975,152,0
2023-12-27 16:00:00+00:00,4777.75,4789.84,4772.01,4778.25,3905,157,0
2023-12-27 20:00:00+00:00,4778.41,4791.53,4775.35,4790.52,2029,157,0
2023-12-28 00:00:00+00:00,4790.28,4797.22,4790.28,4795.43,1373,151,0
2023-12-28 04:00:00+00:00,4795.46,4797.25,4794.28,4796.04,1001,148,0
2023-12-28 08:00:00+00:00,4796.04,4796.12,4787.69,4789.51,1316,149,0
2023-12-28 12:00:00+00:00,4789.42,4794.79,4785.09,4790.52,2811,154,0
2023-12-28 16:00:00+00:00,4790.33,4795.53,4784.62,4792.04,3281,155,0
2023-12-28 20:00:00+00:00,4792.45,4793.79,4784.42,4791.7,1755,156,0
2023-12-29 00:00:00+00:00,4791.77,4793.28,4789.75,4792.32,1209,153,0
2023-12-29 04:00:00+00:00,4792.52,4794.68,4791.07,4792.97,815,150,0
2023-12-29 08:00:00+00:00,4792.97,4796.98,4789.36,4792.21,1155,156,0
2023-12-29 12:00:00+00:00,4792.37,4792.6,4772.22,4775.76,2843,154,0
2023-12-29 16:00:00+00:00,4776.07,4777.89,4755.34,4775.89,5282,152,0
2023-12-29 20:00:00+00:00,4775.96,4779.03,4765.32,4771.98,1847,152,0
2024-01-01 20:00:00+00:00,4777.76,4780.85,4777.76,4779.46,287,216,0
2024-01-02 00:00:00+00:00,4779.67,4781.54,4776.2,4778.43,1165,167,0
2024-01-02 04:00:00+00:00,4778.43,4782.49,4777.94,4780.71,1042,156,0
2024-01-02 08:00:00+00:00,4780.71,4786.39,4746.14,4750.45,2524,156,0
2024-01-02 12:00:00+00:00,4750.82,4751.07,4733.35,4737.49,6043,151,0
2024-01-02 16:00:00+00:00,4737.09,4757.48,4729.29,4729.56,5651,151,0
2024-01-02 20:00:00+00:00,4729.61,4750.03,4724.99,4748.07,2499,151,0
2024-01-03 00:00:00+00:00,4748.16,4748.72,4743.84,4744.28,1328,153,0
2024-01-03 04:00:00+00:00,4744.11,4745.52,4741.61,4744.77,1201,149,0
2024-01-03 08:00:00+00:00,4744.73,4748.32,4730.64,4732.21,2481,156,0
2024-01-03 12:00:00+00:00,4732.44,4732.56,4705.9,4712.37,5209,152,0
2024-01-03 16:00:00+00:00,4712.52,4730.62,4708.13,4720.81,7484,153,0
2024-01-03 20:00:00+00:00,4721.02,4721.52,4700.12,4708.96,2912,154,0
2024-01-04 00:00:00+00:00,4708.96,4712.25,4706.05,4708.95,1578,152,0
2024-01-04 04:00:00+00:00,4709.03,4715.25,4707.35,4711.8,1209,150,0
2024-01-04 08:00:00+00:00,4711.97,4716.01,4705.7,4706.57,2628,155,0
2024-01-04 12:00:00+00:00,4706.86,4718.15,4697.19,4714.4,5953,152,0
2024-01-04 16:00:00+00:00,4714.41,4725.42,4697.77,4702.79,5850,153,0
2024-01-04 20:00:00+00:00,4702.78,4706.42,4686.75,4694.05,2684,154,0
2024-01-05 00:00:00+00:00,4693.94,4696.24,4692.16,4692.27,1345,157,0
2024-01-05 04:00:00+00:00,4692.44,4694.98,4682.21,4682.72,1697,149,0
2024-01-05 08:00:00+00:00,4682.94,4688.31,4671.18,4677.19,2804,155,0
2024-01-05 12:00:00+00:00,4677.52,4720.97,4661.92,4718.45,7916,152,0
2024-01-05 16:00:00+00:00,4718.45,4721.18,4683.62,4685.46,7885,152,0
2024-01-05 20:00:00+00:00,4685.48,4700.5,4681.89,4697.48,1915,155,0
2024-01-07 20:00:00+00:00,4698.53,4704.99,4697.4,4702.51,614,165,0
2024-01-08 00:00:00+00:00,4702.51,4707.02,4694.0,4694.76,1713,160,0
2024-01-08 04:00:00+00:00,4694.99,4698.07,4692.02,4693.76,1881,162,0
2024-01-08 08:00:00+00:00,4693.76,4699.34,4679.19,4694.94,4256,155,0
2024-01-08 12:00:00+00:00,4695.02,4726.33,4693.25,4722.82,4980,151,0
2024-01-08 16:00:00+00:00,4723.07,4759.61,4718.88,4757.06,4366,152,0
2024-01-08 20:00:00+00:00,4756.96,4767.4,4753.45,4761.35,2263,155,0
2024-01-09 00:00:00+00:00,4761.17,4762.68,4759.67,4761.19,1162,150,0
2024-01-09 04:00:00+00:00,4761.19,4761.19,4757.4,4757.64,1315,151,0
2024-01-09 08:00:00+00:00,4757.64,4757.64,4741.33,4742.64,2556,154,0
2024-01-09 12:00:00+00:00,4742.97,4749.22,4731.54,4740.43,4751,149,0
2024-01-09 16:00:00+00:00,4740.2,4768.1,4740.15,4756.73,5536,153,0
2024-01-09 20:00:00+00:00,4756.75,4761.22,4748.3,4756.54,2546,159,0
2024-01-10 00:00:00+00:00,4756.54,4759.36,4752.11,4753.37,1913,156,0
2024-01-10 04:00:00+00:00,4753.37,4757.59,4750.81,4757.09,1809,153,0
2024-01-10 08:00:00+00:00,4757.1,4768.57,4753.54,4755.82,2431,154,0
2024-01-10 12:00:00+00:00,4755.76,4771.6,4752.67,4770.3,4490,152,0
2024-01-10 16:00:00+00:00,4770.71,4791.44,4762.52,4791.44,4718,151,0
2024-01-10 20:00:00+00:00,4791.13,4792.95,4770.28,4786.39,2878,157,0
2024-01-11 00:00:00+00:00,4786.17,4794.47,4785.43,4793.52,1759,152,0
2024-01-11 04:00:00+00:00,4793.48,4798.85,4792.46,4796.42,1625,155,0
2024-01-11 08:00:00+00:00,4796.42,4802.99,4788.0,4790.7,2513,152,0
2024-01-11 12:00:00+00:00,4790.64,4802.21,4752.01,4755.93,8891,154,0
2024-01-11 16:00:00+00:00,4756.02,4785.85,4738.13,4784.37,8318,151,0
2024-01-11 20:00:00+00:00,4784.62,4785.12,4770.94,4776.48,2772,159,0
2024-01-12 00:00:00+00:00,4776.42,4778.48,4768.71,4775.79,2174,152,0
2024-01-12 04:00:00+00:00,4775.79,4776.98,4766.34,4767.21,2661,149,0
2024-01-12 08:00:00+00:00,4766.97,4786.56,4756.33,4764.58,4830,152,0
2024-01-12 12:00:00+00:00,4764.78,4800.87,4762.42,4772.92,8826,154,0
2024-01-12 16:00:00+00:00,4773.1,4788.25,4768.34,4777.45,6885,152,0
2024-01-12 20:00:00+00:00,4777.35,4784.0,4772.66,4782.49,1513,156,0
2024-01-14 20:00:00+00:00,4778.75,4779.5,4773.53,4777.06,618,178,0
2024-01-15 00:00:00+00:00,4777.07,4785.36,4774.84,4784.16,1943,156,0
2024-01-15 04:00:00+00:00,4784.16,4789.89,4782.3,4783.91,1631,156,0
2024-01-15 08:00:00+00:00,4783.91,4788.48,4774.89,4777.92,3356,153,0
2024-01-15 12:00:00+00:00,4777.65,4779.96,4773.52,4779.88,2300,153,0
2024-01-15 16:00:00+00:00,4779.95,4779.97,4777.05,4779.79,561,151,0
2024-01-15 20:00:00+00:00,4777.91,4780.4,4775.4,4775.4,409,168,0
2024-01-16 00:00:00+00:00,4775.4,4775.66,4764.43,4768.47,2879,156,0
2024-01-16 04:00:00+00:00,4768.47,4769.22,4760.92,4765.17,2260,156,0
2024-01-16 08:00:00+00:00,4765.17,4766.17,4753.14,4764.87,4567,155,0
2024-01-16 12:00:00+00:00,4765.18,4781.96,4750.99,4778.44,7064,152,0
2024-01-16 16:00:00+00:00,4778.35,4782.85,4747.17,4759.44,9202,155,0
2024-01-16 20:00:00+00:00,4759.18,4768.53,4754.23,4768.04,2170,154,0
2024-01-17 00:00:00+00:00,4768.04,4768.46,4753.87,4753.91,2231,148,0
2024-01-17 04:00:00+00:00,4754.08,4758.8,4738.88,4743.97,3164,157,0
2024-01-17 08:00:00+00:00,4743.68,4748.66,4737.01,4747.34,3990,154,0
2024-01-17 12:00:00+00:00,4747.38,4753.13,4726.54,4736.41,6790,151,0
2024-01-17 16:00:00+00:00,4736.04,4744.61,4714.71,4730.92,5986,151,0
2024-01-17 20:00:00+00:00,4730.93,4742.1,4722.77,4738.08,2317,154,0
2024-01-18 00:00:00+00:00,4738.08,4740.0,4734.44,4734.89,2181,150,0
2024-01-18 04:00:00+00:00,4734.72,4740.79,4731.89,4739.92,1774,161,0
2024-01-18 08:00:00+00:00,4739.95,4756.22,4738.05,4755.57,2977,155,0
2024-01-18 12:00:00+00:00,4755.44,4765.47,4747.87,4756.87,6809,151,0
2024-01-18 16:00:00+00:00,4756.94,4773.84,4738.57,4772.02,7340,151,0
2024-01-18 20:00:00+00:00,4772.11,4785.09,4770.45,4783.23,2896,153,0
2024-01-19 00:00:00+00:00,4783.04,4785.04,4778.05,4784.31,2482,155,0
2024-01-19 04:00:00+00:00,4784.31,4791.28,4780.58,4790.04,2214,152,0
2024-01-19 08:00:00+00:00,4790.0,4804.23,4786.49,4803.08,3292,151,0
2024-01-19 12:00:00+00:00,4802.82,4809.45,4783.86,4797.35,6195,151,0
2024-01-19 16:00:00+00:00,4797.51,4842.95,4794.73,4838.1,6110,153,0
2024-01-19 20:00:00+00:00,4837.85,4841.22,4833.84,4836.99,1780,157,0
2024-01-21 20:00:00+00:00,4844.39,4850.24,4844.39,4845.8,678,178,0
2024-01-22 00:00:00+00:00,4845.8,4858.56,4844.82,4852.65,2895,156,0
2024-01-22 04:00:00+00:00,4852.76,4854.63,4848.93,4853.1,2501,155,0
2024-01-22 08:00:00+00:00,4852.8,4858.89,4850.32,4855.61,2640,155,0
2024-01-22 12:00:00+00:00,4855.46,4869.72,4850.79,4852.65,5143,153,0
2024-01-22 16:00:00+00:00,4852.91,4859.22,4845.05,4853.37,5966,155,0
2024-01-22 20:00:00+00:00,4853.7,4859.24,4850.32,4853.37,2051,156,0
2024-01-23 00:00:00+00:00,4853.33,4856.87,4851.36,4852.39,2509,152,0
2024-01-23 04:00:00+00:00,4852.39,4857.38,4852.39,4856.37,2194,147,0
2024-01-23 08:00:00+00:00,4856.37,4857.68,4849.29,4854.34,2552,153,0
2024-01-23 12:00:00+00:00,4854.38,4863.64,4848.53,4849.84,4340,153,0
2024-01-23 16:00:00+00:00,4850.17,4862.42,4846.53,4860.77,3631,151,0
2024-01-23 20:00:00+00:00,4861.17,4877.83,4859.76,4877.36,2109,156,0
2024-01-24 00:00:00+00:00,4877.11,4879.13,4875.13,4877.9,1381,149,0
2024-01-24 04:00:00+00:00,4877.9,4887.3,4877.43,4885.36,1845,146,0
2024-01-24 08:00:00+00:00,4885.38,4890.42,4885.05,4888.37,1951,150,0
2024-01-24 12:00:00+00:00,4888.26,4904.14,4881.73,4897.27,4610,153,0
2024-01-24 16:00:00+00:00,4897.67,4905.67,4877.51,4883.41,6659,154,0
2024-01-24 20:00:00+00:00,4883.01,4886.66,4861.88,4872.19,3405,154,0
2024-01-25 00:00:00+00:00,4872.24,4874.94,4866.49,4869.19,2519,155,0
2024-01-25 04:00:00+00:00,4869.04,4877.54,4869.0,4873.48,2108,160,0
2024-01-25 08:00:00+00:00,4873.48,4877.58,4870.42,4875.71,3114,155,0
2024-01-25 12:00:00+00:00,4876.04,4899.18,4868.74,4887.99,6760,155,0
2024-01-25 16:00:00+00:00,4887.59,4896.97,4869.93,4882.67,7515,154,0
2024-01-25 20:00:00+00:00,4882.6,4898.31,4879.05,4888.1,2987,154,0
2024-01-26 00:00:00+00:00,4887.6,4889.17,4882.97,4883.48,1862,155,0
2024-01-26 04:00:00+00:00,4883.65,4883.84,4872.16,4873.16,2842,158,0
2024-01-26 08:00:00+00:00,4873.16,4891.63,4872.65,4889.91,2887,155,0
2024-01-26 12:00:00+00:00,4890.19,4906.92,4885.5,4906.92,6394,154,0
2024-01-26 16:00:00+00:00,4906.64,4907.7,4881.27,4895.89,5988,155,0
2024-01-26 20:00:00+00:00,4895.89,4896.38,4886.23,4889.58,1331,160,0
2024-01-28 20:00:00+00:00,4882.11,4883.87,4877.66,4879.95,853,179,0
2024-01-29 00:00:00+00:00,4879.95,4888.79,4879.33,4887.81,2087,156,0
2024-01-29 04:00:00+00:00,4887.81,4893.49,4886.79,4893.49,1552,156,0
2024-01-29 08:00:00+00:00,4893.68,4896.38,4888.46,4894.81,1839,157,0
2024-01-29 12:00:00+00:00,4894.81,4899.89,4888.85,4890.22,3850,154,0
2024-01-29 16:00:00+00:00,4890.35,4908.4,4888.7,4905.94,3622,152,0
2024-01-29 20:00:00+00:00,4906.12,4931.79,4906.12,4928.66,2876,159,0
2024-01-30 00:00:00+00:00,4928.66,4933.19,4926.93,4928.95,1743,157,0
2024-01-30 04:00:00+00:00,4928.76,4931.91,4922.73,4925.69,1781,157,0
2024-01-30 08:00:00+00:00,4925.62,4929.71,4922.74,4925.19,1877,158,0
2024-01-30 12:00:00+00:00,4925.39,4930.05,4916.59,4923.12,3937,151,0
2024-01-30 16:00:00+00:00,4923.1,4931.78,4917.74,4931.01,4377,155,0
2024-01-30 20:00:00+00:00,4931.01,4933.51,4903.49,4906.65,3845,159,0
2024-01-31 00:00:00+00:00,4906.48,4910.96,4906.04,4907.03,1832,155,0
2024-01-31 04:00:00+00:00,4907.06,4911.78,4904.29,4910.79,1705,153,0
2024-01-31 08:00:00+00:00,4910.7,4914.61,4899.96,4904.56,2121,157,0
2024-01-31 12:00:00+00:00,4904.31,4912.75,4880.19,4883.79,6097,154,0
2024-01-31 16:00:00+00:00,4883.84,4906.04,4872.68,4881.21,8943,159,0
2024-01-31 20:00:00+00:00,4880.92,4882.07,4842.94,4853.7,5883,157,0
2024-02-01 00:00:00+00:00,4853.91,4863.17,4853.74,4860.05,2038,159,0
2024-02-01 04:00:00+00:00,4860.05,4862.48,4851.07,4858.69,2469,157,0
2024-02-01 08:00:00+00:00,4858.45,4866.48,4856.94,4866.48,2574,156,0
2024-02-01 12:00:00+00:00,4866.12,4876.34,4854.69,4854.69,6137,158,0
2024-02-01 16:00:00+00:00,4854.69,4900.05,4852.04,4899.91,8044,157,0
2024-02-01 20:00:00+00:00,4900.16,4940.99,4895.5,4931.68,5355,157,0
2024-02-02 00:00:00+00:00,4931.55,4936.35,4927.58,4933.37,2131,153,0
2024-02-02 04:00:00+00:00,4933.37,4935.34,4930.58,4930.83,1892,152,0
2024-02-02 08:00:00+00:00,4931.02,4937.4,4929.02,4936.16,1878,161,0
2024-02-02 12:00:00+00:00,4936.27,4941.74,4903.42,4936.01,7962,158,0
2024-02-02 16:00:00+00:00,4936.26,4972.06,4930.58,4971.3,8849,157,0
2024-02-02 20:00:00+00:00,4971.63,4975.17,4959.74,4960.49,2109,162,0
2024-02-04 20:00:00+00:00,4955.16,4960.29,4953.6,4956.66,907,178,0
2024-02-05 00:00:00+00:00,4956.17,4959.67,4944.47,4946.24,3537,153,0
2024-02-05 04:00:00+00:00,4946.27,4952.98,4945.88,4948.72,1890,153,0
2024-02-05 08:00:00+00:00,4948.79,4953.79,4944.0,4950.48,2082,161,0
2024-02-05 12:00:00+00:00,4950.25,4955.39,4917.96,4924.0,5643,159,0
2024-02-05 16:00:00+00:00,4924.07,4957.55,4922.49,4955.79,5582,159,0
2024-02-05 20:00:00+00:00,4955.4,4956.05,4935.91,4938.15,2726,163,0
2024-02-06 00:00:00+00:00,4938.21,4947.84,4938.15,4945.66,1671,158,0
2024-02-06 04:00:00+00:00,4945.5,4951.96,4944.76,4950.05,1846,147,0
2024-02-06 08:00:00+00:00,4949.99,4951.73,4935.84,4939.51,2037,161,0
2024-02-06 12:00:00+00:00,4939.1,4959.22,4935.33,4944.27,5468,160,0
2024-02-06 16:00:00+00:00,4944.27,4951.95,4937.29,4947.73,7081,159,0
2024-02-06 20:00:00+00:00,4947.86,4957.4,4942.55,4954.56,2275,159,0
2024-02-07 00:00:00+00:00,4955.06,4965.18,4953.82,4957.43,2456,152,0
2024-02-07 04:00:00+00:00,4957.29,4957.62,4952.44,4953.88,2044,154,0
2024-02-07 08:00:00+00:00,4953.88,4958.19,4952.18,4955.22,1878,157,0
2024-02-07 12:00:00+00:00,4955.25,4996.94,4951.83,4989.19,4660,155,0
2024-02-07 16:00:00+00:00,4989.67,5001.03,4984.62,4999.63,6231,161,0
2024-02-07 20:00:00+00:00,4999.74,5001.78,4992.98,4995.77,1864,160,0
2024-02-08 00:00:00+00:00,4995.82,4998.05,4993.84,4995.1,1227,149,0
2024-02-08 04:00:00+00:00,4995.1,4998.46,4994.84,4996.3,1313,146,0
2024-02-08 08:00:00+00:00,4996.41,4998.1,4986.31,4989.38,1517,159,0
2024-02-08 12:00:00+00:00,4989.28,4998.05,4986.5,4996.87,4035,153,0
2024-02-08 16:00:00+00:00,4996.88,4998.08,4987.48,4997.05,4279,156,0
2024-02-08 20:00:00+00:00,4996.95,5000.33,4993.42,4997.7,1420,160,0
2024-02-09 00:00:00+00:00,4997.7,4999.48,4995.74,4998.97,1485,154,0
2024-02-09 04:00:00+00:00,4999.01,5000.15,4996.07,4999.99,884,153,0
2024-02-09 08:00:00+00:00,4999.99,5007.04,4999.66,5006.19,1777,160,0
2024-02-09 12:00:00+00:00,5005.9,5025.08,4999.1,5013.9,4730,158,0
2024-02-09 16:00:00+00:00,5014.07,5030.77,5007.38,5027.14,3522,159,0
2024-02-09 20:00:00+00:00,5027.54,5028.0,5021.65,5025.62,1024,163,0
2024-02-11 20:00:00+00:00,5026.36,5028.07,5023.59,5027.08,380,181,0
2024-02-12 00:00:00+00:00,5027.08,5029.13,5026.13,5027.33,719,167,0
2024-02-12 04:00:00+00:00,5027.39,5029.63,5025.21,5027.2,940,160,0
2024-02-12 08:00:00+00:00,5027.2,5030.7,5025.61,5029.31,1210,159,0
2024-02-12 12:00:00+00:00,5029.47,5037.24,5024.32,5036.76,2085,155,0
2024-02-12 16:00:00+00:00,5036.6,5051.19,5018.56,5021.58,5399,159,0
2024-02-12 20:00:00+00:00,5021.69,5028.36,5016.33,5020.05,2232,163,0
2024-02-13 00:00:00+00:00,5020.3,5020.55,5016.34,5017.44,1141,158,0
2024-02-13 04:00:00+00:00,5017.45,5024.36,5017.17,5024.36,1398,154,0
2024-02-13 08:00:00+00:00,5024.36,5024.82,5004.51,5005.76,2410,164,0
2024-02-13 12:00:00+00:00,5006.17,5012.46,4946.82,4960.06,8096,159,0
2024-02-13 16:00:00+00:00,4960.45,4972.87,4925.4,4927.97,7259,158,0
2024-02-13 20:00:00+00:00,4927.86,4959.64,4921.64,4957.01,3270,163,0
2024-02-14 00:00:00+00:00,4957.02,4958.0,4953.45,4954.79,1904,164,0
2024-02-14 04:00:00+00:00,4954.62,4965.8,4954.09,4964.83,1786,161,0
2024-02-14 08:00:00+00:00,4964.59,4979.11,4964.13,4978.84,2064,158,0
2024-02-14 12:00:00+00:00,4978.44,4993.62,4971.5,4973.31,5830,159,0
2024-02-14 16:00:00+00:00,4973.01,4984.86,4957.42,4982.77,7475,160,0
2024-02-14 20:00:00+00:00,4982.86,5006.87,4979.64,5002.86,2631,161,0
2024-02-15 00:00:00+00:00,5002.66,5002.66,4995.44,5001.19,1478,158,0
2024-02-15 04:00:00+00:00,5001.19,5011.4,5000.51,5008.18,1598,159,0
2024-02-15 08:00:00+00:00,5008.18,5013.49,5006.4,5008.24,1829,161,0
2024-02-15 12:00:00+00:00,5008.19,5015.97,5000.67,5008.34,5823,157,0
2024-02-15 16:00:00+00:00,5008.45,5032.49,4998.06,5028.82,5833,159,0
2024-02-15 20:00:00+00:00,5029.22,5035.99,5022.33,5032.16,2371,164,0
2024-02-16 00:00:00+00:00,5032.41,5032.41,5023.46,5029.65,1436,161,0
2024-02-16 04:00:00+00:00,5029.24,5032.93,5027.25,5031.11,1316,155,0
2024-02-16 08:00:00+00:00,5030.99,5043.2,5030.99,5041.22,1304,161,0
2024-02-16 12:00:00+00:00,5040.94,5041.21,4997.36,5018.95,6573,160,0
2024-02-16 16:00:00+00:00,5019.25,5038.67,5009.47,5015.65,6150,158,0
2024-02-16 20:00:00+00:00,5015.27,5017.23,4999.44,5003.26,2223,167,0
2024-02-18 20:00:00+00:00,5004.05,5011.81,5004.05,5010.63,699,183,0
2024-02-19 00:00:00+00:00,5010.67,5015.9,5005.72,5008.73,2352,161,0
2024-02-19 04:00:00+00:00,5008.73,5012.92,5006.95,5007.71,1764,160,0
2024-02-19 08:00:00+00:00,5007.86,5012.82,5004.93,5008.25,2068,159,0
2024-02-19 12:00:00+00:00,5008.25,5015.3,5007.9,5010.18,1391,155,0
2024-02-19 16:00:00+00:00,5010.25,5012.6,5009.67,5011.86,630,155,0
2024-02-19 20:00:00+00:00,5011.1,5011.1,5000.26,5002.25,520,159,0
2024-02-20 00:00:00+00:00,5002.5,5004.59,4988.54,4991.59,2742,160,0
2024-02-20 04:00:00+00:00,4991.59,4999.05,4989.58,4997.55,2077,162,0
2024-02-20 08:00:00+00:00,4997.17,4999.42,4981.83,4991.41,3780,158,0
2024-02-20 12:00:00+00:00,4991.44,4995.93,4969.42,4981.95,6438,157,0
2024-02-20 16:00:00+00:00,4982.2,4984.67,4956.4,4978.78,7541,159,0
2024-02-20 20:00:00+00:00,4979.19,4980.71,4962.98,4976.47,3229,163,0
2024-02-21 00:00:00+00:00,4975.98,4978.52,4968.53,4972.32,2207,158,0
2024-02-21 04:00:00+00:00,4972.35,4977.24,4970.91,4974.14,1879,155,0
2024-02-21 08:00:00+00:00,4974.07,4974.87,4963.51,4968.14,2967,161,0
2024-02-21 12:00:00+00:00,4968.1,4972.03,4960.64,4964.1,5630,154,0
2024-02-21 16:00:00+00:00,4964.34,4974.2,4950.29,4957.04,7561,155,0
2024-02-21 20:00:00+00:00,4957.18,5010.42,4946.74,5009.52,8048,162,0
2024-02-22 00:00:00+00:00,5009.84,5023.86,5009.1,5019.36,2932,162,0
2024-02-22 04:00:00+00:00,5019.18,5032.05,5018.72,5031.33,2297,164,0
2024-02-22 08:00:00+00:00,5031.39,5055.71,5031.39,5049.33,3328,160,0
2024-02-22 12:00:00+00:00,5049.2,5067.49,5040.58,5057.93,6253,155,0
2024-02-22 16:00:00+00:00,5057.93,5095.68,5056.09,5082.53,5351,159,0
2024-02-22 20:00:00+00:00,5082.52,5093.72,5080.37,5087.43,2856,163,0
2024-02-23 00:00:00+00:00,5087.44,5091.0,5081.15,5089.99,2340,165,0
2024-02-23 04:00:00+00:00,5089.83,5092.75,5086.75,5089.01,1727,166,0
2024-02-23 08:00:00+00:00,5089.01,5089.01,5080.95,5087.69,1968,163,0
2024-02-23 12:00:00+00:00,5087.99,5112.1,5086.18,5097.82,5084,160,0
2024-02-23 16:00:00+00:00,5097.99,5101.21,5081.85,5094.23,6793,162,0
2024-02-23 20:00:00+00:00,5093.94,5098.23,5087.93,5094.82,1709,165,0
2024-02-25 20:00:00+00:00,5087.39,5092.4,5083.94,5091.21,556,195,0
2024-02-26 00:00:00+00:00,5090.22,5090.72,5078.68,5082.34,2687,169,0
2024-02-26 04:00:00+00:00,5082.34,5085.34,5079.99,5084.59,1721,164,0
2024-02-26 08:00:00+00:00,5084.42,5093.18,5082.04,5090.84,1882,161,0
2024-02-26 12:00:00+00:00,5091.07,5099.45,5086.04,5086.94,4355,161,0
2024-02-26 16:00:00+00:00,5087.2,5091.03,5072.37,5079.34,5056,161,0
2024-02-26 20:00:00+00:00,5079.68,5084.9,5067.74,5071.88,2259,165,0
2024-02-27 00:00:00+00:00,5071.63,5071.88,5065.63,5069.62,1967,169,0
2024-02-27 04:00:00+00:00,5069.62,5074.38,5065.13,5072.63,1708,171,0
2024-02-27 08:00:00+00:00,5072.86,5078.77,5068.75,5075.87,2117,160,0
2024-02-27 12:00:00+00:00,5075.92,5081.97,5067.09,5072.52,4916,158,0
2024-02-27 16:00:00+00:00,5072.76,5078.73,5059.31,5078.17,4840,157,0
2024-02-27 20:00:00+00:00,5078.46,5084.97,5074.14,5079.69,1750,163,0
2024-02-28 00:00:00+00:00,5079.93,5083.41,5078.25,5083.26,1461,163,0
2024-02-28 04:00:00+00:00,5083.43,5083.43,5074.8,5076.7,1307,165,0
2024-02-28 08:00:00+00:00,5076.7,5076.8,5055.87,5065.38,3021,161,0
2024-02-28 12:00:00+00:00,5065.55,5076.78,5060.61,5076.38,5310,157,0
2024-02-28 16:00:00+00:00,5076.45,5080.04,5063.4,5070.02,4770,159,0
2024-02-28 20:00:00+00:00,5070.26,5074.31,5059.36,5063.33,2439,162,0
2024-02-29 00:00:00+00:00,5063.08,5073.66,5062.81,5073.17,1861,165,0
2024-02-29 04:00:00+00:00,5073.17,5077.42,5065.61,5066.62,1816,161,0
2024-02-29 08:00:00+00:00,5066.61,5067.79,5052.28,5063.45,3426,163,0
2024-02-29 12:00:00+00:00,5063.72,5097.41,5055.43,5083.32,6096,163,0
2024-02-29 16:00:00+00:00,5083.49,5091.95,5062.28,5086.48,5881,161,0
2024-02-29 20:00:00+00:00,5086.7,5106.17,5085.69,5090.58,2821,165,0
2024-03-01 00:00:00+00:00,5091.08,5106.63,5091.07,5105.88,2047,172,0
2024-03-01 04:00:00+00:00,5106.05,5109.63,5102.9,5107.42,1609,166,0
2024-03-01 08:00:00+00:00,5107.59,5107.98,5083.05,5094.1,3042,161,0
2024-03-01 12:00:00+00:00,5094.47,5117.97,5091.05,5116.46,4238,152,0
2024-03-01 16:00:00+00:00,5116.95,5142.7,5111.56,5140.86,4566,164,0
2024-03-01 20:00:00+00:00,5140.8,5141.12,5133.43,5140.57,1521,169,0
2024-03-03 20:00:00+00:00,5138.12,5141.38,5136.22,5137.49,551,190,0
2024-03-04 00:00:00+00:00,5137.49,5138.98,5134.74,5136.85,1679,167,0
2024-03-04 04:00:00+00:00,5137.01,5138.1,5135.37,5137.79,1142,166,0
2024-03-04 08:00:00+00:00,5137.81,5140.81,5131.04,5135.3,1800,158,0
2024-03-04 12:00:00+00:00,5135.46,5139.94,5127.99,5137.94,3303,161,0
2024-03-04 16:00:00+00:00,5138.18,5152.65,5133.04,5149.51,3473,161,0
2024-03-04 20:00:00+00:00,5149.68,5153.18,5126.13,5127.93,2316,164,0
2024-03-05 00:00:00+00:00,5127.24,5130.75,5124.31,5128.05,2024,168,0
2024-03-05 04:00:00+00:00,5128.0,5128.77,5120.04,5123.29,1374,162,0
2024-03-05 08:00:00+00:00,5123.53,5125.59,5114.61,5121.01,2484,158,0
2024-03-05 12:00:00+00:00,5121.15,5123.62,5085.74,5091.49,5779,160,0
2024-03-05 16:00:00+00:00,5091.88,5095.63,5066.67,5067.94,6854,162,0
2024-03-05 20:00:00+00:00,5067.69,5088.54,5059.88,5085.03,3112,164,0
2024-03-06 00:00:00+00:00,5085.28,5089.08,5081.09,5088.38,2112,163,0
2024-03-06 04:00:00+00:00,5088.58,5090.18,5085.92,5089.57,1709,163,0
2024-03-06 08:00:00+00:00,5089.57,5104.19,5089.48,5099.54,2483,162,0
2024-03-06 12:00:00+00:00,5099.3,5119.44,5095.19,5115.67,6078,162,0
2024-03-06 16:00:00+00:00,5115.6,5131.66,5095.98,5103.18,9378,161,0
2024-03-06 20:00:00+00:00,5103.57,5113.87,5096.79,5107.1,3998,163,0
2024-03-07 00:00:00+00:00,5106.35,5108.36,5089.14,5097.88,3719,164,0
2024-03-07 04:00:00+00:00,5097.67,5102.63,5090.63,5090.83,2779,167,0
2024-03-07 08:00:00+00:00,5090.88,5121.52,5084.29,5118.97,4048,159,0
2024-03-07 12:00:00+00:00,5119.14,5157.74,5118.41,5152.95,6231,160,0
2024-03-07 16:00:00+00:00,5152.79,5167.91,5147.07,5158.46,5293,164,0
2024-03-07 20:00:00+00:00,5158.17,5165.33,5141.76,5156.65,3741,167,0
2024-03-08 00:00:00+00:00,5157.81,5161.02,5153.7,5160.31,1815,172,0
2024-03-08 04:00:00+00:00,5160.48,5165.23,5159.51,5163.76,1757,165,0
2024-03-08 08:00:00+00:00,5163.72,5171.81,5156.54,5158.23,3036,163,0
2024-03-08 12:00:00+00:00,5158.07,5191.38,5141.1,5184.79,7912,166,0
2024-03-08 16:00:00+00:00,5184.79,5185.46,5120.65,5147.88,15192,159,0
2024-03-08 20:00:00+00:00,5147.96,5153.53,5126.6,5129.31,3827,159,0
2024-03-10 20:00:00+00:00,5132.03,5132.29,5118.82,5128.62,2066,171,0
2024-03-11 00:00:00+00:00,5130.12,5133.44,5119.7,5119.95,2832,168,0
2024-03-11 04:00:00+00:00,5119.95,5128.92,5115.69,5123.18,2883,168,0
2024-03-11 08:00:00+00:00,5123.18,5127.3,5107.88,5116.95,5792,163,0
2024-03-11 12:00:00+00:00,5116.75,5119.84,5094.56,5118.03,11021,158,0
2024-03-11 16:00:00+00:00,5117.65,5128.79,5109.18,5121.94,8645,157,0
2024-03-11 20:00:00+00:00,5122.92,5137.75,5121.37,5137.75,1459,169,0
2024-03-12 00:00:00+00:00,5137.38,5140.29,5134.25,5138.38,2209,157,0
2024-03-12 04:00:00+00:00,5138.58,5146.01,5137.86,5144.0,1935,157,0
2024-03-12 08:00:00+00:00,5143.59,5146.58,5132.05,5134.88,3462,161,0
2024-03-12 12:00:00+00:00,5134.84,5176.67,5113.73,5170.16,11255,161,0
2024-03-12 16:00:00+00:00,5170.09,5185.07,5146.19,5181.73,8001,162,0
2024-03-12 20:00:00+00:00,5179.5,5184.19,5177.47,5182.21,1089,171,0
2024-03-13 00:00:00+00:00,5181.96,5182.99,5174.54,5177.3,2170,152,0
2024-03-13 04:00:00+00:00,5177.34,5186.91,5177.3,5184.27,2226,157,0
2024-03-13 08:00:00+00:00,5184.27,5186.35,5176.43,5182.33,3103,159,0
2024-03-13 12:00:00+00:00,5182.59,5183.59,5167.94,5175.81,6355,159,0
2024-03-13 16:00:00+00:00,5175.86,5185.09,5156.98,5172.95,6507,159,0
2024-03-13 20:00:00+00:00,5173.06,5177.96,5171.38,5177.22,1105,169,0
2024-03-14 00:00:00+00:00,5177.22,5178.52,5173.48,5176.29,1687,157,0
2024-03-14 04:00:00+00:00,5176.29,5182.97,5174.78,5182.23,1507,160,0
2024-03-14 08:00:00+00:00,5182.22,5191.48,5182.06,5187.25,2508,162,0
2024-03-14 12:00:00+00:00,5187.51,5188.99,5141.4,5158.33,9612,162,0
2024-03-14 16:00:00+00:00,5158.28,5160.85,5126.95,5152.84,9485,160,0
2024-03-14 20:00:00+00:00,5158.32,5160.58,5149.59,5152.17,1645,162,0
2024-03-15 00:00:00+00:00,5152.97,5158.69,5152.29,5156.53,2289,170,0
2024-03-15 04:00:00+00:00,5156.28,5157.22,5149.55,5151.02,2155,168,0
2024-03-15 08:00:00+00:00,5151.02,5169.83,5151.02,5164.51,2783,161,0
2024-03-15 12:00:00+00:00,5164.8,5165.05,5112.47,5120.98,10272,160,0
2024-03-15 16:00:00+00:00,5120.71,5130.08,5107.49,5117.86,7645,158,0
2024-03-17 20:00:00+00:00,5126.79,5133.23,5123.93,5127.61,1206,187,0
2024-03-18 00:00:00+00:00,5127.61,5136.54,5123.88,5135.96,2273,165,0
2024-03-18 04:00:00+00:00,5135.92,5141.19,5135.42,5136.19,1776,161,0
2024-03-18 08:00:00+00:00,5136.2,5162.92,5134.24,5160.95,3101,162,0
2024-03-18 12:00:00+00:00,5161.04,5181.92,5161.04,5169.45,6355,158,0
2024-03-18 16:00:00+00:00,5169.55,5172.05,5152.16,5152.16,6164,157,0
2024-03-18 20:00:00+00:00,5156.76,5159.02,5148.63,5152.39,2097,170,0
2024-03-19 00:00:00+00:00,5152.59,5156.1,5145.15,5150.64,2754,163,0
2024-03-19 04:00:00+00:00,5150.65,5155.38,5149.12,5150.87,3275,162,0
2024-03-19 08:00:00+00:00,5151.11,5161.69,5131.85,5135.89,4063,163,0
2024-03-19 12:00:00+00:00,5135.84,5160.95,5128.88,5158.33,7061,159,0
2024-03-19 16:00:00+00:00,5158.4,5187.23,5156.6,5186.74,6313,161,0
2024-03-19 20:00:00+00:00,5185.69,5186.45,5180.09,5180.5,1120,172,0
2024-03-20 00:00:00+00:00,5180.25,5181.23,5175.86,5179.21,1423,165,0
2024-03-20 04:00:00+00:00,5179.26,5184.17,5177.26,5180.99,1494,164,0
2024-03-20 08:00:00+00:00,5180.75,5188.86,5176.16,5187.65,2369,162,0
2024-03-20 12:00:00+00:00,5187.84,5190.88,5178.22,5184.71,4166,155,0
2024-03-20 16:00:00+00:00,5184.47,5231.3,5175.92,5226.71,9427,160,0
2024-03-20 20:00:00+00:00,5230.47,5247.63,5227.49,5245.93,1620,167,0
2024-03-21 00:00:00+00:00,5245.67,5253.15,5242.26,5250.62,1562,164,0
2024-03-21 04:00:00+00:00,5250.62,5258.91,5249.85,5258.74,1733,166,0
2024-03-21 08:00:00+00:00,5258.88,5258.88,5245.15,5251.7,2698,166,0
2024-03-21 12:00:00+00:00,5251.82,5264.56,5251.62,5262.15,5948,164,0
2024-03-21 16:00:00+00:00,5262.15,5265.84,5244.91,5248.71,5414,165,0
2024-03-21 20:00:00+00:00,5245.97,5254.12,5244.78,5253.92,1019,179,0
2024-03-22 00:00:00+00:00,5253.66,5254.42,5242.97,5246.73,2142,169,0
2024-03-22 04:00:00+00:00,5246.73,5251.48,5241.49,5246.23,2349,166,0
2024-03-22 08:00:00+00:00,5246.03,5255.31,5237.4,5238.69,3095,163,0
2024-03-22 12:00:00+00:00,5238.8,5248.32,5233.69,5240.33,5581,162,0
2024-03-22 16:00:00+00:00,5240.47,5249.6,5233.09,5242.8,4058,165,0
2024-03-24 20:00:00+00:00,5237.33,5238.97,5233.4,5238.75,921,190,0
2024-03-25 00:00:00+00:00,5238.75,5240.74,5233.79,5235.81,2122,166,0
2024-03-25 04:00:00+00:00,5235.82,5236.07,5228.57,5232.01,2027,163,0
2024-03-25 08:00:00+00:00,5231.6,5238.86,5218.96,5221.25,2508,164,0
2024-03-25 12:00:00+00:00,5221.32,5233.41,5219.54,5230.79,4462,162,0
2024-03-25 16:00:00+00:00,5230.9,5234.53,5221.93,5224.48,3187,161,0
2024-03-25 20:00:00+00:00,5223.2,5231.22,5223.19,5230.47,791,169,0
2024-03-26 00:00:00+00:00,5230.47,5234.01,5228.28,5229.53,1397,159,0
2024-03-26 04:00:00+00:00,5229.53,5240.83,5229.53,5234.47,1870,160,0
2024-03-26 08:00:00+00:00,5234.47,5247.23,5233.97,5245.69,2259,162,0
2024-03-26 12:00:00+00:00,5245.82,5246.46,5231.43,5239.02,4584,158,0
2024-03-26 16:00:00+00:00,5239.02,5239.52,5209.9,5211.52,3605,160,0
2024-03-26 20:00:00+00:00,5212.96,5222.29,5211.7,5222.29,859,163,0
2024-03-27 00:00:00+00:00,5222.29,5226.06,5221.58,5225.37,1130,165,0
2024-03-27 04:00:00+00:00,5225.37,5232.32,5223.08,5223.83,1656,165,0
2024-03-27 08:00:00+00:00,5223.92,5235.44,5223.92,5231.69,2187,161,0
2024-03-27 12:00:00+00:00,5231.54,5241.43,5217.83,5218.15,4994,160,0
2024-03-27 16:00:00+00:00,5218.13,5254.35,5217.53,5253.7,4710,163,0
2024-03-27 20:00:00+00:00,5255.76,5260.53,5248.99,5250.64,1565,172,0
2024-03-28 00:00:00+00:00,5250.64,5255.45,5250.51,5252.5,1485,158,0
2024-03-28 04:00:00+00:00,5252.38,5255.46,5250.34,5252.69,1126,160,0
2024-03-28 08:00:00+00:00,5252.69,5255.77,5248.44,5253.17,2130,161,0
2024-03-28 12:00:00+00:00,5253.17,5263.5,5250.9,5262.21,4585,162,0
2024-03-28 16:00:00+00:00,5261.91,5268.24,5252.63,5262.09,4036,162,0
2024-03-28 20:00:00+00:00,5251.34,5255.42,5249.57,5251.15,508,174,0
2024-03-31 20:00:00+00:00,5265.41,5283.74,5265.41,5282.5,1202,196,0
2024-04-01 00:00:00+00:00,5282.76,5283.16,5275.89,5278.33,1511,172,0
2024-04-01 04:00:00+00:00,5278.45,5281.12,5276.68,5280.36,1218,168,0
2024-04-01 08:00:00+00:00,5280.36,5280.36,5272.07,5273.82,1302,161,0
2024-04-01 12:00:00+00:00,5273.69,5274.0,5233.59,5233.82,5492,163,0
2024-04-01 16:00:00+00:00,5233.97,5250.43,5232.59,5245.97,3941,165,0
2024-04-01 20:00:00+00:00,5244.96,5245.96,5237.14,5240.04,1181,170,0
2024-04-02 00:00:00+00:00,5240.3,5243.09,5238.05,5240.34,2093,168,0
2024-04-02 04:00:00+00:00,5240.35,5243.93,5235.84,5238.29,2770,166,0
2024-04-02 08:00:00+00:00,5239.09,5246.53,5224.78,5225.03,3117,166,0
2024-04-02 12:00:00+00:00,5225.02,5227.19,5185.76,5192.98,6319,165,0
2024-04-02 16:00:00+00:00,5192.72,5212.02,5190.57,5210.14,4071,168,0
2024-04-02 20:00:00+00:00,5212.12,5214.04,5209.71,5210.21,747,165,0
2024-04-03 00:00:00+00:00,5210.11,5210.11,5202.95,5206.47,2204,165,0
2024-04-03 04:00:00+00:00,5206.47,5206.7,5197.94,5199.43,3090,161,0
2024-04-03 08:00:00+00:00,5199.43,5209.51,5198.36,5208.73,2807,164,0
2024-04-03 12:00:00+00:00,5208.61,5232.03,5196.1,5224.36,5916,163,0
2024-04-03 16:00:00+00:00,5224.53,5230.76,5199.98,5217.13,5969,165,0
2024-04-03 20:00:00+00:00,5217.15,5236.85,5217.04,5229.01,1231,168,0
2024-04-04 00:00:00+00:00,5230.27,5232.0,5226.21,5232.0,1612,172,0
2024-04-04 04:00:00+00:00,5232.02,5234.08,5226.57,5232.55,2158,173,0
2024-04-04 08:00:00+00:00,5232.55,5237.43,5231.54,5234.79,2245,165,0
2024-04-04 12:00:00+00:00,5235.16,5258.45,5232.75,5253.86,4184,165,0
2024-04-04 16:00:00+00:00,5254.25,5260.25,5146.26,5148.62,10787,166,0
2024-04-04 20:00:00+00:00,5150.7,5160.31,5144.68,5153.61,3060,174,0
2024-04-05 00:00:00+00:00,5153.53,5158.41,5145.22,5158.33,3264,172,0
2024-04-05 04:00:00+00:00,5157.97,5164.95,5155.37,5163.65,3448,171,0
2024-04-05 08:00:00+00:00,5163.73,5172.03,5161.05,5166.95,2770,163,0
2024-04-05 12:00:00+00:00,5167.04,5218.09,5147.9,5215.48,10933,163,0
2024-04-05 16:00:00+00:00,5215.38,5225.44,5190.3,5207.36,9912,167,0
2024-04-07 20:00:00+00:00,5221.27,5223.28,5210.45,5213.62,1134,198,0
2024-04-08 00:00:00+00:00,5214.37,5214.52,5199.09,5201.34,2975,164,0
2024-04-08 04:00:00+00:00,5201.4,5214.15,5198.34,5210.6,3097,172,0
2024-04-08 08:00:00+00:00,5210.6,5212.7,5191.89,5208.84,4175,168,0
2024-04-08 12:00:00+00:00,5208.43,5223.83,5201.67,5209.14,7451,165,0
2024-04-08 16:00:00+00:00,5209.31,5219.28,5200.61,5207.16,5616,167,0
2024-04-08 20:00:00+00:00,5208.91,5215.02,5208.91,5210.1,827,173,0
2024-04-09 00:00:00+00:00,5210.35,5211.3,5206.92,5209.98,1585,167,0
2024-04-09 04:00:00+00:00,5210.1,5214.16,5203.83,5204.34,1893,165,0
2024-04-09 08:00:00+00:00,5204.11,5216.81,5201.08,5216.14,3219,163,0
2024-04-09 12:00:00+00:00,5216.3,5229.38,5164.14,5189.51,8502,163,0
2024-04-09 16:00:00+00:00,5189.16,5211.93,5178.37,5210.66,7745,169,0
2024-04-09 20:00:00+00:00,5215.38,5226.84,5214.63,5218.18,1217,169,0
2024-04-10 00:00:00+00:00,5217.91,5221.16,5217.41,5220.21,1694,164,0
2024-04-10 04:00:00+00:00,5220.21,5223.74,5218.2,5221.49,2221,164,0
2024-04-10 08:00:00+00:00,5221.49,5226.33,5214.16,5224.07,2732,166,0
2024-04-10 12:00:00+00:00,5224.32,5238.46,5133.32,5153.41,12542,167,0
2024-04-10 16:00:00+00:00,5153.34,5171.91,5141.15,5170.06,12588,168,0
2024-04-10 20:00:00+00:00,5162.88,5163.04,5149.02,5152.54,2022,167,0
2024-04-11 00:00:00+00:00,5153.04,5164.43,5152.55,5163.31,3055,169,0
2024-04-11 04:00:00+00:00,5163.31,5166.51,5159.38,5162.56,3295,174,0
2024-04-11 08:00:00+00:00,5162.56,5164.64,5135.28,5138.83,4891,167,0
2024-04-11 12:00:00+00:00,5138.79,5179.14,5130.61,5171.85,11041,164,0
2024-04-11 16:00:00+00:00,5171.9,5214.24,5165.97,5203.08,7526,168,0
2024-04-11 20:00:00+00:00,5199.93,5204.76,5197.12,5201.03,1343,169,0
2024-04-12 00:00:00+00:00,5201.79,5205.12,5197.46,5201.61,2070,168,0
2024-04-12 04:00:00+00:00,5201.47,5205.86,5199.13,5202.13,2663,169,0
2024-04-12 08:00:00+00:00,5202.37,5204.66,5171.72,5186.17,4724,163,0
2024-04-12 12:00:00+00:00,5185.83,5190.13,5136.98,5151.83,9577,165,0
2024-04-12 16:00:00+00:00,5151.55,5152.26,5107.59,5121.38,10964,166,0
2024-04-14 20:00:00+00:00,5128.63,5146.99,5125.94,5142.87,2593,181,0
2024-04-15 00:00:00+00:00,5142.54,5144.06,5130.77,5139.79,4094,174,0
2024-04-15 04:00:00+00:00,5139.79,5156.27,5139.29,5155.15,4532,175,0
2024-04-15 08:00:00+00:00,5154.82,5157.02,5146.02,5155.16,4385,168,0
2024-04-15 12:00:00+00:00,5154.77,5172.16,5126.52,5141.89,10004,165,0
2024-04-15 16:00:00+00:00,5141.94,5144.91,5053.81,5063.71,13357,162,0
2024-04-15 20:00:00+00:00,5063.06,5066.4,5054.09,5062.75,2095,167,0
2024-04-16 00:00:00+00:00,5063.01,5067.79,5041.96,5053.44,4123,174,0
2024-04-16 04:00:00+00:00,5053.45,5062.1,5048.74,5061.82,5332,176,0
2024-04-16 08:00:00+00:00,5061.83,5080.94,5048.56,5078.65,5937,169,0
2024-04-16 12:00:00+00:00,5078.55,5080.45,5042.33,5060.56,11320,168,0
2024-04-16 16:00:00+00:00,5060.29,5083.19,5039.82,5052.45,14503,168,0
2024-04-16 20:00:00+00:00,5052.2,5067.87,5048.82,5067.86,1977,167,0
2024-04-17 00:00:00+00:00,5067.86,5067.86,5054.87,5065.64,3253,172,0
2024-04-17 04:00:00+00:00,5066.04,5066.9,5037.29,5060.86,5324,179,0
2024-04-17 08:00:00+00:00,5060.86,5078.23,5058.97,5068.18,4866,162,0
2024-04-17 12:00:00+00:00,5068.07,5081.39,5027.59,5034.74,11200,163,0
2024-04-17 16:00:00+00:00,5034.39,5058.12,5008.37,5022.08,13517,165,0
2024-04-17 20:00:00+00:00,5022.0,5029.2,5017.35,5028.69,1836,167,0
2024-04-18 00:00:00+00:00,5028.15,5038.94,5026.41,5038.46,2961,163,0
2024-04-18 04:00:00+00:00,5038.46,5045.94,5034.71,5041.44,3844,166,0
2024-04-18 08:00:00+00:00,5041.07,5042.86,5025.67,5037.99,4826,162,0
2024-04-18 12:00:00+00:00,5037.89,5056.71,5012.87,5044.47,11016,163,0
2024-04-18 16:00:00+00:00,5044.19,5048.96,5000.3,5009.32,12155,162,0
2024-04-18 20:00:00+00:00,5010.35,5016.45,4998.76,5003.46,2589,163,0
2024-04-19 00:00:00+00:00,5002.56,5004.21,4926.86,4963.84,10772,174,0
2024-04-19 04:00:00+00:00,4963.91,4992.5,4961.41,4990.24,6965,173,0
2024-04-19 08:00:00+00:00,4990.02,5010.35,4981.91,5007.44,7178,167,0
2024-04-19 12:00:00+00:00,5007.54,5020.82,4985.75,4987.39,13655,160,0
2024-04-19 16:00:00+00:00,4987.01,5000.88,4954.83,4969.01,15733,159,0
2024-04-21 20:00:00+00:00,4982.42,4988.78,4975.36,4987.86,2070,178,0
2024-04-22 00:00:00+00:00,4987.61,4989.35,4975.58,4981.35,4441,165,0
2024-04-22 04:00:00+00:00,4981.34,4996.27,4981.08,4985.02,4051,159,0
2024-04-22 08:00:00+00:00,4984.7,5001.71,4982.11,4998.32,4446,161,0
2024-04-22 12:00:00+00:00,4998.14,5000.58,4972.05,4991.67,8744,158,0
2024-04-22 16:00:00+00:00,4991.68,5042.92,4989.99,5014.69,8975,163,0
2024-04-22 20:00:00+00:00,5014.21,5020.03,5004.38,5012.42,2159,166,0
2024-04-23 00:00:00+00:00,5012.42,5015.33,5005.7,5013.72,3358,162,0
2024-04-23 04:00:00+00:00,5013.72,5020.52,5009.09,5018.43,3582,163,0
2024-04-23 08:00:00+00:00,5018.66,5033.06,5016.87,5024.78,4265,161,0
2024-04-23 12:00:00+00:00,5024.61,5072.23,5018.36,5061.88,8697,159,0
2024-04-23 16:00:00+00:00,5062.18,5079.8,5061.24,5072.49,6930,162,0
2024-04-23 20:00:00+00:00,5072.99,5087.11,5070.55,5083.62,2556,159,0
2024-04-24 00:00:00+00:00,5083.63,5094.98,5081.61,5093.13,2490,163,0
2024-04-24 04:00:00+00:00,5093.13,5096.17,5083.65,5086.25,3156,161,0
2024-04-24 08:00:00+00:00,5086.39,5087.91,5074.33,5086.83,3580,163,0
2024-04-24 12:00:00+00:00,5086.87,5092.39,5054.58,5056.07,8988,162,0
2024-04-24 16:00:00+00:00,5055.59,5084.1,5049.58,5074.53,8875,164,0
2024-04-24 20:00:00+00:00,5074.22,5076.42,5038.91,5043.3,4575,165,0
2024-04-25 00:00:00+00:00,5043.3,5050.03,5041.62,5042.65,2819,160,0
2024-04-25 04:00:00+00:00,5042.65,5045.77,5034.94,5041.03,3471,159,0
2024-04-25 08:00:00+00:00,5040.86,5050.73,5037.09,5044.8,3870,160,0
2024-04-25 12:00:00+00:00,5044.46,5047.82,4990.77,5018.5,11611,159,0
2024-04-25 16:00:00+00:00,5018.24,5058.9,5015.03,5051.04,9961,164,0
2024-04-25 20:00:00+00:00,5051.29,5100.87,5047.7,5088.22,5655,168,0
2024-04-26 00:00:00+00:00,5088.22,5096.0,5085.73,5093.5,2949,164,0
2024-04-26 04:00:00+00:00,5093.5,5098.78,5088.27,5090.52,3151,170,0
2024-04-26 08:00:00+00:00,5090.52,5092.4,5081.13,5088.88,3440,164,0
2024-04-26 12:00:00+00:00,5088.51,5112.3,5073.67,5102.8,10672,162,0
2024-04-26 16:00:00+00:00,5102.71,5115.38,5098.24,5098.24,5618,165,0
2024-04-28 20:00:00+00:00,5110.23,5112.96,5106.33,5112.68,1069,193,0
2024-04-29 00:00:00+00:00,5112.93,5118.25,5110.22,5115.08,2343,163,0
2024-04-29 04:00:00+00:00,5115.08,5118.6,5110.81,5115.29,3068,156,0
2024-04-29 08:00:00+00:00,5115.04,5117.12,5106.48,5115.84,2353,164,0
2024-04-29 12:00:00+00:00,5115.61,5125.65,5108.28,5115.22,5936,163,0
2024-04-29 16:00:00+00:00,5114.96,5123.37,5090.19,5119.66,6211,166,0
2024-04-29 20:00:00+00:00,5119.63,5123.12,5115.38,5116.65,1164,162,0
2024-04-30 00:00:00+00:00,5116.65,5116.89,5113.55,5115.44,1687,159,0
2024-04-30 04:00:00+00:00,5115.44,5116.19,5107.66,5113.71,2765,158,0
2024-04-30 08:00:00+00:00,5113.71,5117.49,5107.59,5113.59,2637,158,0
2024-04-30 12:00:00+00:00,5113.34,5117.21,5077.17,5082.4,8302,165,0
2024-04-30 16:00:00+00:00,5082.41,5086.65,5037.52,5039.33,8126,167,0
2024-04-30 20:00:00+00:00,5039.27,5048.57,5022.98,5030.37,5860,169,0
2024-05-01 00:00:00+00:00,5030.77,5037.66,5028.9,5037.41,2216,166,0
2024-05-01 04:00:00+00:00,5037.41,5037.97,5021.12,5023.99,2275,164,0
2024-05-01 08:00:00+00:00,5024.1,5027.43,5010.32,5016.33,3058,169,0
2024-05-01 12:00:00+00:00,5016.31,5034.97,5015.73,5018.99,8977,159,0
2024-05-01 16:00:00+00:00,5018.7,5098.63,5015.06,5018.46,15575,163,0
2024-05-01 20:00:00+00:00,5016.97,5040.59,5016.82,5039.85,3074,170,0
2024-05-02 00:00:00+00:00,5040.07,5048.89,5038.16,5044.92,2960,162,0
2024-05-02 04:00:00+00:00,5044.92,5052.54,5039.38,5049.14,3596,161,0
2024-05-02 08:00:00+00:00,5049.14,5058.43,5045.31,5050.7,3485,165,0
2024-05-02 12:00:00+00:00,5050.72,5062.9,5009.8,5042.31,10775,160,0
2024-05-02 16:00:00+00:00,5042.33,5073.68,5027.73,5065.57,9225,165,0
2024-05-02 20:00:00+00:00,5065.48,5091.24,5060.82,5080.59,3918,166,0
2024-05-03 00:00:00+00:00,5080.59,5085.87,5077.11,5080.4,2106,169,0
2024-05-03 04:00:00+00:00,5080.4,5081.15,5072.87,5077.67,2769,164,0
2024-05-03 08:00:00+00:00,5077.67,5087.2,5076.92,5080.79,2475,163,0
2024-05-03 12:00:00+00:00,5081.17,5139.59,5081.17,5119.6,12209,168,0
2024-05-03 16:00:00+00:00,5119.84,5135.22,5119.3,5127.57,5838,169,0
2024-05-05 20:00:00+00:00,5143.61,5144.22,5134.55,5135.31,1154,180,0
2024-05-06 00:00:00+00:00,5135.47,5137.07,5132.17,5135.58,1722,164,0
2024-05-06 04:00:00+00:00,5135.63,5139.57,5131.57,5135.59,2009,170,0
2024-05-06 08:00:00+00:00,5135.55,5150.76,5134.78,5147.93,1815,164,0
2024-05-06 12:00:00+00:00,5148.16,5163.43,5147.15,5160.56,4234,161,0
2024-05-06 16:00:00+00:00,5160.55,5182.95,5153.72,5182.04,4123,164,0
2024-05-06 20:00:00+00:00,5182.79,5183.79,5178.43,5181.43,1216,166,0
2024-05-07 00:00:00+00:00,5181.43,5184.48,5179.71,5184.44,1471,166,0
2024-05-07 04:00:00+00:00,5184.44,5185.66,5179.22,5179.48,1800,162,0
2024-05-07 08:00:00+00:00,5179.48,5189.0,5178.39,5183.16,1980,164,0
2024-05-07 12:00:00+00:00,5183.41,5199.63,5182.86,5197.79,4343,164,0
2024-05-07 16:00:00+00:00,5197.93,5202.47,5181.6,5188.83,4991,159,0
2024-05-07 20:00:00+00:00,5188.33,5192.21,5184.97,5190.65,1188,167,0
2024-05-08 00:00:00+00:00,5190.7,5192.72,5187.19,5189.24,1625,164,0
2024-05-08 04:00:00+00:00,5189.24,5194.57,5186.81,5191.01,1792,168,0
2024-05-08 08:00:00+00:00,5191.0,5193.05,5179.43,5181.26,2153,165,0
2024-05-08 12:00:00+00:00,5180.94,5193.6,5165.66,5184.52,5167,164,0
2024-05-08 16:00:00+00:00,5184.62,5193.6,5177.64,5189.13,4430,166,0
2024-05-08 20:00:00+00:00,5188.74,5189.3,5184.53,5186.59,964,167,0
2024-05-09 00:00:00+00:00,5186.59,5188.38,5183.83,5184.61,1737,158,0
2024-05-09 04:00:00+00:00,5184.61,5184.9,5176.55,5177.84,2221,159,0
2024-05-09 08:00:00+00:00,5177.84,5183.87,5171.5,5181.89,2405,168,0
2024-05-09 12:00:00+00:00,5181.78,5208.89,5178.02,5198.76,5869,163,0
2024-05-09 16:00:00+00:00,5198.93,5216.4,5197.54,5215.97,4670,162,0
2024-05-09 20:00:00+00:00,5216.11,5222.23,5215.47,5220.01,999,170,0
2024-05-10 00:00:00+00:00,5220.01,5222.13,5217.16,5217.91,1589,155,0
2024-05-10 04:00:00+00:00,5217.87,5228.23,5217.86,5225.81,2147,154,0
2024-05-10 08:00:00+00:00,5225.81,5237.14,5222.47,5231.07,1807,165,0
2024-05-10 12:00:00+00:00,5231.07,5240.4,5209.44,5217.26,5557,163,0
2024-05-10 16:00:00+00:00,5216.95,5227.1,5211.94,5222.06,4187,167,0
2024-05-12 20:00:00+00:00,5220.34,5222.85,5218.61,5221.57,723,174,0
2024-05-13 00:00:00+00:00,5221.7,5228.5,5220.06,5227.59,1730,163,0
2024-05-13 04:00:00+00:00,5227.8,5232.04,5226.83,5231.08,1727,163,0
2024-05-13 08:00:00+00:00,5230.68,5238.61,5228.03,5238.4,1477,164,0
2024-05-13 12:00:00+00:00,5238.34,5242.88,5218.96,5225.6,4417,162,0
2024-05-13 16:00:00+00:00,5225.29,5228.71,5212.39,5224.22,3564,160,0
2024-05-13 20:00:00+00:00,5224.08,5226.43,5220.45,5223.02,798,168,0
2024-05-14 00:00:00+00:00,5223.02,5224.51,5219.45,5220.31,1429,160,0
2024-05-14 04:00:00+00:00,5220.15,5225.06,5219.58,5224.61,1573,162,0
2024-05-14 08:00:00+00:00,5224.78,5226.89,5223.47,5225.33,1199,165,0
2024-05-14 12:00:00+00:00,5225.34,5238.36,5195.09,5225.05,7281,163,0
2024-05-14 16:00:00+00:00,5225.09,5252.86,5219.9,5247.39,4063,161,0
2024-05-14 20:00:00+00:00,5246.99,5251.76,5244.97,5250.06,838,169,0
2024-05-15 00:00:00+00:00,5250.06,5255.85,5247.06,5253.64,1319,172,0
2024-05-15 04:00:00+00:00,5253.64,5253.84,5246.86,5248.11,1656,167,0
2024-05-15 08:00:00+00:00,5248.1,5252.12,5247.37,5249.04,1278,168,0
2024-05-15 12:00:00+00:00,5249.0,5295.65,5244.62,5292.77,7019,164,0
2024-05-15 16:00:00+00:00,5292.94,5315.39,5287.99,5311.75,3843,166,0
2024-05-15 20:00:00+00:00,5312.19,5317.36,5303.74,5315.76,1318,168,0
2024-05-16 00:00:00+00:00,5315.76,5321.51,5315.29,5321.51,1801,163,0
2024-05-16 04:00:00+00:00,5321.4,5321.4,5314.08,5315.77,2106,167,0
2024-05-16 08:00:00+00:00,5315.64,5317.9,5312.54,5314.75,1497,167,0
2024-05-16 12:00:00+00:00,5314.51,5327.12,5307.5,5321.2,4645,164,0
2024-05-16 16:00:00+00:00,5320.8,5320.8,5297.24,5299.64,5363,165,0
2024-05-16 20:00:00+00:00,5298.89,5300.39,5293.67,5298.36,1085,175,0
2024-05-17 00:00:00+00:00,5298.56,5301.88,5297.17,5297.43,1436,160,0
2024-05-17 04:00:00+00:00,5297.43,5302.61,5296.93,5298.4,1691,161,0
2024-05-17 08:00:00+00:00,5298.4,5302.45,5292.06,5300.43,1889,168,0
2024-05-17 12:00:00+00:00,5300.34,5304.73,5293.84,5299.58,4215,163,0
2024-05-17 16:00:00+00:00,5299.34,5306.17,5284.31,5306.17,4234,163,0
2024-05-19 20:00:00+00:00,5310.11,5316.54,5310.02,5315.85,760,180,0
2024-05-20 00:00:00+00:00,5315.88,5316.71,5312.8,5315.21,1483,165,0
2024-05-20 04:00:00+00:00,5315.21,5316.41,5311.5,5312.73,1715,165,0
2024-05-20 08:00:00+00:00,5312.7,5317.59,5311.18,5316.47,1068,166,0
2024-05-20 12:00:00+00:00,5316.69,5329.07,5307.66,5323.34,3672,162,0
2024-05-20 16:00:00+00:00,5323.17,5326.08,5304.34,5313.46,3937,162,0
2024-05-20 20:00:00+00:00,5313.83,5316.27,5310.38,5313.13,744,170,0
2024-05-21 00:00:00+00:00,5312.97,5315.42,5311.95,5313.94,1437,161,0
2024-05-21 04:00:00+00:00,5313.77,5316.89,5313.23,5315.39,1229,162,0
2024-05-21 08:00:00+00:00,5315.22,5315.57,5310.64,5314.47,1296,165,0
2024-05-21 12:00:00+00:00,5314.52,5320.92,5304.22,5312.98,4029,164,0
2024-05-21 16:00:00+00:00,5313.08,5328.6,5309.44,5326.68,2932,166,0
2024-05-21 20:00:00+00:00,5327.21,5329.39,5324.45,5328.96,638,169,0
2024-05-22 00:00:00+00:00,5328.78,5331.28,5327.54,5328.31,1215,156,0
2024-05-22 04:00:00+00:00,5328.31,5329.53,5320.48,5324.51,1630,154,0
2024-05-22 08:00:00+00:00,5324.51,5325.32,5316.92,5316.98,1773,166,0
2024-05-22 12:00:00+00:00,5316.94,5327.07,5314.37,5319.91,3197,161,0
2024-05-22 16:00:00+00:00,5319.89,5325.58,5289.34,5310.59,6586,166,0
2024-05-22 20:00:00+00:00,5311.35,5329.01,5292.65,5324.6,4242,174,0
2024-05-23 00:00:00+00:00,5324.63,5345.34,5322.37,5344.95,2458,166,0
2024-05-23 04:00:00+00:00,5344.95,5346.46,5337.23,5337.89,2414,171,0
2024-05-23 08:00:00+00:00,5337.73,5347.29,5334.21,5347.09,1580,167,0
2024-05-23 12:00:00+00:00,5346.76,5351.79,5300.91,5321.95,7165,165,0
2024-05-23 16:00:00+00:00,5321.66,5325.3,5257.41,5268.82,10721,164,0
2024-05-23 20:00:00+00:00,5269.71,5274.74,5265.56,5271.44,1199,169,0
2024-05-24 00:00:00+00:00,5271.21,5280.02,5270.19,5276.56,1999,165,0
2024-05-24 04:00:00+00:00,5276.62,5278.06,5270.02,5277.01,2616,166,0
2024-05-24 08:00:00+00:00,5276.76,5286.32,5276.21,5286.04,1823,167,0
2024-05-24 12:00:00+00:00,5285.82,5313.36,5278.65,5305.11,6548,164,0
2024-05-24 16:00:00+00:00,5304.81,5311.7,5293.41,5305.71,4856,166,0
2024-05-26 20:00:00+00:00,5309.27,5311.06,5302.43,5303.18,902,184,0
2024-05-27 00:00:00+00:00,5303.18,5306.13,5299.99,5303.82,1808,167,0
2024-05-27 04:00:00+00:00,5303.97,5310.41,5303.52,5307.43,1627,168,0
2024-05-27 08:00:00+00:00,5307.43,5308.53,5304.49,5308.07,1182,167,0
2024-05-27 12:00:00+00:00,5307.9,5318.56,5305.64,5318.23,1614,165,0
2024-05-27 16:00:00+00:00,5318.27,5321.86,5317.58,5320.95,477,165,0
2024-05-27 20:00:00+00:00,5322.53,5322.53,5313.35,5314.02,872,175,0
2024-05-28 00:00:00+00:00,5314.02,5318.03,5311.25,5317.55,1866,170,0
2024-05-28 04:00:00+00:00,5317.58,5321.48,5314.05,5316.98,2086,172,0
2024-05-28 08:00:00+00:00,5316.95,5326.83,5312.7,5316.61,2484,169,0
2024-05-28 12:00:00+00:00,5316.84,5319.56,5304.2,5314.38,5584,165,0
2024-05-28 16:00:00+00:00,5314.21,5317.13,5284.94,5312.93,6489,165,0
2024-05-28 20:00:00+00:00,5313.7,5319.05,5307.23,5308.18,940,167,0
2024-05-29 00:00:00+00:00,5308.19,5309.16,5295.02,5296.53,2287,172,0
2024-05-29 04:00:00+00:00,5296.71,5299.49,5285.55,5286.21,3218,169,0
2024-05-29 08:00:00+00:00,5286.45,5292.02,5277.23,5281.91,3604,168,0
2024-05-29 12:00:00+00:00,5281.75,5287.41,5268.27,5280.5,6470,166,0
2024-05-29 16:00:00+00:00,5280.26,5287.65,5271.01,5273.91,6019,165,0
2024-05-29 20:00:00+00:00,5275.17,5278.4,5252.73,5256.77,1841,173,0
2024-05-30 00:00:00+00:00,5256.77,5257.47,5246.1,5248.01,2470,172,0
2024-05-30 04:00:00+00:00,5248.01,5250.0,5240.53,5249.27,3017,174,0
2024-05-30 08:00:00+00:00,5249.27,5256.09,5247.21,5252.95,2368,166,0
2024-05-30 12:00:00+00:00,5252.73,5264.07,5243.23,5251.22,6815,165,0
2024-05-30 16:00:00+00:00,5251.62,5266.45,5228.32,5242.1,6208,166,0
2024-05-30 20:00:00+00:00,5241.07,5241.47,5231.98,5233.07,2016,174,0
2024-05-31 00:00:00+00:00,5232.98,5237.72,5224.55,5236.21,3736,171,0
2024-05-31 04:00:00+00:00,5236.21,5237.71,5229.76,5231.41,3195,171,0
2024-05-31 08:00:00+00:00,5231.24,5239.74,5221.11,5237.67,3184,168,0
2024-05-31 12:00:00+00:00,5237.61,5262.25,5208.14,5209.15,9282,162,0
2024-05-31 16:00:00+00:00,5209.02,5289.57,5196.04,5284.66,7543,164,0
2024-06-02 20:00:00+00:00,5292.42,5295.95,5282.41,5294.29,1850,181,0
2024-06-03 00:00:00+00:00,5294.29,5303.06,5293.85,5299.88,2903,172,0
2024-06-03 04:00:00+00:00,5299.88,5305.29,5289.33,5290.09,3574,172,0
2024-06-03 08:00:00+00:00,5290.1,5300.59,5287.23,5300.2,3535,172,0
2024-06-03 12:00:00+00:00,5299.91,5305.23,5267.28,5274.08,7651,166,0
2024-06-03 16:00:00+00:00,5274.15,5289.99,5238.98,5289.99,9607,165,0
2024-06-03 20:00:00+00:00,5291.64,5295.83,5289.2,5289.45,1322,165,0
2024-06-04 00:00:00+00:00,5289.45,5295.92,5288.71,5291.98,2254,175,0
2024-06-04 04:00:00+00:00,5291.93,5293.16,5274.76,5281.8,3419,175,0
2024-06-04 08:00:00+00:00,5281.69,5281.69,5254.7,5272.52,5031,169,0
2024-06-04 12:00:00+00:00,5272.5,5290.37,5264.39,5265.29,8470,166,0
2024-06-04 16:00:00+00:00,5265.54,5304.81,5262.31,5296.78,9094,167,0
2024-06-04 20:00:00+00:00,5296.78,5305.85,5293.37,5304.85,1489,173,0
2024-06-05 00:00:00+00:00,5304.85,5308.15,5300.68,5306.93,1840,173,0
2024-06-05 04:00:00+00:00,5306.91,5307.95,5298.64,5301.66,2506,168,0
2024-06-05 08:00:00+00:00,5301.66,5314.77,5300.11,5313.68,2327,164,0
2024-06-05 12:00:00+00:00,5313.99,5337.73,5300.17,5333.75,6531,165,0
2024-06-05 16:00:00+00:00,5333.34,5360.29,5330.69,5360.01,5206,164,0
2024-06-05 20:00:00+00:00,5360.26,5366.35,5355.11,5364.14,1583,171,0
2024-06-06 00:00:00+00:00,5364.14,5367.04,5358.92,5364.42,2230,166,0
2024-06-06 04:00:00+00:00,5364.4,5364.43,5357.91,5361.17,2627,167,0
2024-06-06 08:00:00+00:00,5361.19,5364.46,5357.6,5362.67,1910,167,0
2024-06-06 12:00:00+00:00,5362.62,5368.49,5353.77,5355.6,7625,164,0
2024-06-06 16:00:00+00:00,5355.44,5360.21,5340.56,5359.93,6542,164,0
2024-06-06 20:00:00+00:00,5360.45,5360.96,5354.85,5359.16,942,168,0
2024-06-07 00:00:00+00:00,5359.16,5363.71,5358.16,5361.72,1664,165,0
2024-06-07 04:00:00+00:00,5361.72,5366.7,5360.45,5361.71,2069,165,0
2024-06-07 08:00:00+00:00,5361.44,5363.27,5352.48,5360.53,2635,168,0
2024-06-07 12:00:00+00:00,5360.51,5375.69,5324.3,5363.14,10143,167,0
2024-06-07 16:00:00+00:00,5363.4,5380.74,5346.52,5351.44,9915,168,0
2024-06-09 20:00:00+00:00,5348.69,5357.47,5345.54,5350.55,1291,186,0
2024-06-10 00:00:00+00:00,5350.66,5355.98,5348.93,5352.99,1716,172,0
2024-06-10 04:00:00+00:00,5353.35,5355.48,5340.61,5347.49,3349,172,0
2024-06-10 08:00:00+00:00,5347.71,5350.75,5335.64,5347.96,3351,168,0
2024-06-10 12:00:00+00:00,5348.29,5363.33,5338.44,5359.08,5243,164,0
2024-06-10 16:00:00+00:00,5359.55,5372.82,5354.95,5369.78,6473,165,0
2024-06-10 20:00:00+00:00,5370.14,5370.53,5362.13,5364.25,1144,175,0
2024-06-11 00:00:00+00:00,5364.25,5365.05,5361.66,5364.03,1812,168,0
2024-06-11 04:00:00+00:00,5364.03,5371.78,5362.89,5365.27,2540,169,0
2024-06-11 08:00:00+00:00,5365.27,5367.35,5348.2,5353.27,3846,165,0
2024-06-11 12:00:00+00:00,5353.31,5360.4,5332.16,5350.87,6388,166,0
2024-06-11 16:00:00+00:00,5350.8,5383.18,5347.66,5382.98,6276,167,0
2024-06-11 20:00:00+00:00,5383.14,5385.93,5378.69,5383.52,1178,173,0
2024-06-12 00:00:00+00:00,5383.67,5386.02,5380.0,5385.99,1922,163,0
2024-06-12 04:00:00+00:00,5386.02,5390.51,5383.85,5385.74,1957,161,0
2024-06-12 08:00:00+00:00,5385.72,5391.03,5384.41,5389.43,1752,170,0
2024-06-12 12:00:00+00:00,5389.45,5451.44,5387.77,5441.49,7052,167,0
2024-06-12 16:00:00+00:00,5441.49,5452.25,5414.12,5424.89,11500,171,0
2024-06-12 20:00:00+00:00,5423.97,5436.69,5421.63,5434.6,2140,173,0
2024-06-13 00:00:00+00:00,5434.6,5439.41,5433.86,5439.41,1849,174,0
2024-06-13 04:00:00+00:00,5439.4,5441.88,5433.65,5436.68,2209,170,0
2024-06-13 08:00:00+00:00,5436.68,5438.71,5424.35,5430.92,2818,169,0
2024-06-13 12:00:00+00:00,5431.21,5450.87,5413.97,5423.57,8350,169,0
2024-06-13 16:00:00+00:00,5423.21,5444.4,5407.67,5436.98,6887,171,0
2024-06-13 20:00:00+00:00,5435.63,5441.54,5431.03,5436.58,1781,174,0
2024-06-14 00:00:00+00:00,5436.19,5440.35,5435.58,5440.14,1551,161,0
2024-06-14 04:00:00+00:00,5440.14,5441.76,5427.9,5431.57,2680,159,0
2024-06-14 08:00:00+00:00,5431.82,5434.26,5396.69,5409.5,5915,170,0
2024-06-14 12:00:00+00:00,5409.2,5426.89,5407.24,5423.08,7850,166,0
2024-06-14 16:00:00+00:00,5422.75,5437.51,5418.23,5437.01,7207,166,0
2024-06-16 20:00:00+00:00,5436.35,5440.58,5432.84,5438.09,1082,171,0
2024-06-17 00:00:00+00:00,5438.09,5439.35,5433.36,5436.6,1975,175,0
2024-06-17 04:00:00+00:00,5436.6,5445.6,5432.82,5440.62,3242,171,0
2024-06-17 08:00:00+00:00,5440.62,5445.1,5429.3,5437.28,3326,167,0
2024-06-17 12:00:00+00:00,5437.18,5451.05,5425.91,5448.02,5240,165,0
2024-06-17 16:00:00+00:00,5447.65,5497.02,5447.65,5483.54,6702,168,0
2024-06-17 20:00:00+00:00,5483.64,5490.68,5479.14,5488.67,1527,171,0
2024-06-18 00:00:00+00:00,5488.63,5489.14,5478.68,5482.97,2452,173,0
2024-06-18 04:00:00+00:00,5482.97,5486.33,5480.2,5480.45,2706,174,0
2024-06-18 08:00:00+00:00,5480.45,5487.79,5478.29,5482.18,2712,167,0
2024-06-18 12:00:00+00:00,5482.54,5495.19,5479.12,5490.95,5938,170,0
2024-06-18 16:00:00+00:00,5491.04,5499.0,5483.37,5497.27,5465,171,0
2024-06-18 20:00:00+00:00,5498.13,5504.11,5494.42,5502.14,1174,171,0
2024-06-19 00:00:00+00:00,5502.12,5502.14,5497.84,5498.44,1599,171,0
2024-06-19 04:00:00+00:00,5498.45,5502.82,5497.19,5501.16,2075,171,0
2024-06-19 08:00:00+00:00,5501.16,5503.75,5499.1,5502.01,1677,169,0
2024-06-19 12:00:00+00:00,5502.13,5503.98,5497.63,5500.36,1289,168,0
2024-06-19 16:00:00+00:00,5500.36,5500.75,5498.84,5499.26,141,171,0
2024-06-19 20:00:00+00:00,5500.45,5502.14,5499.18,5501.18,530,175,0
2024-06-20 00:00:00+00:00,5501.18,5509.92,5500.93,5508.92,1455,167,0
2024-06-20 04:00:00+00:00,5509.15,5525.89,5508.31,5518.73,3044,173,0
2024-06-20 08:00:00+00:00,5518.45,5522.69,5515.86,5517.26,2714,169,0
2024-06-20 12:00:00+00:00,5517.28,5519.27,5496.38,5496.5,6296,168,0
2024-06-20 16:00:00+00:00,5496.17,5499.02,5463.89,5482.88,10809,170,0
2024-06-20 20:00:00+00:00,5484.02,5486.47,5477.64,5485.73,1401,176,0
2024-06-21 00:00:00+00:00,5485.73,5486.48,5479.28,5484.31,1956,176,0
2024-06-21 04:00:00+00:00,5484.31,5489.48,5473.02,5476.57,2639,175,0
2024-06-21 08:00:00+00:00,5476.53,5482.34,5465.49,5473.34,3895,174,0
2024-06-21 12:00:00+00:00,5473.31,5482.64,5458.06,5482.54,8434,171,0
2024-06-21 16:00:00+00:00,5482.87,5484.69,5463.49,5471.98,7044,170,0
2024-06-23 20:00:00+00:00,5479.48,5480.26,5477.2,5477.6,627,190,0
2024-06-24 00:00:00+00:00,5477.6,5479.12,5460.88,5467.94,2912,170,0
2024-06-24 04:00:00+00:00,5467.94,5484.42,5466.57,5483.38,2703,170,0
2024-06-24 08:00:00+00:00,5483.38,5486.71,5475.15,5478.37,2939,169,0
2024-06-24 12:00:00+00:00,5478.73,5499.07,5466.85,5491.69,7471,170,0
2024-06-24 16:00:00+00:00,5491.59,5492.24,5455.82,5456.71,7659,170,0
2024-06-24 20:00:00+00:00,5456.68,5460.94,5451.32,5460.9,1348,174,0
2024-06-25 00:00:00+00:00,5460.94,5465.23,5454.98,5465.22,1819,166,0
2024-06-25 04:00:00+00:00,5465.22,5467.22,5454.21,5455.21,2777,168,0
2024-06-25 08:00:00+00:00,5455.21,5470.79,5452.92,5468.25,3288,169,0
2024-06-25 12:00:00+00:00,5468.28,5473.79,5459.38,5472.42,5964,170,0
2024-06-25 16:00:00+00:00,5472.37,5481.15,5453.4,5477.9,5959,170,0
2024-06-25 20:00:00+00:00,5478.13,5480.15,5473.69,5476.76,1100,174,0
2024-06-26 00:00:00+00:00,5476.76,5484.3,5475.77,5482.26,2091,166,0
2024-06-26 04:00:00+00:00,5482.09,5493.73,5480.83,5493.69,2453,169,0
2024-06-26 08:00:00+00:00,5493.54,5494.34,5475.1,5479.07,2707,172,0
2024-06-26 12:00:00+00:00,5478.93,5483.82,5458.93,5482.32,6587,170,0
2024-06-26 16:00:00+00:00,5482.04,5491.28,5468.92,5484.02,6700,170,0
2024-06-26 20:00:00+00:00,5485.16,5485.41,5466.53,5468.55,2209,174,0
2024-06-27 00:00:00+00:00,5468.55,5470.59,5460.02,5465.57,2507,175,0
2024-06-27 04:00:00+00:00,5465.57,5479.06,5465.32,5475.84,2553,171,0
2024-06-27 08:00:00+00:00,5475.84,5482.13,5471.53,5477.89,2453,171,0
2024-06-27 12:00:00+00:00,5477.61,5498.03,5474.6,5480.38,7662,168,0
2024-06-27 16:00:00+00:00,5480.11,5491.89,5473.46,5490.64,5890,169,0
2024-06-27 20:00:00+00:00,5491.41,5498.22,5489.98,5498.22,1055,167,0
2024-06-28 00:00:00+00:00,5498.23,5506.71,5495.2,5504.46,2626,167,0
2024-06-28 04:00:00+00:00,5504.47,5507.21,5499.43,5502.69,2661,167,0
2024-06-28 08:00:00+00:00,5502.45,5510.49,5500.42,5508.24,1891,170,0
2024-06-28 12:00:00+00:00,5508.11,5528.25,5491.31,5501.7,8183,170,0
2024-06-28 16:00:00+00:00,5501.65,5502.97,5454.57,5465.67,9436,173,0
2024-06-30 20:00:00+00:00,5480.73,5482.08,5473.37,5474.87,1715,171,0
2024-07-01 00:00:00+00:00,5475.27,5483.66,5472.09,5481.91,2709,164,0
2024-07-01 04:00:00+00:00,5481.9,5486.67,5471.37,5474.12,3942,164,0
2024-07-01 08:00:00+00:00,5474.12,5481.66,5466.82,5481.16,3147,175,0
2024-07-01 12:00:00+00:00,5480.82,5484.71,5449.98,5470.36,8383,170,0
2024-07-01 16:00:00+00:00,5470.15,5484.83,5464.26,5478.91,6698,170,0
2024-07-01 20:00:00+00:00,5479.28,5481.15,5473.3,5475.2,1257,170,0
2024-07-02 00:00:00+00:00,5475.2,5476.34,5465.58,5467.95,3041,167,0
2024-07-02 04:00:00+00:00,5468.1,5474.36,5455.18,5461.21,3977,166,0
2024-07-02 08:00:00+00:00,5460.95,5462.42,5449.33,5454.99,3107,170,0
2024-07-02 12:00:00+00:00,5455.08,5490.53,5453.57,5482.1,7198,170,0
2024-07-02 16:00:00+00:00,5482.25,5515.72,5476.9,5514.95,5077,169,0
2024-07-02 20:00:00+00:00,5515.98,5515.98,5507.34,5509.13,1230,171,0
2024-07-03 00:00:00+00:00,5509.18,5513.53,5507.14,5508.49,2075,166,0
2024-07-03 04:00:00+00:00,5508.63,5515.64,5508.42,5512.66,2943,164,0
2024-07-03 08:00:00+00:00,5512.66,5519.4,5511.19,5515.82,1797,168,0
2024-07-03 12:00:00+00:00,5515.66,5529.48,5507.28,5528.32,5598,170,0
2024-07-03 16:00:00+00:00,5528.48,5542.71,5527.82,5537.89,1708,168,0
2024-07-03 20:00:00+00:00,5536.61,5540.27,5534.22,5538.77,739,174,0
2024-07-04 00:00:00+00:00,5538.77,5540.22,5536.04,5537.32,2102,165,0
2024-07-04 04:00:00+00:00,5537.32,5542.05,5536.8,5541.75,2313,166,0
2024-07-04 08:00:00+00:00,5541.79,5543.84,5539.94,5542.67,1008,172,0
2024-07-04 12:00:00+00:00,5542.57,5544.81,5533.42,5536.85,1073,172,0
2024-07-04 16:00:00+00:00,5536.8,5536.83,5534.69,5536.3,254,169,0
2024-07-04 20:00:00+00:00,5534.49,5537.8,5534.43,5536.3,786,170,0
2024-07-05 00:00:00+00:00,5536.3,5541.81,5536.3,5541.31,1913,166,0
2024-07-05 04:00:00+00:00,5541.18,5546.51,5540.34,5543.25,2450,165,0
2024-07-05 08:00:00+00:00,5543.1,5544.12,5536.67,5537.82,1754,168,0
2024-07-05 12:00:00+00:00,5537.68,5560.22,5532.54,5558.47,6968,172,0
2024-07-05 16:00:00+00:00,5558.81,5573.59,5554.22,5572.32,4201,169,0
2024-07-07 20:00:00+00:00,5563.13,5568.35,5561.69,5563.2,1149,170,0
2024-07-08 00:00:00+00:00,5563.2,5565.71,5561.22,5564.71,2556,167,0
2024-07-08 04:00:00+00:00,5564.7,5568.95,5561.19,5568.7,2778,164,0
2024-07-08 08:00:00+00:00,5568.88,5573.97,5567.98,5573.75,1551,168,0
2024-07-08 12:00:00+00:00,5573.69,5587.73,5572.24,5575.64,4223,169,0
2024-07-08 16:00:00+00:00,5575.6,5579.16,5566.78,5576.27,4080,170,0
2024-07-08 20:00:00+00:00,5577.47,5589.77,5575.61,5589.63,1295,174,0
2024-07-09 00:00:00+00:00,5589.63,5590.87,5583.97,5589.4,1854,169,0
2024-07-09 04:00:00+00:00,5589.37,5590.89,5584.64,5589.16,2136,169,0
2024-07-09 08:00:00+00:00,5589.16,5590.89,5586.68,5587.19,1235,168,0
2024-07-09 12:00:00+00:00,5587.32,5593.96,5581.79,5589.85,4668,168,0
2024-07-09 16:00:00+00:00,5589.94,5596.67,5579.56,5582.74,4268,172,0
2024-07-09 20:00:00+00:00,5582.9,5586.09,5581.75,5585.09,807,171,0
2024-07-10 00:00:00+00:00,5585.09,5587.65,5584.59,5585.68,1306,167,0
2024-07-10 04:00:00+00:00,5585.64,5587.09,5582.09,5586.34,2155,165,0
2024-07-10 08:00:00+00:00,5586.34,5596.36,5586.06,5595.2,1048,170,0
2024-07-10 12:00:00+00:00,5595.3,5604.15,5591.73,5602.61,3094,169,0
2024-07-10 16:00:00+00:00,5602.76,5641.65,5602.51,5638.48,3779,172,0
2024-07-10 20:00:00+00:00,5637.26,5638.38,5634.22,5635.62,1138,176,0
2024-07-11 00:00:00+00:00,5635.45,5636.96,5631.15,5636.96,1628,167,0
2024-07-11 04:00:00+00:00,5636.96,5638.13,5633.93,5636.42,2054,167,0
2024-07-11 08:00:00+00:00,5636.47,5637.7,5631.84,5631.86,863,167,0
2024-07-11 12:00:00+00:00,5631.92,5658.46,5588.08,5591.1,9590,171,0
2024-07-11 16:00:00+00:00,5591.48,5601.64,5582.3,5590.88,9449,172,0
2024-07-11 20:00:00+00:00,5589.73,5597.12,5584.86,5590.6,2086,175,0
2024-07-12 00:00:00+00:00,5590.19,5596.87,5589.12,5592.93,2750,169,0
2024-07-12 04:00:00+00:00,5592.9,5596.3,5587.22,5593.45,3375,170,0
2024-07-12 08:00:00+00:00,5593.2,5598.96,5590.39,5595.82,2117,170,0
2024-07-12 12:00:00+00:00,5595.55,5641.32,5574.66,5631.84,7105,172,0
2024-07-12 16:00:00+00:00,5631.46,5660.96,5613.38,5620.12,7388,174,0
2024-07-14 20:00:00+00:00,5633.56,5633.56,5620.79,5627.09,2031,176,0
2024-07-15 00:00:00+00:00,5627.3,5631.33,5624.6,5630.54,2507,170,0
2024-07-15 04:00:00+00:00,5630.61,5639.41,5629.88,5638.94,2397,167,0
2024-07-15 08:00:00+00:00,5639.11,5649.8,5639.11,5643.16,1790,171,0
2024-07-15 12:00:00+00:00,5643.4,5673.69,5638.26,5662.9,6705,170,0
2024-07-15 16:00:00+00:00,5662.89,5662.91,5621.47,5639.96,9882,171,0
2024-07-15 20:00:00+00:00,5640.98,5650.69,5637.48,5648.05,1350,177,0
2024-07-16 00:00:00+00:00,5647.93,5650.5,5645.29,5649.0,2302,169,0
2024-07-16 04:00:00+00:00,5649.0,5650.74,5636.38,5636.98,3379,171,0
2024-07-16 08:00:00+00:00,5636.99,5648.5,5629.4,5647.64,2759,173,0
2024-07-16 12:00:00+00:00,5647.69,5670.27,5641.49,5656.48,8352,170,0
2024-07-16 16:00:00+00:00,5656.41,5676.92,5648.37,5674.17,7904,172,0
2024-07-16 20:00:00+00:00,5673.91,5674.2,5667.79,5669.48,1603,173,0
2024-07-17 00:00:00+00:00,5669.69,5670.74,5663.64,5665.66,1820,171,0
2024-07-17 04:00:00+00:00,5665.91,5666.16,5633.9,5635.65,4892,170,0
2024-07-17 08:00:00+00:00,5635.65,5637.19,5611.68,5619.66,4437,177,0
2024-07-17 12:00:00+00:00,5619.54,5628.86,5601.58,5607.75,10248,169,0
2024-07-17 16:00:00+00:00,5607.97,5609.22,5589.81,5594.84,10107,170,0
2024-07-17 20:00:00+00:00,5594.19,5607.59,5588.36,5606.37,2080,174,0
2024-07-18 00:00:00+00:00,5606.25,5611.48,5603.98,5607.74,2900,167,0
2024-07-18 04:00:00+00:00,5607.74,5621.07,5597.47,5606.71,5212,172,0
2024-07-18 08:00:00+00:00,5606.72,5614.0,5595.64,5606.43,4151,175,0
2024-07-18 12:00:00+00:00,5606.4,5618.79,5550.87,5553.02,11345,170,0
2024-07-18 16:00:00+00:00,5552.69,5572.6,5527.6,5551.49,14134,170,0
2024-07-18 20:00:00+00:00,5551.79,5563.41,5548.55,5559.52,2947,173,0
2024-07-19 00:00:00+00:00,5559.25,5562.99,5557.16,5561.23,3018,169,0
2024-07-19 04:00:00+00:00,5561.23,5565.01,5527.53,5536.73,5284,169,0
2024-07-19 08:00:00+00:00,5536.74,5559.06,5531.86,5556.92,6681,172,0
2024-07-19 12:00:00+00:00,5556.9,5561.91,5513.14,5531.78,12600,169,0
2024-07-19 16:00:00+00:00,5531.38,5536.25,5500.01,5510.62,12187,172,0
2024-07-21 20:00:00+00:00,5517.4,5533.06,5516.96,5532.27,2335,176,0
2024-07-22 00:00:00+00:00,5532.27,5533.02,5513.77,5523.27,5270,170,0
2024-07-22 04:00:00+00:00,5523.27,5532.29,5517.78,5531.04,5690,169,0
2024-07-22 08:00:00+00:00,5531.04,5545.33,5528.48,5545.06,2843,173,0
2024-07-22 12:00:00+00:00,5545.21,5568.19,5533.25,5540.44,10295,172,0
2024-07-22 16:00:00+00:00,5540.06,5576.13,5535.49,5568.74,8742,172,0
2024-07-22 20:00:00+00:00,5569.9,5573.51,5565.97,5566.54,1714,173,0
2024-07-23 00:00:00+00:00,5566.29,5568.05,5557.04,5560.78,3727,167,0
2024-07-23 04:00:00+00:00,5560.78,5564.56,5550.28,5552.51,4716,167,0
2024-07-23 08:00:00+00:00,5552.51,5579.06,5549.26,5576.18,3439,173,0
2024-07-23 12:00:00+00:00,5576.05,5590.49,5563.77,5585.44,8256,171,0
2024-07-23 16:00:00+00:00,5585.2,5587.1,5555.66,5561.81,8586,174,0
2024-07-23 20:00:00+00:00,5559.93,5572.21,5535.11,5536.83,4906,173,0
2024-07-24 00:00:00+00:00,5536.83,5545.0,5536.33,5537.44,3162,168,0
2024-07-24 04:00:00+00:00,5537.59,5537.85,5519.88,5520.98,5637,170,0
2024-07-24 08:00:00+00:00,5521.09,5527.38,5513.72,5520.46,4069,173,0
2024-07-24 12:00:00+00:00,5520.53,5521.14,5462.81,5464.76,8762,170,0
2024-07-24 16:00:00+00:00,5464.9,5471.62,5425.74,5435.46,9358,171,0
2024-07-24 20:00:00+00:00,5434.92,5452.58,5433.8,5447.84,3174,171,0
2024-07-25 00:00:00+00:00,5447.73,5453.09,5436.93,5447.57,5200,168,0
2024-07-25 04:00:00+00:00,5447.59,5448.84,5424.82,5429.99,7972,170,0
2024-07-25 08:00:00+00:00,5430.25,5444.1,5414.47,5421.52,8410,173,0
2024-07-25 12:00:00+00:00,5421.32,5467.58,5396.04,5461.1,17091,169,0
2024-07-25 16:00:00+00:00,5460.76,5496.39,5402.54,5404.66,17540,168,0
2024-07-25 20:00:00+00:00,5404.65,5416.15,5396.62,5415.22,3510,171,0
2024-07-26 00:00:00+00:00,5415.23,5428.27,5414.47,5425.5,4152,166,0
2024-07-26 04:00:00+00:00,5425.5,5438.4,5423.48,5438.14,5358,168,0
2024-07-26 08:00:00+00:00,5437.74,5451.65,5436.09,5451.37,4822,170,0
2024-07-26 12:00:00+00:00,5451.25,5468.88,5434.07,5467.8,14061,168,0
2024-07-26 16:00:00+00:00,5467.8,5491.81,5446.25,5461.62,14205,169,0
2024-07-28 20:00:00+00:00,5466.46,5480.98,5463.74,5478.94,2389,171,0
2024-07-29 00:00:00+00:00,5478.99,5495.98,5477.49,5489.73,4884,170,0
2024-07-29 04:00:00+00:00,5489.6,5493.73,5472.45,5473.98,4313,168,0
2024-07-29 08:00:00+00:00,5473.98,5492.43,5472.11,5489.28,4107,171,0
2024-07-29 12:00:00+00:00,5489.24,5500.45,5447.43,5476.8,11735,167,0
2024-07-29 16:00:00+00:00,5477.06,5491.62,5465.91,5468.48,11326,166,0
2024-07-29 20:00:00+00:00,5469.01,5475.61,5452.85,5455.85,2121,172,0
2024-07-30 00:00:00+00:00,5455.64,5461.4,5446.88,5456.87,4380,168,0
2024-07-30 04:00:00+00:00,5456.88,5482.66,5456.88,5479.06,4503,170,0
2024-07-30 08:00:00+00:00,5479.14,5482.73,5471.55,5479.29,3762,171,0
2024-07-30 12:00:00+00:00,5479.46,5494.7,5424.4,5425.04,11299,167,0
2024-07-30 16:00:00+00:00,5425.43,5458.03,5405.32,5439.23,13259,165,0
2024-07-30 20:00:00+00:00,5440.37,5449.28,5400.35,5448.05,8708,169,0
2024-07-31 00:00:00+00:00,5448.05,5465.3,5442.81,5464.68,4679,166,0
2024-07-31 04:00:00+00:00,5464.22,5490.06,5458.54,5489.81,7095,165,0
2024-07-31 08:00:00+00:00,5489.71,5496.36,5482.67,5493.48,4202,168,0
2024-07-31 12:00:00+00:00,5493.24,5537.34,5491.95,5527.86,10942,168,0
2024-07-31 16:00:00+00:00,5528.09,5556.02,5506.88,5524.69,16193,168,0
2024-07-31 20:00:00+00:00,5524.55,5557.89,5523.78,5555.63,5541,171,0
2024-08-01 00:00:00+00:00,5555.41,5562.76,5547.11,5560.38,5820,170,0
2024-08-01 04:00:00+00:00,5560.37,5564.92,5541.12,5542.87,5854,170,0
2024-08-01 08:00:00+00:00,5542.88,5554.93,5526.79,5545.25,6420,174,0
2024-08-01 12:00:00+00:00,5545.41,5568.81,5461.06,5466.19,15619,167,0
2024-08-01 16:00:00+00:00,5466.7,5483.52,5412.9,5448.88,19716,163,0
2024-08-01 20:00:00+00:00,5448.67,5452.15,5414.13,5428.94,10237,170,0
2024-08-02 00:00:00+00:00,5428.52,5432.18,5389.07,5410.87,8349,169,0
2024-08-02 04:00:00+00:00,5410.71,5413.1,5380.41,5399.18,8770,170,0
2024-08-02 08:00:00+00:00,5399.51,5400.92,5377.1,5384.15,8471,172,0
2024-08-02 12:00:00+00:00,5384.19,5400.33,5302.45,5337.97,24503,165,0
2024-08-02 16:00:00+00:00,5338.24,5351.53,5311.1,5344.93,22216,163,0
2024-08-04 20:00:00+00:00,5300.92,5317.73,5285.15,5296.0,5197,170,0
2024-08-05 00:00:00+00:00,5296.21,5296.61,5259.52,5263.95,11767,166,0
2024-08-05 04:00:00+00:00,5263.96,5266.95,5173.62,5228.12,16814,168,0
2024-08-05 08:00:00+00:00,5228.37,5249.83,5158.06,5167.39,17088,172,0
2024-08-05 12:00:00+00:00,5166.88,5235.81,5092.93,5220.28,48452,162,0
2024-08-05 16:00:00+00:00,5219.93,5251.69,5165.61,5193.35,27950,160,0
2024-08-05 20:00:00+00:00,5193.56,5247.32,5186.64,5247.27,7454,173,0
2024-08-06 00:00:00+00:00,5247.72,5278.93,5231.1,5270.37,9328,174,0
2024-08-06 04:00:00+00:00,5270.61,5274.08,5235.78,5241.31,11510,171,0
2024-08-06 08:00:00+00:00,5240.87,5249.19,5201.38,5232.07,11207,174,0
2024-08-06 12:00:00+00:00,5232.31,5282.73,5194.8,5276.19,25984,162,0
2024-08-06 16:00:00+00:00,5276.57,5315.19,5237.31,5237.31,19373,160,0
2024-08-06 20:00:00+00:00,5238.92,5252.72,5211.9,5217.39,7542,172,0
2024-08-07 00:00:00+00:00,5217.83,5287.54,5216.34,5283.64,8990,167,0
2024-08-07 04:00:00+00:00,5283.63,5293.3,5254.11,5263.39,9726,167,0
2024-08-07 08:00:00+00:00,5263.7,5307.99,5261.18,5295.39,8752,165,0
2024-08-07 12:00:00+00:00,5295.8,5333.22,5286.73,5295.71,18286,165,0
2024-08-07 16:00:00+00:00,5296.03,5297.04,5196.54,5203.9,20734,165,0
2024-08-07 20:00:00+00:00,5203.66,5207.64,5157.01,5177.16,6542,171,0
2024-08-08 00:00:00+00:00,5177.47,5214.25,5173.51,5205.07,7930,167,0
2024-08-08 04:00:00+00:00,5205.34,5211.8,5177.41,5182.24,9776,173,0
2024-08-08 08:00:00+00:00,5181.91,5210.74,5177.94,5208.33,8529,176,0
2024-08-08 12:00:00+00:00,5208.36,5302.16,5200.95,5294.27,20035,165,0
2024-08-08 16:00:00+00:00,5293.79,5330.65,5283.76,5321.34,15588,166,0
2024-08-08 20:00:00+00:00,5322.2,5337.97,5321.32,5333.2,4418,172,0
2024-08-09 00:00:00+00:00,5332.87,5334.27,5312.29,5330.75,7394,169,0
2024-08-09 04:00:00+00:00,5330.83,5334.03,5304.14,5328.23,7900,170,0
2024-08-09 08:00:00+00:00,5328.73,5347.83,5317.16,5324.18,7457,172,0
2024-08-09 12:00:00+00:00,5324.29,5341.84,5295.5,5318.3,16203,164,0
2024-08-09 16:00:00+00:00,5318.69,5360.69,5313.22,5344.94,13247,168,0
2024-08-11 20:00:00+00:00,5343.54,5352.52,5327.75,5347.79,3190,173,0
2024-08-12 00:00:00+00:00,5347.65,5354.49,5337.57,5346.33,4339,173,0
2024-08-12 04:00:00+00:00,5346.33,5359.84,5343.74,5359.07,4570,168,0
2024-08-12 08:00:00+00:00,5358.56,5365.14,5348.28,5361.95,4161,171,0
2024-08-12 12:00:00+00:00,5362.33,5373.75,5325.26,5364.76,11967,168,0
2024-08-12 16:00:00+00:00,5364.7,5367.72,5333.61,5347.96,12253,169,0
2024-08-12 20:00:00+00:00,5348.84,5353.85,5343.34,5350.78,2151,169,0
2024-08-13 00:00:00+00:00,5351.37,5358.68,5345.75,5353.34,4779,163,0
2024-08-13 04:00:00+00:00,5353.28,5379.78,5353.26,5373.17,4315,164,0
2024-08-13 08:00:00+00:00,5373.41,5374.69,5348.66,5362.47,5268,169,0
2024-08-13 12:00:00+00:00,5362.58,5409.44,5361.96,5406.64,10352,168,0
2024-08-13 16:00:00+00:00,5406.91,5439.18,5404.06,5436.95,6993,170,0
2024-08-13 20:00:00+00:00,5437.4,5438.5,5431.0,5436.61,2032,168,0
2024-08-14 00:00:00+00:00,5436.63,5441.11,5430.86,5436.77,3999,165,0
2024-08-14 04:00:00+00:00,5436.62,5442.59,5435.51,5436.26,2974,166,0
2024-08-14 08:00:00+00:00,5436.19,5441.73,5432.5,5439.13,2400,173,0
2024-08-14 12:00:00+00:00,5438.99,5464.59,5417.86,5463.72,11647,171,0
2024-08-14 16:00:00+00:00,5463.45,5466.4,5434.45,5454.58,9715,171,0
2024-08-14 20:00:00+00:00,5453.99,5464.12,5450.74,5452.96,1953,170,0
2024-08-15 00:00:00+00:00,5453.23,5470.11,5452.96,5468.76,3680,167,0
2024-08-15 04:00:00+00:00,5468.59,5470.02,5458.43,5469.49,2771,164,0
2024-08-15 08:00:00+00:00,5469.38,5469.79,5450.2,5467.5,3209,174,0
2024-08-15 12:00:00+00:00,5467.72,5537.55,5464.53,5533.03,9592,172,0
2024-08-15 16:00:00+00:00,5532.67,5549.53,5529.28,5547.23,6019,170,0
2024-08-15 20:00:00+00:00,5547.11,5556.97,5541.19,5552.76,2417,169,0
2024-08-16 00:00:00+00:00,5552.82,5555.96,5545.06,5554.86,3552,168,0
2024-08-16 04:00:00+00:00,5554.82,5561.35,5550.84,5552.88,2938,168,0
2024-08-16 08:00:00+00:00,5553.1,5556.62,5535.68,5535.97,3521,175,0
2024-08-16 12:00:00+00:00,5536.21,5550.11,5514.99,5547.58,10165,171,0
2024-08-16 16:00:00+00:00,5547.26,5564.18,5545.73,5556.59,5435,174,0
2024-08-18 20:00:00+00:00,5563.39,5573.3,5561.45,5565.44,1727,176,0
2024-08-19 00:00:00+00:00,5565.68,5572.18,5562.7,5566.26,3259,169,0
2024-08-19 04:00:00+00:00,5566.0,5566.25,5550.99,5555.51,3801,168,0
2024-08-19 08:00:00+00:00,5555.25,5562.16,5545.62,5559.96,3411,174,0
2024-08-19 12:00:00+00:00,5560.27,5585.32,5554.13,5577.7,7184,173,0
2024-08-19 16:00:00+00:00,5577.98,5611.01,5574.84,5609.88,4310,173,0
2024-08-19 20:00:00+00:00,5611.29,5612.65,5604.38,5609.69,1121,172,0
2024-08-20 00:00:00+00:00,5609.43,5617.49,5606.68,5610.44,2574,167,0
2024-08-20 04:00:00+00:00,5610.22,5621.92,5610.18,5619.69,2588,170,0
2024-08-20 08:00:00+00:00,5619.65,5619.96,5608.09,5615.42,2409,175,0
2024-08-20 12:00:00+00:00,5615.21,5624.21,5594.04,5608.42,6825,174,0
2024-08-20 16:00:00+00:00,5608.69,5612.96,5588.81,5600.21,5853,174,0
2024-08-20 20:00:00+00:00,5602.21,5606.43,5599.24,5601.28,1381,171,0
2024-08-21 00:00:00+00:00,5601.54,5610.07,5601.28,5607.8,2494,165,0
2024-08-21 04:00:00+00:00,5608.05,5612.39,5603.23,5604.77,2225,168,0
2024-08-21 08:00:00+00:00,5604.97,5613.06,5600.92,5610.23,2496,177,0
2024-08-21 12:00:00+00:00,5610.28,5636.03,5600.48,5603.52,8807,173,0
2024-08-21 16:00:00+00:00,5603.5,5632.32,5594.79,5622.9,7948,175,0
2024-08-21 20:00:00+00:00,5621.55,5628.21,5617.41,5627.48,1457,172,0
2024-08-22 00:00:00+00:00,5627.25,5629.27,5613.73,5615.81,2237,167,0
2024-08-22 04:00:00+00:00,5616.0,5627.52,5614.85,5626.05,2144,167,0
2024-08-22 08:00:00+00:00,5625.89,5637.0,5623.4,5635.84,1935,175,0
2024-08-22 12:00:00+00:00,5635.71,5647.01,5585.59,5592.16,9704,174,0
2024-08-22 16:00:00+00:00,5592.15,5615.52,5565.13,5578.39,11753,175,0
2024-08-22 20:00:00+00:00,5577.59,5587.68,5572.57,5587.65,1700,171,0
2024-08-23 00:00:00+00:00,5587.91,5595.44,5585.66,5593.21,2631,165,0
2024-08-23 04:00:00+00:00,5592.96,5598.87,5592.96,5593.93,2301,163,0
2024-08-23 08:00:00+00:00,5593.88,5610.17,5592.97,5607.55,2054,176,0
2024-08-23 12:00:00+00:00,5607.3,5644.59,5597.05,5613.34,12647,176,0
2024-08-23 16:00:00+00:00,5613.69,5640.16,5585.99,5634.3,10798,175,0
2024-08-25 20:00:00+00:00,5635.91,5644.42,5625.73,5632.01,2090,160,0
2024-08-26 00:00:00+00:00,5632.54,5644.93,5629.53,5631.52,3344,149,0
2024-08-26 04:00:00+00:00,5631.46,5644.33,5631.07,5643.83,2433,147,0
2024-08-26 08:00:00+00:00,5643.77,5649.93,5637.97,5644.57,2709,158,0
2024-08-26 12:00:00+00:00,5644.41,5654.31,5612.65,5614.68,8791,157,0
2024-08-26 16:00:00+00:00,5614.81,5632.06,5605.4,5623.32,8124,156,0
2024-08-26 20:00:00+00:00,5623.03,5623.05,5609.23,5617.92,1765,154,0
2024-08-27 00:00:00+00:00,5618.17,5622.44,5612.17,5620.71,2782,149,0
2024-08-27 04:00:00+00:00,5620.66,5625.7,5618.31,5625.7,2312,148,0
2024-08-27 08:00:00+00:00,5625.33,5631.63,5612.52,5621.58,2824,157,0
2024-08-27 12:00:00+00:00,5621.71,5635.22,5597.81,5621.45,9831,157,0
2024-08-27 16:00:00+00:00,5621.08,5634.94,5613.3,5630.54,5563,157,0
2024-08-27 20:00:00+00:00,5629.33,5632.7,5618.27,5623.27,1923,152,0
2024-08-28 00:00:00+00:00,5623.51,5631.03,5621.8,5629.79,2640,151,0
2024-08-28 04:00:00+00:00,5629.97,5634.03,5629.16,5632.47,1384,149,0
2024-08-28 08:00:00+00:00,5632.2,5637.83,5624.92,5626.17,1879,154,0
2024-08-28 12:00:00+00:00,5626.55,5631.81,5591.84,5599.76,8700,154,0
2024-08-28 16:00:00+00:00,5599.53,5608.77,5565.41,5597.52,9767,157,0
2024-08-28 20:00:00+00:00,5598.79,5602.93,5549.25,5559.94,8029,155,0
2024-08-29 00:00:00+00:00,5560.26,5578.72,5559.78,5577.37,3478,151,0
2024-08-29 04:00:00+00:00,5577.76,5598.75,5577.12,5595.82,3346,153,0
2024-08-29 08:00:00+00:00,5595.78,5617.61,5593.61,5612.43,5320,159,0
2024-08-29 12:00:00+00:00,5612.37,5647.28,5609.0,5639.99,13021,155,0
2024-08-29 16:00:00+00:00,5640.2,5651.64,5586.12,5598.01,13322,156,0
2024-08-29 20:00:00+00:00,5597.61,5609.78,5597.61,5603.33,2325,155,0
2024-08-30 00:00:00+00:00,5603.08,5611.85,5596.51,5607.85,3894,149,0
2024-08-30 04:00:00+00:00,5607.85,5622.62,5605.09,5619.83,3586,150,0
2024-08-30 08:00:00+00:00,5619.58,5625.37,5614.72,5620.28,2526,159,0
2024-08-30 12:00:00+00:00,5620.19,5634.04,5592.44,5602.81,10501,157,0
2024-08-30 16:00:00+00:00,5602.72,5653.08,5582.7,5647.57,9195,158,0
2024-09-01 20:00:00+00:00,5650.06,5653.61,5645.71,5646.53,1263,154,0
2024-09-02 00:00:00+00:00,5646.27,5653.95,5643.77,5646.52,3270,151,0
2024-09-02 04:00:00+00:00,5646.52,5650.28,5631.63,5638.17,3241,153,0
2024-09-02 08:00:00+00:00,5638.21,5648.78,5638.2,5648.72,1931,159,0
2024-09-02 12:00:00+00:00,5648.44,5660.58,5645.96,5657.85,2193,154,0
2024-09-02 16:00:00+00:00,5657.75,5659.82,5653.1,5658.41,402,154,0
2024-09-02 20:00:00+00:00,5660.31,5663.06,5643.31,5648.03,2270,156,0
2024-09-03 00:00:00+00:00,5648.07,5654.56,5638.54,5646.82,3888,150,0
2024-09-03 04:00:00+00:00,5646.83,5659.87,5640.66,5656.01,3591,151,0
2024-09-03 08:00:00+00:00,5656.23,5658.36,5620.44,5626.08,5253,159,0
2024-09-03 12:00:00+00:00,5626.07,5630.34,5566.49,5571.5,12090,154,0
2024-09-03 16:00:00+00:00,5571.77,5580.07,5510.69,5535.96,10892,155,0
2024-09-03 20:00:00+00:00,5536.95,5540.82,5522.11,5527.07,3843,153,0
2024-09-04 00:00:00+00:00,5527.33,5532.93,5501.99,5509.16,9138,151,0
2024-09-04 04:00:00+00:00,5509.32,5519.95,5501.36,5517.0,7522,152,0
2024-09-04 08:00:00+00:00,5516.84,5524.5,5510.1,5513.84,4488,155,0
2024-09-04 12:00:00+00:00,5514.18,5559.23,5511.3,5533.46,13144,151,0
2024-09-04 16:00:00+00:00,5533.09,5545.69,5509.57,5523.56,11752,154,0
2024-09-04 20:00:00+00:00,5522.46,5527.53,5510.49,5518.58,3088,154,0
2024-09-05 00:00:00+00:00,5518.21,5533.09,5514.9,5516.54,6020,148,0
2024-09-05 04:00:00+00:00,5516.8,5535.11,5512.53,5533.01,5501,152,0
2024-09-05 08:00:00+00:00,5532.69,5533.61,5519.95,5522.05,3871,158,0
2024-09-05 12:00:00+00:00,5521.96,5552.4,5488.21,5489.51,13539,154,0
2024-09-05 16:00:00+00:00,5489.22,5526.35,5485.47,5509.12,10370,154,0
2024-09-05 20:00:00+00:00,5509.75,5517.89,5500.66,5505.68,3270,154,0
2024-09-06 00:00:00+00:00,5505.34,5506.43,5483.99,5499.49,5482,151,0
2024-09-06 04:00:00+00:00,5499.43,5504.19,5462.05,5474.56,6249,152,0
2024-09-06 08:00:00+00:00,5474.49,5479.69,5464.6,5479.3,4190,156,0
2024-09-06 12:00:00+00:00,5479.02,5528.0,5414.5,5417.51,20296,156,0
2024-09-06 16:00:00+00:00,5417.11,5431.55,5406.13,5415.53,12708,154,0
2024-09-08 20:00:00+00:00,5409.5,5418.14,5403.37,5415.5,3813,154,0
2024-09-09 00:00:00+00:00,5415.84,5434.06,5415.02,5433.36,6848,148,0
2024-09-09 04:00:00+00:00,5433.21,5452.15,5433.19,5451.81,6559,149,0
2024-09-09 08:00:00+00:00,5451.79,5462.17,5444.33,5453.5,3726,159,0
2024-09-09 12:00:00+00:00,5453.7,5477.43,5440.55,5473.46,12587,154,0
2024-09-09 16:00:00+00:00,5473.31,5490.71,5455.32,5477.1,11666,155,0
2024-09-09 20:00:00+00:00,5477.95,5489.98,5475.58,5485.23,2730,154,0
2024-09-10 00:00:00+00:00,5485.37,5485.78,5472.48,5475.39,6703,149,0
2024-09-10 04:00:00+00:00,5475.39,5484.13,5465.12,5483.8,5596,150,0
2024-09-10 08:00:00+00:00,5484.02,5486.03,5461.2,5481.65,5042,160,0
2024-09-10 12:00:00+00:00,5481.5,5499.75,5454.28,5454.76,14236,151,0
2024-09-10 16:00:00+00:00,5454.52,5504.46,5447.04,5501.45,11359,153,0
2024-09-10 20:00:00+00:00,5501.34,5502.66,5494.43,5496.94,1696,153,0
2024-09-11 00:00:00+00:00,5497.13,5498.13,5474.61,5477.47,7623,150,0
2024-09-11 04:00:00+00:00,5477.42,5494.43,5470.68,5491.2,6247,151,0
2024-09-11 08:00:00+00:00,5491.06,5496.41,5478.09,5495.42,3527,157,0
2024-09-11 12:00:00+00:00,5495.05,5506.68,5411.6,5457.43,21694,152,0
2024-09-11 16:00:00+00:00,5457.3,5566.68,5455.54,5556.83,17936,156,0
2024-09-11 20:00:00+00:00,5555.48,5561.92,5553.29,5556.95,2421,153,0
2024-09-12 00:00:00+00:00,5557.21,5568.39,5554.98,5567.69,5724,151,0
2024-09-12 04:00:00+00:00,5567.73,5577.45,5565.47,5567.01,5307,150,0
2024-09-12 08:00:00+00:00,5566.87,5576.42,5562.14,5572.71,4080,158,0
2024-09-12 12:00:00+00:00,5572.56,5579.24,5540.37,5558.03,19298,154,0
2024-09-12 16:00:00+00:00,5557.88,5607.24,5556.38,5603.76,13210,156,0
2024-09-12 20:00:00+00:00,5603.39,5608.63,5594.62,5605.61,2255,156,0
2024-09-13 00:00:00+00:00,5606.07,5609.6,5599.61,5605.14,4300,151,0
2024-09-13 04:00:00+00:00,5605.14,5614.67,5602.15,5606.78,3655,149,0
2024-09-13 08:00:00+00:00,5606.84,5617.65,5603.28,5612.88,3274,157,0
2024-09-13 12:00:00+00:00,5612.61,5638.62,5605.21,5637.25,12259,152,0
2024-09-13 16:00:00+00:00,5637.22,5641.11,5621.09,5630.51,10851,153,0
2024-09-15 20:00:00+00:00,5627.79,5636.31,5624.14,5635.3,2040,154,0
2024-09-16 00:00:00+00:00,5635.3,5635.69,5627.58,5635.12,3177,152,0
2024-09-16 04:00:00+00:00,5635.29,5635.58,5627.05,5634.38,2865,150,0
2024-09-16 08:00:00+00:00,5634.5,5639.87,5627.22,5629.37,3646,152,0
2024-09-16 12:00:00+00:00,5629.6,5641.09,5610.51,5624.25,11967,151,0
2024-09-16 16:00:00+00:00,5624.39,5643.37,5615.27,5641.37,7673,152,0
2024-09-16 20:00:00+00:00,5641.64,5642.37,5635.25,5637.87,2248,154,0
2024-09-17 00:00:00+00:00,5638.02,5640.07,5632.12,5635.12,4109,151,0
2024-09-17 04:00:00+00:00,5635.12,5654.66,5633.87,5651.05,3607,149,0
2024-09-17 08:00:00+00:00,5651.12,5667.35,5651.03,5664.6,2647,157,0
2024-09-17 12:00:00+00:00,5664.49,5678.39,5653.13,5662.19,12940,154,0
2024-09-17 16:00:00+00:00,5662.33,5664.17,5619.24,5643.89,15738,156,0
2024-09-17 20:00:00+00:00,5643.93,5648.8,5641.75,5647.97,1638,158,0
2024-09-18 00:00:00+00:00,5648.05,5650.33,5644.56,5645.31,3222,152,0
2024-09-18 04:00:00+00:00,5645.32,5653.07,5643.44,5644.97,3427,152,0
2024-09-18 08:00:00+00:00,5644.84,5652.35,5640.76,5646.33,2094,156,0
2024-09-18 12:00:00+00:00,5646.56,5653.56,5626.71,5627.57,9091,155,0
2024-09-18 16:00:00+00:00,5627.48,5699.02,5620.25,5625.82,31997,156,0
2024-09-18 20:00:00+00:00,5625.66,5664.54,5622.63,5663.2,4804,158,0
2024-09-19 00:00:00+00:00,5663.46,5682.86,5643.39,5682.37,10113,155,0
2024-09-19 04:00:00+00:00,5682.61,5696.87,5676.61,5696.85,6478,155,0
2024-09-19 08:00:00+00:00,5696.49,5723.83,5692.49,5718.88,4288,160,0
2024-09-19 12:00:00+00:00,5718.6,5732.1,5693.48,5716.5,14198,159,0
2024-09-19 16:00:00+00:00,5716.83,5742.06,5715.59,5720.51,11385,160,0
2024-09-19 20:00:00+00:00,5722.48,5722.5,5713.53,5714.78,2119,159,0
2024-09-20 00:00:00+00:00,5714.78,5717.56,5709.27,5715.75,4389,155,0
2024-09-20 04:00:00+00:00,5715.8,5717.73,5710.46,5715.86,4143,154,0
2024-09-20 08:00:00+00:00,5716.07,5716.56,5703.94,5708.41,3200,156,0
2024-09-20 12:00:00+00:00,5708.81,5718.08,5678.22,5696.08,12112,158,0
2024-09-20 16:00:00+00:00,5696.32,5719.78,5687.46,5707.59,10642,159,0
2024-09-22 20:00:00+00:00,5709.96,5715.17,5702.76,5714.42,1711,156,0
2024-09-23 00:00:00+00:00,5714.79,5729.18,5713.16,5726.42,4346,151,0
2024-09-23 04:00:00+00:00,5726.41,5728.67,5692.88,5711.86,4698,154,0
2024-09-23 08:00:00+00:00,5711.99,5720.93,5706.17,5719.55,4496,160,0
2024-09-23 12:00:00+00:00,5719.34,5731.95,5711.03,5724.35,11966,156,0
2024-09-23 16:00:00+00:00,5724.19,5727.44,5708.8,5723.32,8306,155,0
2024-09-23 20:00:00+00:00,5724.22,5725.97,5717.93,5721.38,1470,157,0
2024-09-24 00:00:00+00:00,5721.17,5726.07,5712.47,5716.63,5011,153,0
2024-09-24 04:00:00+00:00,5716.63,5737.66,5716.36,5737.38,4320,153,0
2024-09-24 08:00:00+00:00,5737.12,5742.19,5717.75,5728.92,3954,158,0
2024-09-24 12:00:00+00:00,5729.13,5738.89,5703.55,5733.94,10768,154,0
2024-09-24 16:00:00+00:00,5734.04,5742.37,5722.26,5741.62,7462,156,0
2024-09-24 20:00:00+00:00,5741.12,5743.75,5737.26,5741.46,1326,158,0
2024-09-25 00:00:00+00:00,5741.82,5741.96,5728.92,5732.92,4466,152,0
2024-09-25 04:00:00+00:00,5732.92,5735.06,5723.15,5732.87,4300,154,0
2024-09-25 08:00:00+00:00,5732.93,5741.7,5728.88,5739.07,2953,159,0
2024-09-25 12:00:00+00:00,5739.34,5747.45,5732.05,5736.21,7809,156,0
2024-09-25 16:00:00+00:00,5736.05,5736.98,5717.55,5729.08,8434,155,0
2024-09-25 20:00:00+00:00,5729.05,5740.45,5727.53,5738.85,1832,155,0
2024-09-26 00:00:00+00:00,5738.81,5756.45,5738.61,5755.55,3590,151,0
2024-09-26 04:00:00+00:00,5755.55,5776.33,5753.79,5775.3,4502,155,0
2024-09-26 08:00:00+00:00,5775.22,5778.02,5771.2,5773.1,2825,161,0
2024-09-26 12:00:00+00:00,5773.22,5779.65,5738.44,5753.84,11676,157,0
2024-09-26 16:00:00+00:00,5753.46,5757.87,5728.22,5751.81,8332,156,0
2024-09-26 20:00:00+00:00,5752.7,5761.86,5751.67,5755.37,1909,157,0
2024-09-27 00:00:00+00:00,5755.31,5756.11,5746.59,5752.37,4866,154,0
2024-09-27 04:00:00+00:00,5752.37,5758.87,5740.99,5741.11,6097,156,0
2024-09-27 08:00:00+00:00,5741.02,5754.86,5741.02,5754.68,3695,160,0
2024-09-27 12:00:00+00:00,5754.62,5771.4,5752.28,5752.43,10371,155,0
2024-09-27 16:00:00+00:00,5752.67,5754.69,5732.02,5740.99,8198,156,0
2024-09-29 20:00:00+00:00,5737.14,5753.51,5730.91,5752.01,2125,154,0
2024-09-30 00:00:00+00:00,5752.01,5754.68,5737.55,5747.26,6306,153,0
2024-09-30 04:00:00+00:00,5747.26,5748.26,5734.74,5744.95,5164,152,0
2024-09-30 08:00:00+00:00,5744.37,5745.04,5726.39,5728.15,4237,160,0
2024-09-30 12:00:00+00:00,5728.21,5746.3,5727.41,5743.72,8140,155,0
2024-09-30 16:00:00+00:00,5744.06,5772.0,5708.14,5765.81,11582,154,0
2024-09-30 20:00:00+00:00,5768.66,5769.19,5754.43,5761.14,2517,161,0
2024-10-01 00:00:00+00:00,5760.97,5774.84,5756.93,5767.7,4171,155,0
2024-10-01 04:00:00+00:00,5767.7,5768.19,5753.61,5765.47,4609,156,0
2024-10-01 08:00:00+00:00,5765.73,5771.63,5757.59,5763.65,3356,162,0
2024-10-01 12:00:00+00:00,5763.39,5766.27,5685.85,5710.01,18386,161,0
2024-10-01 16:00:00+00:00,5709.87,5736.64,5688.69,5712.29,18185,162,0
2024-10-01 20:00:00+00:00,5713.18,5719.91,5695.62,5704.15,3635,160,0
2024-10-02 00:00:00+00:00,5704.28,5716.66,5703.18,5713.65,5570,155,0
2024-10-02 04:00:00+00:00,5713.66,5714.16,5692.25,5705.97,7006,156,0
2024-10-02 08:00:00+00:00,5705.91,5710.06,5689.13,5697.14,5587,163,0
2024-10-02 12:00:00+00:00,5697.22,5725.41,5677.78,5721.33,14256,159,0
2024-10-02 16:00:00+00:00,5721.66,5724.19,5701.57,5713.67,8813,158,0
2024-10-02 20:00:00+00:00,5713.65,5726.91,5712.04,5723.64,1965,154,0
2024-10-03 00:00:00+00:00,5723.52,5723.72,5703.29,5704.96,6304,152,0
2024-10-03 04:00:00+00:00,5705.17,5707.96,5680.83,5686.47,5535,156,0
2024-10-03 08:00:00+00:00,5686.64,5709.25,5685.85,5709.25,4581,162,0
2024-10-03 12:00:00+00:00,5709.09,5723.99,5687.81,5710.58,16693,158,0
2024-10-03 16:00:00+00:00,5710.74,5717.5,5680.05,5702.29,11694,159,0
2024-10-03 20:00:00+00:00,5703.44,5708.2,5694.92,5702.93,2622,159,0
2024-10-04 00:00:00+00:00,5702.94,5717.16,5695.97,5706.67,6695,154,0
2024-10-04 04:00:00+00:00,5706.67,5712.06,5697.32,5710.4,5194,155,0
2024-10-04 08:00:00+00:00,5710.43,5721.9,5703.8,5719.15,3962,161,0
2024-10-04 12:00:00+00:00,5718.83,5756.22,5704.27,5727.92,17549,160,0
2024-10-04 16:00:00+00:00,5728.17,5758.44,5717.55,5753.9,10560,160,0
2024-10-06 20:00:00+00:00,5756.4,5764.45,5756.4,5758.79,3167,52,0
2024-10-07 00:00:00+00:00,5758.61,5762.24,5750.05,5752.72,10722,50,0
2024-10-07 04:00:00+00:00,5752.58,5755.3,5732.68,5734.31,8167,50,0
2024-10-07 08:00:00+00:00,5734.48,5741.1,5719.49,5731.95,6481,52,0
2024-10-07 12:00:00+00:00,5731.82,5745.11,5730.44,5736.79,21553,52,0
2024-10-07 16:00:00+00:00,5736.86,5737.11,5691.02,5702.17,25796,52,0
2024-10-07 20:00:00+00:00,5703.32,5709.83,5682.61,5701.62,6632,53,0
2024-10-08 00:00:00+00:00,5701.78,5711.98,5697.08,5701.08,10290,52,0
2024-10-08 04:00:00+00:00,5701.09,5710.61,5693.76,5705.53,9572,51,0
2024-10-08 08:00:00+00:00,5705.66,5727.77,5702.99,5725.82,7015,53,0
2024-10-08 12:00:00+00:00,5726.11,5752.0,5721.24,5749.65,18987,53,0
2024-10-08 16:00:00+00:00,5749.49,5763.92,5731.8,5757.67,14083,52,0
2024-10-08 20:00:00+00:00,5758.26,5758.65,5753.0,5753.44,2655,52,0
2024-10-09 00:00:00+00:00,5753.44,5755.45,5746.93,5748.19,6521,50,0
2024-10-09 04:00:00+00:00,5748.19,5751.19,5738.85,5744.4,6678,51,0
2024-10-09 08:00:00+00:00,5744.49,5758.98,5739.87,5753.66,4020,53,0
2024-10-09 12:00:00+00:00,5753.74,5797.77,5750.38,5796.16,14841,53,0
2024-10-09 16:00:00+00:00,5796.49,5804.0,5776.59,5798.84,17397,52,0
2024-10-09 20:00:00+00:00,5798.09,5798.52,5789.6,5796.58,2695,52,0
2024-10-10 00:00:00+00:00,5796.62,5800.6,5794.33,5799.85,5515,50,0
2024-10-10 04:00:00+00:00,5799.85,5800.1,5787.01,5788.25,3972,51,0
2024-10-10 08:00:00+00:00,5788.02,5792.41,5785.99,5792.35,2933,53,0
2024-10-10 12:00:00+00:00,5792.26,5799.68,5770.74,5794.6,23461,52,0
2024-10-10 16:00:00+00:00,5794.49,5801.02,5769.72,5786.99,17733,53,0
2024-10-10 20:00:00+00:00,5786.49,5795.28,5784.74,5793.79,2331,52,0
2024-10-11 00:00:00+00:00,5793.79,5796.22,5789.79,5792.35,3657,51,0
2024-10-11 04:00:00+00:00,5792.48,5792.55,5776.43,5783.25,3855,51,0
2024-10-11 08:00:00+00:00,5782.96,5785.86,5774.7,5781.3,3710,53,0
2024-10-11 12:00:00+00:00,5781.25,5824.59,5780.58,5819.75,17802,53,0
2024-10-11 16:00:00+00:00,5819.69,5826.61,5803.69,5818.44,12068,53,0
2024-10-13 20:00:00+00:00,5815.73,5821.19,5813.15,5816.69,1971,53,0
2024-10-14 00:00:00+00:00,5816.48,5818.19,5810.99,5816.44,5313,51,0
2024-10-14 04:00:00+00:00,5816.44,5825.45,5815.69,5825.34,3328,51,0
2024-10-14 08:00:00+00:00,5825.21,5835.24,5823.09,5829.73,2790,53,0
2024-10-14 12:00:00+00:00,5829.88,5864.52,5829.08,5860.89,13818,52,0
2024-10-14 16:00:00+00:00,5860.87,5879.24,5859.6,5868.87,8714,52,0
2024-10-14 20:00:00+00:00,5870.26,5875.72,5867.63,5873.98,2331,52,0
2024-10-15 00:00:00+00:00,5874.19,5876.67,5868.02,5875.23,4263,51,0
2024-10-15 04:00:00+00:00,5875.42,5875.49,5868.36,5870.91,3571,51,0
2024-10-15 08:00:00+00:00,5870.68,5871.57,5863.4,5869.7,3793,53,0
2024-10-15 12:00:00+00:00,5869.45,5875.05,5838.89,5840.18,24022,52,0
2024-10-15 16:00:00+00:00,5840.51,5851.81,5811.39,5826.51,19743,53,0
2024-10-15 20:00:00+00:00,5824.37,5827.44,5815.53,5825.02,3174,51,0
2024-10-16 00:00:00+00:00,5825.16,5830.9,5822.93,5830.2,5632,50,0
2024-10-16 04:00:00+00:00,5830.2,5830.95,5817.6,5827.59,5505,50,0
2024-10-16 08:00:00+00:00,5827.65,5830.73,5821.35,5829.99,4449,53,0
2024-10-16 12:00:00+00:00,5829.85,5837.25,5815.17,5828.24,17684,53,0
2024-10-16 16:00:00+00:00,5828.19,5854.71,5827.85,5848.76,9912,52,0
2024-10-16 20:00:00+00:00,5847.59,5848.76,5841.24,5841.51,2217,52,0
2024-10-17 00:00:00+00:00,5841.33,5843.73,5834.09,5836.99,6742,50,0
2024-10-17 04:00:00+00:00,5836.99,5862.24,5835.24,5860.81,7422,50,0
2024-10-17 08:00:00+00:00,5860.75,5877.03,5860.13,5873.32,3821,54,0
2024-10-17 12:00:00+00:00,5873.16,5889.64,5849.39,5873.15,28981,53,0
2024-10-17 16:00:00+00:00,5873.02,5876.06,5847.64,5848.57,15767,52,0
2024-10-17 20:00:00+00:00,5848.8,5856.98,5847.63,5854.84,3134,52,0
2024-10-18 00:00:00+00:00,5854.96,5855.22,5839.51,5847.49,7017,51,0
2024-10-18 04:00:00+00:00,5847.49,5860.23,5846.74,5860.23,3536,51,0
2024-10-18 08:00:00+00:00,5860.13,5864.3,5855.46,5862.39,3268,53,0
2024-10-18 12:00:00+00:00,5862.55,5869.55,5849.65,5863.07,16990,52,0
2024-10-18 16:00:00+00:00,5863.28,5878.31,5861.14,5869.37,11601,52,0
2024-10-20 20:00:00+00:00,5877.07,5880.93,5876.19,5878.93,1883,53,0
2024-10-21 00:00:00+00:00,5878.92,5879.95,5873.0,5873.69,4870,50,0
2024-10-21 04:00:00+00:00,5873.69,5873.95,5864.68,5867.99,4703,51,0
2024-10-21 08:00:00+00:00,5867.85,5871.02,5848.38,5850.91,4772,53,0
2024-10-21 12:00:00+00:00,5850.89,5873.86,5830.59,5848.07,21702,52,0
2024-10-21 16:00:00+00:00,5847.85,5862.74,5842.64,5862.56,14708,52,0
2024-10-21 20:00:00+00:00,5862.7,5866.72,5860.35,5861.99,2123,53,0
2024-10-22 00:00:00+00:00,5861.99,5861.99,5850.75,5851.88,6687,51,0
2024-10-22 04:00:00+00:00,5851.96,5853.8,5845.49,5848.65,5510,51,0
2024-10-22 08:00:00+00:00,5848.41,5850.92,5829.89,5835.73,6414,54,0
2024-10-22 12:00:00+00:00,5835.69,5850.06,5827.4,5845.26,19051,53,0
2024-10-22 16:00:00+00:00,5845.26,5870.54,5840.9,5858.88,13004,52,0
2024-10-22 20:00:00+00:00,5858.63,5858.81,5848.18,5856.93,3129,52,0
2024-10-23 00:00:00+00:00,5857.14,5857.44,5849.37,5853.69,4375,51,0
2024-10-23 04:00:00+00:00,5853.69,5860.41,5850.97,5855.15,3477,50,0
2024-10-23 08:00:00+00:00,5855.07,5857.25,5842.69,5845.85,3579,53,0
2024-10-23 12:00:00+00:00,5846.01,5848.26,5812.1,5822.75,21960,52,0
2024-10-23 16:00:00+00:00,5822.58,5822.58,5767.85,5805.08,25604,52,0
2024-10-23 20:00:00+00:00,5804.24,5813.74,5801.6,5810.52,4497,52,0
2024-10-24 00:00:00+00:00,5810.35,5822.21,5807.23,5817.6,5668,50,0
2024-10-24 04:00:00+00:00,5817.35,5830.79,5814.74,5829.72,5281,51,0
2024-10-24 08:00:00+00:00,5829.79,5836.06,5825.89,5835.14,3699,53,0
2024-10-24 12:00:00+00:00,5835.23,5837.15,5795.13,5805.15,24445,53,0
2024-10-24 16:00:00+00:00,5805.31,5823.8,5790.41,5816.53,21076,52,0
2024-10-24 20:00:00+00:00,5816.89,5824.34,5815.63,5819.28,2618,53,0
2024-10-25 00:00:00+00:00,5819.27,5823.92,5815.03,5815.79,4481,51,0
2024-10-25 04:00:00+00:00,5815.79,5829.06,5812.79,5829.01,4471,51,0
2024-10-25 08:00:00+00:00,5828.92,5835.83,5821.69,5833.1,3136,54,0
2024-10-25 12:00:00+00:00,5833.04,5869.1,5832.68,5844.95,17983,53,0
2024-10-25 16:00:00+00:00,5844.81,5851.57,5803.69,5814.27,28488,53,0
2024-10-27 20:00:00+00:00,5828.5,5845.76,5827.65,5841.37,3561,52,0
2024-10-28 00:00:00+00:00,5841.33,5852.21,5840.83,5843.17,7218,51,0
2024-10-28 04:00:00+00:00,5843.07,5850.89,5839.33,5846.05,5489,52,0
2024-10-28 08:00:00+00:00,5846.23,5855.18,5841.24,5841.41,5651,54,0
2024-10-28 12:00:00+00:00,5841.26,5852.28,5832.24,5834.29,22362,53,0
2024-10-28 16:00:00+00:00,5834.41,5843.62,5830.49,5832.73,17646,53,0
2024-10-28 20:00:00+00:00,5833.38,5837.27,5830.01,5832.67,2201,54,0
2024-10-29 00:00:00+00:00,5832.67,5834.62,5821.92,5823.17,6347,51,0
2024-10-29 04:00:00+00:00,5823.17,5840.71,5821.92,5835.34,4090,52,0
2024-10-29 08:00:00+00:00,5835.5,5840.94,5824.6,5825.08,7367,53,0
2024-10-29 12:00:00+00:00,5824.87,5843.5,5808.88,5838.93,26260,53,0
2024-10-29 16:00:00+00:00,5839.23,5854.51,5833.34,5843.23,17641,52,0
2024-10-29 20:00:00+00:00,5842.56,5859.65,5842.33,5856.55,6971,52,0
2024-10-30 00:00:00+00:00,5856.69,5865.16,5852.48,5853.74,4994,52,0
2024-10-30 04:00:00+00:00,5853.55,5857.3,5846.6,5853.47,4601,52,0
2024-10-30 08:00:00+00:00,5853.78,5858.26,5842.42,5844.12,5673,54,0
2024-10-30 12:00:00+00:00,5843.91,5858.38,5817.66,5856.17,25582,53,0
2024-10-30 16:00:00+00:00,5856.11,5857.41,5818.63,5825.51,23099,52,0
2024-10-30 20:00:00+00:00,5824.14,5831.73,5804.17,5804.38,11862,53,0
2024-10-31 00:00:00+00:00,5804.24,5810.76,5799.91,5800.64,6184,51,0
2024-10-31 04:00:00+00:00,5800.64,5800.89,5779.02,5779.95,4790,50,0
2024-10-31 08:00:00+00:00,5779.8,5789.44,5773.78,5789.34,6454,54,0
2024-10-31 12:00:00+00:00,5789.08,5792.46,5723.38,5732.05,33112,53,0
2024-10-31 16:00:00+00:00,5731.88,5742.92,5707.52,5709.13,26403,53,0
2024-10-31 20:00:00+00:00,5709.99,5727.89,5706.48,5715.99,13643,53,0
2024-11-01 00:00:00+00:00,5715.99,5722.75,5705.59,5721.29,7478,50,0
2024-11-01 04:00:00+00:00,5721.45,5727.74,5713.68,5723.03,5261,50,0
2024-11-01 08:00:00+00:00,5723.26,5737.31,5721.76,5734.52,5294,53,0
2024-11-01 12:00:00+00:00,5735.06,5776.8,5727.59,5757.14,33222,53,0
2024-11-01 16:00:00+00:00,5756.9,5763.55,5725.97,5730.58,31377,53,0
2024-11-03 20:00:00+00:00,5717.64,5729.83,5716.58,5724.08,3369,53,0
2024-11-04 00:00:00+00:00,5724.26,5745.5,5718.08,5743.6,7549,50,0
2024-11-04 04:00:00+00:00,5743.41,5750.85,5735.64,5735.88,5945,51,0
2024-11-04 08:00:00+00:00,5736.02,5748.25,5731.86,5743.15,7007,53,0
2024-11-04 12:00:00+00:00,5743.48,5746.0,5713.3,5737.21,29095,53,0
2024-11-04 16:00:00+00:00,5737.04,5742.71,5698.81,5725.79,32837,53,0
2024-11-04 20:00:00+00:00,5725.56,5728.19,5712.04,5718.47,10033,52,0
2024-11-05 00:00:00+00:00,5718.26,5725.68,5710.49,5721.15,7921,51,0
2024-11-05 04:00:00+00:00,5721.18,5730.59,5717.94,5726.89,5073,51,0
2024-11-05 08:00:00+00:00,5727.1,5733.99,5719.33,5729.51,4926,53,0
2024-11-05 12:00:00+00:00,5729.64,5774.0,5723.14,5761.74,21215,53,0
2024-11-05 16:00:00+00:00,5761.58,5786.51,5757.1,5771.74,21898,53,0
2024-11-05 20:00:00+00:00,5771.59,5800.61,5769.33,5792.06,10568,53,0
2024-11-06 00:00:00+00:00,5792.0,5870.91,5791.58,5858.29,20701,55,0
2024-11-06 04:00:00+00:00,5858.63,5904.82,5843.0,5895.02,18769,55,0
2024-11-06 08:00:00+00:00,5894.88,5929.41,5890.56,5900.54,16202,54,0
2024-11-06 12:00:00+00:00,5900.96,5927.18,5876.54,5893.03,41685,55,0
2024-11-06 16:00:00+00:00,5893.2,5932.2,5886.28,5928.53,24921,53,0
2024-11-06 20:00:00+00:00,5928.7,5942.35,5927.78,5933.38,10541,54,0
2024-11-07 00:00:00+00:00,5933.38,5944.13,5927.88,5940.63,7571,53,0
2024-11-07 04:00:00+00:00,5940.65,5948.27,5935.86,5938.13,6383,52,0
2024-11-07 08:00:00+00:00,5938.12,5949.45,5937.78,5947.38,5409,54,0
2024-11-07 12:00:00+00:00,5947.1,5972.72,5943.78,5971.14,15812,52,0
2024-11-07 16:00:00+00:00,5971.44,5983.2,5962.26,5983.18,19546,53,0
2024-11-07 20:00:00+00:00,5983.32,5989.45,5975.28,5983.36,8698,55,0
2024-11-08 00:00:00+00:00,5983.36,5985.12,5977.39,5979.14,4873,52,0
2024-11-08 04:00:00+00:00,5979.14,5986.12,5978.38,5984.62,3909,52,0
2024-11-08 08:00:00+00:00,5984.63,5985.96,5966.6,5972.65,6009,53,0
2024-11-08 12:00:00+00:00,5972.92,5998.97,5972.03,5997.29,15202,53,0
2024-11-08 16:00:00+00:00,5997.46,6016.45,5992.79,6009.28,12535,53,0
2024-11-08 20:00:00+00:00,6009.45,6009.71,5996.28,6001.54,5390,54,0
2024-11-10 20:00:00+00:00,6009.62,6016.66,6007.7,6015.72,1186,55,0
2024-11-11 00:00:00+00:00,6015.73,6016.36,6009.74,6012.49,3401,52,0
2024-11-11 04:00:00+00:00,6012.49,6017.98,6012.49,6017.74,1977,51,0
2024-11-11 08:00:00+00:00,6017.57,6023.04,6017.14,6021.05,3339,52,0
2024-11-11 12:00:00+00:00,6021.28,6031.51,6007.12,6018.89,12318,53,0
2024-11-11 16:00:00+00:00,6019.06,6021.55,5991.88,6005.31,16133,53,0
2024-11-11 20:00:00+00:00,6005.14,6011.55,6002.14,6006.64,5668,54,0
2024-11-12 00:00:00+00:00,6006.51,6010.98,6000.72,6002.96,5499,52,0
2024-11-12 04:00:00+00:00,6002.99,6005.95,5999.77,6005.43,4298,51,0
2024-11-12 08:00:00+00:00,6005.48,6010.26,5990.89,6000.24,6289,53,0
2024-11-12 12:00:00+00:00,5999.95,6015.03,5994.38,5994.56,14669,53,0
2024-11-12 16:00:00+00:00,5994.42,6006.3,5965.64,6002.64,22666,53,0
2024-11-12 20:00:00+00:00,6002.41,6004.53,5983.32,5987.33,7547,54,0
2024-11-13 00:00:00+00:00,5987.33,5988.04,5981.58,5983.87,5052,52,0
2024-11-13 04:00:00+00:00,5984.04,5984.77,5972.33,5977.57,4794,52,0
2024-11-13 08:00:00+00:00,5977.76,5989.4,5975.87,5976.25,4336,53,0
2024-11-13 12:00:00+00:00,5976.41,6009.59,5971.24,5993.48,29809,53,0
2024-11-13 16:00:00+00:00,5993.64,6014.4,5988.49,5994.5,27467,53,0
2024-11-13 20:00:00+00:00,5994.27,6007.36,5987.61,5999.42,10450,54,0
2024-11-14 00:00:00+00:00,5999.42,6000.68,5988.44,5990.17,4787,52,0
2024-11-14 04:00:00+00:00,5990.18,5994.68,5983.48,5993.21,4720,53,0
2024-11-14 08:00:00+00:00,5993.19,6003.97,5992.29,6003.64,5892,53,0
2024-11-14 12:00:00+00:00,6003.48,6004.46,5972.32,5982.75,23052,53,0
2024-11-14 16:00:00+00:00,5982.61,5990.73,5958.57,5974.57,27856,54,0
2024-11-14 20:00:00+00:00,5974.36,5974.5,5943.84,5947.06,15794,54,0
2024-11-15 00:00:00+00:00,5946.87,5947.48,5934.73,5938.74,7930,51,0
2024-11-15 04:00:00+00:00,5938.73,5942.49,5920.98,5921.33,7193,52,0
2024-11-15 08:00:00+00:00,5921.46,5926.31,5910.93,5925.19,5986,53,0
2024-11-15 12:00:00+00:00,5925.32,5932.68,5879.04,5883.18,26636,53,0
2024-11-15 16:00:00+00:00,5882.9,5892.78,5858.45,5869.82,33107,53,0
2024-11-15 20:00:00+00:00,5869.68,5883.31,5868.19,5877.35,9708,54,0
2024-11-17 20:00:00+00:00,5883.33,5888.15,5875.47,5887.99,1754,52,0
2024-11-18 00:00:00+00:00,5887.99,5897.74,5886.99,5895.0,4739,51,0
2024-11-18 04:00:00+00:00,5895.0,5899.24,5883.28,5887.45,3770,51,0
2024-11-18 08:00:00+00:00,5887.49,5892.39,5878.17,5882.7,9223,53,0
2024-11-18 12:00:00+00:00,5882.8,5906.14,5870.77,5904.89,22883,52,0
2024-11-18 16:00:00+00:00,5905.13,5917.66,5892.52,5903.22,25044,53,0
2024-11-18 20:00:00+00:00,5903.41,5906.66,5897.51,5902.28,7474,53,0
2024-11-19 00:00:00+00:00,5902.27,5916.77,5899.59,5915.29,5758,52,0
2024-11-19 04:00:00+00:00,5915.1,5919.28,5908.28,5912.81,4917,51,0
2024-11-19 08:00:00+00:00,5912.78,5916.71,5867.78,5882.1,16997,53,0
2024-11-19 12:00:00+00:00,5881.96,5903.13,5840.47,5899.35,34877,54,0
2024-11-19 16:00:00+00:00,5899.62,5933.17,5898.36,5917.99,24309,53,0
2024-11-19 20:00:00+00:00,5918.16,5932.14,5915.51,5931.43,7909,53,0
2024-11-20 00:00:00+00:00,5931.6,5940.1,5928.25,5930.73,6710,52,0
2024-11-20 04:00:00+00:00,5930.89,5942.68,5930.68,5939.93,6432,52,0
2024-11-20 08:00:00+00:00,5939.93,5943.78,5925.33,5931.1,8225,54,0
2024-11-20 12:00:00+00:00,5931.34,5940.23,5866.69,5894.84,28747,53,0
2024-11-20 16:00:00+00:00,5894.69,5908.85,5875.95,5895.69,32586,53,0
2024-11-20 20:00:00+00:00,5895.56,5930.7,5892.93,5926.57,19759,53,0
2024-11-21 00:00:00+00:00,5926.77,5928.07,5897.86,5906.18,10168,52,0
2024-11-21 04:00:00+00:00,5906.08,5921.72,5897.3,5910.4,8623,52,0
2024-11-21 08:00:00+00:00,5910.71,5928.81,5891.54,5927.8,15126,54,0
2024-11-21 12:00:00+00:00,5927.45,5958.08,5893.94,5936.85,54076,54,0
2024-11-21 16:00:00+00:00,5936.69,5968.85,5930.43,5966.45,42981,53,0
2024-11-21 20:00:00+00:00,5966.31,5971.58,5948.59,5951.07,10356,53,0
2024-11-22 00:00:00+00:00,5950.75,5964.03,5947.09,5952.77,8049,52,0
2024-11-22 04:00:00+00:00,5952.79,5963.03,5947.78,5957.78,7106,53,0
2024-11-22 08:00:00+00:00,5957.61,5962.58,5928.07,5946.46,13032,54,0
2024-11-22 12:00:00+00:00,5946.6,5979.78,5946.6,5976.58,34131,53,0
2024-11-22 16:00:00+00:00,5976.44,5980.35,5955.69,5972.93,31833,53,0
2024-11-22 20:00:00+00:00,5972.72,5979.58,5959.92,5973.19,6881,53,0
2024-11-24 20:00:00+00:00,5995.13,6000.19,5994.77,5998.28,1205,55,0
2024-11-25 00:00:00+00:00,5998.31,6004.59,5998.14,6002.84,3363,52,0
2024-11-25 04:00:00+00:00,6002.84,6004.36,5998.59,6001.01,2747,51,0
2024-11-25 08:00:00+00:00,6001.09,6008.38,6000.0,6006.6,3576,53,0
2024-11-25 12:00:00+00:00,6006.64,6029.79,5996.08,5999.86,32486,54,0
2024-11-25 16:00:00+00:00,5999.52,6004.41,5971.86,5991.0,24756,53,0
2024-11-25 20:00:00+00:00,5990.77,6008.15,5977.01,5983.87,8826,53,0
2024-11-26 00:00:00+00:00,5983.54,5997.93,5966.21,5996.15,10325,53,0
2024-11-26 04:00:00+00:00,5996.0,6001.47,5990.72,5990.85,7083,53,0
2024-11-26 08:00:00+00:00,5990.72,6011.4,5986.91,6009.75,8195,54,0
2024-11-26 12:00:00+00:00,6009.43,6016.56,6000.9,6010.78,25759,54,0
2024-11-26 16:00:00+00:00,6010.94,6024.32,6009.14,6020.75,18273,53,0
2024-11-26 20:00:00+00:00,6020.43,6033.77,6019.67,6031.04,6539,53,0
2024-11-27 00:00:00+00:00,6031.22,6037.24,6027.27,6030.78,4069,52,0
2024-11-27 04:00:00+00:00,6030.78,6031.78,6024.77,6028.28,4682,52,0
2024-11-27 08:00:00+00:00,6028.28,6028.94,6014.71,6021.05,7598,54,0
2024-11-27 12:00:00+00:00,6021.0,6028.8,6004.77,6007.74,20341,53,0
2024-11-27 16:00:00+00:00,6007.92,6010.64,5991.3,6005.76,18984,53,0
2024-11-27 20:00:00+00:00,6005.91,6013.24,5998.03,6011.99,5797,53,0
2024-11-28 00:00:00+00:00,6011.87,6015.33,6011.87,6014.7,2963,52,0
2024-11-28 04:00:00+00:00,6014.79,6015.8,6011.59,6013.13,2086,52,0
2024-11-28 08:00:00+00:00,6013.26,6016.42,6011.74,6016.06,1884,52,0
2024-11-28 12:00:00+00:00,6016.14,6022.93,6015.02,6022.42,2166,52,0
2024-11-28 16:00:00+00:00,6022.26,6024.17,6019.98,6021.72,835,52,0
2024-11-28 20:00:00+00:00,6020.86,6022.78,6018.01,6021.77,971,55,0
2024-11-29 00:00:00+00:00,6021.97,6025.96,6010.07,6025.04,5976,52,0
2024-11-29 04:00:00+00:00,6025.14,6027.33,6015.77,6019.03,4870,52,0
2024-11-29 08:00:00+00:00,6019.23,6027.12,6019.06,6025.19,4343,53,0
2024-11-29 12:00:00+00:00,6024.96,6036.86,6010.74,6036.35,13080,53,0
2024-11-29 16:00:00+00:00,6036.59,6051.86,6036.43,6043.54,7323,53,0
2024-12-01 20:00:00+00:00,6045.87,6047.86,6038.44,6039.93,1748,56,0
2024-12-02 00:00:00+00:00,6040.29,6043.68,6032.62,6033.38,4669,53,0
2024-12-02 04:00:00+00:00,6033.38,6036.39,6029.62,6033.14,3924,53,0
2024-12-02 08:00:00+00:00,6033.46,6037.92,6031.29,6037.6,2771,54,0
2024-12-02 12:00:00+00:00,6037.91,6055.66,6037.29,6046.15,14317,53,0
2024-12-02 16:00:00+00:00,6046.0,6058.86,6044.23,6058.4,11356,53,0
2024-12-02 20:00:00+00:00,6058.43,6061.95,6053.77,6058.22,4913,55,0
2024-12-03 00:00:00+00:00,6058.38,6061.2,6054.55,6059.95,2336,53,0
2024-12-03 04:00:00+00:00,6059.95,6061.73,6056.48,6056.74,2168,53,0
2024-12-03 08:00:00+00:00,6056.54,6061.28,6052.68,6058.35,3428,53,0
2024-12-03 12:00:00+00:00,6058.42,6062.3,6042.92,6048.13,12975,54,0
2024-12-03 16:00:00+00:00,6048.29,6061.06,6043.14,6059.99,12269,53,0
2024-12-03 20:00:00+00:00,6059.67,6065.72,6054.89,6065.2,4657,54,0
2024-12-04 00:00:00+00:00,6065.18,6066.34,6061.18,6065.45,3572,52,0
2024-12-04 04:00:00+00:00,6065.59,6069.68,6064.68,6067.68,2585,52,0
2024-12-04 08:00:00+00:00,6067.66,6077.8,6067.33,6077.2,3170,54,0
2024-12-04 12:00:00+00:00,6077.25,6082.03,6068.5,6081.05,11456,54,0
2024-12-04 16:00:00+00:00,6081.17,6090.41,6071.13,6088.42,10661,53,0
2024-12-04 20:00:00+00:00,6088.17,6097.76,6087.4,6090.12,4165,54,0
2024-12-05 00:00:00+00:00,6090.13,6092.63,6087.14,6091.38,2225,53,0
2024-12-05 04:00:00+00:00,6091.38,6093.13,6088.42,6090.32,2231,53,0
2024-12-05 08:00:00+00:00,6090.48,6093.91,6089.26,6091.71,2616,54,0
2024-12-05 12:00:00+00:00,6091.79,6101.13,6086.93,6088.51,9438,53,0
2024-12-05 16:00:00+00:00,6088.24,6103.61,6087.44,6091.14,13562,53,0
2024-12-05 20:00:00+00:00,6090.91,6093.31,6076.54,6081.17,6189,54,0
2024-12-06 00:00:00+00:00,6081.18,6083.45,6077.79,6079.62,3244,53,0
2024-12-06 04:00:00+00:00,6079.47,6083.44,6077.68,6082.16,2309,52,0
2024-12-06 08:00:00+00:00,6082.18,6085.76,6075.39,6079.69,2907,54,0
2024-12-06 12:00:00+00:00,6079.55,6107.9,6072.76,6104.04,14009,54,0
2024-12-06 16:00:00+00:00,6104.1,6104.45,6087.08,6090.26,15817,54,0
2024-12-06 20:00:00+00:00,6090.09,6098.0,6088.37,6095.08,2749,54,0
2024-12-08 20:00:00+00:00,6094.12,6100.64,6093.29,6099.37,868,165,0
2024-12-09 00:00:00+00:00,6099.37,6099.63,6092.11,6092.88,2819,160,0
2024-12-09 04:00:00+00:00,6092.88,6102.84,6091.38,6101.67,3089,30,0
2024-12-09 08:00:00+00:00,6101.67,6104.02,6087.07,6093.34,7186,55,0
2024-12-09 12:00:00+00:00,6093.39,6096.99,6069.82,6071.0,13092,55,0
2024-12-09 16:00:00+00:00,6071.23,6081.5,6062.58,6067.33,18552,54,0
2024-12-09 20:00:00+00:00,6067.2,6067.98,6058.56,6060.87,6518,54,0
2024-12-10 00:00:00+00:00,6060.87,6062.38,6058.63,6061.39,3093,52,0
2024-12-10 04:00:00+00:00,6061.39,6063.13,6059.26,6060.92,2353,51,0
2024-12-10 08:00:00+00:00,6060.96,6070.2,6056.78,6068.53,3262,52,0
2024-12-10 12:00:00+00:00,6068.6,6074.43,6060.28,6067.29,13484,55,0
2024-12-10 16:00:00+00:00,6067.45,6070.21,6053.29,6054.28,17377,53,0
2024-12-10 20:00:00+00:00,6054.16,6054.42,6038.78,6051.17,6545,54,0
2024-12-11 00:00:00+00:00,6051.17,6051.94,6048.43,6049.94,2870,51,0
2024-12-11 04:00:00+00:00,6049.94,6052.94,6045.46,6047.71,3451,51,0
2024-12-11 08:00:00+00:00,6047.68,6053.77,6047.33,6051.77,4146,54,0
2024-12-11 12:00:00+00:00,6051.88,6090.0,6049.83,6085.35,14521,53,0
2024-12-11 16:00:00+00:00,6085.5,6102.27,6082.58,6097.02,12699,54,0
2024-12-11 20:00:00+00:00,6097.23,6098.52,6086.32,6087.39,5258,54,0
2024-12-12 00:00:00+00:00,6087.21,6088.01,6082.83,6084.87,3145,52,0
2024-12-12 04:00:00+00:00,6084.84,6088.3,6083.32,6083.82,1840,53,0
2024-12-12 08:00:00+00:00,6083.82,6086.41,6080.86,6082.6,3670,54,0
2024-12-12 12:00:00+00:00,6082.65,6088.17,6069.09,6085.26,19797,54,0
2024-12-12 16:00:00+00:00,6085.29,6089.02,6065.59,6068.33,20767,54,0
2024-12-12 20:00:00+00:00,6068.12,6070.76,6057.07,6067.03,10462,54,0
2024-12-13 00:00:00+00:00,6067.03,6072.44,6062.31,6064.03,6904,52,0
2024-12-13 04:00:00+00:00,6064.04,6072.96,6063.03,6071.61,4941,52,0
2024-12-13 08:00:00+00:00,6071.54,6085.95,6070.78,6084.43,3967,53,0
2024-12-13 12:00:00+00:00,6084.27,6090.55,6055.76,6055.96,22314,52,0
2024-12-13 16:00:00+00:00,6056.17,6069.26,6050.59,6065.37,34183,52,0
2024-12-13 20:00:00+00:00,6065.5,6070.83,6060.39,6067.29,6557,53,0
2024-12-15 20:00:00+00:00,6068.0,6072.12,6064.75,6070.02,1418,56,0
2024-12-16 00:00:00+00:00,6070.17,6076.24,6070.09,6072.98,5201,53,0
2024-12-16 04:00:00+00:00,6072.99,6074.73,6069.26,6071.73,4342,53,0
2024-12-16 08:00:00+00:00,6071.54,6082.57,6070.4,6080.39,5107,54,0
2024-12-16 12:00:00+00:00,6080.28,6098.07,6079.15,6095.03,20358,54,0
2024-12-16 16:00:00+00:00,6094.89,6106.31,6091.88,6104.25,13780,54,0
2024-12-16 20:00:00+00:00,6104.39,6106.92,6087.56,6090.84,7184,54,0
2024-12-17 00:00:00+00:00,6090.84,6096.84,6088.07,6093.87,4396,52,0
2024-12-17 04:00:00+00:00,6094.05,6096.9,6079.57,6080.12,3630,52,0
2024-12-17 08:00:00+00:00,6079.94,6087.16,6076.97,6080.91,6215,54,0
2024-12-17 12:00:00+00:00,6080.74,6083.1,6061.47,6069.5,25680,53,0
2024-12-17 16:00:00+00:00,6069.66,6082.39,6062.98,6064.24,23592,54,0
2024-12-17 20:00:00+00:00,6064.02,6077.41,6058.6,6068.62,9094,54,0
2024-12-18 00:00:00+00:00,6068.44,6080.29,6068.12,6075.62,4366,53,0
2024-12-18 04:00:00+00:00,6075.62,6082.88,6075.48,6080.37,3627,53,0
2024-12-18 08:00:00+00:00,6080.28,6090.9,6077.77,6088.2,4841,54,0
2024-12-18 12:00:00+00:00,6088.04,6093.2,6063.76,6088.77,17120,54,0
2024-12-18 16:00:00+00:00,6088.57,6091.7,5986.33,5989.23,49632,53,0
2024-12-18 20:00:00+00:00,5989.45,5994.95,5854.31,5889.62,78136,54,0
2024-12-19 00:00:00+00:00,5889.62,5905.87,5888.16,5895.83,14591,54,0
2024-12-19 04:00:00+00:00,5895.87,5911.63,5884.76,5909.7,13387,54,0
2024-12-19 08:00:00+00:00,5909.83,5920.46,5902.54,5916.84,13010,54,0
2024-12-19 12:00:00+00:00,5916.83,5953.91,5900.3,5919.13,58265,54,0
2024-12-19 16:00:00+00:00,5918.92,5935.45,5893.78,5901.55,65813,53,0
2024-12-19 20:00:00+00:00,5901.69,5915.1,5879.45,5882.66,29263,52,0
2024-12-20 00:00:00+00:00,5882.84,5886.17,5850.21,5853.43,15948,53,0
2024-12-20 04:00:00+00:00,5853.43,5876.18,5853.43,5870.37,9093,53,0
2024-12-20 08:00:00+00:00,5870.22,5871.14,5828.53,5832.31,20307,53,0
2024-12-20 12:00:00+00:00,5832.47,5927.04,5815.79,5917.05,67925,54,0
2024-12-20 16:00:00+00:00,5916.87,5998.37,5915.12,5965.69,64497,54,0
2024-12-20 20:00:00+00:00,5965.74,5969.86,5935.92,5947.93,21622,54,0
2024-12-22 20:00:00+00:00,5957.5,5975.95,5957.5,5971.38,4359,55,0
2024-12-23 00:00:00+00:00,5971.44,5975.23,5961.51,5971.98,11646,53,0
2024-12-23 04:00:00+00:00,5971.98,5982.99,5971.98,5976.89,8173,53,0
2024-12-23 08:00:00+00:00,5977.08,5978.54,5942.69,5945.54,14371,54,0
2024-12-23 12:00:00+00:00,5945.55,5959.54,5915.37,5929.28,49301,55,0
2024-12-23 16:00:00+00:00,5929.13,5983.55,5928.12,5969.79,37021,54,0
2024-12-23 20:00:00+00:00,5969.65,5993.4,5962.16,5986.92,17286,55,0
2024-12-24 00:00:00+00:00,5986.91,5988.87,5980.92,5985.43,7046,53,0
2024-12-24 04:00:00+00:00,5985.43,5993.18,5983.17,5990.08,3997,53,0
2024-12-24 08:00:00+00:00,5989.98,5996.76,5984.56,5991.75,5008,54,0
2024-12-24 12:00:00+00:00,5991.58,6032.0,5990.33,6030.21,19119,55,0
2024-12-24 16:00:00+00:00,6029.86,6050.5,6026.08,6050.01,14739,54,0
2024-12-25 20:00:00+00:00,6050.33,6054.31,6047.96,6049.46,1393,55,0
2024-12-26 00:00:00+00:00,6049.63,6056.94,6046.7,6056.94,3618,53,0
2024-12-26 04:00:00+00:00,6056.94,6056.94,6050.17,6053.17,3481,53,0
2024-12-26 08:00:00+00:00,6053.18,6053.22,6019.89,6029.11,10190,55,0
2024-12-26 12:00:00+00:00,6029.29,6042.81,6015.41,6042.56,28982,54,0
2024-12-26 16:00:00+00:00,6042.58,6059.56,6037.87,6052.15,24386,54,0
2024-12-26 20:00:00+00:00,6052.29,6055.81,6042.17,6047.42,8582,54,0
2024-12-27 00:00:00+00:00,6047.59,6047.59,6034.93,6036.94,6399,53,0
2024-12-27 04:00:00+00:00,6036.94,6038.94,6028.31,6029.34,4635,52,0
2024-12-27 08:00:00+00:00,6029.24,6031.0,6022.84,6028.01,6632,55,0
2024-12-27 12:00:00+00:00,6027.95,6031.23,5950.32,5967.98,53311,54,0
2024-12-27 16:00:00+00:00,5968.19,5986.0,5935.33,5983.24,58464,54,0
2024-12-27 20:00:00+00:00,5983.07,5984.25,5955.58,5980.14,16069,55,0
2024-12-29 20:00:00+00:00,5983.9,5990.63,5972.21,5979.66,2644,56,0
2024-12-30 00:00:00+00:00,5979.66,5982.18,5970.75,5972.18,7953,53,0
2024-12-30 04:00:00+00:00,5972.18,5975.18,5958.45,5961.88,8213,54,0
2024-12-30 08:00:00+00:00,5961.56,5971.0,5959.23,5967.86,7766,54,0
2024-12-30 12:00:00+00:00,5968.01,5968.24,5874.07,5900.94,62026,54,0
2024-12-30 16:00:00+00:00,5900.79,5948.67,5894.28,5940.02,49636,54,0
2024-12-30 20:00:00+00:00,5939.91,5943.2,5900.1,5909.08,21162,55,0
2024-12-31 00:00:00+00:00,5909.08,5921.83,5903.32,5912.08,5823,54,0
2024-12-31 04:00:00+00:00,5912.08,5913.08,5904.58,5910.07,6146,54,0
2024-12-31 08:00:00+00:00,5910.18,5936.14,5904.98,5934.16,7734,55,0
2024-12-31 12:00:00+00:00,5934.1,5939.12,5910.73,5915.73,42155,55,0
2024-12-31 16:00:00+00:00,5915.88,5917.12,5873.25,5892.91,52528,54,0
2024-12-31 20:00:00+00:00,5892.75,5904.65,5879.47,5893.66,24409,55,0
2025-01-01 20:00:00+00:00,5901.66,5911.61,5889.96,5895.5,2763,57,0
2025-01-02 00:00:00+00:00,5895.46,5915.73,5867.24,5908.61,14959,53,0
2025-01-02 04:00:00+00:00,5908.52,5925.66,5903.99,5917.7,6779,53,0
2025-01-02 08:00:00+00:00,5917.72,5945.8,5909.38,5945.67,17582,54,0
2025-01-02 12:00:00+00:00,5945.76,5951.3,5890.86,5904.14,73889,55,0
2025-01-02 16:00:00+00:00,5904.29,5916.31,5831.12,5848.8,101696,54,0
2025-01-02 20:00:00+00:00,5848.66,5881.51,5848.66,5871.17,25982,53,0
2025-01-03 00:00:00+00:00,5871.18,5890.43,5869.72,5887.65,9051,52,0
2025-01-03 04:00:00+00:00,5887.68,5889.16,5880.43,5886.93,7775,52,0
2025-01-03 08:00:00+00:00,5887.02,5898.25,5880.66,5885.63,10390,54,0
2025-01-03 12:00:00+00:00,5884.89,5922.27,5883.02,5918.5,46626,53,0
2025-01-03 16:00:00+00:00,5918.61,5953.01,5908.08,5947.35,33993,53,0
2025-01-03 20:00:00+00:00,5947.02,5947.75,5936.83,5944.26,9171,53,0
2025-01-05 20:00:00+00:00,5953.2,5953.2,5943.77,5948.31,2663,54,0
2025-01-06 00:00:00+00:00,5948.48,5950.74,5938.28,5942.03,8640,52,0
2025-01-06 04:00:00+00:00,5942.03,5957.53,5941.78,5955.32,4679,52,0
2025-01-06 08:00:00+00:00,5955.81,5991.1,5954.69,5990.23,10813,54,0
2025-01-06 12:00:00+00:00,5990.17,6020.6,5973.16,6017.17,46425,55,0
2025-01-06 16:00:00+00:00,6017.34,6025.61,5968.93,5969.8,40518,55,0
2025-01-06 20:00:00+00:00,5969.55,5989.87,5962.65,5983.94,15779,55,0
2025-01-07 00:00:00+00:00,5983.8,5985.3,5971.4,5978.88,8463,53,0
2025-01-07 04:00:00+00:00,5978.88,5978.89,5965.14,5975.88,9274,53,0
2025-01-07 08:00:00+00:00,5976.04,5987.45,5971.04,5982.28,9275,54,0
2025-01-07 12:00:00+00:00,5982.43,6003.45,5927.55,5959.55,63648,53,0
2025-01-07 16:00:00+00:00,5959.69,5962.69,5921.04,5925.47,66027,53,0
2025-01-07 20:00:00+00:00,5925.58,5926.45,5893.26,5916.98,21299,54,0
2025-01-08 00:00:00+00:00,5916.97,5928.48,5915.97,5924.16,6928,53,0
2025-01-08 04:00:00+00:00,5924.33,5930.99,5916.22,5922.65,6501,52,0
2025-01-08 08:00:00+00:00,5922.49,5934.16,5895.49,5914.2,14526,54,0
2025-01-08 12:00:00+00:00,5914.2,5921.41,5885.68,5910.1,82693,54,0
2025-01-08 16:00:00+00:00,5909.96,5931.8,5877.18,5911.09,70015,53,0
2025-01-08 20:00:00+00:00,5911.32,5925.34,5904.67,5909.87,17966,55,0
2025-01-09 00:00:00+00:00,5910.04,5913.13,5900.87,5905.88,7397,53,0
2025-01-09 04:00:00+00:00,5905.88,5910.64,5894.4,5895.67,7105,53,0
2025-01-09 08:00:00+00:00,5895.47,5917.7,5890.04,5907.92,10377,54,0
2025-01-09 12:00:00+00:00,5907.95,5915.19,5896.77,5905.02,6793,55,0
2025-01-09 20:00:00+00:00,5903.49,5905.79,5887.22,5891.12,3749,55,0
2025-01-10 00:00:00+00:00,5891.26,5906.13,5881.37,5903.41,9863,53,0
2025-01-10 04:00:00+00:00,5903.38,5909.12,5896.12,5902.98,8145,53,0
2025-01-10 08:00:00+00:00,5902.91,5919.7,5895.27,5909.2,10635,54,0
2025-01-10 12:00:00+00:00,5909.41,5911.95,5814.32,5833.94,93951,53,0
2025-01-10 16:00:00+00:00,5833.95,5869.51,5808.1,5845.09,74526,53,0
2025-01-10 20:00:00+00:00,5844.96,5847.76,5820.58,5828.25,21870,54,0
2025-01-12 20:00:00+00:00,5827.62,5831.77,5812.76,5824.5,4344,55,0
2025-01-13 00:00:00+00:00,5824.36,5831.77,5795.76,5802.02,12509,54,0
2025-01-13 04:00:00+00:00,5802.03,5813.28,5799.57,5804.51,8485,52,0
2025-01-13 08:00:00+00:00,5804.36,5810.87,5773.6,5783.04,20683,54,0
2025-01-13 12:00:00+00:00,5782.99,5815.23,5775.37,5802.5,69445,52,0
2025-01-13 16:00:00+00:00,5802.34,5833.66,5779.85,5828.47,72009,53,0
2025-01-13 20:00:00+00:00,5828.27,5863.72,5822.76,5854.98,20980,54,0
2025-01-14 00:00:00+00:00,5854.97,5856.11,5846.48,5850.48,7848,52,0
2025-01-14 04:00:00+00:00,5850.48,5861.34,5849.51,5859.37,6940,52,0
2025-01-14 08:00:00+00:00,5859.54,5877.14,5858.37,5859.99,11062,52,0
2025-01-14 12:00:00+00:00,5859.82,5883.15,5839.28,5840.39,70207,53,0
2025-01-14 16:00:00+00:00,5840.53,5861.99,5805.14,5828.45,60549,53,0
2025-01-14 20:00:00+00:00,5828.61,5858.74,5811.7,5850.38,30424,54,0
2025-01-15 00:00:00+00:00,5850.31,5852.46,5847.03,5847.25,3985,52,0
2025-01-15 04:00:00+00:00,5847.29,5850.79,5845.28,5848.28,3566,51,0
2025-01-15 08:00:00+00:00,5848.42,5870.06,5843.7,5866.85,6229,52,0
2025-01-15 12:00:00+00:00,5866.79,5955.31,5861.81,5936.81,57146,54,0
2025-01-15 16:00:00+00:00,5936.63,5962.58,5919.64,5959.3,39827,53,0
2025-01-15 20:00:00+00:00,5959.53,5964.82,5948.88,5958.43,10805,54,0
2025-01-16 00:00:00+00:00,5958.57,5966.18,5952.18,5955.35,5620,53,0
2025-01-16 04:00:00+00:00,5955.28,5981.22,5947.28,5980.23,9937,53,0
2025-01-16 08:00:00+00:00,5980.31,5981.75,5959.63,5970.79,12230,54,0
2025-01-16 12:00:00+00:00,5970.91,5971.5,5937.38,5958.89,55852,54,0
2025-01-16 16:00:00+00:00,5958.76,5968.32,5933.38,5953.55,57331,53,0
2025-01-16 20:00:00+00:00,5953.5,5957.56,5926.26,5939.29,17214,54,0
2025-01-17 00:00:00+00:00,5939.15,5950.33,5937.07,5949.27,6541,52,0
2025-01-17 04:00:00+00:00,5949.15,5954.27,5942.38,5948.52,6990,52,0
2025-01-17 08:00:00+00:00,5948.44,5965.52,5947.74,5958.73,8524,54,0
2025-01-17 12:00:00+00:00,5958.79,6004.39,5954.77,6004.0,46093,54,0
2025-01-17 16:00:00+00:00,6003.76,6016.41,5999.74,6004.66,24487,54,0
2025-01-17 20:00:00+00:00,6004.49,6008.39,5996.01,5998.27,11201,54,0
2025-01-19 20:00:00+00:00,5999.32,6004.52,5986.24,5989.39,2903,55,0
2025-01-20 00:00:00+00:00,5989.26,5996.68,5988.38,5995.67,8087,53,0
2025-01-20 04:00:00+00:00,5995.75,6007.65,5994.92,6007.42,4276,52,0
2025-01-20 08:00:00+00:00,6007.29,6009.25,5998.12,6002.3,6324,55,0
2025-01-20 12:00:00+00:00,6002.42,6044.52,5984.35,6019.87,23249,56,0
2025-01-20 16:00:00+00:00,6019.94,6027.9,6003.1,6021.4,10947,56,0
2025-01-20 20:00:00+00:00,6027.93,6035.48,6023.57,6034.71,2504,56,0
2025-01-21 00:00:00+00:00,6034.97,6037.29,5961.24,6012.47,24425,55,0
2025-01-21 04:00:00+00:00,6012.52,6013.98,6002.77,6013.05,7756,54,0
2025-01-21 08:00:00+00:00,6012.87,6034.1,6006.93,6018.35,10946,56,0
2025-01-21 12:00:00+00:00,6018.09,6039.56,6011.38,6028.66,50783,54,0
2025-01-21 16:00:00+00:00,6028.78,6054.07,6023.14,6047.03,30525,54,0
2025-01-21 20:00:00+00:00,6046.99,6067.36,6045.17,6064.93,12431,53,0
2025-01-22 00:00:00+00:00,6064.93,6070.94,6063.92,6070.68,6324,53,0
2025-01-22 04:00:00+00:00,6070.68,6073.19,6066.68,6068.1,3884,52,0
2025-01-22 08:00:00+00:00,6068.18,6083.5,6067.47,6078.74,6469,53,0
2025-01-22 12:00:00+00:00,6078.93,6096.26,6078.07,6090.83,23302,54,0
2025-01-22 16:00:00+00:00,6090.99,6103.75,6088.08,6101.35,18621,53,0
2025-01-22 20:00:00+00:00,6101.22,6101.52,6083.57,6085.18,10013,54,0
2025-01-23 00:00:00+00:00,6085.12,6086.88,6078.95,6082.45,4668,53,0
2025-01-23 04:00:00+00:00,6082.38,6086.14,6077.52,6079.13,4863,52,0
2025-01-23 08:00:00+00:00,6079.13,6082.46,6070.79,6081.46,6891,54,0
2025-01-23 12:00:00+00:00,6081.57,6093.97,6077.13,6093.8,18754,53,0
2025-01-23 16:00:00+00:00,6093.86,6107.95,6089.01,6103.55,20872,53,0
2025-01-23 20:00:00+00:00,6103.32,6122.71,6101.53,6117.07,9697,54,0
2025-01-24 00:00:00+00:00,6117.07,6125.07,6114.59,6116.58,6592,54,0
2025-01-24 04:00:00+00:00,6116.58,6118.08,6112.33,6114.03,5832,53,0
2025-01-24 08:00:00+00:00,6113.88,6118.76,6108.48,6113.5,6088,54,0
2025-01-24 12:00:00+00:00,6113.58,6131.37,6109.99,6115.26,21519,54,0
2025-01-24 16:00:00+00:00,6115.02,6126.66,6092.73,6097.15,29780,53,0
2025-01-24 20:00:00+00:00,6097.0,6104.17,6091.47,6102.16,8724,54,0
2025-01-26 20:00:00+00:00,6073.46,6076.28,6070.51,6074.81,4085,54,0
2025-01-27 00:00:00+00:00,6074.77,6075.47,6043.77,6052.99,15440,53,0
2025-01-27 04:00:00+00:00,6053.14,6053.73,5999.55,6000.48,19310,54,0
2025-01-27 08:00:00+00:00,6000.6,6009.08,5920.88,5954.63,48781,54,0
2025-01-27 12:00:00+00:00,5954.43,6020.54,5953.64,6004.41,74375,55,0
2025-01-27 16:00:00+00:00,6004.5,6016.05,5984.64,5994.3,74090,54,0
2025-01-27 20:00:00+00:00,5994.15,6032.55,5988.17,6025.34,30905,55,0
2025-01-28 00:00:00+00:00,6025.12,6027.25,6005.37,6016.84,14371,54,0
2025-01-28 04:00:00+00:00,6016.86,6025.62,6009.38,6023.26,9837,54,0
2025-01-28 08:00:00+00:00,6023.35,6045.95,6016.67,6033.19,14702,55,0
2025-01-28 12:00:00+00:00,6033.31,6055.44,5996.78,6054.94,45365,54,0
2025-01-28 16:00:00+00:00,6055.17,6077.45,6033.52,6076.09,43176,54,0
2025-01-28 20:00:00+00:00,6076.11,6078.47,6060.61,6061.24,12009,54,0
2025-01-29 00:00:00+00:00,6061.45,6069.58,6060.32,6067.95,5324,54,0
2025-01-29 04:00:00+00:00,6068.04,6084.95,6067.57,6078.82,7955,54,0
2025-01-29 08:00:00+00:00,6078.82,6080.67,6069.0,6078.65,9578,53,0
2025-01-29 12:00:00+00:00,6078.79,6078.91,6048.5,6051.99,34855,53,0
2025-01-29 16:00:00+00:00,6052.05,6058.16,6016.0,6047.38,68380,54,0
2025-01-29 20:00:00+00:00,6047.22,6061.39,6017.73,6043.17,56347,54,0
2025-01-30 00:00:00+00:00,6043.17,6068.18,6041.22,6066.93,7388,54,0
2025-01-30 04:00:00+00:00,6066.93,6067.93,6059.25,6066.42,5210,53,0
2025-01-30 08:00:00+00:00,6066.43,6075.98,6060.58,6061.6,8175,55,0
2025-01-30 12:00:00+00:00,6061.81,6084.25,6038.07,6038.85,43995,55,0
2025-01-30 16:00:00+00:00,6038.61,6081.5,6031.08,6081.23,47246,53,0
2025-01-30 20:00:00+00:00,6081.08,6090.75,6041.75,6084.06,37367,54,0
2025-01-31 00:00:00+00:00,6083.99,6094.38,6074.04,6086.33,8602,54,0
2025-01-31 04:00:00+00:00,6086.33,6099.33,6085.7,6097.08,5595,54,0
2025-01-31 08:00:00+00:00,6097.08,6103.9,6091.24,6103.9,6252,54,0
2025-01-31 12:00:00+00:00,6103.56,6119.16,6091.72,6117.25,24815,54,0
2025-01-31 16:00:00+00:00,6117.4,6122.65,6041.73,6058.51,66887,54,0
2025-01-31 20:00:00+00:00,6058.26,6058.26,6032.78,6041.51,30067,55,0
2025-02-02 20:00:00+00:00,5928.42,5951.95,5916.75,5943.87,13324,66,0
2025-02-03 00:00:00+00:00,5943.75,5951.22,5911.65,5924.03,25745,59,0
2025-02-03 04:00:00+00:00,5923.83,5943.42,5912.34,5935.54,16232,57,0
2025-02-03 08:00:00+00:00,5936.39,5964.63,5935.47,5952.29,21826,56,0
2025-02-03 12:00:00+00:00,5952.39,6007.3,5926.17,6000.43,89104,55,0
2025-02-03 16:00:00+00:00,5999.98,6024.4,5978.83,6018.4,87091,55,0
2025-02-03 20:00:00+00:00,6018.64,6043.65,5995.49,6032.8,28338,54,0
2025-02-04 00:00:00+00:00,6032.64,6033.03,6001.15,6005.49,9016,54,0
2025-02-04 04:00:00+00:00,6005.57,6011.03,5963.06,5993.17,21784,54,0
2025-02-04 08:00:00+00:00,5993.32,5998.01,5970.76,5989.42,17476,55,0
2025-02-04 12:00:00+00:00,5989.45,6034.69,5989.45,6025.69,36444,55,0
2025-02-04 16:00:00+00:00,6025.92,6045.45,6016.02,6036.75,33373,54,0
2025-02-04 20:00:00+00:00,6036.9,6044.46,6016.33,6019.47,19928,55,0
2025-02-05 00:00:00+00:00,6019.53,6030.33,6011.9,6012.88,8743,53,0
2025-02-05 04:00:00+00:00,6013.01,6015.72,6002.65,6008.07,8698,53,0
2025-02-05 08:00:00+00:00,6008.05,6017.39,5997.49,6013.65,12280,54,0
2025-02-05 12:00:00+00:00,6014.03,6032.66,6006.98,6027.4,34427,54,0
2025-02-05 16:00:00+00:00,6027.24,6058.65,6022.72,6052.91,29118,53,0
2025-02-05 20:00:00+00:00,6052.76,6069.4,6051.19,6068.26,10296,54,0
2025-02-06 00:00:00+00:00,6068.27,6073.73,6067.62,6072.53,6065,53,0
2025-02-06 04:00:00+00:00,6072.53,6080.96,6071.83,6073.46,4602,53,0
2025-02-06 08:00:00+00:00,6073.53,6082.85,6064.66,6066.29,8059,54,0
2025-02-06 12:00:00+00:00,6066.19,6084.39,6063.49,6068.4,23523,55,0
2025-02-06 16:00:00+00:00,6068.34,6082.16,6048.24,6059.28,26817,54,0
2025-02-06 20:00:00+00:00,6059.03,6086.65,6053.68,6079.21,19136,54,0
2025-02-07 00:00:00+00:00,6079.05,6086.73,6076.97,6081.23,4783,53,0
2025-02-07 04:00:00+00:00,6081.22,6081.7,6072.74,6079.29,4955,53,0
2025-02-07 08:00:00+00:00,6079.37,6088.03,6077.13,6086.54,5922,54,0
2025-02-07 12:00:00+00:00,6086.26,6101.81,6031.35,6053.98,58343,55,0
2025-02-07 16:00:00+00:00,6053.85,6065.24,6022.76,6030.64,77829,55,0
2025-02-07 20:00:00+00:00,6030.44,6032.53,6020.13,6027.37,12506,54,0
2025-02-09 20:00:00+00:00,5994.46,6041.17,5993.85,6039.99,4859,56,0
2025-02-10 00:00:00+00:00,6040.05,6050.08,6037.82,6046.74,8393,53,0
2025-02-10 04:00:00+00:00,6046.63,6051.79,6042.82,6044.37,5023,53,0
2025-02-10 08:00:00+00:00,6044.5,6058.4,6043.11,6057.6,6561,54,0
2025-02-10 12:00:00+00:00,6057.6,6074.66,6048.23,6070.01,21234,54,0
2025-02-10 16:00:00+00:00,6070.15,6076.15,6052.74,6070.66,22768,53,0
2025-02-10 20:00:00+00:00,6070.86,6073.17,6052.91,6057.9,9761,53,0
2025-02-11 00:00:00+00:00,6057.82,6062.29,6049.08,6055.08,7023,53,0
2025-02-11 04:00:00+00:00,6055.08,6058.58,6046.07,6046.07,4728,53,0
2025-02-11 08:00:00+00:00,6046.17,6057.41,6043.61,6054.24,7298,55,0
2025-02-11 12:00:00+00:00,6054.29,6072.91,6038.73,6067.66,23202,54,0
2025-02-11 16:00:00+00:00,6067.5,6079.4,6051.49,6075.0,27626,54,0
2025-02-11 20:00:00+00:00,6075.05,6077.42,6067.23,6074.27,8637,54,0
2025-02-12 00:00:00+00:00,6074.15,6078.03,6069.27,6069.78,6011,53,0
2025-02-12 04:00:00+00:00,6069.78,6070.79,6066.84,6070.78,3729,53,0
2025-02-12 08:00:00+00:00,6070.68,6073.6,6056.92,6067.1,6505,54,0
2025-02-12 12:00:00+00:00,6067.22,6078.33,6002.62,6045.0,53532,55,0
2025-02-12 16:00:00+00:00,6045.31,6066.31,6022.22,6059.8,39598,54,0
2025-02-12 20:00:00+00:00,6059.65,6067.9,6046.62,6066.57,12052,55,0
2025-02-13 00:00:00+00:00,6066.5,6070.57,6062.33,6068.83,5386,54,0
2025-02-13 04:00:00+00:00,6068.83,6072.33,6057.07,6059.52,6228,53,0
2025-02-13 08:00:00+00:00,6059.42,6060.11,6035.77,6053.01,13296,54,0
2025-02-13 12:00:00+00:00,6053.13,6095.65,6045.47,6091.75,35305,54,0
2025-02-13 16:00:00+00:00,6091.89,6113.91,6070.48,6109.9,39905,54,0
2025-02-13 20:00:00+00:00,6109.75,6120.16,6108.97,6115.47,10066,54,0
2025-02-14 00:00:00+00:00,6115.47,6126.48,6113.51,6124.98,6177,53,0
2025-02-14 04:00:00+00:00,6124.98,6128.47,6120.73,6124.75,5106,52,0
2025-02-14 08:00:00+00:00,6124.72,6124.98,6103.12,6106.39,7536,55,0
2025-02-14 12:00:00+00:00,6106.53,6126.81,6105.92,6122.02,17925,54,0
2025-02-14 16:00:00+00:00,6122.27,6125.3,6107.63,6119.29,19877,54,0
2025-02-14 20:00:00+00:00,6119.24,6119.75,6112.12,6113.53,5364,55,0
2025-02-16 20:00:00+00:00,6121.26,6121.88,6115.24,6118.51,1402,56,0
2025-02-17 00:00:00+00:00,6118.46,6126.29,6117.02,6126.03,4179,53,0
2025-02-17 04:00:00+00:00,6126.03,6130.29,6123.27,6123.32,2973,53,0
2025-02-17 08:00:00+00:00,6123.27,6129.61,6122.18,6126.3,2712,54,0
2025-02-17 12:00:00+00:00,6126.54,6131.12,6120.43,6125.42,3720,55,0
2025-02-17 16:00:00+00:00,6125.49,6130.85,6124.67,6129.29,1280,56,0
2025-02-17 20:00:00+00:00,6128.14,6129.94,6121.16,6125.34,1344,55,0
2025-02-18 00:00:00+00:00,6125.42,6129.7,6122.92,6129.7,4833,52,0
2025-02-18 04:00:00+00:00,6129.69,6140.93,6127.19,6140.38,3734,51,0
2025-02-18 08:00:00+00:00,6140.42,6140.42,6128.58,6136.08,5163,55,0
2025-02-18 12:00:00+00:00,6135.87,6141.5,6111.56,6124.1,22895,55,0
2025-02-18 16:00:00+00:00,6123.87,6127.01,6102.09,6117.24,23365,54,0
2025-02-18 20:00:00+00:00,6117.47,6134.89,6115.07,6134.32,8831,55,0
2025-02-19 00:00:00+00:00,6134.16,6141.55,6133.11,6140.88,4110,53,0
2025-02-19 04:00:00+00:00,6140.88,6140.88,6134.87,6134.87,3113,53,0
2025-02-19 08:00:00+00:00,6135.06,6138.95,6119.79,6123.78,5441,54,0
2025-02-19 12:00:00+00:00,6123.58,6130.44,6113.91,6119.54,19908,55,0
2025-02-19 16:00:00+00:00,6119.59,6150.95,6119.53,6149.77,19541,54,0
2025-02-19 20:00:00+00:00,6149.67,6149.71,6136.78,6139.87,11634,56,0
2025-02-20 00:00:00+00:00,6139.87,6142.13,6129.9,6131.88,7374,52,0
2025-02-20 04:00:00+00:00,6131.88,6131.88,6126.37,6127.32,5049,53,0
2025-02-20 08:00:00+00:00,6127.49,6139.64,6127.38,6128.83,4929,54,0
2025-02-20 12:00:00+00:00,6128.71,6135.15,6087.73,6091.0,31013,55,0
2025-02-20 16:00:00+00:00,6091.13,6118.62,6088.47,6116.24,30783,55,0
2025-02-20 20:00:00+00:00,6116.39,6125.16,6110.28,6122.92,10404,55,0
2025-02-21 00:00:00+00:00,6122.89,6124.68,6117.74,6118.69,5940,53,0
2025-02-21 04:00:00+00:00,6118.68,6122.68,6113.68,6117.42,4468,53,0
2025-02-21 08:00:00+00:00,6117.59,6124.21,6112.82,6122.08,5456,54,0
2025-02-21 12:00:00+00:00,6121.97,6127.75,6073.07,6083.71,33540,54,0
2025-02-21 16:00:00+00:00,6083.96,6090.49,6010.37,6015.89,57089,55,0
2025-02-21 20:00:00+00:00,6016.04,6024.8,6010.88,6016.55,14893,55,0
2025-02-23 20:00:00+00:00,6025.72,6040.83,6022.08,6038.57,3338,54,0
2025-02-24 00:00:00+00:00,6038.69,6047.57,6035.84,6047.08,10599,52,0
2025-02-24 04:00:00+00:00,6047.13,6051.7,6038.94,6042.97,6878,53,0
2025-02-24 08:00:00+00:00,6043.1,6055.35,6029.67,6049.99,10399,55,0
2025-02-24 12:00:00+00:00,6049.86,6050.66,5983.36,5995.48,48231,55,0
2025-02-24 16:00:00+00:00,5995.71,6036.99,5993.33,6016.5,50091,55,0
2025-02-24 20:00:00+00:00,6016.34,6019.0,5984.77,5988.57,20542,54,0
2025-02-25 00:00:00+00:00,5988.73,6005.28,5988.73,6000.53,11437,53,0
2025-02-25 04:00:00+00:00,6000.52,6003.04,5971.78,5972.21,10255,53,0
2025-02-25 08:00:00+00:00,5972.06,5994.1,5967.42,5986.22,17109,54,0
2025-02-25 12:00:00+00:00,5986.24,6000.29,5922.92,5941.33,62228,54,0
2025-02-25 16:00:00+00:00,5941.47,5979.85,5913.68,5970.84,73720,55,0
2025-02-25 20:00:00+00:00,5970.62,5984.85,5954.32,5976.23,30392,55,0
2025-02-26 00:00:00+00:00,5976.06,5983.28,5968.35,5978.77,8771,54,0
2025-02-26 04:00:00+00:00,5978.77,5986.26,5977.77,5983.83,5534,52,0
2025-02-26 08:00:00+00:00,5983.85,5993.62,5980.69,5986.43,7130,54,0
2025-02-26 12:00:00+00:00,5986.23,6010.97,5968.92,6006.93,43590,55,0
2025-02-26 16:00:00+00:00,6007.1,6014.06,5936.49,5945.64,74444,55,0
2025-02-26 20:00:00+00:00,5945.88,5986.97,5941.25,5970.06,37736,54,0
2025-02-27 00:00:00+00:00,5969.84,5973.63,5952.56,5964.71,13905,53,0
2025-02-27 04:00:00+00:00,5964.59,5994.27,5961.88,5985.74,10593,53,0
2025-02-27 08:00:00+00:00,5985.78,6002.35,5981.67,6002.34,11264,54,0
2025-02-27 12:00:00+00:00,6002.18,6005.81,5922.99,5952.38,86072,54,0
2025-02-27 16:00:00+00:00,5952.55,5980.3,5900.39,5910.06,98428,53,0
2025-02-27 20:00:00+00:00,5910.28,5911.06,5864.69,5879.05,42776,53,0
2025-02-28 00:00:00+00:00,5879.18,5881.18,5850.31,5857.96,20755,53,0
2025-02-28 04:00:00+00:00,5857.81,5877.45,5855.04,5875.52,14872,53,0
2025-02-28 08:00:00+00:00,5875.7,5891.86,5873.43,5888.18,11532,54,0
2025-02-28 12:00:00+00:00,5888.32,5904.36,5848.69,5904.09,82484,53,0
2025-02-28 16:00:00+00:00,5904.09,5905.6,5840.67,5897.2,103836,54,0
2025-02-28 20:00:00+00:00,5896.96,5963.61,5892.92,5955.17,31550,54,0
2025-03-02 20:00:00+00:00,5961.12,5978.35,5959.7,5968.41,4362,55,0
2025-03-03 00:00:00+00:00,5968.57,5969.81,5941.65,5959.11,18372,54,0
2025-03-03 04:00:00+00:00,5959.13,5976.33,5958.43,5965.43,11599,53,0
2025-03-03 08:00:00+00:00,5965.23,5983.18,5950.04,5982.44,16580,55,0
2025-03-03 12:00:00+00:00,5982.38,5994.69,5924.83,5941.3,81584,53,0
2025-03-03 16:00:00+00:00,5941.42,5962.72,5876.78,5877.43,113148,54,0
2025-03-03 20:00:00+00:00,5877.66,5877.91,5816.04,5864.91,63134,53,0
2025-03-04 00:00:00+00:00,5864.86,5876.09,5854.41,5868.67,19710,53,0
2025-03-04 04:00:00+00:00,5868.62,5878.53,5854.59,5857.82,19296,54,0
2025-03-04 08:00:00+00:00,5857.66,5873.05,5843.53,5850.56,28782,54,0
2025-03-04 12:00:00+00:00,5850.24,5850.46,5739.68,5757.88,141007,53,0
2025-03-04 16:00:00+00:00,5757.63,5848.41,5740.04,5845.74,145172,53,0
2025-03-04 20:00:00+00:00,5845.89,5870.9,5763.74,5829.88,70806,54,0
2025-03-05 00:00:00+00:00,5829.96,5832.57,5803.58,5824.36,28574,53,0
2025-03-05 04:00:00+00:00,5824.32,5829.55,5813.62,5817.99,14281,53,0
2025-03-05 08:00:00+00:00,5817.67,5840.15,5792.23,5805.38,26381,53,0
2025-03-05 12:00:00+00:00,5805.64,5812.38,5766.02,5785.09,115432,53,0
2025-03-05 16:00:00+00:00,5784.97,5859.88,5746.73,5847.13,128778,53,0
2025-03-05 20:00:00+00:00,5847.0,5865.36,5829.98,5841.65,37968,53,0
2025-03-06 00:00:00+00:00,5841.42,5846.33,5834.14,5842.79,9088,53,0
2025-03-06 04:00:00+00:00,5842.62,5846.34,5820.35,5821.03,9674,52,0
2025-03-06 08:00:00+00:00,5820.87,5826.89,5771.98,5793.1,31836,54,0
2025-03-06 12:00:00+00:00,5792.99,5816.41,5750.05,5803.21,85406,53,0
2025-03-06 16:00:00+00:00,5803.04,5817.7,5716.79,5725.7,136688,53,0
2025-03-06 20:00:00+00:00,5725.92,5768.33,5720.06,5761.25,60631,53,0
2025-03-07 00:00:00+00:00,5761.19,5771.1,5752.96,5757.65,13385,52,0
2025-03-07 04:00:00+00:00,5757.82,5761.68,5746.42,5758.61,12018,53,0
2025-03-07 08:00:00+00:00,5758.84,5769.5,5750.65,5761.58,18723,52,0
2025-03-07 12:00:00+00:00,5761.37,5782.84,5697.88,5722.62,116306,52,0
2025-03-07 16:00:00+00:00,5722.49,5786.71,5669.6,5765.49,151100,51,0
2025-03-07 20:00:00+00:00,5765.33,5787.5,5741.59,5777.87,33253,53,0
2025-03-09 20:00:00+00:00,5748.35,5748.6,5708.11,5731.27,12923,55,0
2025-03-10 00:00:00+00:00,5731.11,5753.31,5724.11,5748.94,14560,53,0
2025-03-10 04:00:00+00:00,5748.87,5755.32,5739.41,5740.96,11096,53,0
2025-03-10 08:00:00+00:00,5741.04,5746.12,5699.71,5704.36,31677,54,0
2025-03-10 12:00:00+00:00,5704.7,5709.13,5644.49,5652.02,128127,52,0
2025-03-10 16:00:00+00:00,5651.79,5664.66,5570.39,5620.52,134627,51,0
2025-03-10 20:00:00+00:00,5621.93,5629.45,5583.01,5600.91,21688,51,0
2025-03-11 00:00:00+00:00,5601.13,5635.12,5556.81,5622.73,36357,52,0
2025-03-11 04:00:00+00:00,5622.73,5637.63,5614.55,5632.27,18210,52,0
2025-03-11 08:00:00+00:00,5632.42,5649.56,5625.83,5649.55,25282,51,0
2025-03-11 12:00:00+00:00,5649.41,5650.12,5553.59,5584.96,168760,52,0
2025-03-11 16:00:00+00:00,5584.8,5642.31,5532.84,5575.38,180065,51,0
2025-03-11 20:00:00+00:00,5573.84,5593.39,5571.1,5592.4,17479,52,0
2025-03-12 00:00:00+00:00,5592.61,5597.44,5583.98,5587.94,12850,51,0
2025-03-12 04:00:00+00:00,5587.94,5596.7,5576.48,5595.19,11755,51,0
2025-03-12 08:00:00+00:00,5595.04,5626.22,5584.84,5620.61,21816,52,0
2025-03-12 12:00:00+00:00,5620.67,5673.09,5549.34,5604.15,131932,51,0
2025-03-12 16:00:00+00:00,5604.3,5632.28,5590.9,5602.3,114232,51,0
2025-03-12 20:00:00+00:00,5601.89,5620.68,5594.17,5620.0,10237,52,0
2025-03-13 00:00:00+00:00,5619.94,5622.39,5585.71,5587.77,14044,51,0
2025-03-13 04:00:00+00:00,5587.7,5592.64,5562.98,5566.48,21985,52,0
2025-03-13 08:00:00+00:00,5566.27,5609.02,5558.95,5590.09,29612,51,0
2025-03-13 12:00:00+00:00,5589.74,5603.26,5535.83,5537.11,130186,50,0
2025-03-13 16:00:00+00:00,5537.25,5558.28,5508.83,5526.01,121930,50,0
2025-03-13 20:00:00+00:00,5526.9,5557.48,5526.34,5551.99,10856,52,0
2025-03-14 00:00:00+00:00,5552.15,5571.26,5546.56,5569.3,16789,50,0
2025-03-14 04:00:00+00:00,5569.27,5571.77,5552.29,5555.96,13754,50,0
2025-03-14 08:00:00+00:00,5556.15,5578.13,5552.11,5574.68,21298,51,0
2025-03-14 12:00:00+00:00,5574.85,5634.36,5565.24,5631.26,100992,50,0
2025-03-14 16:00:00+00:00,5631.26,5647.86,5609.95,5637.44,84159,50,0
2025-03-16 20:00:00+00:00,5626.92,5633.18,5603.84,5610.29,12093,53,0
2025-03-17 00:00:00+00:00,5610.12,5619.3,5607.38,5611.08,13045,50,0
2025-03-17 04:00:00+00:00,5610.96,5614.55,5600.85,5610.41,8808,50,0
2025-03-17 08:00:00+00:00,5610.55,5636.38,5604.75,5626.17,17502,50,0
2025-03-17 12:00:00+00:00,5626.12,5675.28,5618.02,5650.61,96643,50,0
2025-03-17 16:00:00+00:00,5650.76,5710.27,5645.1,5683.26,67818,50,0
2025-03-17 20:00:00+00:00,5682.6,5689.15,5676.09,5682.64,7917,53,0
2025-03-18 00:00:00+00:00,5682.67,5684.14,5662.69,5663.69,9246,51,0
2025-03-18 04:00:00+00:00,5663.61,5674.41,5658.53,5671.59,7045,51,0
2025-03-18 08:00:00+00:00,5671.48,5686.53,5656.09,5673.01,19465,52,0
2025-03-18 12:00:00+00:00,5672.95,5673.52,5601.57,5606.66,97513,49,0
2025-03-18 16:00:00+00:00,5606.74,5632.95,5603.0,5621.49,90329,49,0
2025-03-18 20:00:00+00:00,5621.89,5629.9,5612.68,5624.43,6821,52,0
2025-03-19 00:00:00+00:00,5624.28,5641.44,5623.47,5632.68,9848,50,0
2025-03-19 04:00:00+00:00,5632.69,5633.43,5609.5,5613.86,9316,51,0
2025-03-19 08:00:00+00:00,5613.76,5640.26,5613.01,5636.38,15790,52,0
2025-03-19 12:00:00+00:00,5636.12,5674.42,5627.35,5669.27,56068,50,0
2025-03-19 16:00:00+00:00,5669.43,5721.04,5633.62,5679.69,103585,51,0
2025-03-19 20:00:00+00:00,5680.02,5698.31,5679.52,5697.63,6406,52,0
2025-03-20 00:00:00+00:00,5697.63,5709.84,5693.7,5706.82,5903,55,0
2025-03-20 04:00:00+00:00,5706.89,5708.61,5698.68,5699.43,6702,52,0
2025-03-20 08:00:00+00:00,5699.39,5707.96,5632.46,5660.5,27879,54,0
2025-03-20 12:00:00+00:00,5660.65,5714.01,5634.23,5690.04,78000,51,0
2025-03-20 16:00:00+00:00,5689.94,5702.54,5645.28,5663.95,81809,51,0
2025-03-20 20:00:00+00:00,5665.53,5670.13,5656.92,5664.97,5862,52,0
2025-03-21 00:00:00+00:00,5665.09,5674.39,5662.64,5664.52,9687,51,0
2025-03-21 04:00:00+00:00,5664.43,5667.83,5648.41,5653.43,10763,52,0
2025-03-21 08:00:00+00:00,5653.22,5661.72,5634.79,5644.96,20304,51,0
2025-03-21 12:00:00+00:00,5644.83,5653.72,5602.04,5616.54,87293,51,0
2025-03-21 16:00:00+00:00,5616.71,5672.95,5609.94,5666.7,65234,52,0
2025-03-23 20:00:00+00:00,5695.71,5707.02,5692.92,5705.13,5380,51,0
2025-03-24 00:00:00+00:00,5705.26,5710.19,5703.62,5706.82,7147,51,0
2025-03-24 04:00:00+00:00,5706.71,5721.89,5705.14,5718.59,6115,50,0
2025-03-24 08:00:00+00:00,5718.47,5739.72,5717.8,5736.54,10789,52,0
2025-03-24 12:00:00+00:00,5736.7,5767.17,5728.78,5766.16,31419,52,0
2025-03-24 16:00:00+00:00,5766.39,5778.21,5747.79,5767.29,30180,53,0
2025-03-24 20:00:00+00:00,5766.08,5772.21,5762.37,5764.63,3533,53,0
2025-03-25 00:00:00+00:00,5764.63,5769.34,5759.38,5760.3,7211,51,0
2025-03-25 04:00:00+00:00,5760.38,5766.89,5757.47,5759.62,4017,51,0
2025-03-25 08:00:00+00:00,5759.72,5782.46,5755.28,5781.7,9844,52,0
2025-03-25 12:00:00+00:00,5781.82,5790.22,5765.29,5773.3,31789,52,0
2025-03-25 16:00:00+00:00,5773.45,5781.46,5762.79,5779.69,28928,52,0
2025-03-25 20:00:00+00:00,5778.96,5788.48,5778.96,5786.43,2872,53,0
2025-03-26 00:00:00+00:00,5786.47,5790.24,5776.52,5778.81,5457,50,0
2025-03-26 04:00:00+00:00,5778.93,5781.99,5770.99,5776.96,4576,50,0
2025-03-26 08:00:00+00:00,5777.06,5784.31,5767.39,5782.44,9753,52,0
2025-03-26 12:00:00+00:00,5782.27,5788.29,5726.1,5731.78,44383,53,0
2025-03-26 16:00:00+00:00,5732.01,5738.94,5697.89,5715.12,51048,53,0
2025-03-26 20:00:00+00:00,5713.55,5715.08,5687.75,5702.94,9862,52,0
2025-03-27 00:00:00+00:00,5702.9,5723.95,5700.46,5721.64,9239,52,0
2025-03-27 04:00:00+00:00,5721.64,5727.88,5709.07,5710.12,9727,52,0
2025-03-27 08:00:00+00:00,5710.29,5724.65,5697.97,5713.11,17706,52,0
2025-03-27 12:00:00+00:00,5712.88,5735.03,5675.91,5705.66,64766,52,0
2025-03-27 16:00:00+00:00,5705.58,5726.51,5689.38,5694.71,62876,52,0
2025-03-27 20:00:00+00:00,5695.6,5700.83,5687.44,5691.4,5893,53,0
2025-03-28 00:00:00+00:00,5691.23,5700.93,5683.47,5700.52,7176,52,0
2025-03-28 04:00:00+00:00,5700.43,5703.18,5667.2,5667.88,10307,52,0
2025-03-28 08:00:00+00:00,5668.0,5695.01,5667.71,5688.4,15669,53,0
2025-03-28 12:00:00+00:00,5688.23,5690.74,5599.68,5601.37,77890,52,0
2025-03-28 16:00:00+00:00,5601.21,5610.11,5572.23,5578.71,51848,52,0
2025-03-30 20:00:00+00:00,5547.3,5558.71,5539.43,5552.18,9404,52,0
2025-03-31 00:00:00+00:00,5551.98,5552.8,5533.39,5538.86,20991,50,0
2025-03-31 04:00:00+00:00,5538.72,5550.64,5531.93,5546.7,22336,50,0
2025-03-31 08:00:00+00:00,5546.64,5550.68,5511.29,5522.03,23232,51,0
2025-03-31 12:00:00+00:00,5522.1,5565.72,5493.05,5557.56,86461,50,0
2025-03-31 16:00:00+00:00,5557.73,5631.71,5543.79,5614.18,83209,52,0
2025-03-31 20:00:00+00:00,5614.9,5616.47,5585.42,5595.13,11946,53,0
2025-04-01 00:00:00+00:00,5595.13,5601.39,5578.96,5593.25,14234,51,0
2025-04-01 04:00:00+00:00,5593.35,5620.84,5587.64,5599.82,18280,51,0
2025-04-01 08:00:00+00:00,5599.87,5622.96,5577.99,5586.6,24512,51,0
2025-04-01 12:00:00+00:00,5586.4,5643.51,5560.34,5640.5,99823,51,0
2025-04-01 16:00:00+00:00,5640.64,5654.72,5585.86,5635.51,81569,51,0
2025-04-01 20:00:00+00:00,5635.21,5655.13,5626.33,5643.18,9983,53,0
2025-04-02 00:00:00+00:00,5643.19,5643.63,5622.97,5626.2,13668,50,0
2025-04-02 04:00:00+00:00,5626.2,5632.14,5616.52,5619.73,14652,50,0
2025-04-02 08:00:00+00:00,5619.89,5626.51,5594.13,5595.34,20536,51,0
2025-04-02 12:00:00+00:00,5595.4,5662.22,5571.32,5647.44,89730,51,0
2025-04-02 16:00:00+00:00,5647.29,5699.46,5634.34,5671.01,83822,52,0
2025-04-02 20:00:00+00:00,5671.77,5733.29,5442.96,5473.13,84398,53,0
2025-04-03 00:00:00+00:00,5472.89,5524.99,5472.89,5515.6,28868,53,0
2025-04-03 04:00:00+00:00,5515.78,5525.5,5484.61,5503.34,29022,53,0
2025-04-03 08:00:00+00:00,5502.96,5517.64,5464.62,5481.73,34440,53,0
2025-04-03 12:00:00+00:00,5481.59,5503.25,5417.29,5456.73,147982,51,0
2025-04-03 16:00:00+00:00,5456.49,5485.85,5389.98,5394.48,123095,50,0
2025-04-03 20:00:00+00:00,5396.87,5399.85,5368.98,5383.65,16140,51,0
2025-04-04 00:00:00+00:00,5383.68,5396.19,5352.22,5362.63,21254,50,0
2025-04-04 04:00:00+00:00,5362.56,5390.1,5342.23,5360.6,35410,50,0
2025-04-04 08:00:00+00:00,5360.49,5370.59,5174.28,5247.96,102352,50,0
2025-04-04 12:00:00+00:00,5247.73,5285.47,5117.74,5166.91,285161,49,0
2025-04-04 16:00:00+00:00,5167.02,5192.38,5067.14,5076.14,235228,48,0
2025-04-06 20:00:00+00:00,4870.58,4909.32,4801.1,4882.89,44932,57,0
2025-04-07 00:00:00+00:00,4882.73,4964.0,4841.46,4903.84,66901,48,0
2025-04-07 04:00:00+00:00,4903.62,4934.65,4810.79,4848.43,75058,48,0
2025-04-07 08:00:00+00:00,4848.3,5007.72,4845.43,4953.35,102524,50,0
2025-04-07 12:00:00+00:00,4953.61,5253.09,4834.9,5013.21,405986,46,0
2025-04-07 16:00:00+00:00,5013.47,5125.32,4965.01,5062.13,316419,47,0
2025-04-07 20:00:00+00:00,5063.26,5124.98,5059.18,5116.94,34126,50,0
2025-04-08 00:00:00+00:00,5116.8,5155.23,5095.06,5139.24,36257,52,0
2025-04-08 04:00:00+00:00,5139.47,5159.89,5109.82,5155.69,33671,49,0
2025-04-08 08:00:00+00:00,5155.75,5205.56,5120.92,5202.53,47223,50,0
2025-04-08 12:00:00+00:00,5202.48,5271.63,5160.01,5188.17,179894,49,0
2025-04-08 16:00:00+00:00,5188.0,5193.66,4909.76,4987.41,259477,48,0
2025-04-08 20:00:00+00:00,4985.9,5006.42,4897.96,4926.95,41369,49,0
2025-04-09 00:00:00+00:00,4926.91,4969.6,4882.65,4896.95,44450,51,0
2025-04-09 04:00:00+00:00,4897.3,5024.35,4843.57,5005.15,59334,54,0
2025-04-09 08:00:00+00:00,5004.79,5020.73,4872.98,4899.46,64590,56,0
2025-04-09 12:00:00+00:00,4899.44,5057.19,4882.26,4979.81,222651,49,0
2025-04-09 16:00:00+00:00,4979.97,5486.14,4967.69,5451.63,351715,47,0
2025-04-09 20:00:00+00:00,5454.23,5494.83,5446.78,5480.67,30932,49,0
2025-04-10 00:00:00+00:00,5480.43,5483.84,5410.41,5421.67,35059,53,0
2025-04-10 04:00:00+00:00,5421.26,5453.88,5356.62,5367.15,43500,53,0
2025-04-10 08:00:00+00:00,5366.92,5392.89,5325.89,5372.29,47610,55,0
2025-04-10 12:00:00+00:00,5372.09,5390.98,5198.71,5205.59,198171,50,0
2025-04-10 16:00:00+00:00,5205.45,5317.65,5114.21,5269.39,339131,49,0
2025-04-10 20:00:00+00:00,5266.98,5297.85,5232.19,5242.19,29080,52,0
2025-04-11 00:00:00+00:00,5242.15,5281.84,5174.43,5268.26,38855,58,0
2025-04-11 04:00:00+00:00,5268.19,5346.1,5261.96,5282.23,40285,55,0
2025-04-11 08:00:00+00:00,5282.36,5326.13,5225.54,5288.67,59300,56,0
2025-04-11 12:00:00+00:00,5288.43,5316.71,5218.76,5287.36,204053,50,0
2025-04-11 16:00:00+00:00,5287.59,5384.11,5278.83,5359.67,157496,50,0
2025-04-13 20:00:00+00:00,5429.08,5436.32,5378.79,5398.34,17378,56,0
2025-04-14 00:00:00+00:00,5398.48,5413.77,5384.09,5406.72,18426,52,0
2025-04-14 04:00:00+00:00,5406.76,5437.96,5403.84,5435.3,18171,52,0
2025-04-14 08:00:00+00:00,5435.22,5450.54,5413.39,5421.0,21842,52,0
2025-04-14 12:00:00+00:00,5420.89,5465.93,5373.15,5378.06,96126,50,0
2025-04-14 16:00:00+00:00,5378.18,5447.33,5359.39,5409.05,110928,49,0
2025-04-14 20:00:00+00:00,5411.03,5416.06,5373.9,5389.87,16836,51,0
2025-04-15 00:00:00+00:00,5389.65,5410.78,5389.62,5405.3,12391,51,0
2025-04-15 04:00:00+00:00,5405.34,5431.67,5395.87,5427.41,15553,51,0
2025-04-15 08:00:00+00:00,5427.53,5429.1,5387.77,5393.37,26382,51,0
2025-04-15 12:00:00+00:00,5393.52,5453.17,5381.51,5430.49,91080,51,0
2025-04-15 16:00:00+00:00,5430.65,5436.74,5387.89,5397.23,66303,51,0
2025-04-15 20:00:00+00:00,5396.23,5402.4,5343.26,5355.12,9926,53,0
2025-04-16 00:00:00+00:00,5354.88,5359.59,5336.4,5348.09,10843,50,0
2025-04-16 04:00:00+00:00,5348.09,5349.08,5308.85,5313.89,17973,51,0
2025-04-16 08:00:00+00:00,5314.15,5393.61,5311.78,5356.54,34675,52,0
2025-04-16 12:00:00+00:00,5356.42,5369.91,5315.31,5335.84,79748,50,0
2025-04-16 16:00:00+00:00,5335.94,5339.45,5219.68,5275.7,104420,49,0
2025-04-16 20:00:00+00:00,5274.69,5285.71,5261.52,5277.32,14827,52,0
2025-04-17 00:00:00+00:00,5277.38,5314.91,5270.94,5313.89,13063,50,0
2025-04-17 04:00:00+00:00,5313.73,5340.25,5311.7,5331.14,15558,50,0
2025-04-17 08:00:00+00:00,5331.08,5332.02,5289.09,5300.02,23589,51,0
2025-04-17 12:00:00+00:00,5299.84,5326.78,5255.87,5284.73,103377,49,0
2025-04-17 16:00:00+00:00,5285.19,5329.48,5274.55,5283.53,97575,50,0
2025-04-17 20:00:00+00:00,5280.98,5301.1,5278.81,5296.26,8886,52,0
2025-04-20 20:00:00+00:00,5263.58,5279.09,5252.11,5265.29,6613,53,0
2025-04-21 00:00:00+00:00,5265.05,5275.48,5232.06,5240.5,12986,51,0
2025-04-21 04:00:00+00:00,5240.33,5250.25,5225.3,5226.36,7149,52,0
2025-04-21 08:00:00+00:00,5226.36,5242.63,5210.95,5218.12,11898,51,0
2025-04-21 12:00:00+00:00,5217.99,5234.86,5124.47,5126.86,53726,50,0
2025-04-21 16:00:00+00:00,5126.81,5164.78,5100.02,5157.34,48347,51,0
2025-04-21 20:00:00+00:00,5155.92,5178.5,5145.15,5178.25,8510,51,0
2025-04-22 00:00:00+00:00,5178.49,5196.98,5171.09,5177.39,10688,50,0
2025-04-22 04:00:00+00:00,5177.16,5227.44,5174.59,5204.28,14669,50,0
2025-04-22 08:00:00+00:00,5204.2,5213.37,5190.34,5193.6,14893,51,0
2025-04-22 12:00:00+00:00,5193.48,5284.52,5191.6,5280.85,45917,50,0
2025-04-22 16:00:00+00:00,5281.04,5313.04,5236.19,5288.52,78487,50,0
2025-04-22 20:00:00+00:00,5288.04,5398.14,5285.9,5386.48,21563,50,0
2025-04-23 00:00:00+00:00,5386.66,5388.68,5352.52,5368.96,13627,52,0
2025-04-23 04:00:00+00:00,5368.98,5388.95,5362.48,5388.33,14072,52,0
2025-04-23 08:00:00+00:00,5388.25,5427.6,5386.66,5406.03,13630,52,0
2025-04-23 12:00:00+00:00,5406.19,5471.82,5372.91,5391.74,106274,52,0
2025-04-23 16:00:00+00:00,5391.98,5414.63,5355.65,5371.56,93824,51,0
2025-04-23 20:00:00+00:00,5371.61,5407.1,5362.64,5385.87,16026,53,0
2025-04-24 00:00:00+00:00,5385.64,5394.52,5361.28,5366.82,12366,51,0
2025-04-24 04:00:00+00:00,5366.69,5373.08,5342.45,5347.9,18539,51,0
2025-04-24 08:00:00+00:00,5347.83,5384.52,5330.24,5362.22,22649,52,0
2025-04-24 12:00:00+00:00,5362.01,5459.32,5361.49,5447.77,57204,50,0
2025-04-24 16:00:00+00:00,5448.02,5494.27,5442.65,5484.9,42329,52,0
2025-04-24 20:00:00+00:00,5485.18,5515.53,5485.18,5503.77,13581,52,0
2025-04-25 00:00:00+00:00,5503.61,5518.01,5495.83,5515.83,11477,52,0
2025-04-25 04:00:00+00:00,5515.79,5528.2,5498.45,5511.94,16732,53,0
2025-04-25 08:00:00+00:00,5512.08,5520.25,5462.2,5473.88,25338,53,0
2025-04-25 12:00:00+00:00,5473.81,5500.09,5455.7,5489.83,82324,51,0
2025-04-25 16:00:00+00:00,5489.75,5530.11,5486.7,5523.69,58957,51,0
2025-04-27 20:00:00+00:00,5519.17,5520.52,5504.1,5507.59,4644,52,0
2025-04-28 00:00:00+00:00,5507.77,5510.41,5493.45,5495.34,6620,51,0
2025-04-28 04:00:00+00:00,5495.46,5520.62,5493.61,5508.24,8484,51,0
2025-04-28 08:00:00+00:00,5508.29,5525.84,5504.59,5520.41,10817,53,0
2025-04-28 12:00:00+00:00,5520.62,5555.42,5489.98,5494.66,69548,51,0
2025-04-28 16:00:00+00:00,5494.52,5542.71,5469.73,5531.45,50708,51,0
2025-04-28 20:00:00+00:00,5529.03,5532.9,5514.97,5532.72,5822,52,0
2025-04-29 00:00:00+00:00,5532.49,5550.89,5524.21,5539.87,7490,51,0
2025-04-29 04:00:00+00:00,5539.92,5550.98,5529.94,5547.86,10887,52,0
2025-04-29 08:00:00+00:00,5547.91,5548.27,5510.82,5528.75,16074,52,0
2025-04-29 12:00:00+00:00,5528.7,5552.77,5499.1,5537.1,77301,50,0
2025-04-29 16:00:00+00:00,5537.26,5574.75,5524.85,5561.34,54357,51,0
2025-04-29 20:00:00+00:00,5560.9,5567.63,5545.64,5549.37,9081,50,0
2025-04-30 00:00:00+00:00,5549.14,5553.54,5526.83,5535.1,9597,51,0
2025-04-30 04:00:00+00:00,5534.9,5554.25,5532.65,5552.3,8567,51,0
2025-04-30 08:00:00+00:00,5552.19,5559.82,5540.45,5543.06,10961,52,0
2025-04-30 12:00:00+00:00,5542.95,5544.86,5433.38,5513.91,106098,50,0
2025-04-30 16:00:00+00:00,5513.77,5584.4,5490.02,5559.15,87345,51,0
2025-04-30 20:00:00+00:00,5561.76,5617.26,5549.34,5612.65,27513,51,0
2025-05-01 00:00:00+00:00,5612.79,5626.29,5611.67,5625.58,8493,52,0
2025-05-01 04:00:00+00:00,5625.74,5631.26,5613.27,5622.97,8723,52,0
2025-05-01 08:00:00+00:00,5622.77,5640.4,5615.78,5633.09,12151,52,0
2025-05-01 12:00:00+00:00,5632.78,5660.35,5606.35,5623.41,67820,51,0
2025-05-01 16:00:00+00:00,5623.25,5646.66,5597.23,5603.23,56714,52,0
2025-05-01 20:00:00+00:00,5603.23,5616.85,5579.84,5590.53,20030,53,0
2025-05-02 00:00:00+00:00,5590.58,5651.32,5584.11,5646.37,18023,52,0
2025-05-02 04:00:00+00:00,5646.54,5652.52,5625.82,5627.22,14579,53,0
2025-05-02 08:00:00+00:00,5627.05,5635.89,5612.35,5622.16,15044,53,0
2025-05-02 12:00:00+00:00,5622.09,5683.41,5620.22,5681.67,62260,51,0
2025-05-02 16:00:00+00:00,5681.88,5703.4,5679.23,5685.72,49223,52,0
2025-05-04 20:00:00+00:00,5684.2,5685.11,5651.88,5658.86,6517,54,0
2025-05-05 00:00:00+00:00,5658.87,5663.87,5641.24,5651.06,10354,52,0
2025-05-05 04:00:00+00:00,5650.98,5660.64,5643.43,5651.55,10260,53,0
2025-05-05 08:00:00+00:00,5651.67,5656.21,5635.82,5640.96,11832,53,0
2025-05-05 12:00:00+00:00,5641.16,5672.71,5636.05,5669.72,46199,51,0
2025-05-05 16:00:00+00:00,5669.55,5686.53,5650.06,5654.03,23723,53,0
2025-05-05 20:00:00+00:00,5655.13,5655.93,5646.05,5647.72,4898,51,0
2025-05-06 00:00:00+00:00,5647.72,5652.67,5633.78,5644.44,6273,52,0
2025-05-06 04:00:00+00:00,5644.67,5645.18,5622.14,5622.82,8197,53,0
2025-05-06 08:00:00+00:00,5622.82,5623.99,5597.88,5606.65,15963,52,0
2025-05-06 12:00:00+00:00,5606.79,5638.8,5588.41,5622.64,47098,51,0
2025-05-06 16:00:00+00:00,5622.41,5652.8,5602.14,5605.8,54199,52,0
2025-05-06 20:00:00+00:00,5606.2,5671.1,5586.15,5653.63,22629,54,0
2025-05-07 00:00:00+00:00,5653.46,5663.11,5634.6,5640.6,15557,53,0
2025-05-07 04:00:00+00:00,5640.68,5647.68,5628.17,5640.96,11042,53,0
2025-05-07 08:00:00+00:00,5641.02,5649.26,5633.34,5641.5,10532,53,0
2025-05-07 12:00:00+00:00,5641.36,5642.01,5601.84,5618.02,64394,51,0
2025-05-07 16:00:00+00:00,5617.96,5656.73,5578.34,5630.83,106366,51,0
2025-05-07 20:00:00+00:00,5630.98,5642.73,5619.17,5628.24,8709,52,0
2025-05-08 00:00:00+00:00,5628.18,5680.11,5623.69,5678.96,16367,53,0
2025-05-08 04:00:00+00:00,5679.14,5682.66,5665.43,5674.77,10047,52,0
2025-05-08 08:00:00+00:00,5674.71,5699.77,5671.6,5683.58,9996,53,0
2025-05-08 12:00:00+00:00,5683.73,5715.73,5635.61,5703.76,75978,51,0
2025-05-08 16:00:00+00:00,5703.6,5723.25,5665.09,5667.08,46464,52,0
2025-05-08 20:00:00+00:00,5669.32,5675.52,5658.54,5661.54,6732,54,0
2025-05-09 00:00:00+00:00,5661.3,5677.69,5647.54,5672.8,9639,52,0
2025-05-09 04:00:00+00:00,5672.91,5680.38,5665.88,5671.28,11268,53,0
2025-05-09 08:00:00+00:00,5670.98,5696.99,5658.44,5679.0,16055,52,0
2025-05-09 12:00:00+00:00,5678.89,5692.69,5644.89,5672.8,55960,50,0
2025-05-09 16:00:00+00:00,5672.64,5676.28,5645.34,5659.14,42622,51,0
2025-05-11 20:00:00+00:00,5739.14,5742.9,5717.62,5729.35,10360,54,0
2025-05-12 00:00:00+00:00,5729.0,5744.54,5727.37,5743.88,9991,52,0
2025-05-12 04:00:00+00:00,5743.71,5836.16,5742.88,5804.2,20101,52,0
2025-05-12 08:00:00+00:00,5804.4,5849.18,5798.75,5830.04,23872,54,0
2025-05-12 12:00:00+00:00,5829.83,5845.15,5789.72,5801.43,66754,52,0
2025-05-12 16:00:00+00:00,5801.63,5849.71,5799.53,5848.05,33323,53,0
2025-05-12 20:00:00+00:00,5848.19,5859.7,5840.76,5840.76,5930,55,0
2025-05-13 00:00:00+00:00,5840.93,5840.93,5825.98,5826.24,8725,53,0
2025-05-13 04:00:00+00:00,5826.23,5835.17,5820.03,5825.28,9200,53,0
2025-05-13 08:00:00+00:00,5825.43,5841.21,5821.93,5840.38,9779,54,0
2025-05-13 12:00:00+00:00,5840.44,5904.52,5838.39,5896.56,44007,54,0
2025-05-13 16:00:00+00:00,5896.79,5910.81,5886.64,5887.56,28483,54,0
2025-05-13 20:00:00+00:00,5887.78,5894.14,5883.88,5892.44,4786,54,0
2025-05-14 00:00:00+00:00,5892.27,5893.21,5883.47,5890.19,6123,52,0
2025-05-14 04:00:00+00:00,5890.22,5902.06,5888.03,5894.39,7441,53,0
2025-05-14 08:00:00+00:00,5894.16,5907.05,5881.13,5900.59,11196,54,0
2025-05-14 12:00:00+00:00,5900.53,5909.86,5877.83,5900.2,47424,53,0
2025-05-14 16:00:00+00:00,5899.97,5905.87,5875.17,5894.59,38722,53,0
2025-05-14 20:00:00+00:00,5894.41,5896.1,5876.61,5881.01,4868,55,0
2025-05-15 00:00:00+00:00,5880.85,5887.29,5878.86,5882.12,4606,53,0
2025-05-15 04:00:00+00:00,5882.29,5883.33,5862.28,5863.15,8371,53,0
2025-05-15 08:00:00+00:00,5862.84,5873.59,5851.24,5869.01,11338,54,0
2025-05-15 12:00:00+00:00,5868.86,5913.14,5861.97,5909.66,46595,52,0
2025-05-15 16:00:00+00:00,5909.89,5928.66,5901.99,5922.63,41059,53,0
2025-05-15 20:00:00+00:00,5922.77,5925.74,5914.87,5920.24,3981,55,0
2025-05-16 00:00:00+00:00,5920.49,5924.07,5907.57,5917.36,5571,53,0
2025-05-16 04:00:00+00:00,5917.34,5929.89,5911.61,5928.49,5254,53,0
2025-05-16 08:00:00+00:00,5928.53,5939.39,5927.36,5937.96,6199,55,0
2025-05-16 12:00:00+00:00,5937.76,5941.15,5909.23,5926.73,38733,52,0
2025-05-16 16:00:00+00:00,5926.61,5961.65,5925.47,5959.14,23762,54,0
2025-05-16 20:00:00+00:00,5959.37,5959.62,5924.8,5925.31,1946,57,0
2025-05-18 20:00:00+00:00,5912.28,5933.97,5911.39,5926.46,6868,55,0
2025-05-19 00:00:00+00:00,5926.84,5927.23,5895.8,5898.21,9764,54,0
2025-05-19 04:00:00+00:00,5898.27,5909.52,5888.76,5892.05,11420,54,0
2025-05-19 08:00:00+00:00,5892.06,5904.15,5879.03,5902.24,11745,53,0
2025-05-19 12:00:00+00:00,5902.3,5955.95,5889.19,5949.06,41417,53,0
2025-05-19 16:00:00+00:00,5949.2,5973.95,5947.53,5967.44,28648,55,0
2025-05-19 20:00:00+00:00,5967.66,5979.81,5957.03,5974.67,4011,56,0
2025-05-20 00:00:00+00:00,5974.49,5978.35,5951.61,5952.21,6822,55,0
2025-05-20 04:00:00+00:00,5952.38,5961.63,5942.74,5952.07,8647,53,0
2025-05-20 08:00:00+00:00,5952.22,5961.74,5946.05,5957.58,7666,55,0
2025-05-20 12:00:00+00:00,5957.36,5960.48,5938.36,5950.01,36439,53,0
2025-05-20 16:00:00+00:00,5949.84,5956.27,5914.34,5947.0,37372,54,0
2025-05-20 20:00:00+00:00,5946.83,5947.71,5924.29,5943.26,6168,56,0
2025-05-21 00:00:00+00:00,5943.32,5946.28,5927.79,5930.31,6922,54,0
2025-05-21 04:00:00+00:00,5930.47,5931.52,5911.11,5920.59,8125,55,0
2025-05-21 08:00:00+00:00,5920.71,5921.96,5893.18,5918.85,9623,55,0
2025-05-21 12:00:00+00:00,5918.68,5940.63,5896.98,5935.69,44068,52,0
2025-05-21 16:00:00+00:00,5935.46,5944.12,5836.37,5847.82,100772,52,0
2025-05-21 20:00:00+00:00,5847.59,5854.45,5839.62,5849.71,8212,55,0
2025-05-22 00:00:00+00:00,5849.76,5863.03,5847.58,5854.02,6678,54,0
2025-05-22 04:00:00+00:00,5854.2,5865.39,5850.28,5857.56,7602,54,0
2025-05-22 08:00:00+00:00,5857.79,5863.86,5827.18,5827.2,11075,55,0
2025-05-22 12:00:00+00:00,5827.34,5869.38,5817.93,5861.3,75197,52,0
2025-05-22 16:00:00+00:00,5861.53,5883.86,5843.18,5848.21,51194,53,0
2025-05-22 20:00:00+00:00,5847.98,5861.17,5839.49,5849.13,5750,54,0
2025-05-23 00:00:00+00:00,5849.37,5857.97,5845.09,5851.67,7083,53,0
2025-05-23 04:00:00+00:00,5851.68,5859.74,5831.19,5856.02,8016,54,0
2025-05-23 08:00:00+00:00,5855.86,5860.76,5757.76,5764.56,28569,54,0
2025-05-23 12:00:00+00:00,5765.08,5811.5,5746.21,5794.75,94137,52,0
2025-05-23 16:00:00+00:00,5794.96,5833.0,5789.59,5806.22,55135,53,0
2025-05-23 20:00:00+00:00,5806.46,5806.5,5796.34,5799.95,2919,56,0
2025-05-25 20:00:00+00:00,5806.71,5867.91,5804.77,5857.01,11523,57,0
2025-05-26 00:00:00+00:00,5856.84,5869.52,5853.29,5866.97,10008,54,0
2025-05-26 04:00:00+00:00,5866.81,5883.7,5861.8,5882.19,8232,55,0
2025-05-26 08:00:00+00:00,5882.34,5886.35,5873.44,5880.97,4976,55,0
2025-05-26 12:00:00+00:00,5880.98,5884.55,5862.7,5878.93,8586,54,0
2025-05-26 16:00:00+00:00,5879.0,5883.69,5875.93,5882.8,1559,53,0
2025-05-26 20:00:00+00:00,5882.41,5882.65,5867.89,5871.16,3230,55,0
2025-05-27 00:00:00+00:00,5871.14,5874.35,5854.93,5857.12,7126,54,0
2025-05-27 04:00:00+00:00,5857.12,5904.41,5855.69,5898.46,7372,54,0
2025-05-27 08:00:00+00:00,5898.31,5902.17,5886.53,5892.63,8962,56,0
2025-05-27 12:00:00+00:00,5892.64,5908.7,5860.53,5907.2,35077,52,0
2025-05-27 16:00:00+00:00,5907.21,5931.18,5906.31,5928.92,22375,54,0
2025-05-27 20:00:00+00:00,5929.09,5934.73,5924.91,5930.53,4447,54,0
2025-05-28 00:00:00+00:00,5930.35,5931.8,5922.31,5922.76,4625,53,0
2025-05-28 04:00:00+00:00,5922.77,5925.78,5915.97,5916.35,5437,53,0
2025-05-28 08:00:00+00:00,5916.55,5937.08,5911.67,5932.17,6582,55,0
2025-05-28 12:00:00+00:00,5932.06,5945.04,5906.34,5907.23,32169,54,0
2025-05-28 16:00:00+00:00,5907.08,5925.61,5887.68,5894.34,35366,54,0
2025-05-28 20:00:00+00:00,5894.58,5991.51,5885.63,5984.41,27866,53,0
2025-05-29 00:00:00+00:00,5984.44,5999.31,5971.49,5987.93,15419,55,0
2025-05-29 04:00:00+00:00,5987.87,5998.67,5979.04,5998.67,8220,55,0
2025-05-29 08:00:00+00:00,5998.81,6001.45,5945.38,5946.04,12571,55,0
2025-05-29 12:00:00+00:00,5946.16,5953.76,5883.27,5889.69,63578,53,0
2025-05-29 16:00:00+00:00,5889.38,5925.16,5878.26,5917.73,55365,53,0
2025-05-29 20:00:00+00:00,5917.48,5920.65,5898.94,5899.42,8665,55,0
2025-05-30 00:00:00+00:00,5899.42,5907.97,5885.87,5904.63,9691,55,0
2025-05-30 04:00:00+00:00,5904.47,5917.79,5897.12,5908.13,9949,54,0
2025-05-30 08:00:00+00:00,5908.0,5918.33,5902.72,5910.12,9116,55,0
2025-05-30 12:00:00+00:00,5910.24,5917.1,5871.88,5896.6,62713,53,0
2025-05-30 16:00:00+00:00,5896.81,5928.49,5848.69,5910.43,75249,53,0
2025-05-30 20:00:00+00:00,5910.67,5920.42,5901.04,5907.42,5386,55,0
2025-06-01 20:00:00+00:00,5895.29,5906.35,5890.65,5895.86,4096,55,0
2025-06-02 00:00:00+00:00,5895.86,5903.07,5883.87,5884.17,8377,54,0
2025-06-02 04:00:00+00:00,5884.33,5889.7,5864.77,5877.95,10987,54,0
2025-06-02 08:00:00+00:00,5877.89,5897.17,5873.8,5889.17,13090,56,0
2025-06-02 12:00:00+00:00,5889.4,5917.9,5867.53,5915.66,52690,53,0
2025-06-02 16:00:00+00:00,5915.54,5945.65,5907.27,5944.22,28076,55,0
2025-06-02 20:00:00+00:00,5943.98,5952.14,5927.89,5932.63,5913,55,0
2025-06-03 00:00:00+00:00,5932.67,5933.88,5918.21,5922.71,6269,54,0
2025-06-03 04:00:00+00:00,5922.69,5925.98,5908.56,5915.76,6872,55,0
2025-06-03 08:00:00+00:00,5915.6,5937.5,5906.82,5935.49,8287,55,0
2025-06-03 12:00:00+00:00,5935.72,5974.65,5932.34,5974.15,29089,54,0
2025-06-03 16:00:00+00:00,5973.98,5988.41,5965.47,5978.97,22544,55,0
2025-06-03 20:00:00+00:00,5978.74,5984.97,5972.97,5981.53,4201,55,0
2025-06-04 00:00:00+00:00,5981.36,5985.74,5972.57,5974.62,7108,54,0
2025-06-04 04:00:00+00:00,5974.79,5987.15,5973.07,5986.75,6125,54,0
2025-06-04 08:00:00+00:00,5986.89,5994.38,5985.71,5990.74,6036,55,0
2025-06-04 12:00:00+00:00,5990.89,5996.4,5971.97,5985.97,37362,54,0
2025-06-04 16:00:00+00:00,5985.75,5996.66,5974.97,5975.99,23123,54,0
2025-06-04 20:00:00+00:00,5975.85,5979.07,5971.14,5972.31,3603,55,0
2025-06-05 00:00:00+00:00,5972.35,5979.97,5971.36,5975.47,3106,54,0
2025-06-05 04:00:00+00:00,5975.24,5991.93,5970.63,5989.01,5334,54,0
2025-06-05 08:00:00+00:00,5988.9,5994.57,5975.52,5980.33,7415,56,0
2025-06-05 12:00:00+00:00,5980.08,6013.09,5955.76,6004.42,54720,53,0
2025-06-05 16:00:00+00:00,6004.27,6006.45,5926.6,5946.03,68440,54,0
2025-06-05 20:00:00+00:00,5945.8,5953.37,5930.23,5945.04,10393,55,0
2025-06-06 00:00:00+00:00,5944.92,5959.83,5944.92,5957.8,7318,55,0
2025-06-06 04:00:00+00:00,5957.85,5972.62,5956.17,5968.2,7191,55,0
2025-06-06 08:00:00+00:00,5968.14,5972.44,5960.76,5967.86,8014,56,0
2025-06-06 12:00:00+00:00,5967.63,6022.95,5967.27,6001.44,43426,55,0
2025-06-06 16:00:00+00:00,6001.67,6018.4,5982.76,6004.41,30400,54,0
2025-06-06 20:00:00+00:00,6004.66,6010.44,6002.51,6008.39,1238,58,0
2025-06-08 20:00:00+00:00,6010.01,6014.34,5993.92,6001.88,5238,55,0
2025-06-09 00:00:00+00:00,6001.9,6005.43,5991.42,5995.17,5586,54,0
2025-06-09 04:00:00+00:00,5995.18,6009.72,5993.46,6009.58,5886,54,0
2025-06-09 08:00:00+00:00,6009.35,6018.49,6004.87,6014.99,6478,55,0
2025-06-09 12:00:00+00:00,6015.22,6018.08,5999.07,6012.74,22229,55,0
2025-06-09 16:00:00+00:00,6012.97,6026.75,6007.57,6009.0,16600,56,0
2025-06-09 20:00:00+00:00,6009.12,6016.46,6006.07,6012.98,2799,55,0
2025-06-10 00:00:00+00:00,6013.02,6040.22,6008.56,6035.32,6319,55,0
2025-06-10 04:00:00+00:00,6035.13,6035.83,5990.92,6004.35,16612,54,0
2025-06-10 08:00:00+00:00,6004.55,6018.7,5996.23,6018.7,9705,55,0
2025-06-10 12:00:00+00:00,6018.55,6030.35,6004.68,6026.58,25586,53,0
2025-06-10 16:00:00+00:00,6026.43,6048.85,6014.91,6043.78,25769,54,0
2025-06-10 20:00:00+00:00,6043.94,6051.52,6031.6,6040.99,6579,55,0
2025-06-11 00:00:00+00:00,6040.86,6043.06,6023.82,6028.36,7568,54,0
2025-06-11 04:00:00+00:00,6028.33,6033.66,6021.07,6032.49,7445,55,0
2025-06-11 08:00:00+00:00,6032.54,6039.9,6024.0,6036.38,6409,56,0
2025-06-11 12:00:00+00:00,6036.24,6074.12,6025.81,6048.95,38989,55,0
2025-06-11 16:00:00+00:00,6049.18,6057.9,6005.41,6027.89,59335,56,0
2025-06-11 20:00:00+00:00,6027.72,6033.84,6014.9,6018.56,6646,56,0
2025-06-12 00:00:00+00:00,6018.99,6020.61,5997.4,6008.91,10110,55,0
2025-06-12 04:00:00+00:00,6009.08,6020.46,5997.75,6000.31,9313,55,0
2025-06-12 08:00:00+00:00,6000.29,6012.36,5989.17,5992.16,13449,56,0
2025-06-12 12:00:00+00:00,5991.96,6051.14,5991.96,6039.47,29925,55,0
2025-06-12 16:00:00+00:00,6039.63,6052.14,6033.97,6052.13,24322,55,0
2025-06-12 20:00:00+00:00,6051.97,6052.14,6015.28,6015.55,5002,56,0
2025-06-13 00:00:00+00:00,6015.65,6016.69,5926.89,5960.5,54174,55,0
2025-06-13 04:00:00+00:00,5960.56,5977.82,5946.12,5974.37,23270,54,0
2025-06-13 08:00:00+00:00,5974.3,5997.87,5969.03,5995.97,24733,54,0
2025-06-13 12:00:00+00:00,5995.82,6029.23,5978.1,6024.71,55501,51,0
2025-06-13 16:00:00+00:00,6024.55,6030.68,5965.88,5980.3,65104,51,0
2025-06-13 20:00:00+00:00,5980.51,5988.14,5977.04,5981.45,4890,51,0
2025-06-15 20:00:00+00:00,5950.09,5991.07,5950.09,5989.18,15354,56,0
2025-06-16 00:00:00+00:00,5989.01,5996.37,5984.03,5989.32,9216,55,0
2025-06-16 04:00:00+00:00,5989.09,6017.85,5987.06,6015.69,11184,54,0
2025-06-16 08:00:00+00:00,6015.46,6021.8,6003.08,6020.5,10434,53,0
2025-06-16 12:00:00+00:00,6020.49,6057.31,6015.93,6044.25,31728,53,0
2025-06-16 16:00:00+00:00,6044.48,6049.97,6029.35,6040.5,28553,53,0
2025-06-16 20:00:00+00:00,6040.73,6045.5,6002.21,6002.46,14202,55,0
2025-06-17 00:00:00+00:00,6002.63,6026.11,6001.2,6018.47,18478,55,0
2025-06-17 04:00:00+00:00,6018.62,6023.77,5994.44,6002.42,15975,55,0
2025-06-17 08:00:00+00:00,6002.57,6015.95,5994.07,6015.69,14163,55,0
2025-06-17 12:00:00+00:00,6015.32,6030.26,6005.84,6019.88,30531,54,0
2025-06-17 16:00:00+00:00,6020.04,6029.02,5979.69,5987.58,43058,54,0
2025-06-17 20:00:00+00:00,5987.81,5993.83,5967.81,5974.47,10111,55,0
2025-06-18 00:00:00+00:00,5974.85,5999.01,5974.55,5991.06,9876,54,0
2025-06-18 04:00:00+00:00,5990.83,6006.93,5986.32,6002.1,7969,54,0
2025-06-18 08:00:00+00:00,6001.94,6011.96,5984.88,5998.28,10098,54,0
2025-06-18 12:00:00+00:00,5998.17,6023.51,5984.66,6008.58,25865,55,0
2025-06-18 16:00:00+00:00,6008.74,6021.56,5976.1,5985.56,59079,54,0
2025-06-18 20:00:00+00:00,5985.33,5993.23,5977.15,5984.32,5950,57,0
2025-06-19 00:00:00+00:00,5984.16,5985.07,5951.06,5975.88,8402,56,0
2025-06-19 04:00:00+00:00,5975.65,5979.57,5946.76,5949.69,8979,56,0
2025-06-19 08:00:00+00:00,5949.89,5965.41,5949.53,5954.58,8053,55,0
2025-06-19 12:00:00+00:00,5954.47,5958.74,5920.6,5924.56,15739,55,0
2025-06-19 16:00:00+00:00,5924.71,5937.22,5924.35,5928.36,2360,54,0
2025-06-19 20:00:00+00:00,5943.85,5976.39,5942.86,5968.72,6914,57,0
2025-06-20 00:00:00+00:00,5968.62,5979.6,5959.08,5972.78,8730,55,0
2025-06-20 04:00:00+00:00,5972.6,5982.03,5968.37,5979.39,7623,55,0
2025-06-20 08:00:00+00:00,5979.59,6000.86,5963.96,5988.48,12328,55,0
2025-06-20 12:00:00+00:00,5988.63,6022.97,5962.09,5974.75,50859,54,0
2025-06-20 16:00:00+00:00,5974.88,5986.85,5955.47,5968.57,37589,54,0
2025-06-20 20:00:00+00:00,5968.73,5984.22,5966.52,5977.6,3276,56,0
2025-06-22 20:00:00+00:00,5919.99,5961.48,5912.84,5953.21,11378,57,0
2025-06-23 00:00:00+00:00,5953.06,5957.22,5943.31,5955.95,8219,54,0
2025-06-23 04:00:00+00:00,5956.02,5983.84,5954.56,5982.23,8683,55,0
2025-06-23 08:00:00+00:00,5982.16,5993.33,5956.69,5966.92,12791,54,0
2025-06-23 12:00:00+00:00,5966.98,6012.09,5964.69,5987.66,30159,54,0
2025-06-23 16:00:00+00:00,5987.83,6033.94,5947.41,6028.89,54760,54,0
2025-06-23 20:00:00+00:00,6029.01,6065.64,6024.71,6061.65,9604,58,0
2025-06-24 00:00:00+00:00,6061.8,6068.49,6052.69,6064.81,7881,56,0
2025-06-24 04:00:00+00:00,6064.71,6096.12,6058.94,6078.17,12692,56,0
2025-06-24 08:00:00+00:00,6077.97,6088.05,6067.37,6076.37,12262,55,0
2025-06-24 12:00:00+00:00,6076.51,6090.08,6061.85,6086.1,23025,54,0
2025-06-24 16:00:00+00:00,6086.33,6107.1,6085.18,6096.34,12714,55,0
2025-06-24 20:00:00+00:00,6096.56,6100.14,6091.27,6098.81,3204,57,0
2025-06-25 00:00:00+00:00,6098.91,6101.43,6093.26,6096.19,3849,55,0
2025-06-25 04:00:00+00:00,6096.01,6102.47,6095.05,6098.38,3598,54,0
2025-06-25 08:00:00+00:00,6098.49,6108.5,6093.42,6107.7,4561,56,0
2025-06-25 12:00:00+00:00,6107.76,6111.98,6092.09,6096.24,17589,56,0
2025-06-25 16:00:00+00:00,6096.01,6101.8,6083.14,6099.92,15749,56,0
2025-06-25 20:00:00+00:00,6100.08,6103.71,6094.45,6099.75,3805,56,0
2025-06-26 00:00:00+00:00,6099.92,6108.16,6097.97,6105.81,3337,55,0
2025-06-26 04:00:00+00:00,6105.92,6119.53,6104.31,6113.41,3986,55,0
2025-06-26 08:00:00+00:00,6113.55,6124.13,6113.12,6122.8,4899,56,0
2025-06-26 12:00:00+00:00,6123.02,6138.35,6110.81,6134.93,18146,56,0
2025-06-26 16:00:00+00:00,6134.69,6153.34,6134.17,6149.56,12425,55,0
2025-06-26 20:00:00+00:00,6149.8,6158.98,6142.93,6150.32,4033,57,0
2025-06-27 00:00:00+00:00,6150.49,6158.03,6147.86,6155.48,4011,56,0
2025-06-27 04:00:00+00:00,6155.5,6168.39,6153.04,6164.01,3905,56,0
2025-06-27 08:00:00+00:00,6164.14,6172.6,6161.01,6172.12,3715,57,0
2025-06-27 12:00:00+00:00,6172.26,6189.64,6155.97,6187.73,17300,56,0
2025-06-27 16:00:00+00:00,6187.49,6192.65,6136.62,6176.28,31928,56,0
2025-06-27 20:00:00+00:00,6176.42,6176.42,6170.32,6174.06,2258,58,0
2025-06-29 20:00:00+00:00,6180.33,6200.71,6180.0,6194.01,3729,57,0
2025-06-30 00:00:00+00:00,6194.01,6204.93,6191.83,6203.65,4545,56,0
2025-06-30 04:00:00+00:00,6203.51,6210.46,6199.32,6201.81,3878,56,0
2025-06-30 08:00:00+00:00,6201.98,6208.74,6199.81,6205.56,3349,59,0
2025-06-30 12:00:00+00:00,6205.33,6205.73,6185.93,6193.68,18476,57,0
2025-06-30 16:00:00+00:00,6193.85,6219.52,6178.9,6205.5,22959,56,0
2025-06-30 20:00:00+00:00,6205.75,6208.74,6196.89,6204.66,3996,57,0
2025-07-01 00:00:00+00:00,6204.79,6212.29,6201.38,6201.66,4078,56,0
2025-07-01 04:00:00+00:00,6201.82,6204.69,6192.77,6198.17,5264,56,0
2025-07-01 08:00:00+00:00,6198.34,6201.69,6191.02,6195.37,4974,58,0
2025-07-01 12:00:00+00:00,6195.28,6207.65,6181.76,6196.37,27844,56,0
2025-07-01 16:00:00+00:00,6196.21,6215.85,6193.98,6203.07,26717,56,0
2025-07-01 20:00:00+00:00,6203.23,6210.16,6198.56,6207.02,3359,57,0
2025-07-02 00:00:00+00:00,6207.17,6216.19,6200.22,6214.5,3691,56,0
2025-07-02 04:00:00+00:00,6214.48,6225.41,6210.66,6212.54,5664,56,0
2025-07-02 08:00:00+00:00,6212.72,6215.53,6201.3,6205.18,5841,56,0
2025-07-02 12:00:00+00:00,6205.25,6222.49,6191.06,6220.43,21927,56,0
2025-07-02 16:00:00+00:00,6220.28,6231.93,6216.26,6230.77,11488,56,0
2025-07-02 20:00:00+00:00,6230.93,6234.88,6226.76,6233.1,2278,57,0
2025-07-03 00:00:00+00:00,6232.96,6238.91,6226.04,6234.41,3474,55,0
2025-07-03 04:00:00+00:00,6234.41,6240.24,6232.47,6236.23,3398,56,0
2025-07-03 08:00:00+00:00,6235.85,6237.49,6227.87,6236.1,4365,57,0
2025-07-03 12:00:00+00:00,6235.96,6286.8,6234.06,6285.12,17596,57,0
2025-07-03 16:00:00+00:00,6284.9,6288.8,6274.63,6278.71,5423,56,0
2025-07-03 20:00:00+00:00,6276.61,6277.96,6269.79,6271.55,2286,60,0
2025-07-04 00:00:00+00:00,6271.55,6274.76,6264.05,6264.97,3288,57,0
2025-07-04 04:00:00+00:00,6264.8,6266.0,6246.68,6247.27,5162,57,0
2025-07-04 08:00:00+00:00,6247.05,6251.79,6233.12,6241.69,8159,56,0
2025-07-04 12:00:00+00:00,6241.74,6248.44,6235.51,6245.44,6212,57,0
2025-07-04 16:00:00+00:00,6245.27,6245.93,6239.0,6240.54,1113,59,0
2025-07-06 20:00:00+00:00,6261.63,6273.15,6254.24,6260.49,4801,58,0
2025-07-07 00:00:00+00:00,6260.63,6264.93,6250.52,6260.66,5688,57,0
2025-07-07 04:00:00+00:00,6260.66,6264.85,6249.91,6255.87,5385,58,0
2025-07-07 08:00:00+00:00,6255.73,6269.59,6250.47,6268.99,5786,57,0
2025-07-07 12:00:00+00:00,6268.55,6273.13,6237.94,6243.68,20698,56,0
2025-07-07 16:00:00+00:00,6243.84,6249.1,6204.42,6234.22,39266,57,0
2025-07-07 20:00:00+00:00,6233.98,6234.37,6213.6,6227.25,4715,58,0
2025-07-08 00:00:00+00:00,6227.41,6238.71,6222.57,6234.97,4329,56,0
2025-07-08 04:00:00+00:00,6234.8,6248.09,6234.07,6245.92,4333,57,0
2025-07-08 08:00:00+00:00,6245.98,6246.09,6232.74,6241.34,4954,57,0
2025-07-08 12:00:00+00:00,6241.17,6243.31,6221.41,6237.17,22710,57,0
2025-07-08 16:00:00+00:00,6237.23,6247.81,6224.66,6230.26,21947,57,0
2025-07-08 20:00:00+00:00,6230.03,6236.74,6228.76,6230.5,2444,58,0
2025-07-09 00:00:00+00:00,6230.55,6231.05,6220.13,6225.36,4130,56,0
2025-07-09 04:00:00+00:00,6225.33,6234.39,6220.81,6232.23,4618,56,0
2025-07-09 08:00:00+00:00,6232.03,6246.88,6229.72,6244.72,5008,57,0
2025-07-09 12:00:00+00:00,6244.49,6275.7,6236.46,6246.72,24370,57,0
2025-07-09 16:00:00+00:00,6246.49,6269.63,6242.73,6267.48,16532,57,0
2025-07-09 20:00:00+00:00,6267.23,6272.47,6263.29,6264.33,2800,57,0
2025-07-10 00:00:00+00:00,6264.13,6264.27,6251.96,6253.01,4517,56,0
2025-07-10 04:00:00+00:00,6252.98,6255.85,6248.17,6254.42,4508,55,0
2025-07-10 08:00:00+00:00,6254.57,6271.59,6253.55,6269.57,4132,57,0
2025-07-10 12:00:00+00:00,6269.43,6285.13,6256.67,6284.39,17093,57,0
2025-07-10 16:00:00+00:00,6284.22,6296.39,6277.48,6285.7,10541,57,0
2025-07-10 20:00:00+00:00,6285.47,6291.95,6280.2,6291.23,2251,57,0
2025-07-11 00:00:00+00:00,6291.25,6291.25,6245.05,6270.56,13296,56,0
2025-07-11 04:00:00+00:00,6270.72,6273.01,6251.67,6252.3,6928,56,0
2025-07-11 08:00:00+00:00,6252.18,6256.33,6237.87,6252.09,8962,57,0
2025-07-11 12:00:00+00:00,6252.03,6270.06,6240.16,6260.52,22071,57,0
2025-07-11 16:00:00+00:00,6260.68,6271.9,6254.01,6258.43,17301,57,0
2025-07-11 20:00:00+00:00,6258.26,6258.93,6252.51,6255.17,1129,60,0
2025-07-13 20:00:00+00:00,6237.68,6241.57,6224.55,6236.65,5514,57,0
2025-07-14 00:00:00+00:00,6236.81,6239.38,6229.9,6234.66,4963,56,0
2025-07-14 04:00:00+00:00,6234.66,6239.1,6221.08,6238.18,6301,56,0
2025-07-14 08:00:00+00:00,6238.09,6246.68,6234.56,6242.78,5071,57,0
2025-07-14 12:00:00+00:00,6242.66,6267.91,6240.8,6263.56,22524,57,0
2025-07-14 16:00:00+00:00,6263.33,6275.94,6260.02,6271.5,9404,57,0
2025-07-14 20:00:00+00:00,6271.67,6273.17,6262.11,6265.31,2376,58,0
2025-07-15 00:00:00+00:00,6265.31,6296.15,6262.37,6278.31,9385,56,0
2025-07-15 04:00:00+00:00,6278.46,6294.56,6277.34,6290.76,6151,57,0
2025-07-15 08:00:00+00:00,6290.89,6302.59,6287.25,6294.97,5398,57,0
2025-07-15 12:00:00+00:00,6295.11,6304.1,6261.57,6272.32,28897,57,0
2025-07-15 16:00:00+00:00,6272.48,6273.96,6244.07,6244.83,20605,57,0
2025-07-15 20:00:00+00:00,6244.58,6246.48,6226.77,6234.97,5752,57,0
2025-07-16 00:00:00+00:00,6234.79,6241.25,6228.59,6235.6,4133,57,0
2025-07-16 04:00:00+00:00,6235.72,6241.75,6219.63,6233.78,7331,57,0
2025-07-16 08:00:00+00:00,6233.84,6244.97,6232.27,6244.73,5707,57,0
2025-07-16 12:00:00+00:00,6244.93,6263.22,6203.51,6243.2,51426,58,0
2025-07-16 16:00:00+00:00,6242.99,6270.5,6233.49,6265.27,22488,58,0
2025-07-16 20:00:00+00:00,6265.03,6265.42,6254.12,6255.94,3042,58,0
2025-07-17 00:00:00+00:00,6255.85,6260.54,6250.81,6255.65,4182,55,0
2025-07-17 04:00:00+00:00,6255.82,6273.98,6253.56,6266.67,5775,57,0
2025-07-17 08:00:00+00:00,6266.42,6273.55,6259.71,6261.66,4896,61,0
2025-07-17 12:00:00+00:00,6261.43,6296.04,6259.94,6295.37,18320,57,0
2025-07-17 16:00:00+00:00,6295.54,6307.75,6288.59,6303.97,10745,57,0
2025-07-17 20:00:00+00:00,6304.21,6314.31,6301.09,6313.67,3703,57,0
2025-07-18 00:00:00+00:00,6313.43,6314.78,6307.12,6312.29,2101,59,0
2025-07-18 04:00:00+00:00,6312.12,6319.27,6307.25,6308.48,3498,56,0
2025-07-18 08:00:00+00:00,6308.35,6312.64,6301.74,6305.47,3998,57,0
2025-07-18 12:00:00+00:00,6305.62,6314.89,6290.77,6302.53,19991,57,0
2025-07-18 16:00:00+00:00,6302.77,6303.03,6285.46,6297.13,13750,59,0
2025-07-18 20:00:00+00:00,6297.36,6298.12,6295.71,6296.63,406,60,0
2025-07-20 20:00:00+00:00,6299.09,6307.26,6294.34,6307.22,2025,57,0
2025-07-21 00:00:00+00:00,6307.26,6308.88,6302.49,6303.39,1492,58,0
2025-07-21 04:00:00+00:00,6303.62,6315.83,6303.22,6313.61,2114,57,0
2025-07-21 08:00:00+00:00,6313.44,6318.83,6312.42,6313.46,2578,58,0
2025-07-21 12:00:00+00:00,6313.6,6338.59,6304.19,6334.92,11203,57,0
2025-07-21 16:00:00+00:00,6334.69,6338.09,6305.66,6309.93,11170,57,0
2025-07-21 20:00:00+00:00,6309.69,6314.76,6308.42,6313.57,1828,57,0
2025-07-22 00:00:00+00:00,6313.46,6317.28,6309.35,6310.36,2722,56,0
2025-07-22 04:00:00+00:00,6310.33,6313.24,6303.33,6305.88,3846,56,0
2025-07-22 08:00:00+00:00,6305.96,6312.28,6301.31,6312.11,5222,57,0
2025-07-22 12:00:00+00:00,6311.88,6314.94,6284.5,6299.77,26291,57,0
2025-07-22 16:00:00+00:00,6299.91,6319.91,6293.52,6311.21,14601,58,0
2025-07-22 20:00:00+00:00,6311.38,6330.21,6308.72,6328.7,5435,58,0
2025-07-23 00:00:00+00:00,6328.55,6329.68,6315.51,6325.49,6260,56,0
2025-07-23 04:00:00+00:00,6325.51,6334.14,6324.26,6328.33,4874,56,0
2025-07-23 08:00:00+00:00,6328.25,6340.99,6327.96,6336.72,4709,57,0
2025-07-23 12:00:00+00:00,6336.58,6351.72,6320.57,6344.48,21821,56,0
2025-07-23 16:00:00+00:00,6344.13,6365.38,6337.06,6365.38,20232,56,0
2025-07-23 20:00:00+00:00,6365.61,6373.37,6358.47,6370.51,8515,58,0
2025-07-24 00:00:00+00:00,6370.28,6373.41,6366.52,6367.02,2353,58,0
2025-07-24 04:00:00+00:00,6366.79,6370.0,6360.66,6362.82,3491,57,0
2025-07-24 08:00:00+00:00,6362.68,6374.17,6360.94,6371.53,3873,58,0
2025-07-24 12:00:00+00:00,6371.33,6382.75,6359.27,6379.24,19557,56,0
2025-07-24 16:00:00+00:00,6378.85,6385.46,6366.32,6368.79,14292,57,0
2025-07-24 20:00:00+00:00,6368.93,6380.42,6366.53,6378.72,2607,58,0
2025-07-25 00:00:00+00:00,6378.94,6388.71,6377.83,6386.28,2262,56,0
2025-07-25 04:00:00+00:00,6386.07,6386.51,6370.17,6372.4,3507,56,0
2025-07-25 08:00:00+00:00,6372.33,6377.35,6368.84,6373.04,3499,57,0
2025-07-25 12:00:00+00:00,6372.95,6383.33,6369.43,6381.09,13583,57,0
2025-07-25 16:00:00+00:00,6380.93,6397.75,6379.9,6392.46,7214,57,0
2025-07-25 20:00:00+00:00,6392.69,6395.42,6388.83,6393.52,807,62,0
2025-07-27 20:00:00+00:00,6414.05,6423.43,6411.4,6416.76,3345,59,0
2025-07-28 00:00:00+00:00,6416.86,6422.54,6414.73,6420.21,2596,55,0
2025-07-28 04:00:00+00:00,6420.38,6426.64,6413.32,6415.86,3102,56,0
2025-07-28 08:00:00+00:00,6415.61,6415.99,6402.56,6404.81,3426,59,0
2025-07-28 12:00:00+00:00,6404.58,6409.23,6385.56,6396.32,16542,57,0
2025-07-28 16:00:00+00:00,6396.1,6398.98,6377.97,6393.11,12152,57,0
2025-07-28 20:00:00+00:00,6393.35,6399.78,6392.21,6399.05,1629,57,0
2025-07-29 00:00:00+00:00,6399.06,6402.31,6394.85,6402.02,2343,56,0
2025-07-29 04:00:00+00:00,6402.05,6410.14,6399.65,6408.64,2707,56,0
2025-07-29 08:00:00+00:00,6408.59,6413.15,6406.23,6409.24,3662,57,0
2025-07-29 12:00:00+00:00,6409.39,6411.01,6370.86,6382.89,21468,57,0
2025-07-29 16:00:00+00:00,6382.64,6389.84,6367.82,6377.46,17753,57,0
2025-07-29 20:00:00+00:00,6377.23,6381.3,6373.17,6379.6,2486,57,0
2025-07-30 00:00:00+00:00,6379.36,6387.21,6378.86,6385.52,2618,56,0
2025-07-30 04:00:00+00:00,6385.76,6388.82,6378.77,6385.68,2984,57,0
2025-07-30 08:00:00+00:00,6385.63,6389.44,6377.26,6386.78,3763,58,0
2025-07-30 12:00:00+00:00,6386.91,6392.93,6374.27,6385.94,19528,56,0
2025-07-30 16:00:00+00:00,6386.17,6401.65,6339.1,6370.54,48021,57,0
2025-07-30 20:00:00+00:00,6370.39,6418.95,6366.39,6414.52,14947,56,0
2025-07-31 00:00:00+00:00,6414.48,6427.87,6411.47,6427.42,3606,56,0
2025-07-31 04:00:00+00:00,6427.41,6439.41,6423.24,6437.23,5202,57,0
2025-07-31 08:00:00+00:00,6437.23,6438.74,6420.55,6422.73,6044,58,0
2025-07-31 12:00:00+00:00,6422.95,6429.93,6374.07,6399.21,41009,56,0
2025-07-31 16:00:00+00:00,6399.06,6406.99,6330.3,6342.43,54069,57,0
2025-07-31 20:00:00+00:00,6342.68,6365.7,6322.6,6335.1,19607,57,0
2025-08-01 00:00:00+00:00,6334.87,6344.53,6318.6,6334.51,9739,57,0
2025-08-01 04:00:00+00:00,6334.56,6337.75,6284.89,6295.48,12894,58,0
2025-08-01 08:00:00+00:00,6295.54,6298.98,6267.87,6288.89,19163,57,0
2025-08-01 12:00:00+00:00,6288.66,6303.03,6216.67,6260.47,76648,57,0
2025-08-01 16:00:00+00:00,6260.63,6270.13,6214.11,6237.59,61878,57,0
2025-08-01 20:00:00+00:00,6237.36,6241.78,6236.12,6238.26,2099,60,0
2025-08-03 20:00:00+00:00,6232.24,6247.85,6227.57,6246.64,7242,58,0
2025-08-04 00:00:00+00:00,6246.48,6266.17,6245.15,6265.52,9280,56,0
2025-08-04 04:00:00+00:00,6265.48,6278.76,6255.04,6271.8,9976,56,0
2025-08-04 08:00:00+00:00,6271.99,6285.55,6270.38,6272.04,8709,58,0
2025-08-04 12:00:00+00:00,6272.44,6322.96,6270.61,6321.23,27691,55,0
2025-08-04 16:00:00+00:00,6321.46,6334.01,6315.89,6332.62,15170,57,0
2025-08-04 20:00:00+00:00,6332.78,6348.0,6330.86,6340.56,4542,58,0
2025-08-05 00:00:00+00:00,6340.4,6352.02,6336.57,6341.66,5957,57,0
2025-08-05 04:00:00+00:00,6341.73,6353.65,6337.1,6338.13,5275,57,0
2025-08-05 08:00:00+00:00,6338.34,6351.03,6334.98,6348.53,6723,57,0
2025-08-05 12:00:00+00:00,6348.76,6352.98,6292.17,6301.83,46988,56,0
2025-08-05 16:00:00+00:00,6301.6,6324.68,6299.31,6302.03,29801,57,0
2025-08-05 20:00:00+00:00,6301.86,6309.26,6290.79,6294.28,7439,57,0
2025-08-06 00:00:00+00:00,6294.08,6318.94,6293.3,6317.71,7216,57,0
2025-08-06 04:00:00+00:00,6317.74,6335.58,6317.25,6334.83,6495,57,0
2025-08-06 08:00:00+00:00,6334.95,6335.59,6309.41,6316.16,10463,57,0
2025-08-06 12:00:00+00:00,6316.16,6352.11,6303.43,6349.17,44170,56,0
2025-08-06 16:00:00+00:00,6349.35,6356.82,6340.91,6349.17,18926,57,0
2025-08-06 20:00:00+00:00,6349.33,6365.45,6342.76,6358.7,5725,58,0
2025-08-07 00:00:00+00:00,6358.52,6369.66,6356.51,6365.71,4696,57,0
2025-08-07 04:00:00+00:00,6365.87,6373.54,6358.55,6372.54,6135,57,0
2025-08-07 08:00:00+00:00,6372.47,6404.77,6372.36,6384.37,10949,58,0
2025-08-07 12:00:00+00:00,6384.46,6392.47,6335.74,6341.52,49476,57,0
2025-08-07 16:00:00+00:00,6341.28,6348.13,6312.35,6345.88,42531,57,0
2025-08-07 20:00:00+00:00,6345.27,6361.11,6344.6,6355.2,5243,58,0
2025-08-08 00:00:00+00:00,6355.17,6366.1,6352.92,6360.11,4344,57,0
2025-08-08 04:00:00+00:00,6359.95,6360.86,6347.48,6355.03,6137,58,0
2025-08-08 08:00:00+00:00,6354.86,6368.08,6354.86,6367.17,4138,59,0
2025-08-08 12:00:00+00:00,6367.33,6391.04,6354.91,6384.03,27242,57,0
2025-08-08 16:00:00+00:00,6383.87,6397.04,6381.11,6392.11,17320,57,0
2025-08-08 20:00:00+00:00,6392.26,6403.99,6391.62,6401.0,1297,59,0
2025-08-10 20:00:00+00:00,6402.97,6404.87,6393.16,6394.67,2601,58,0
2025-08-11 00:00:00+00:00,6394.66,6409.39,6394.49,6404.66,3760,57,0
2025-08-11 04:00:00+00:00,6404.66,6408.22,6392.35,6394.59,3990,58,0
2025-08-11 08:00:00+00:00,6394.34,6405.42,6388.56,6404.31,5370,58,0
2025-08-11 12:00:00+00:00,6404.47,6406.49,6386.67,6400.09,21285,57,0
2025-08-11 16:00:00+00:00,6400.32,6411.25,6367.66,6380.32,20015,58,0
2025-08-11 20:00:00+00:00,6380.15,6381.58,6373.66,6379.54,3348,59,0
2025-08-12 00:00:00+00:00,6379.39,6387.34,6377.64,6385.41,4861,57,0
2025-08-12 04:00:00+00:00,6385.38,6391.54,6372.91,6389.01,8472,57,0
2025-08-12 08:00:00+00:00,6389.16,6389.69,6372.02,6378.75,4915,58,0
2025-08-12 12:00:00+00:00,6378.89,6434.11,6378.25,6433.63,48479,57,0
2025-08-12 16:00:00+00:00,6433.47,6450.44,6429.96,6448.29,10482,58,0
2025-08-12 20:00:00+00:00,6448.54,6453.78,6445.45,6452.64,2668,58,0
2025-08-13 00:00:00+00:00,6452.47,6453.09,6442.46,6447.67,3178,57,0
2025-08-13 04:00:00+00:00,6447.7,6458.28,6444.46,6457.29,3255,58,0
2025-08-13 08:00:00+00:00,6457.5,6465.52,6455.86,6462.35,3927,60,0
2025-08-13 12:00:00+00:00,6462.51,6483.53,6451.86,6455.53,23814,58,0
2025-08-13 16:00:00+00:00,6455.76,6472.21,6447.89,6470.24,18777,58,0
2025-08-13 20:00:00+00:00,6470.06,6474.21,6461.34,6468.85,2366,59,0
2025-08-14 00:00:00+00:00,6468.93,6470.75,6463.0,6464.33,3374,58,0
2025-08-14 04:00:00+00:00,6464.44,6467.26,6458.55,6466.33,3757,58,0
2025-08-14 08:00:00+00:00,6466.17,6472.28,6465.15,6472.12,2747,60,0
2025-08-14 12:00:00+00:00,6472.0,6476.58,6434.41,6460.9,38858,58,0
2025-08-14 16:00:00+00:00,6461.04,6477.27,6446.88,6470.27,20535,58,0
2025-08-14 20:00:00+00:00,6470.5,6475.44,6462.86,6471.42,4599,59,0
2025-08-15 00:00:00+00:00,6471.64,6482.78,6468.29,6482.24,3454,58,0
2025-08-15 04:00:00+00:00,6482.25,6489.71,6482.25,6487.26,3529,58,0
2025-08-15 08:00:00+00:00,6487.26,6489.67,6472.28,6481.67,4833,59,0
2025-08-15 12:00:00+00:00,6481.88,6482.43,6443.76,6452.66,31392,58,0
2025-08-15 16:00:00+00:00,6452.51,6467.43,6449.29,6453.77,19636,58,0
2025-08-15 20:00:00+00:00,6453.92,6454.41,6446.05,6448.67,1250,59,0
2025-08-17 20:00:00+00:00,6451.14,6466.19,6450.89,6464.58,2097,58,0
2025-08-18 00:00:00+00:00,6464.45,6467.91,6463.46,6464.41,2117,57,0
2025-08-18 04:00:00+00:00,6464.41,6464.87,6443.07,6449.32,5809,57,0
2025-08-18 08:00:00+00:00,6449.1,6451.19,6439.45,6448.56,6653,59,0
2025-08-18 12:00:00+00:00,6448.35,6458.98,6442.58,6447.07,22614,58,0
2025-08-18 16:00:00+00:00,6446.84,6458.47,6441.49,6452.82,13971,58,0
2025-08-18 20:00:00+00:00,6452.98,6462.13,6449.82,6456.21,2764,58,0
2025-08-19 00:00:00+00:00,6456.2,6456.41,6444.21,6444.71,5332,58,0
2025-08-19 04:00:00+00:00,6444.88,6446.52,6438.96,6445.04,3618,58,0
2025-08-19 08:00:00+00:00,6445.24,6453.54,6442.61,6451.86,4308,59,0
2025-08-19 12:00:00+00:00,6451.63,6460.81,6424.17,6427.36,30239,58,0
2025-08-19 16:00:00+00:00,6427.53,6430.96,6404.02,6417.19,23345,57,0
2025-08-19 20:00:00+00:00,6417.43,6422.55,6409.5,6412.43,4687,58,0
2025-08-20 00:00:00+00:00,6412.48,6412.71,6394.31,6395.48,6648,58,0
2025-08-20 04:00:00+00:00,6395.31,6410.35,6394.26,6404.85,5971,57,0
2025-08-20 08:00:00+00:00,6405.05,6414.28,6397.46,6409.14,6612,58,0
2025-08-20 12:00:00+00:00,6408.91,6414.94,6347.93,6370.32,56490,57,0
2025-08-20 16:00:00+00:00,6370.03,6408.75,6369.4,6398.62,40443,58,0
2025-08-20 20:00:00+00:00,6398.88,6403.04,6393.32,6396.52,4381,58,0
2025-08-21 00:00:00+00:00,6396.35,6404.06,6386.35,6399.1,6935,57,0
2025-08-21 04:00:00+00:00,6399.07,6404.06,6392.13,6398.33,6879,58,0
2025-08-21 08:00:00+00:00,6398.33,6401.9,6379.48,6383.14,10063,58,0
2025-08-21 12:00:00+00:00,6382.77,6397.59,6361.03,6373.47,53824,56,0
2025-08-21 16:00:00+00:00,6373.24,6383.18,6355.82,6373.46,31969,58,0
2025-08-21 20:00:00+00:00,6373.62,6384.31,6371.44,6383.88,3179,58,0
2025-08-22 00:00:00+00:00,6383.63,6385.01,6371.14,6372.27,7584,58,0
2025-08-22 04:00:00+00:00,6372.12,6377.13,6349.63,6376.27,7894,58,0
2025-08-22 08:00:00+00:00,6376.13,6391.63,6374.73,6385.63,5874,58,0
2025-08-22 12:00:00+00:00,6385.48,6481.88,6384.96,6470.88,68987,57,0
2025-08-22 16:00:00+00:00,6471.09,6480.88,6459.49,6469.47,23556,58,0
2025-08-22 20:00:00+00:00,6469.24,6472.39,6465.96,6470.13,1125,59,0
2025-08-24 20:00:00+00:00,6476.06,6476.5,6467.09,6471.22,3394,50,0
2025-08-25 00:00:00+00:00,6471.28,6475.24,6459.56,6465.8,4797,50,0
2025-08-25 04:00:00+00:00,6465.63,6470.5,6459.81,6462.01,4132,42,0
2025-08-25 08:00:00+00:00,6461.81,6463.64,6450.74,6456.17,4494,42,0
2025-08-25 12:00:00+00:00,6456.12,6468.48,6449.0,6467.49,28576,30,0
2025-08-25 16:00:00+00:00,6467.32,6470.73,6441.27,6442.51,14164,30,0
2025-08-25 20:00:00+00:00,6442.46,6451.94,6440.77,6448.24,2544,34,0
2025-08-26 00:00:00+00:00,6448.22,6451.69,6419.54,6435.74,15239,50,0
2025-08-26 04:00:00+00:00,6435.8,6443.78,6424.24,6431.32,11901,42,0
2025-08-26 08:00:00+00:00,6431.43,6442.73,6430.52,6438.39,8620,42,0
2025-08-26 12:00:00+00:00,6438.24,6451.17,6432.41,6445.87,36432,30,0
2025-08-26 16:00:00+00:00,6445.76,6474.18,6442.78,6470.52,17432,30,0
2025-08-26 20:00:00+00:00,6470.68,6478.76,6468.74,6476.56,2231,30,0
2025-08-27 00:00:00+00:00,6476.55,6478.96,6473.45,6477.25,1769,50,0
2025-08-27 04:00:00+00:00,6477.25,6478.48,6468.74,6472.62,3412,42,0
2025-08-27 08:00:00+00:00,6472.6,6477.67,6468.24,6476.26,3929,42,0
2025-08-27 12:00:00+00:00,6476.04,6485.7,6462.5,6484.23,22035,30,0
2025-08-27 16:00:00+00:00,6484.07,6492.79,6472.29,6484.85,12742,30,0
2025-08-27 20:00:00+00:00,6484.79,6495.03,6449.87,6466.71,28074,34,0
2025-08-28 00:00:00+00:00,6466.54,6484.48,6461.84,6483.04,4211,50,0
2025-08-28 04:00:00+00:00,6483.01,6495.08,6475.78,6495.08,5839,42,0
2025-08-28 08:00:00+00:00,6495.05,6497.62,6481.73,6488.51,6248,42,0
2025-08-28 12:00:00+00:00,6488.29,6499.51,6472.07,6489.23,46788,30,0
2025-08-28 16:00:00+00:00,6489.07,6514.52,6488.32,6508.61,13318,30,0
2025-08-28 20:00:00+00:00,6508.39,6510.52,6503.19,6505.86,3075,30,0
2025-08-29 00:00:00+00:00,6505.7,6508.15,6501.44,6503.4,2525,50,0
2025-08-29 04:00:00+00:00,6503.4,6504.35,6494.6,6494.77,3522,42,0
2025-08-29 08:00:00+00:00,6494.63,6496.28,6480.61,6487.43,8121,42,0
2025-08-29 12:00:00+00:00,6487.18,6497.19,6447.15,6453.92,53058,30,0
2025-08-29 16:00:00+00:00,6453.69,6467.51,6450.42,6466.36,21964,30,0
2025-08-29 20:00:00+00:00,6466.31,6470.48,6462.33,6467.11,1919,34,0
2025-08-31 20:00:00+00:00,6474.19,6483.79,6468.56,6482.3,2742,50,0
2025-09-01 00:00:00+00:00,6482.44,6485.3,6462.64,6464.48,4888,50,0
2025-09-01 04:00:00+00:00,6464.34,6471.94,6453.67,6470.18,9957,42,0
2025-09-01 08:00:00+00:00,6470.02,6479.18,6464.51,6466.67,6184,42,0
2025-09-01 12:00:00+00:00,6466.54,6478.26,6462.34,6476.62,4607,30,0
2025-09-01 16:00:00+00:00,6476.4,6478.27,6473.37,6477.26,709,30,0
2025-09-01 20:00:00+00:00,6475.5,6475.83,6459.65,6463.76,2123,50,0
2025-09-02 00:00:00+00:00,6463.65,6470.1,6457.89,6462.6,4675,50,0
2025-09-02 04:00:00+00:00,6462.6,6466.46,6421.89,6424.35,14697,42,0
2025-09-02 08:00:00+00:00,6424.41,6440.01,6414.81,6416.62,18859,42,0
2025-09-02 12:00:00+00:00,6416.39,6419.86,6367.12,6370.3,88752,30,0
2025-09-02 16:00:00+00:00,6370.13,6422.91,6368.2,6421.27,30886,30,0
2025-09-02 20:00:00+00:00,6421.43,6443.94,6419.73,6431.58,11437,30,0
2025-09-03 00:00:00+00:00,6431.42,6432.09,6422.34,6426.05,3976,50,0
2025-09-03 04:00:00+00:00,6426.05,6439.9,6420.45,6438.64,7035,42,0
2025-09-03 08:00:00+00:00,6438.6,6456.12,6437.31,6445.74,8092,42,0
2025-09-03 12:00:00+00:00,6445.86,6460.46,6433.86,6442.01,43136,30,0
2025-09-03 16:00:00+00:00,6441.8,6455.14,6422.56,6453.89,34280,30,0
2025-09-03 20:00:00+00:00,6453.92,6458.62,6451.11,6452.12,2568,39,0
2025-09-04 00:00:00+00:00,6452.1,6468.51,6450.86,6456.81,5202,50,0
2025-09-04 04:00:00+00:00,6456.83,6465.97,6454.93,6462.48,6977,42,0
2025-09-04 08:00:00+00:00,6462.32,6470.23,6459.08,6461.97,6551,42,0
2025-09-04 12:00:00+00:00,6462.19,6483.91,6452.62,6479.77,40003,30,0
2025-09-04 16:00:00+00:00,6479.62,6509.56,6476.12,6507.57,12192,30,0
2025-09-04 20:00:00+00:00,6507.8,6514.18,6505.37,6511.82,3998,34,0
2025-09-05 00:00:00+00:00,6511.96,6517.16,6511.0,6516.5,2100,50,0
2025-09-05 04:00:00+00:00,6516.5,6527.0,6515.71,6518.7,4257,42,0
2025-09-05 08:00:00+00:00,6518.49,6523.61,6513.89,6513.89,4358,42,0
2025-09-05 12:00:00+00:00,6514.06,6538.26,6448.23,6471.95,121119,30,0
2025-09-05 16:00:00+00:00,6471.79,6488.13,6460.74,6487.39,48304,30,0
2025-09-05 20:00:00+00:00,6487.32,6487.66,6481.53,6484.16,1253,34,0
2025-09-07 20:00:00+00:00,6487.23,6504.35,6478.6,6503.35,4741,50,0
2025-09-08 00:00:00+00:00,6503.24,6505.6,6493.32,6497.28,4845,50,0
2025-09-08 04:00:00+00:00,6497.12,6506.06,6490.98,6499.33,6034,42,0
2025-09-08 08:00:00+00:00,6499.54,6507.31,6497.9,6499.81,4603,42,0
2025-09-08 12:00:00+00:00,6500.04,6515.09,6494.45,6510.65,30950,30,0
2025-09-08 16:00:00+00:00,6510.54,6510.83,6488.9,6505.28,23305,30,0
2025-09-08 20:00:00+00:00,6505.49,6513.18,6503.38,6508.66,2502,34,0
2025-09-09 00:00:00+00:00,6508.68,6514.93,6503.32,6514.18,2538,50,0
2025-09-09 04:00:00+00:00,6514.02,6522.92,6507.79,6514.27,3982,42,0
2025-09-09 08:00:00+00:00,6514.5,6515.52,6506.55,6513.05,5862,42,0
2025-09-09 12:00:00+00:00,6512.84,6514.47,6488.61,6498.82,43228,30,0
2025-09-09 16:00:00+00:00,6498.98,6525.54,6497.82,6520.53,15425,30,0
2025-09-09 20:00:00+00:00,6520.55,6537.19,6516.1,6530.2,5833,34,0
2025-09-10 00:00:00+00:00,6530.05,6537.45,6529.25,6537.24,3190,50,0
2025-09-10 04:00:00+00:00,6537.41,6543.59,6535.49,6541.05,4213,42,0
2025-09-10 08:00:00+00:00,6540.91,6545.34,6529.53,6543.66,5689,42,0
2025-09-10 12:00:00+00:00,6543.46,6565.17,6539.92,6549.42,43302,30,0
2025-09-10 16:00:00+00:00,6549.58,6550.8,6522.72,6538.87,25416,30,0
2025-09-10 20:00:00+00:00,6538.64,6548.11,6535.58,6545.84,2803,30,0
2025-09-11 00:00:00+00:00,6545.69,6547.65,6539.9,6546.27,3362,50,0
2025-09-11 04:00:00+00:00,6546.19,6549.73,6537.41,6549.06,5823,42,0
2025-09-11 08:00:00+00:00,6548.86,6555.47,6546.57,6553.47,4062,42,0
2025-09-11 12:00:00+00:00,6553.33,6594.22,6536.49,6588.92,41733,30,0
2025-09-11 16:00:00+00:00,6589.08,6600.18,6585.17,6592.52,14397,30,0
2025-09-11 20:00:00+00:00,6592.47,6595.53,6590.75,6593.87,2854,34,0
2025-09-12 00:00:00+00:00,6593.64,6594.26,6587.33,6591.53,2251,50,0
2025-09-12 04:00:00+00:00,6591.76,6595.28,6584.15,6585.14,3884,42,0
2025-09-12 08:00:00+00:00,6584.98,6589.98,6576.13,6589.81,6031,42,0
2025-09-12 12:00:00+00:00,6589.59,6599.03,6585.05,6590.37,20365,30,0
2025-09-12 16:00:00+00:00,6590.14,6606.84,6584.36,6588.58,28133,30,0
2025-09-12 20:00:00+00:00,6588.73,6590.66,6586.29,6588.78,3638,30,0
2025-09-14 20:00:00+00:00,6591.91,6594.3,6587.2,6590.06,1687,50,0
2025-09-15 00:00:00+00:00,6590.05,6595.3,6586.84,6593.8,3034,50,0
2025-09-15 04:00:00+00:00,6593.8,6603.43,6593.8,6600.69,3645,42,0
2025-09-15 08:00:00+00:00,6600.79,6604.86,6588.26,6604.4,10496,42,0
2025-09-15 12:00:00+00:00,6604.27,6626.25,6603.79,6621.56,27832,30,0
2025-09-15 16:00:00+00:00,6621.72,6625.9,6609.35,6625.12,22694,30,0
2025-09-15 20:00:00+00:00,6625.35,6625.61,6617.55,6623.79,3125,30,0
2025-09-16 00:00:00+00:00,6623.61,6631.3,6619.09,6631.05,2425,50,0
2025-09-16 04:00:00+00:00,6631.05,6634.8,6628.87,6634.01,4187,42,0
2025-09-16 08:00:00+00:00,6633.78,6642.93,6633.45,6635.21,4780,42,0
2025-09-16 12:00:00+00:00,6635.27,6635.59,6606.66,6612.31,29151,30,0
2025-09-16 16:00:00+00:00,6612.1,6622.48,6610.31,6614.73,14671,30,0
2025-09-16 20:00:00+00:00,6614.57,6621.0,6613.82,6619.05,1731,30,0
2025-09-17 00:00:00+00:00,6619.02,6621.0,6611.29,6612.0,2207,50,0
2025-09-17 04:00:00+00:00,6612.14,6619.7,6609.08,6618.19,4269,29,0
2025-09-17 08:00:00+00:00,6618.04,6618.45,6600.58,6609.76,9868,29,0
2025-09-17 12:00:00+00:00,6609.92,6622.45,6603.48,6608.23,24167,21,0
2025-09-17 16:00:00+00:00,6608.06,6632.54,6556.65,6607.0,195921,21,0
2025-09-17 20:00:00+00:00,6606.86,6631.58,6606.08,6630.4,8848,21,0
2025-09-18 00:00:00+00:00,6630.4,6638.41,6624.16,6637.7,3703,50,0
2025-09-18 04:00:00+00:00,6637.7,6647.92,6626.65,6646.53,7252,29,0
2025-09-18 08:00:00+00:00,6646.47,6666.57,6644.9,6657.12,12686,29,0
2025-09-18 12:00:00+00:00,6657.28,6664.89,6617.4,6640.77,52815,21,0
2025-09-18 16:00:00+00:00,6640.62,6658.46,6635.06,6638.95,25041,21,0
2025-09-18 20:00:00+00:00,6639.2,6652.93,6637.98,6650.7,3229,21,0
2025-09-19 00:00:00+00:00,6650.87,6653.19,6641.52,6644.95,5280,50,0
2025-09-19 04:00:00+00:00,6645.11,6646.08,6627.22,6635.83,9403,29,0
2025-09-19 08:00:00+00:00,6635.77,6647.7,6635.01,6647.57,7931,29,0
2025-09-19 12:00:00+00:00,6647.51,6660.13,6634.2,6646.26,37982,21,0
2025-09-19 16:00:00+00:00,6646.08,6678.91,6646.06,6669.26,15262,21,0
2025-09-19 20:00:00+00:00,6669.22,6672.34,6665.66,6666.45,1716,24,0
2025-09-21 20:00:00+00:00,6665.29,6670.12,6661.65,6663.86,1910,50,0
2025-09-22 00:00:00+00:00,6664.07,6669.11,6659.69,6667.63,3375,50,0
2025-09-22 04:00:00+00:00,6667.47,6667.88,6645.0,6651.72,5963,29,0
2025-09-22 08:00:00+00:00,6651.88,6660.88,6648.7,6653.19,8428,29,0
2025-09-22 12:00:00+00:00,6653.0,6686.94,6648.19,6679.27,19308,21,0
2025-09-22 16:00:00+00:00,6679.42,6706.38,6678.99,6701.26,12985,21,0
2025-09-22 20:00:00+00:00,6701.31,6701.95,6694.45,6701.07,2646,24,0
2025-09-23 00:00:00+00:00,6701.24,6703.05,6698.8,6701.55,2228,50,0
2025-09-23 04:00:00+00:00,6701.38,6704.0,6696.55,6699.84,4669,29,0
2025-09-23 08:00:00+00:00,6699.7,6704.76,6694.31,6701.07,5611,29,0
2025-09-23 12:00:00+00:00,6701.21,6706.53,6687.85,6688.36,23681,21,0
2025-09-23 16:00:00+00:00,6688.52,6691.29,6651.1,6665.12,39901,21,0
2025-09-23 20:00:00+00:00,6665.32,6673.1,6662.43,6669.08,3068,24,0
2025-09-24 00:00:00+00:00,6668.92,6670.13,6663.42,6669.97,3394,50,0
2025-09-24 04:00:00+00:00,6670.13,6679.38,6666.36,6677.29,4365,29,0
2025-09-24 08:00:00+00:00,6677.49,6679.53,6672.63,6676.63,5527,29,0
2025-09-24 12:00:00+00:00,6676.42,6679.33,6634.99,6636.11,33276,21,0
2025-09-24 16:00:00+00:00,6636.28,6650.51,6629.46,6642.18,25451,21,0
2025-09-24 20:00:00+00:00,6642.39,6650.53,6642.25,6650.37,1900,24,0
2025-09-25 00:00:00+00:00,6650.13,6657.58,6649.62,6656.83,2025,50,0
2025-09-25 04:00:00+00:00,6656.87,6657.56,6635.36,6644.82,5711,29,0
2025-09-25 08:00:00+00:00,6644.88,6648.98,6614.06,6616.11,14129,29,0
2025-09-25 12:00:00+00:00,6615.96,6626.52,6583.1,6622.05,64618,21,0
2025-09-25 16:00:00+00:00,6622.01,6624.84,6576.4,6612.45,50140,21,0
2025-09-25 20:00:00+00:00,6612.61,6621.31,6610.41,6611.86,5510,24,0
2025-09-26 00:00:00+00:00,6611.67,6616.59,6606.9,6610.86,4846,50,0
2025-09-26 04:00:00+00:00,6610.67,6627.3,6606.11,6623.41,9749,29,0
2025-09-26 08:00:00+00:00,6623.53,6625.8,6609.89,6619.12,13524,29,0
2025-09-26 12:00:00+00:00,6618.91,6655.82,6610.4,6618.16,80731,21,0
2025-09-26 16:00:00+00:00,6618.22,6653.55,6616.4,6649.4,33967,21,0
2025-09-26 20:00:00+00:00,6649.15,6655.74,6648.38,6651.02,1157,27,0
2025-09-28 20:00:00+00:00,6652.99,6662.68,6652.4,6660.76,2567,50,0
2025-09-29 00:00:00+00:00,6660.94,6671.93,6659.36,6671.04,3841,50,0
2025-09-29 04:00:00+00:00,6671.19,6681.94,6670.37,6679.27,5355,29,0
2025-09-29 08:00:00+00:00,6679.07,6691.2,6678.51,6683.78,7717,29,0
2025-09-29 12:00:00+00:00,6683.55,6690.93,6662.12,6666.77,40848,21,0
2025-09-29 16:00:00+00:00,6666.61,6670.88,6651.22,6669.36,25653,21,0
2025-09-29 20:00:00+00:00,6669.2,6670.57,6662.25,6666.78,2467,24,0
2025-09-30 00:00:00+00:00,6666.64,6672.09,6662.41,6668.84,4626,50,0
2025-09-30 04:00:00+00:00,6668.85,6671.61,6650.45,6657.98,7257,29,0
2025-09-30 08:00:00+00:00,6657.72,6661.04,6651.37,6656.88,12132,29,0
2025-09-30 12:00:00+00:00,6657.02,6669.07,6648.44,6662.55,51256,21,0
2025-09-30 16:00:00+00:00,6662.41,6699.06,6649.66,6692.3,33416,21,0
2025-09-30 20:00:00+00:00,6692.53,6694.06,6676.15,6679.34,6494,27,0
2025-10-01 00:00:00+00:00,6679.51,6680.6,6661.57,6664.28,5288,50,0
2025-10-01 04:00:00+00:00,6664.13,6666.01,6635.8,6642.94,12099,29,0
2025-10-01 08:00:00+00:00,6642.87,6670.66,6639.26,6669.69,14185,29,0
2025-10-01 12:00:00+00:00,6669.63,6703.38,6657.49,6701.29,49147,21,0
2025-10-01 16:00:00+00:00,6701.38,6725.61,6695.48,6717.12,14476,21,0
2025-10-01 20:00:00+00:00,6716.97,6718.31,6711.33,6716.5,2438,21,0
2025-10-02 00:00:00+00:00,6716.57,6728.56,6715.68,6724.68,3853,50,0
2025-10-02 04:00:00+00:00,6724.47,6728.3,6720.67,6724.89,8092,29,0
2025-10-02 08:00:00+00:00,6725.04,6735.29,6722.63,6734.66,8733,29,0
2025-10-02 12:00:00+00:00,6734.69,6739.03,6698.35,6714.07,48551,21,0
2025-10-02 16:00:00+00:00,6713.84,6728.01,6705.81,6723.03,17374,21,0
2025-10-02 20:00:00+00:00,6723.24,6726.17,6715.56,6726.0,2221,24,0
2025-10-03 00:00:00+00:00,6726.14,6737.48,6723.8,6736.75,3185,50,0
2025-10-03 04:00:00+00:00,6736.62,6742.41,6733.79,6741.02,4064,29,0
2025-10-03 08:00:00+00:00,6740.81,6744.19,6729.01,6730.87,6531,29,0
2025-10-03 12:00:00+00:00,6730.76,6756.27,6723.29,6755.2,32100,21,0
2025-10-03 16:00:00+00:00,6755.28,6757.03,6711.65,6721.71,42097,21,0
2025-10-03 20:00:00+00:00,6721.94,6723.44,6717.23,6719.88,1647,24,0
2025-10-05 20:00:00+00:00,6725.91,6741.9,6725.41,6737.15,3928,50,0
2025-10-06 00:00:00+00:00,6737.15,6744.35,6733.39,6742.26,3878,50,0
2025-10-06 04:00:00+00:00,6742.22,6746.41,6730.45,6736.97,8778,29,0
2025-10-06 08:00:00+00:00,6736.91,6752.34,6736.67,6746.69,12850,29,0
2025-10-06 12:00:00+00:00,6746.74,6752.88,6725.77,6749.52,36577,21,0
2025-10-06 16:00:00+00:00,6749.67,6756.66,6744.5,6747.5,14229,21,0
2025-10-06 20:00:00+00:00,6747.65,6752.3,6736.47,6738.63,3319,24,0
2025-10-07 00:00:00+00:00,6738.47,6742.41,6735.47,6741.43,3038,50,0
2025-10-07 04:00:00+00:00,6741.27,6746.43,6735.14,6739.29,5691,29,0
2025-10-07 08:00:00+00:00,6739.5,6751.04,6733.5,6751.03,5920,29,0
2025-10-07 12:00:00+00:00,6750.89,6762.03,6707.15,6712.58,46669,21,0
2025-10-07 16:00:00+00:00,6712.8,6724.66,6706.07,6721.46,37824,21,0
2025-10-07 20:00:00+00:00,6721.58,6729.45,6718.2,6718.77,3277,27,0
2025-10-08 00:00:00+00:00,6718.72,6731.9,6717.75,6730.96,4391,50,0
2025-10-08 04:00:00+00:00,6731.15,6732.34,6718.72,6730.88,4913,29,0
2025-10-08 08:00:00+00:00,6731.12,6736.34,6723.73,6733.95,5245,29,0
2025-10-08 12:00:00+00:00,6733.72,6760.99,6724.32,6759.22,25670,21,0
2025-10-08 16:00:00+00:00,6759.42,6762.65,6752.3,6761.67,13988,21,0
2025-10-08 20:00:00+00:00,6761.47,6772.05,6759.74,6769.0,2670,24,0
2025-10-09 00:00:00+00:00,6768.85,6768.85,6754.56,6757.34,4242,50,0
2025-10-09 04:00:00+00:00,6757.49,6767.3,6757.3,6761.49,5908,29,0
2025-10-09 08:00:00+00:00,6761.34,6765.73,6755.85,6760.06,6401,29,0
2025-10-09 12:00:00+00:00,6760.21,6769.54,6728.86,6742.53,39936,21,0
2025-10-09 16:00:00+00:00,6742.76,6745.29,6721.1,6741.27,36729,21,0
2025-10-09 20:00:00+00:00,6741.1,6749.41,6735.51,6749.2,3028,24,0
2025-10-10 00:00:00+00:00,6749.38,6752.7,6744.7,6745.7,3016,50,0
2025-10-10 04:00:00+00:00,6745.78,6752.45,6739.25,6746.33,7676,29,0
2025-10-10 08:00:00+00:00,6746.4,6750.12,6732.71,6747.88,10954,29,0
2025-10-10 12:00:00+00:00,6747.82,6766.52,6619.65,6643.88,238187,21,0
2025-10-10 16:00:00+00:00,6643.73,6652.86,6552.75,6555.93,226396,21,0
2025-10-10 20:00:00+00:00,6555.8,6567.99,6507.4,6511.14,17014,27,0
2025-10-12 20:00:00+00:00,6625.47,6638.78,6606.47,6632.0,18633,50,0
2025-10-13 00:00:00+00:00,6631.85,6647.96,6625.11,6634.05,16631,50,0
2025-10-13 04:00:00+00:00,6634.2,6669.43,6633.25,6659.76,19628,29,0
2025-10-13 08:00:00+00:00,6659.82,6660.95,6616.5,6630.7,36907,29,0
2025-10-13 12:00:00+00:00,6630.63,6659.7,6623.27,6657.19,130134,21,0
2025-10-13 16:00:00+00:00,6657.44,6674.2,6644.32,6657.32,42201,21,0
2025-10-13 20:00:00+00:00,6657.45,6659.7,6651.47,6654.7,4530,27,0
2025-10-14 00:00:00+00:00,6654.7,6681.94,6652.99,6656.66,15103,50,0
2025-10-14 04:00:00+00:00,6656.7,6657.94,6587.51,6600.16,43502,29,0
2025-10-14 08:00:00+00:00,6599.99,6616.16,6569.75,6603.33,34851,29,0
2025-10-14 12:00:00+00:00,6603.19,6658.28,6557.62,6651.53,137881,21,0
2025-10-14 16:00:00+00:00,6651.74,6686.53,6630.14,6650.35,85784,21,0
2025-10-14 20:00:00+00:00,6650.12,6663.72,6636.54,6653.72,11755,24,0
2025-10-15 00:00:00+00:00,6653.6,6670.31,6648.05,6661.83,12486,50,0
2025-10-15 04:00:00+00:00,6661.85,6684.18,6660.88,6679.28,13712,29,0
2025-10-15 08:00:00+00:00,6679.08,6695.45,6678.54,6693.67,16256,29,0
2025-10-15 12:00:00+00:00,6693.63,6731.22,6666.54,6679.74,80704,21,0
2025-10-15 16:00:00+00:00,6679.58,6691.94,6615.93,6680.04,108016,21,0
2025-10-15 20:00:00+00:00,6679.83,6691.37,6673.73,6679.75,9126,24,0
2025-10-16 00:00:00+00:00,6679.52,6681.7,6667.71,6674.7,12010,50,0
2025-10-16 04:00:00+00:00,6674.7,6700.87,6673.7,6697.2,16559,29,0
2025-10-16 08:00:00+00:00,6696.99,6710.4,6691.46,6704.97,14666,29,0
2025-10-16 12:00:00+00:00,6704.83,6714.94,6666.78,6672.76,117439,21,0
2025-10-16 16:00:00+00:00,6672.63,6678.92,6596.97,6633.57,242703,21,0
2025-10-16 20:00:00+00:00,6633.43,6638.34,6607.48,6616.89,16867,27,0
2025-10-17 00:00:00+00:00,6616.72,6628.39,6601.72,6607.47,18143,50,0
2025-10-17 04:00:00+00:00,6607.63,6609.36,6537.17,6550.1,49379,29,0
2025-10-17 08:00:00+00:00,6550.3,6621.56,6537.17,6618.48,80544,29,0
2025-10-17 12:00:00+00:00,6618.59,6662.48,6606.49,6642.88,231989,21,0
2025-10-17 16:00:00+00:00,6642.71,6683.64,6631.0,6669.61,99589,21,0
2025-10-17 20:00:00+00:00,6669.55,6678.8,6667.42,6676.38,2570,24,0
2025-10-19 20:00:00+00:00,6689.23,6693.64,6668.8,6672.82,6311,50,0
2025-10-20 00:00:00+00:00,6672.59,6692.51,6661.92,6691.1,12476,50,0
2025-10-20 04:00:00+00:00,6691.2,6705.0,6689.88,6698.81,11971,29,0
2025-10-20 08:00:00+00:00,6698.87,6700.24,6679.32,6691.58,20352,29,0
2025-10-20 12:00:00+00:00,6691.37,6743.03,6688.57,6734.21,46541,21,0
2025-10-20 16:00:00+00:00,6734.37,6750.87,6730.7,6741.46,20849,21,0
2025-10-20 20:00:00+00:00,6741.23,6750.85,6737.95,6746.61,3154,21,0
2025-10-21 00:00:00+00:00,6746.49,6753.6,6744.43,6746.36,4627,50,0
2025-10-21 04:00:00+00:00,6746.19,6746.61,6732.32,6735.54,10240,29,0
2025-10-21 08:00:00+00:00,6735.64,6744.98,6731.78,6744.52,11220,29,0
2025-10-21 12:00:00+00:00,6744.38,6755.89,6727.68,6751.37,49167,21,0
2025-10-21 16:00:00+00:00,6751.12,6758.63,6735.94,6741.21,32351,21,0
2025-10-21 20:00:00+00:00,6740.96,6746.5,6733.63,6739.1,8348,24,0
2025-10-22 00:00:00+00:00,6739.21,6749.3,6733.65,6748.67,6495,50,0
2025-10-22 04:00:00+00:00,6748.81,6758.09,6744.74,6751.37,10693,29,0
2025-10-22 08:00:00+00:00,6751.17,6752.05,6735.13,6738.65,17015,29,0
2025-10-22 12:00:00+00:00,6738.78,6751.05,6702.21,6718.47,86178,21,0
2025-10-22 16:00:00+00:00,6718.52,6720.59,6659.29,6705.5,117092,21,0
2025-10-22 20:00:00+00:00,6705.65,6712.06,6696.37,6696.8,9445,27,0
2025-10-23 00:00:00+00:00,6696.69,6720.07,6687.38,6715.05,10238,50,0
2025-10-23 04:00:00+00:00,6714.89,6721.55,6708.17,6716.38,12569,29,0
2025-10-23 08:00:00+00:00,6716.53,6719.8,6693.47,6695.78,20097,29,0
2025-10-23 12:00:00+00:00,6695.63,6735.61,6689.86,6729.61,59201,21,0
2025-10-23 16:00:00+00:00,6729.45,6756.01,6728.47,6744.57,24485,64,0
2025-10-23 20:00:00+00:00,6744.71,6752.58,6743.75,6751.48,3540,64,0
2025-10-24 00:00:00+00:00,6751.45,6758.8,6747.75,6758.43,4071,64,0
2025-10-24 04:00:00+00:00,6758.43,6768.88,6755.94,6758.93,5517,54,0
2025-10-24 08:00:00+00:00,6759.01,6770.51,6754.61,6768.26,5964,64,0
2025-10-24 12:00:00+00:00,6768.38,6811.52,6764.28,6806.34,47490,52,0
2025-10-24 16:00:00+00:00,6806.5,6811.51,6794.49,6798.0,15450,64,0
2025-10-24 20:00:00+00:00,6798.1,6799.58,6794.68,6795.95,1135,72,0
2025-10-26 20:00:00+00:00,6845.44,6855.52,6838.72,6843.49,7535,64,0
2025-10-27 00:00:00+00:00,6843.28,6853.86,6840.18,6851.13,5659,64,0
2025-10-27 04:00:00+00:00,6850.98,6862.31,6849.25,6855.6,4449,61,0
2025-10-27 08:00:00+00:00,6855.74,6861.53,6849.34,6852.8,6645,64,0
2025-10-27 12:00:00+00:00,6852.6,6864.84,6849.56,6862.83,24978,52,0
2025-10-27 16:00:00+00:00,6862.98,6884.09,6860.44,6880.59,8852,64,0
2025-10-27 20:00:00+00:00,6880.33,6890.93,6879.75,6884.5,2838,64,0
2025-10-28 00:00:00+00:00,6884.3,6885.19,6879.49,6881.78,4090,64,0
2025-10-28 04:00:00+00:00,6881.55,6883.19,6875.87,6877.02,4693,54,0
2025-10-28 08:00:00+00:00,6877.15,6887.32,6875.15,6886.15,5764,64,0
2025-10-28 12:00:00+00:00,6886.29,6901.04,6876.9,6884.4,28127,46,0
2025-10-28 16:00:00+00:00,6884.56,6917.43,6884.4,6898.21,20884,64,0
2025-10-28 20:00:00+00:00,6898.33,6905.11,6894.26,6901.68,3638,64,0
2025-10-29 00:00:00+00:00,6901.84,6913.63,6898.63,6912.09,5875,64,0
2025-10-29 04:00:00+00:00,6911.92,6919.43,6907.13,6918.83,4261,54,0
2025-10-29 08:00:00+00:00,6918.58,6922.96,6905.09,6917.27,8740,64,0
2025-10-29 12:00:00+00:00,6917.11,6926.02,6906.46,6908.71,28391,46,0
2025-10-29 16:00:00+00:00,6908.55,6918.13,6857.44,6903.15,104761,64,0
2025-10-29 20:00:00+00:00,6902.99,6919.25,6877.29,6897.49,27795,64,0
2025-10-30 00:00:00+00:00,6897.74,6928.74,6897.59,6923.11,14018,64,0
2025-10-30 04:00:00+00:00,6922.86,6923.99,6876.32,6901.89,36731,64,0
2025-10-30 08:00:00+00:00,6902.05,6904.05,6879.28,6895.23,15725,64,0
2025-10-30 12:00:00+00:00,6895.39,6898.22,6841.69,6863.38,94477,46,0
2025-10-30 16:00:00+00:00,6863.32,6881.27,6827.34,6827.91,49143,64,0
2025-10-30 20:00:00+00:00,6827.76,6875.4,6825.8,6874.38,21171,64,0
2025-10-31 00:00:00+00:00,6874.41,6880.66,6865.18,6876.16,8151,64,0
2025-10-31 04:00:00+00:00,6876.0,6882.02,6869.09,6881.77,6264,64,0
2025-10-31 08:00:00+00:00,6882.0,6887.27,6869.36,6883.77,9843,72,0
2025-10-31 12:00:00+00:00,6883.61,6894.25,6848.95,6849.93,53422,52,0
2025-10-31 16:00:00+00:00,6849.68,6877.57,6821.06,6850.7,54602,64,0
2025-10-31 20:00:00+00:00,6850.48,6851.72,6843.92,6848.61,2606,72,0
2025-11-02 20:00:00+00:00,6857.27,6873.88,6855.69,6871.46,2419,64,0
2025-11-03 00:00:00+00:00,6871.56,6878.08,6860.82,6866.21,6509,64,0
2025-11-03 04:00:00+00:00,6866.05,6868.71,6853.55,6855.96,5569,64,0
2025-11-03 08:00:00+00:00,6855.8,6882.57,6853.14,6875.89,9071,64,0
2025-11-03 12:00:00+00:00,6876.05,6889.4,6828.69,6854.05,43648,52,0
2025-11-03 16:00:00+00:00,6854.21,6873.02,6848.85,6864.88,35907,64,0
2025-11-03 20:00:00+00:00,6865.02,6872.2,6855.44,6857.1,10298,64,0
2025-11-04 00:00:00+00:00,6856.96,6857.09,6832.78,6832.81,11008,64,0
2025-11-04 04:00:00+00:00,6832.95,6835.01,6792.09,6801.95,20030,64,0
2025-11-04 08:00:00+00:00,6802.08,6802.08,6767.0,6793.37,20157,54,0
2025-11-04 12:00:00+00:00,6793.48,6829.91,6776.29,6811.88,47603,46,0
2025-11-04 16:00:00+00:00,6811.81,6818.39,6774.89,6780.92,54072,64,0
2025-11-04 20:00:00+00:00,6781.15,6794.76,6774.04,6774.71,20181,64,0
2025-11-05 00:00:00+00:00,6774.94,6777.31,6730.65,6776.55,35224,64,0
2025-11-05 04:00:00+00:00,6776.71,6782.27,6764.08,6768.03,19521,64,0
2025-11-05 08:00:00+00:00,6768.26,6782.91,6754.57,6769.83,17272,54,0
2025-11-05 12:00:00+00:00,6770.03,6813.94,6764.92,6810.21,53335,46,0
2025-11-05 16:00:00+00:00,6810.37,6840.46,6799.1,6834.26,31335,64,0
2025-11-05 20:00:00+00:00,6834.03,6837.22,6802.81,6819.13,12163,64,0
2025-11-06 00:00:00+00:00,6819.27,6819.33,6791.57,6808.74,15767,64,0
2025-11-06 04:00:00+00:00,6808.52,6812.91,6792.37,6793.04,8938,64,0
2025-11-06 08:00:00+00:00,6792.92,6816.87,6787.0,6811.49,12650,54,0
2025-11-06 12:00:00+00:00,6811.34,6826.69,6735.26,6737.12,61776,46,0
2025-11-06 16:00:00+00:00,6737.35,6765.95,6715.15,6758.38,80993,64,0
2025-11-06 20:00:00+00:00,6758.59,6762.97,6724.22,6747.24,23385,64,0
2025-11-07 00:00:00+00:00,6747.02,6753.38,6720.97,6726.42,23030,64,0
2025-11-07 04:00:00+00:00,6726.28,6750.89,6715.0,6748.64,14585,64,0
2025-11-07 08:00:00+00:00,6748.47,6752.51,6697.44,6719.73,21542,54,0
2025-11-07 12:00:00+00:00,6719.71,6721.31,6659.29,6659.74,86702,46,0
2025-11-07 16:00:00+00:00,6659.62,6727.52,6639.19,6727.1,74964,64,0
2025-11-07 20:00:00+00:00,6726.88,6749.24,6706.93,6749.24,24194,64,0
2025-11-09 20:00:00+00:00,6773.05,6780.61,6764.22,6770.73,4552,64,0
2025-11-10 00:00:00+00:00,6770.68,6789.68,6757.93,6783.83,16856,64,0
2025-11-10 04:00:00+00:00,6783.69,6793.03,6783.63,6788.23,9220,64,0
2025-11-10 08:00:00+00:00,6788.43,6808.48,6782.37,6805.57,11065,54,0
2025-11-10 12:00:00+00:00,6805.77,6821.52,6790.6,6791.43,34306,46,0
2025-11-10 16:00:00+00:00,6791.56,6846.97,6779.55,6843.31,37118,64,0
2025-11-10 20:00:00+00:00,6843.08,6852.43,6840.6,6849.73,10635,64,0
2025-11-11 00:00:00+00:00,6849.55,6854.23,6844.73,6849.07,13287,64,0
2025-11-11 04:00:00+00:00,6849.18,6849.23,6832.78,6833.55,11575,64,0
2025-11-11 08:00:00+00:00,6833.31,6838.26,6826.65,6831.87,9926,54,0
2025-11-11 12:00:00+00:00,6832.01,6839.32,6818.3,6822.22,34527,52,0
2025-11-11 16:00:00+00:00,6822.45,6864.81,6818.58,6861.83,39205,64,0
2025-11-11 20:00:00+00:00,6862.04,6866.5,6853.66,6858.82,9268,64,0
2025-11-12 00:00:00+00:00,6858.67,6875.76,6858.18,6869.35,9865,64,0
2025-11-12 04:00:00+00:00,6869.12,6885.13,6863.85,6879.39,6105,64,0
2025-11-12 08:00:00+00:00,6879.58,6887.91,6869.91,6872.3,8687,54,0
2025-11-12 12:00:00+00:00,6872.0,6885.4,6848.2,6853.61,35392,46,0
2025-11-12 16:00:00+00:00,6853.84,6871.96,6839.45,6858.12,48587,64,0
2025-11-12 20:00:00+00:00,6857.96,6871.36,6839.05,6846.47,17130,64,0
2025-11-13 00:00:00+00:00,6846.63,6876.51,6846.25,6870.65,19397,64,0
2025-11-13 04:00:00+00:00,6870.42,6879.81,6868.17,6870.4,7917,64,0
2025-11-13 08:00:00+00:00,6870.58,6873.85,6846.59,6855.44,17045,61,0
2025-11-13 12:00:00+00:00,6855.31,6860.16,6781.69,6792.8,69537,52,0
2025-11-13 16:00:00+00:00,6792.57,6795.73,6733.51,6745.27,104097,64,0
2025-11-13 20:00:00+00:00,6745.5,6765.18,6733.6,6753.09,37526,64,0
2025-11-14 00:00:00+00:00,6752.91,6760.95,6748.04,6752.77,17224,64,0
2025-11-14 04:00:00+00:00,6752.94,6754.49,6719.52,6732.12,26931,64,0
2025-11-14 08:00:00+00:00,6732.24,6741.13,6690.7,6701.2,27202,54,0
2025-11-14 12:00:00+00:00,6701.09,6752.46,6657.54,6747.35,102241,46,0
2025-11-14 16:00:00+00:00,6747.23,6781.91,6733.99,6772.1,88281,64,0
2025-11-14 20:00:00+00:00,6772.24,6776.98,6737.7,6751.24,21546,64,0
2025-11-16 20:00:00+00:00,6751.99,6758.53,6728.85,6754.99,6158,64,0
2025-11-17 00:00:00+00:00,6754.82,6773.81,6744.3,6773.06,19427,64,0
2025-11-17 04:00:00+00:00,6772.9,6782.91,6766.0,6779.89,9254,64,0
2025-11-17 08:00:00+00:00,6780.16,6789.02,6752.42,6759.67,19411,54,0
2025-11-17 12:00:00+00:00,6759.65,6763.26,6715.34,6733.01,74829,46,0
2025-11-17 16:00:00+00:00,6733.14,6756.27,6651.4,6651.89,89186,64,0
2025-11-17 20:00:00+00:00,6651.76,6695.22,6645.85,6690.43,35924,64,0
2025-11-18 00:00:00+00:00,6690.67,6697.48,6661.25,6663.91,26525,64,0
2025-11-18 04:00:00+00:00,6663.75,6663.75,6624.53,6643.94,34193,64,0
2025-11-18 08:00:00+00:00,6643.87,6674.49,6643.12,6663.81,26932,54,0
2025-11-18 12:00:00+00:00,6663.65,6667.82,6592.4,6596.57,134073,46,0
2025-11-18 16:00:00+00:00,6596.51,6676.58,6582.94,6669.45,147249,64,0
2025-11-18 20:00:00+00:00,6669.61,6674.55,6613.86,6630.83,42174,64,0
2025-11-19 00:00:00+00:00,6630.67,6641.58,6611.65,6619.56,33936,64,0
2025-11-19 04:00:00+00:00,6619.79,6636.57,6602.65,6633.79,24476,64,0
2025-11-19 08:00:00+00:00,6633.66,6657.97,6624.3,6650.56,20429,54,0
2025-11-19 12:00:00+00:00,6650.33,6698.81,6625.19,6655.35,63522,46,0
2025-11-19 16:00:00+00:00,6655.51,6661.01,6613.18,6637.9,121940,64,0
2025-11-19 20:00:00+00:00,6637.77,6722.79,6635.28,6722.12,57502,64,0
2025-11-20 00:00:00+00:00,6721.92,6739.19,6718.15,6733.98,17882,64,0
2025-11-20 04:00:00+00:00,6733.84,6746.51,6729.2,6733.76,14459,64,0
2025-11-20 08:00:00+00:00,6733.99,6744.57,6714.56,6723.3,21996,61,0
2025-11-20 12:00:00+00:00,6723.45,6782.03,6716.54,6754.5,81959,46,0
2025-11-20 16:00:00+00:00,6754.65,6755.16,6563.44,6606.45,276822,64,0
2025-11-20 20:00:00+00:00,6606.25,6606.32,6531.87,6557.84,65579,64,0
2025-11-21 00:00:00+00:00,6557.7,6585.84,6553.67,6576.38,28792,64,0
2025-11-21 04:00:00+00:00,6576.48,6577.77,6543.43,6545.84,26982,64,0
2025-11-21 08:00:00+00:00,6546.3,6576.71,6517.06,6544.69,41761,54,0
2025-11-21 12:00:00+00:00,6544.58,6590.73,6523.8,6550.7,172583,46,0
2025-11-21 16:00:00+00:00,6550.54,6669.39,6533.57,6641.28,160583,64,0
2025-11-21 20:00:00+00:00,6641.04,6645.45,6606.09,6622.08,38034,64,0
2025-11-23 20:00:00+00:00,6651.55,6660.19,6644.04,6647.19,4869,64,0
2025-11-24 00:00:00+00:00,6647.06,6656.19,6631.28,6649.48,17089,64,0
2025-11-24 04:00:00+00:00,6649.35,6656.66,6639.77,6654.15,12551,64,0
2025-11-24 08:00:00+00:00,6653.71,6663.31,6619.23,6639.54,26656,64,0
2025-11-24 12:00:00+00:00,6639.43,6697.27,6633.3,6690.58,76687,64,0
2025-11-24 16:00:00+00:00,6690.71,6723.21,6690.71,6708.42,34986,64,0
2025-11-24 20:00:00+00:00,6708.65,6725.67,6708.29,6716.13,15943,64,0
2025-11-25 00:00:00+00:00,6715.88,6718.02,6707.87,6709.24,11609,64,0
2025-11-25 04:00:00+00:00,6709.3,6717.79,6705.08,6712.01,8819,64,0
2025-11-25 08:00:00+00:00,6711.91,6714.54,6695.76,6705.87,15240,64,0
2025-11-25 12:00:00+00:00,6705.78,6734.89,6668.71,6722.41,81693,64,0
2025-11-25 16:00:00+00:00,6722.26,6768.41,6712.71,6763.75,42724,64,0
2025-11-25 20:00:00+00:00,6763.91,6786.37,6763.77,6778.35,11036,64,0
2025-11-26 00:00:00+00:00,6778.43,6796.37,6775.18,6794.64,9308,64,0
2025-11-26 04:00:00+00:00,6794.47,6805.18,6790.77,6801.98,6240,64,0
2025-11-26 08:00:00+00:00,6801.75,6803.63,6788.1,6792.9,11194,64,0
2025-11-26 12:00:00+00:00,6792.95,6820.64,6781.92,6820.16,48138,64,0
2025-11-26 16:00:00+00:00,6820.01,6841.99,6819.45,6833.35,32712,64,0
2025-11-26 20:00:00+00:00,6833.49,6840.62,6820.72,6825.34,9925,64,0
2025-11-27 00:00:00+00:00,6825.1,6830.13,6823.13,6824.79,6103,64,0
2025-11-27 04:00:00+00:00,6824.85,6829.38,6821.38,6826.09,3585,64,0
2025-11-27 08:00:00+00:00,6825.95,6828.92,6820.51,6823.81,5189,64,0
2025-11-27 12:00:00+00:00,6823.81,6828.18,6821.3,6823.72,3960,64,0
2025-11-27 16:00:00+00:00,6823.95,6825.23,6821.56,6824.89,1146,64,0
2025-11-27 20:00:00+00:00,6827.31,6833.63,6826.57,6833.5,938,64,0
2025-11-28 00:00:00+00:00,6833.41,6838.37,6829.96,6831.96,1779,64,0
2025-11-28 12:00:00+00:00,6839.81,6850.06,6828.9,6848.54,13704,64,0
2025-11-28 16:00:00+00:00,6848.41,6861.06,6840.43,6854.76,14038,64,0
2025-11-30 20:00:00+00:00,6858.73,6863.4,6847.55,6851.94,4187,64,0
2025-12-01 00:00:00+00:00,6852.1,6853.23,6811.23,6814.43,23298,64,0
2025-12-01 04:00:00+00:00,6814.26,6816.44,6801.14,6814.94,11957,64,0
2025-12-01 08:00:00+00:00,6814.79,6828.68,6811.54,6818.55,13186,64,0
2025-12-01 12:00:00+00:00,6818.67,6843.08,6804.11,6841.03,49882,64,0
2025-12-01 16:00:00+00:00,6840.86,6854.53,6822.6,6826.61,32182,64,0
2025-12-01 20:00:00+00:00,6826.38,6835.03,6818.37,6824.41,13681,64,0
2025-12-02 00:00:00+00:00,6824.53,6832.78,6815.08,6823.79,11123,64,0
2025-12-02 04:00:00+00:00,6824.02,6825.52,6813.88,6818.79,8234,64,0
2025-12-02 08:00:00+00:00,6818.73,6848.36,6811.94,6842.85,8885,64,0
2025-12-02 12:00:00+00:00,6842.72,6861.37,6832.72,6859.71,34304,64,0
2025-12-02 16:00:00+00:00,6859.87,6862.88,6817.46,6847.73,50788,64,0
2025-12-02 20:00:00+00:00,6847.87,6853.1,6837.71,6845.93,9483,64,0
2025-12-03 00:00:00+00:00,6845.93,6856.89,6837.49,6855.93,7834,64,0
2025-12-03 04:00:00+00:00,6855.77,6857.61,6849.43,6852.51,4492,64,0
2025-12-03 08:00:00+00:00,6852.64,6856.0,6846.16,6850.55,7544,64,0
2025-12-03 12:00:00+00:00,6850.44,6862.2,6817.8,6847.19,57284,64,0
2025-12-03 16:00:00+00:00,6847.05,6871.08,6840.3,6869.65,26505,64,0
2025-12-03 20:00:00+00:00,6869.86,6872.52,6858.88,6863.37,5876,64,0
2025-12-04 00:00:00+00:00,6863.38,6866.58,6856.88,6860.19,6147,64,0
2025-12-04 04:00:00+00:00,6860.33,6868.31,6858.43,6865.38,3633,64,0
2025-12-04 08:00:00+00:00,6865.21,6869.72,6854.16,6865.17,8072,64,0
2025-12-04 12:00:00+00:00,6865.01,6880.66,6844.5,6855.76,38323,64,0
2025-12-04 16:00:00+00:00,6855.63,6870.72,6836.29,6855.27,35840,64,0
2025-12-04 20:00:00+00:00,6855.05,6868.98,6846.01,6863.38,10769,64,0
2025-12-05 00:00:00+00:00,6863.35,6880.51,6861.58,6877.63,6294,64,0
2025-12-05 04:00:00+00:00,6877.6,6883.63,6877.08,6881.63,3939,64,0
2025-12-05 08:00:00+00:00,6881.8,6886.18,6876.08,6880.12,5397,64,0
2025-12-05 12:00:00+00:00,6880.34,6904.92,6856.96,6887.63,27291,64,0
2025-12-05 16:00:00+00:00,6887.46,6892.13,6866.47,6883.42,34586,64,0
2025-12-05 20:00:00+00:00,6883.26,6883.87,6866.96,6880.37,6979,64,0
2025-12-07 20:00:00+00:00,6885.97,6887.81,6879.11,6882.88,2063,64,0
2025-12-08 00:00:00+00:00,6883.04,6891.63,6874.73,6890.42,6524,64,0
2025-12-08 04:00:00+00:00,6890.57,6895.31,6888.09,6892.33,3073,64,0
2025-12-08 08:00:00+00:00,6892.47,6892.66,6882.7,6884.11,5968,64,0
2025-12-08 12:00:00+00:00,6884.34,6894.62,6856.95,6857.87,23354,64,0
2025-12-08 16:00:00+00:00,6858.0,6865.72,6837.35,6845.4,30097,64,0
2025-12-08 20:00:00+00:00,6845.56,6871.68,6842.61,6871.39,8933,64,0
2025-12-09 00:00:00+00:00,6871.42,6871.43,6862.22,6865.93,6003,64,0
2025-12-09 04:00:00+00:00,6865.93,6867.92,6858.43,6867.38,4366,64,0
2025-12-09 08:00:00+00:00,6867.23,6871.21,6848.51,6864.86,10131,64,0
2025-12-09 12:00:00+00:00,6865.01,6871.82,6848.41,6867.36,25436,64,0
2025-12-09 16:00:00+00:00,6867.14,6876.29,6854.36,6858.52,19983,64,0
2025-12-09 20:00:00+00:00,6858.36,6860.82,6847.4,6850.59,6177,64,0
2025-12-10 00:00:00+00:00,6850.59,6855.02,6846.58,6851.31,3401,64,0
2025-12-10 04:00:00+00:00,6851.47,6859.83,6850.08,6859.53,2747,64,0
2025-12-10 08:00:00+00:00,6859.77,6863.39,6838.47,6849.11,9924,64,0
2025-12-10 12:00:00+00:00,6849.34,6860.37,6834.74,6844.17,28612,64,0
2025-12-10 16:00:00+00:00,6844.38,6903.06,6836.21,6901.56,53675,64,0
2025-12-10 20:00:00+00:00,6901.41,6912.55,6885.88,6888.14,21992,64,0
2025-12-11 00:00:00+00:00,6888.13,6888.55,6823.39,6840.98,18013,64,0
2025-12-11 04:00:00+00:00,6841.12,6847.8,6834.65,6846.75,10940,64,0
2025-12-11 08:00:00+00:00,6846.66,6869.45,6834.06,6867.94,13521,64,0
2025-12-11 12:00:00+00:00,6867.64,6890.14,6843.5,6879.26,48487,64,0
2025-12-11 16:00:00+00:00,6879.42,6914.68,6866.0,6910.54,40051,64,0
2025-12-11 20:00:00+00:00,6910.68,6934.13,6902.05,6909.82,13597,64,0
2025-12-12 00:00:00+00:00,6909.4,6917.47,6904.33,6912.29,8918,64,0
2025-12-12 04:00:00+00:00,6912.28,6919.57,6909.07,6911.88,5818,64,0
2025-12-12 08:00:00+00:00,6911.75,6919.22,6897.81,6900.52,11382,64,0
2025-12-12 12:00:00+00:00,6900.62,6916.48,6834.35,6838.56,46124,64,0
2025-12-12 16:00:00+00:00,6838.36,6864.51,6812.8,6841.32,72887,64,0
2025-12-12 20:00:00+00:00,6841.23,6846.35,6821.71,6841.86,16469,64,0
2025-12-14 20:00:00+00:00,6843.7,6846.5,6827.16,6841.83,4128,64,0
2025-12-15 00:00:00+00:00,6841.72,6859.87,6840.18,6855.01,9997,64,0
2025-12-15 04:00:00+00:00,6855.11,6860.88,6850.99,6854.24,6766,64,0
2025-12-15 08:00:00+00:00,6854.36,6875.71,6850.85,6874.22,8685,64,0
2025-12-15 12:00:00+00:00,6874.09,6881.47,6813.34,6832.35,50678,64,0
2025-12-15 16:00:00+00:00,6832.49,6851.51,6814.05,6837.86,52285,64,0
2025-12-15 20:00:00+00:00,6837.64,6838.27,6819.95,6824.63,13823,64,0
2025-12-16 00:00:00+00:00,6824.68,6826.93,6788.25,6800.18,23305,64,0
2025-12-16 04:00:00+00:00,6800.0,6803.06,6782.5,6791.62,12871,64,0
2025-12-16 08:00:00+00:00,6791.86,6823.51,6791.24,6823.35,13106,64,0
2025-12-16 12:00:00+00:00,6823.49,6841.29,6782.34,6808.47,78647,64,0
2025-12-16 16:00:00+00:00,6808.32,6811.52,6767.0,6796.47,61849,64,0
2025-12-16 20:00:00+00:00,6796.31,6822.72,6792.76,6795.63,18093,64,0
2025-12-17 00:00:00+00:00,6795.56,6807.53,6785.58,6801.97,17370,64,0
2025-12-17 04:00:00+00:00,6802.21,6817.99,6793.07,6812.87,10063,64,0
2025-12-17 08:00:00+00:00,6812.91,6832.78,6807.96,6831.4,12336,64,0
2025-12-17 12:00:00+00:00,6831.56,6832.82,6754.41,6760.23,62328,64,0
2025-12-17 16:00:00+00:00,6759.99,6771.28,6733.8,6744.7,67678,64,0
2025-12-17 20:00:00+00:00,6744.56,6746.47,6726.11,6732.89,17203,64,0
2025-12-18 00:00:00+00:00,6733.11,6745.55,6721.98,6730.72,19554,64,0
2025-12-18 04:00:00+00:00,6730.88,6746.18,6729.76,6744.22,9858,64,0
2025-12-18 08:00:00+00:00,6744.18,6762.26,6739.86,6761.48,10531,64,0
2025-12-18 12:00:00+00:00,6761.52,6821.82,6751.65,6816.12,55770,64,0
2025-12-18 16:00:00+00:00,6815.96,6822.92,6763.16,6771.92,63360,64,0
2025-12-18 20:00:00+00:00,6771.7,6801.07,6769.18,6781.53,18171,64,0
2025-12-19 00:00:00+00:00,6781.6,6788.53,6773.82,6786.23,12150,64,0
2025-12-19 04:00:00+00:00,6786.46,6793.02,6772.4,6791.63,8069,64,0
2025-12-19 08:00:00+00:00,6791.37,6806.07,6789.45,6793.91,12360,64,0
2025-12-19 12:00:00+00:00,6794.08,6839.28,6780.71,6824.07,42098,64,0
2025-12-19 16:00:00+00:00,6823.91,6845.37,6819.91,6840.33,22789,64,0
2025-12-19 20:00:00+00:00,6840.29,6846.82,6831.16,6844.19,7470,64,0
2025-12-21 20:00:00+00:00,6858.97,6862.43,6854.34,6859.64,1861,64,0
2025-12-22 00:00:00+00:00,6859.63,6862.38,6853.93,6857.83,4901,64,0
2025-12-22 04:00:00+00:00,6858.02,6865.11,6854.88,6863.68,2635,64,0
2025-12-22 08:00:00+00:00,6863.8,6866.95,6858.28,6864.2,5256,64,0
2025-12-22 12:00:00+00:00,6864.43,6881.19,6862.25,6872.04,26389,64,0
2025-12-22 16:00:00+00:00,6872.2,6889.72,6872.0,6883.46,13159,64,0
2025-12-22 20:00:00+00:00,6883.69,6887.49,6881.58,6885.03,5191,64,0
2025-12-23 00:00:00+00:00,6884.88,6889.83,6882.65,6884.51,3540,64,0
2025-12-23 04:00:00+00:00,6884.37,6884.98,6876.58,6879.41,2708,64,0
2025-12-23 08:00:00+00:00,6879.53,6890.91,6878.68,6884.45,4257,64,0
2025-12-23 12:00:00+00:00,6884.25,6900.71,6867.7,6899.2,23773,64,0
2025-12-23 16:00:00+00:00,6899.05,6915.46,6898.54,6914.57,9702,64,0
2025-12-23 20:00:00+00:00,6914.71,6917.97,6910.79,6912.08,5013,64,0
2025-12-24 00:00:00+00:00,6912.21,6914.75,6908.63,6910.34,2694,64,0
2025-12-24 04:00:00+00:00,6910.15,6911.08,6907.44,6908.67,1353,64,0
2025-12-24 08:00:00+00:00,6908.78,6913.87,6908.63,6911.63,2001,64,0
2025-12-24 12:00:00+00:00,6911.78,6930.16,6911.26,6930.0,9063,64,0
2025-12-24 16:00:00+00:00,6930.14,6942.87,6929.02,6935.02,6740,64,0
2025-12-25 20:00:00+00:00,6939.73,6945.47,6936.52,6940.56,1730,72,0
2025-12-26 00:00:00+00:00,6940.59,6944.63,6936.74,6937.11,2903,64,0
2025-12-26 04:00:00+00:00,6936.96,6938.05,6930.73,6932.88,1778,64,0
2025-12-26 08:00:00+00:00,6932.76,6937.83,6930.07,6933.51,2607,64,0
2025-12-26 12:00:00+00:00,6933.56,6949.67,6929.0,6940.71,16878,64,0
2025-12-26 16:00:00+00:00,6940.55,6941.91,6925.6,6934.31,11666,64,0
2025-12-26 20:00:00+00:00,6934.25,6937.82,6933.1,6934.02,3372,64,0
2025-12-28 20:00:00+00:00,6938.45,6941.12,6935.27,6937.98,1188,72,0
2025-12-29 00:00:00+00:00,6938.15,6943.23,6931.32,6935.75,4505,64,0
2025-12-29 04:00:00+00:00,6935.91,6937.72,6925.81,6927.59,3992,64,0
2025-12-29 08:00:00+00:00,6927.61,6928.23,6916.12,6924.54,7450,64,0
2025-12-29 12:00:00+00:00,6924.41,6926.28,6900.66,6907.62,26370,64,0
2025-12-29 16:00:00+00:00,6907.39,6919.07,6894.61,6917.57,15396,64,0
2025-12-29 20:00:00+00:00,6917.43,6920.8,6909.11,6910.14,5264,64,0
2025-12-30 00:00:00+00:00,6910.17,6915.14,6907.68,6913.43,3639,64,0
2025-12-30 04:00:00+00:00,6913.55,6916.68,6902.75,6905.68,2959,64,0
2025-12-30 08:00:00+00:00,6905.81,6916.26,6905.81,6912.23,3836,64,0
2025-12-30 12:00:00+00:00,6912.48,6919.77,6899.81,6910.51,16338,64,0
2025-12-30 16:00:00+00:00,6910.37,6920.5,6902.6,6909.26,11375,64,0
2025-12-30 20:00:00+00:00,6909.1,6912.26,6898.49,6901.94,5258,64,0
2025-12-31 00:00:00+00:00,6901.77,6901.77,6888.01,6894.65,4692,64,0
2025-12-31 04:00:00+00:00,6894.71,6897.48,6885.78,6889.73,3105,64,0
2025-12-31 08:00:00+00:00,6889.73,6891.26,6881.89,6890.65,3935,64,0
2025-12-31 12:00:00+00:00,6890.42,6910.76,6873.35,6874.85,17245,64,0
2025-12-31 16:00:00+00:00,6874.64,6895.39,6872.46,6873.35,12813,64,0
2025-12-31 20:00:00+00:00,6873.22,6874.08,6850.2,6853.96,10341,64,0
2026-01-01 20:00:00+00:00,6860.5,6864.99,6857.25,6862.99,1585,72,0
2026-01-02 00:00:00+00:00,6862.99,6883.73,6858.5,6883.58,4364,64,0
2026-01-02 04:00:00+00:00,6883.73,6885.99,6880.58,6882.07,2437,64,0
2026-01-02 08:00:00+00:00,6882.23,6898.58,6881.85,6893.42,5820,64,0
2026-01-02 12:00:00+00:00,6893.19,6899.82,6840.66,6844.15,41968,64,0
2026-01-02 16:00:00+00:00,6844.31,6868.81,6826.93,6860.66,54499,64,0
2026-01-02 20:00:00+00:00,6860.82,6866.33,6849.66,6859.31,10415,64,0
2026-01-04 20:00:00+00:00,6871.09,6871.89,6862.06,6869.63,3470,64,0
2026-01-05 00:00:00+00:00,6869.49,6874.88,6864.93,6869.68,9175,64,0
2026-01-05 04:00:00+00:00,6869.84,6878.13,6868.63,6872.09,5032,64,0
2026-01-05 08:00:00+00:00,6872.29,6885.8,6870.45,6884.54,8491,64,0
2026-01-05 12:00:00+00:00,6884.66,6919.72,6874.55,6914.55,39674,64,0
2026-01-05 16:00:00+00:00,6914.71,6925.89,6903.75,6907.01,19790,64,0
2026-01-05 20:00:00+00:00,6906.78,6913.43,6902.51,6904.46,6816,64,0
2026-01-06 00:00:00+00:00,6904.43,6914.63,6902.23,6913.49,4603,64,0
2026-01-06 04:00:00+00:00,6913.63,6921.43,6913.48,6915.98,2554,64,0
2026-01-06 08:00:00+00:00,6915.95,6915.95,6893.8,6902.59,7812,64,0
2026-01-06 12:00:00+00:00,6902.72,6939.76,6901.48,6921.55,21994,64,0
2026-01-06 16:00:00+00:00,6921.34,6952.52,6913.09,6949.35,18715,64,0
2026-01-06 20:00:00+00:00,6949.5,6954.72,6948.81,6950.34,5342,64,0
2026-01-07 00:00:00+00:00,6950.55,6954.33,6949.42,6949.67,4814,64,0
2026-01-07 04:00:00+00:00,6949.84,6950.53,6944.09,6944.14,3126,64,0
2026-01-07 08:00:00+00:00,6944.3,6948.21,6938.79,6945.66,4734,64,0
2026-01-07 12:00:00+00:00,6945.53,6961.43,6939.68,6955.32,22724,64,0
2026-01-07 16:00:00+00:00,6955.45,6969.96,6944.76,6947.67,19636,64,0
2026-01-07 20:00:00+00:00,6947.51,6948.39,6921.82,6928.79,10053,64,0
2026-01-08 00:00:00+00:00,6928.94,6932.98,6918.03,6919.03,5730,64,0
2026-01-08 04:00:00+00:00,6919.03,6921.84,6899.78,6912.23,9030,64,0
2026-01-08 08:00:00+00:00,6912.1,6921.05,6908.14,6913.02,7502,64,0
2026-01-08 12:00:00+00:00,6912.93,6929.72,6903.8,6928.05,39939,64,0
2026-01-08 16:00:00+00:00,6928.22,6935.41,6912.53,6918.56,29904,64,0
2026-01-08 20:00:00+00:00,6918.66,6940.81,6917.25,6927.58,7735,64,0
2026-01-09 00:00:00+00:00,6927.58,6931.03,6917.88,6924.83,6674,64,0
2026-01-09 04:00:00+00:00,6924.87,6929.13,6919.84,6924.17,4700,64,0
2026-01-09 08:00:00+00:00,6924.34,6936.41,6920.01,6931.55,7050,64,0
2026-01-09 12:00:00+00:00,6931.39,6962.93,6919.29,6947.02,53295,64,0
2026-01-09 16:00:00+00:00,6947.16,6980.51,6947.01,6977.35,21605,64,0
2026-01-09 20:00:00+00:00,6977.14,6981.26,6965.15,6967.32,5322,64,0
2026-01-11 20:00:00+00:00,6970.03,6970.03,6956.78,6963.18,2427,64,0
2026-01-12 00:00:00+00:00,6963.13,6964.0,6929.44,6932.62,13959,64,0
2026-01-12 04:00:00+00:00,6932.81,6935.09,6923.38,6932.37,5884,64,0
2026-01-12 08:00:00+00:00,6932.26,6935.68,6915.06,6925.62,9312,64,0
2026-01-12 12:00:00+00:00,6925.54,6969.18,6925.54,6967.79,25524,64,0
2026-01-12 16:00:00+00:00,6967.95,6989.46,6965.26,6988.79,12054,64,0
2026-01-12 20:00:00+00:00,6988.59,6989.94,6971.2,6971.27,6212,64,0
2026-01-13 00:00:00+00:00,6971.44,6974.96,6964.29,6972.69,5980,64,0
2026-01-13 04:00:00+00:00,6972.72,6979.44,6971.54,6976.52,3768,64,0
2026-01-13 08:00:00+00:00,6976.11,6977.77,6967.86,6975.52,5039,64,0
2026-01-13 12:00:00+00:00,6975.36,7001.45,6948.86,6965.77,37383,64,0
2026-01-13 16:00:00+00:00,6965.61,6980.49,6950.6,6957.77,34265,64,0
2026-01-13 20:00:00+00:00,6957.61,6969.52,6942.11,6963.75,9532,64,0
2026-01-14 00:00:00+00:00,6963.65,6968.54,6957.12,6964.37,6452,64,0
2026-01-14 04:00:00+00:00,6964.34,6965.27,6949.41,6955.04,5736,64,0
2026-01-14 08:00:00+00:00,6955.23,6959.98,6932.7,6938.57,9949,64,0
2026-01-14 12:00:00+00:00,6938.51,6947.43,6893.04,6899.76,61100,64,0
2026-01-14 16:00:00+00:00,6899.91,6923.18,6889.54,6909.41,43696,64,0
2026-01-14 20:00:00+00:00,6909.26,6936.92,6902.04,6926.66,22923,64,0
2026-01-15 00:00:00+00:00,6926.69,6932.14,6919.59,6923.73,9665,64,0
2026-01-15 04:00:00+00:00,6923.91,6944.65,6922.64,6938.57,10809,64,0
2026-01-15 08:00:00+00:00,6938.54,6960.39,6935.39,6957.68,9102,64,0
2026-01-15 12:00:00+00:00,6957.44,6978.77,6954.39,6974.38,38755,64,0
2026-01-15 16:00:00+00:00,6974.15,6984.27,6954.6,6956.56,29868,64,0
2026-01-15 20:00:00+00:00,6956.35,6959.19,6941.56,6956.8,14207,64,0
2026-01-16 00:00:00+00:00,6956.76,6967.03,6955.03,6965.53,5149,64,0
2026-01-16 04:00:00+00:00,6965.68,6972.53,6965.28,6970.32,3311,64,0
2026-01-16 08:00:00+00:00,6970.46,6974.11,6959.13,6960.43,5598,64,0
2026-01-16 12:00:00+00:00,6960.22,6969.31,6928.0,6945.41,32272,64,0
2026-01-16 16:00:00+00:00,6945.01,6964.62,6942.44,6954.13,25369,64,0
2026-01-16 20:00:00+00:00,6953.97,6956.12,6940.7,6945.14,8745,64,0
2026-01-18 20:00:00+00:00,6888.72,6903.92,6882.18,6902.69,7419,67,0
2026-01-19 00:00:00+00:00,6902.54,6902.95,6883.49,6886.84,14749,64,0
2026-01-19 04:00:00+00:00,6886.98,6890.98,6873.79,6877.48,7884,64,0
2026-01-19 08:00:00+00:00,6877.71,6893.58,6859.67,6867.67,14525,64,0
2026-01-19 12:00:00+00:00,6867.45,6878.84,6856.95,6871.22,11800,64,0
2026-01-19 16:00:00+00:00,6871.45,6886.05,6869.41,6882.33,4123,72,0
2026-01-19 20:00:00+00:00,6883.95,6886.09,6875.75,6876.79,2094,72,0
2026-01-20 00:00:00+00:00,6876.94,6883.74,6866.03,6880.54,10595,64,0
2026-01-20 04:00:00+00:00,6880.37,6881.04,6847.48,6852.58,13155,64,0
2026-01-20 08:00:00+00:00,6852.7,6853.74,6816.67,6839.57,22414,64,0
2026-01-20 12:00:00+00:00,6839.42,6874.24,6830.39,6864.65,74311,64,0
2026-01-20 16:00:00+00:00,6864.42,6872.3,6799.11,6804.57,61375,64,0
2026-01-20 20:00:00+00:00,6804.78,6813.93,6792.46,6802.82,19150,64,0
2026-01-21 00:00:00+00:00,6803.12,6825.08,6803.12,6819.32,8142,64,0
2026-01-21 04:00:00+00:00,6819.2,6828.24,6816.63,6823.38,6056,64,0
2026-01-21 08:00:00+00:00,6823.15,6827.08,6789.25,6790.1,11980,64,0
2026-01-21 12:00:00+00:00,6790.54,6878.77,6785.36,6874.65,64209,64,0
2026-01-21 16:00:00+00:00,6874.7,6914.17,6807.45,6911.71,97236,64,0
2026-01-21 20:00:00+00:00,6911.94,6914.43,6872.75,6893.99,27230,64,0
2026-01-22 00:00:00+00:00,6894.15,6904.71,6892.02,6902.21,7255,64,0
2026-01-22 04:00:00+00:00,6902.23,6902.23,6881.23,6899.98,8418,64,0
2026-01-22 08:00:00+00:00,6899.74,6926.98,6898.8,6916.21,11269,64,0
2026-01-22 12:00:00+00:00,6916.06,6934.78,6896.85,6914.22,47020,64,0
2026-01-22 16:00:00+00:00,6914.06,6939.41,6913.81,6915.81,28152,64,0
2026-01-22 20:00:00+00:00,6915.58,6923.19,6903.59,6912.28,13381,64,0
2026-01-23 00:00:00+00:00,6912.05,6929.78,6908.87,6927.79,6173,64,0
2026-01-23 04:00:00+00:00,6927.62,6934.53,6924.3,6926.23,4783,64,0
2026-01-23 08:00:00+00:00,6926.08,6926.08,6896.9,6904.72,13928,64,0
2026-01-23 12:00:00+00:00,6904.5,6932.36,6895.94,6930.11,34306,64,0
2026-01-23 16:00:00+00:00,6930.34,6935.05,6902.41,6920.82,34166,64,0
2026-01-23 20:00:00+00:00,6920.66,6921.36,6903.66,6905.24,10120,64,0
2026-01-25 20:00:00+00:00,6866.04,6889.69,6852.62,6887.9,7337,67,0
2026-01-26 00:00:00+00:00,6887.74,6906.69,6885.23,6900.73,17111,64,0
2026-01-26 04:00:00+00:00,6900.73,6915.79,6897.11,6913.55,7770,64,0
2026-01-26 08:00:00+00:00,6914.12,6922.97,6894.71,6909.75,10868,64,0
2026-01-26 12:00:00+00:00,6909.64,6960.89,6909.15,6956.52,25521,64,0
2026-01-26 16:00:00+00:00,6956.67,6969.11,6948.75,6963.06,18981,64,0
2026-01-26 20:00:00+00:00,6962.9,6965.04,6946.33,6955.32,8141,64,0
2026-01-27 00:00:00+00:00,6955.39,6972.89,6951.83,6972.47,4584,64,0
2026-01-27 04:00:00+00:00,6972.63,6980.87,6971.18,6976.18,3899,64,0
2026-01-27 08:00:00+00:00,6976.07,6977.72,6968.56,6976.18,6852,64,0
2026-01-27 12:00:00+00:00,6975.87,6988.46,6962.59,6987.05,20724,64,0
2026-01-27 16:00:00+00:00,6987.21,6992.18,6975.49,6987.5,14849,64,0
2026-01-27 20:00:00+00:00,6987.28,6990.91,6979.24,6986.89,6170,64,0
2026-01-28 00:00:00+00:00,6986.92,7001.62,6986.68,6998.38,5285,64,0
2026-01-28 04:00:00+00:00,6998.41,7017.39,6998.41,7011.49,7596,64,0
2026-01-28 08:00:00+00:00,7011.36,7013.6,7000.66,7007.69,8404,64,0
2026-01-28 12:00:00+00:00,7007.72,7008.34,6982.2,6982.45,30219,64,0
2026-01-28 16:00:00+00:00,6982.22,6990.12,6966.18,6975.7,42752,64,0
2026-01-28 20:00:00+00:00,6975.84,6997.78,6952.1,6971.35,26810,64,0
2026-01-29 00:00:00+00:00,6971.21,6984.91,6960.93,6983.75,18581,64,0
2026-01-29 04:00:00+00:00,6983.89,7004.52,6983.18,7001.68,7536,64,0
2026-01-29 08:00:00+00:00,7001.53,7004.46,6985.32,6994.46,12142,64,0
2026-01-29 12:00:00+00:00,6994.31,7001.73,6877.65,6886.28,64546,64,0
2026-01-29 16:00:00+00:00,6886.49,6948.27,6873.65,6937.4,76140,64,0
2026-01-29 20:00:00+00:00,6937.55,6977.88,6936.65,6962.14,22469,64,0
2026-01-30 00:00:00+00:00,6962.32,6966.28,6918.96,6941.85,25334,64,0
2026-01-30 04:00:00+00:00,6941.74,6949.07,6903.93,6905.11,18684,64,0
2026-01-30 08:00:00+00:00,6905.28,6946.71,6893.62,6944.82,23365,64,0
2026-01-30 12:00:00+00:00,6944.63,6966.45,6923.83,6945.6,81247,64,0
2026-01-30 16:00:00+00:00,6945.39,6951.27,6894.86,6929.27,105740,64,0
2026-01-30 20:00:00+00:00,6929.49,6952.46,6916.86,6937.8,26588,64,0
2026-02-01 20:00:00+00:00,6916.02,6929.97,6896.13,6924.54,8568,67,0
2026-02-02 00:00:00+00:00,6924.38,6943.52,6860.96,6863.84,38063,64,0
2026-02-02 04:00:00+00:00,6864.07,6880.35,6842.68,6874.84,30939,64,0
2026-02-02 08:00:00+00:00,6874.74,6915.21,6873.33,6909.85,20368,64,0
2026-02-02 12:00:00+00:00,6909.73,6983.48,6907.87,6973.31,50441,64,0
2026-02-02 16:00:00+00:00,6973.08,6995.47,6965.07,6980.97,25910,64,0
2026-02-02 20:00:00+00:00,6981.2,7000.97,6975.75,6994.36,17764,64,0
2026-02-03 00:00:00+00:00,6994.29,7002.52,6987.33,6996.54,11916,64,0
2026-02-03 04:00:00+00:00,6996.37,7004.83,6995.12,7002.62,7483,64,0
2026-02-03 08:00:00+00:00,7002.41,7006.29,6986.01,6990.01,10897,64,0
2026-02-03 12:00:00+00:00,6990.1,7002.09,6934.1,6957.58,69937,64,0
2026-02-03 16:00:00+00:00,6957.69,6958.2,6866.09,6894.31,94936,64,0
2026-02-03 20:00:00+00:00,6894.11,6925.36,6888.59,6923.1,25113,64,0
2026-02-04 00:00:00+00:00,6923.33,6931.84,6914.18,6927.42,15356,64,0
2026-02-04 04:00:00+00:00,6927.43,6941.43,6922.52,6939.48,8019,64,0
2026-02-04 08:00:00+00:00,6939.25,6945.65,6913.12,6941.83,18534,64,0
2026-02-04 12:00:00+00:00,6941.96,6945.46,6891.34,6911.86,104268,64,0
2026-02-04 16:00:00+00:00,6912.09,6915.28,6843.41,6909.22,126279,64,0
2026-02-04 20:00:00+00:00,6909.35,6922.31,6873.16,6899.93,33299,64,0
2026-02-05 00:00:00+00:00,6899.99,6917.26,6871.09,6873.14,29495,64,0
2026-02-05 04:00:00+00:00,6873.28,6898.76,6870.15,6889.82,21861,64,0
2026-02-05 08:00:00+00:00,6889.99,6905.55,6877.17,6896.56,24831,64,0
2026-02-05 12:00:00+00:00,6896.44,6902.11,6784.41,6798.38,152677,64,0
2026-02-05 16:00:00+00:00,6798.51,6852.56,6783.94,6816.24,118384,64,0
2026-02-05 20:00:00+00:00,6816.1,6834.47,6746.17,6752.96,46474,64,0
2026-02-06 00:00:00+00:00,6752.7,6792.97,6733.82,6783.32,37484,64,0
2026-02-06 04:00:00+00:00,6783.49,6798.28,6764.58,6791.69,22753,64,0
2026-02-06 08:00:00+00:00,6791.48,6852.07,6779.18,6848.06,25939,64,0
2026-02-06 12:00:00+00:00,6847.92,6894.83,6828.15,6882.34,109672,64,0
2026-02-06 16:00:00+00:00,6882.2,6922.27,6878.42,6918.16,40466,64,0
2026-02-06 20:00:00+00:00,6918.22,6946.88,6915.65,6925.89,11373,64,0
2026-02-08 20:00:00+00:00,6943.1,6961.96,6942.04,6957.09,5946,64,0
2026-02-09 00:00:00+00:00,6956.87,6963.72,6939.68,6940.18,20518,64,0
2026-02-09 04:00:00+00:00,6939.94,6947.05,6929.88,6935.89,13669,64,0
2026-02-09 08:00:00+00:00,6936.03,6948.22,6903.87,6917.76,18591,64,0
2026-02-09 12:00:00+00:00,6917.98,6968.78,6907.15,6966.62,58681,64,0
2026-02-09 16:00:00+00:00,6966.76,6983.25,6960.04,6978.79,22533,64,0
2026-02-09 20:00:00+00:00,6978.66,6981.82,6959.45,6962.13,11708,64,0
2026-02-10 00:00:00+00:00,6962.13,6966.58,6955.69,6960.13,12972,64,0
2026-02-10 04:00:00+00:00,6959.97,6969.56,6957.68,6968.13,8049,64,0
2026-02-10 08:00:00+00:00,6968.22,6980.93,6962.8,6975.06,11939,64,0
2026-02-10 12:00:00+00:00,6975.2,6989.49,6954.0,6977.76,47953,64,0
2026-02-10 16:00:00+00:00,6977.92,6982.14,6952.3,6961.78,42765,64,0
2026-02-10 20:00:00+00:00,6961.55,6963.93,6940.27,6958.59,11741,64,0
2026-02-11 00:00:00+00:00,6958.59,6969.78,6957.7,6968.93,5110,64,0
2026-02-11 04:00:00+00:00,6968.9,6969.59,6954.67,6958.11,6410,64,0
2026-02-11 08:00:00+00:00,6958.29,6961.72,6936.71,6948.28,13414,64,0
2026-02-11 12:00:00+00:00,6948.06,6995.18,6914.99,6946.49,73321,64,0
2026-02-11 16:00:00+00:00,6946.38,6963.09,6936.71,6952.23,60933,64,0
2026-02-11 20:00:00+00:00,6951.99,6953.87,6936.24,6941.29,14087,64,0
2026-02-12 00:00:00+00:00,6941.07,6961.72,6936.99,6960.98,10944,64,0
2026-02-12 04:00:00+00:00,6961.02,6967.98,6956.35,6965.57,7427,64,0
2026-02-12 08:00:00+00:00,6965.33,6969.82,6958.69,6967.22,9869,64,0
2026-02-12 12:00:00+00:00,6967.32,6976.31,6907.88,6908.6,55734,64,0
2026-02-12 16:00:00+00:00,6908.74,6910.07,6844.12,6873.76,111940,64,0
2026-02-12 20:00:00+00:00,6873.9,6877.62,6825.96,6844.49,28589,64,0
2026-02-13 00:00:00+00:00,6844.32,6852.28,6824.35,6831.01,20644,64,0
2026-02-13 04:00:00+00:00,6831.17,6841.9,6808.26,6826.79,18384,64,0
2026-02-13 08:00:00+00:00,6826.94,6838.34,6804.01,6821.28,25410,64,0
2026-02-13 12:00:00+00:00,6821.14,6864.61,6793.15,6843.86,120057,64,0
2026-02-13 16:00:00+00:00,6844.09,6881.64,6836.95,6842.91,72775,64,0
2026-02-13 20:00:00+00:00,6842.7,6851.83,6817.21,6831.6,24584,64,0
2026-02-15 20:00:00+00:00,6837.86,6847.1,6830.39,6846.96,4049,72,0
2026-02-16 00:00:00+00:00,6846.72,6857.61,6841.89,6847.97,8889,64,0
2026-02-16 04:00:00+00:00,6847.94,6859.14,6842.5,6856.89,5930,64,0
2026-02-16 08:00:00+00:00,6857.1,6872.01,6852.85,6862.42,9261,64,0
2026-02-16 12:00:00+00:00,6862.64,6867.01,6828.81,6829.95,15821,64,0
2026-02-16 16:00:00+00:00,6830.07,6845.71,6827.36,6840.15,7385,64,0
2026-02-16 20:00:00+00:00,6843.48,6855.64,6838.19,6850.26,2260,64,0
2026-02-17 00:00:00+00:00,6850.19,6853.88,6801.14,6807.86,19118,64,0
2026-02-17 04:00:00+00:00,6808.0,6818.13,6796.79,6817.67,12120,64,0
2026-02-17 08:00:00+00:00,6817.81,6834.26,6807.51,6818.72,17832,64,0
2026-02-17 12:00:00+00:00,6818.57,6848.81,6777.85,6806.51,106281,64,0
2026-02-17 16:00:00+00:00,6806.37,6871.47,6804.6,6857.56,91117,64,0
2026-02-17 20:00:00+00:00,6857.33,6862.98,6836.86,6838.24,19993,64,0
2026-02-18 00:00:00+00:00,6838.27,6855.33,6837.59,6854.4,9407,64,0
2026-02-18 04:00:00+00:00,6854.54,6866.82,6852.89,6865.4,7060,64,0
2026-02-18 08:00:00+00:00,6865.49,6891.83,6865.38,6878.04,10496,64,0
2026-02-18 12:00:00+00:00,6878.12,6909.94,6850.24,6907.97,50530,64,0
2026-02-18 16:00:00+00:00,6907.81,6914.2,6862.04,6867.75,38546,64,0
2026-02-18 20:00:00+00:00,6867.53,6893.89,6860.76,6882.99,15161,64,0
2026-02-19 00:00:00+00:00,6882.99,6889.78,6875.11,6886.1,9543,64,0
2026-02-19 04:00:00+00:00,6886.24,6899.97,6878.57,6893.73,6762,64,0
2026-02-19 08:00:00+00:00,6893.64,6900.58,6854.67,6866.91,17024,64,0
2026-02-19 12:00:00+00:00,6866.79,6882.57,6844.9,6873.78,62269,64,0
2026-02-19 16:00:00+00:00,6874.02,6878.99,6835.6,6845.65,53545,64,0
2026-02-19 20:00:00+00:00,6845.44,6871.21,6845.41,6868.58,13306,64,0
2026-02-20 00:00:00+00:00,6868.77,6882.27,6864.79,6875.38,7788,64,0
2026-02-20 04:00:00+00:00,6875.22,6888.63,6874.63,6881.84,6541,64,0
2026-02-20 08:00:00+00:00,6881.88,6893.64,6854.72,6857.45,12033,64,0
2026-02-20 12:00:00+00:00,6857.52,6912.44,6835.99,6907.01,77388,64,0
2026-02-20 16:00:00+00:00,6906.87,6918.51,6859.06,6899.28,87627,64,0
2026-02-20 20:00:00+00:00,6899.5,6916.93,6898.99,6912.53,11037,64,0
2026-02-22 20:00:00+00:00,6907.88,6913.41,6891.14,6896.93,5281,72,0
2026-02-23 00:00:00+00:00,6896.7,6896.7,6859.44,6863.14,17508,64,0
2026-02-23 04:00:00+00:00,6863.32,6878.07,6857.92,6876.09,6987,64,0
2026-02-23 08:00:00+00:00,6876.31,6902.59,6872.18,6887.66,10521,64,0
2026-02-23 12:00:00+00:00,6887.51,6920.46,6841.54,6842.31,58455,64,0
2026-02-23 16:00:00+00:00,6842.44,6859.68,6823.51,6830.72,50463,64,0
2026-02-23 20:00:00+00:00,6830.6,6853.78,6825.96,6846.99,14669,64,0
2026-02-24 00:00:00+00:00,6847.1,6862.26,6843.07,6860.28,11719,64,0
2026-02-24 04:00:00+00:00,6860.28,6864.71,6851.61,6855.98,8363,64,0
2026-02-24 08:00:00+00:00,6855.83,6861.09,6840.16,6854.31,13460,64,0
2026-02-24 12:00:00+00:00,6854.53,6886.17,6820.05,6874.26,71233,64,0
2026-02-24 16:00:00+00:00,6874.4,6901.86,6872.0,6891.75,33754,64,0
2026-02-24 20:00:00+00:00,6891.91,6903.84,6885.0,6896.04,10137,64,0
2026-02-25 00:00:00+00:00,6895.89,6909.01,6884.52,6901.58,12829,64,0
2026-02-25 04:00:00+00:00,6901.58,6901.83,6892.83,6895.29,8944,64,0
2026-02-25 08:00:00+00:00,6895.12,6915.64,6895.12,6915.36,8751,64,0
2026-02-25 12:00:00+00:00,6915.22,6940.09,6911.85,6928.83,32539,64,0
2026-02-25 16:00:00+00:00,6928.59,6953.94,6927.55,6951.55,16336,64,0
2026-02-25 20:00:00+00:00,6951.32,6973.69,6933.34,6940.17,17023,64,0
2026-02-26 00:00:00+00:00,6940.24,6946.04,6933.16,6940.58,11171,64,0
2026-02-26 04:00:00+00:00,6940.44,6946.97,6935.38,6942.87,7180,64,0
2026-02-26 08:00:00+00:00,6943.02,6954.91,6942.27,6948.57,9210,64,0
2026-02-26 12:00:00+00:00,6948.57,6961.93,6862.48,6896.27,61900,64,0
2026-02-26 16:00:00+00:00,6896.4,6916.17,6866.48,6909.76,52934,64,0
2026-02-26 20:00:00+00:00,6909.92,6917.49,6875.16,6884.18,15797,64,0
2026-02-27 00:00:00+00:00,6884.18,6891.89,6874.89,6889.97,12753,64,0
2026-02-27 04:00:00+00:00,6889.93,6899.89,6884.43,6898.72,8708,64,0
2026-02-27 08:00:00+00:00,6898.84,6907.22,6870.59,6876.64,15491,64,0
2026-02-27 12:00:00+00:00,6876.4,6885.25,6833.03,6868.81,74407,64,0
2026-02-27 16:00:00+00:00,6868.66,6879.86,6845.86,6849.31,53551,64,0
2026-02-27 20:00:00+00:00,6849.08,6884.47,6849.08,6865.86,18085,64,0
2026-03-01 20:00:00+00:00,6808.69,6830.42,6804.56,6810.19,11209,67,0
2026-03-02 00:00:00+00:00,6810.35,6849.3,6800.98,6829.57,28415,64,0
2026-03-02 04:00:00+00:00,6829.8,6836.68,6774.06,6776.32,26225,64,0
2026-03-02 08:00:00+00:00,6776.71,6822.63,6760.36,6811.11,32136,64,0
2026-03-02 12:00:00+00:00,6811.1,6869.9,6793.69,6858.44,84871,64,0
2026-03-02 16:00:00+00:00,6858.3,6902.75,6845.9,6898.6,47920,64,0
2026-03-02 20:00:00+00:00,6898.46,6899.87,6863.2,6869.44,31374,64,0
2026-03-03 00:00:00+00:00,6869.44,6872.18,6832.52,6841.28,30127,64,0
2026-03-03 04:00:00+00:00,6841.23,6844.19,6805.11,6806.71,27624,64,0
2026-03-03 08:00:00+00:00,6806.58,6809.06,6736.36,6765.64,51722,64,0
2026-03-03 12:00:00+00:00,6765.2,6793.15,6710.81,6734.5,117336,64,0
2026-03-03 16:00:00+00:00,6734.18,6841.37,6732.0,6827.51,107630,64,0
2026-03-03 20:00:00+00:00,6827.64,6834.66,6797.63,6802.78,32310,64,0
2026-03-04 00:00:00+00:00,6803.06,6825.13,6769.68,6786.24,60376,64,0
2026-03-04 04:00:00+00:00,6786.07,6804.37,6764.81,6799.39,45055,64,0
2026-03-04 08:00:00+00:00,6799.61,6847.52,6787.86,6825.02,39040,64,0
2026-03-04 12:00:00+00:00,6825.48,6880.28,6805.61,6875.34,78823,64,0
2026-03-04 16:00:00+00:00,6875.4,6888.24,6858.81,6885.23,40326,64,0
2026-03-04 20:00:00+00:00,6885.1,6887.22,6860.24,6880.18,15778,64,0
2026-03-05 00:00:00+00:00,6879.96,6895.34,6845.18,6851.07,32820,64,0
2026-03-05 04:00:00+00:00,6850.98,6864.14,6839.47,6857.76,23975,64,0
2026-03-05 08:00:00+00:00,6857.88,6889.26,6835.67,6862.59,34355,64,0
2026-03-05 12:00:00+00:00,6862.74,6876.33,6809.24,6837.74,77587,64,0
2026-03-05 16:00:00+00:00,6837.48,6840.04,6771.42,6786.09,102635,64,0
2026-03-05 20:00:00+00:00,6785.94,6838.44,6779.21,6836.45,30921,64,0
2026-03-06 00:00:00+00:00,6836.64,6845.11,6827.59,6841.82,21675,64,0
2026-03-06 04:00:00+00:00,6841.59,6847.99,6834.53,6841.81,12208,64,0
2026-03-06 08:00:00+00:00,6841.62,6841.99,6783.46,6787.94,36464,64,0
2026-03-06 12:00:00+00:00,6788.05,6798.3,6709.6,6762.0,112324,64,0
2026-03-06 16:00:00+00:00,6761.9,6773.98,6732.94,6762.65,102380,64,0
2026-03-06 20:00:00+00:00,6762.78,6772.56,6723.68,6737.55,35390,64,0
2026-03-08 20:00:00+00:00,6681.95,6687.43,6606.65,6621.45,23026,64,0
2026-03-09 00:00:00+00:00,6621.51,6630.78,6577.55,6602.11,50672,64,0
2026-03-09 04:00:00+00:00,6602.27,6644.14,6602.0,6635.2,38377,64,0
2026-03-09 08:00:00+00:00,6635.65,6694.65,6626.59,6661.1,64091,72,0
2026-03-09 12:00:00+00:00,6661.39,6710.27,6634.66,6705.61,122284,64,0
2026-03-09 16:00:00+00:00,6705.74,6815.86,6696.45,6799.08,87823,64,0
2026-03-09 20:00:00+00:00,6799.22,6806.18,6763.02,6768.77,23255,64,0
2026-03-10 00:00:00+00:00,6768.74,6792.41,6759.31,6770.08,32955,64,0
2026-03-10 04:00:00+00:00,6770.24,6817.19,6765.33,6816.45,25050,64,0
2026-03-10 08:00:00+00:00,6816.36,6831.26,6784.74,6787.86,37590,64,0
2026-03-10 12:00:00+00:00,6788.28,6835.5,6762.81,6829.85,89210,64,0
2026-03-10 16:00:00+00:00,6830.0,6850.8,6778.0,6786.13,96641,64,0
2026-03-10 20:00:00+00:00,6785.98,6799.12,6781.48,6795.7,9873,64,0
2026-03-11 00:00:00+00:00,6795.85,6820.2,6794.51,6819.22,12727,64,0
2026-03-11 04:00:00+00:00,6819.45,6819.47,6782.47,6793.83,14537,64,0
2026-03-11 08:00:00+00:00,6793.72,6804.2,6767.17,6777.9,30130,64,0
2026-03-11 12:00:00+00:00,6777.77,6815.44,6751.24,6756.67,93119,64,0
2026-03-11 16:00:00+00:00,6756.51,6782.07,6747.49,6777.27,61803,64,0
2026-03-11 20:00:00+00:00,6777.5,6779.17,6713.14,6727.07,15513,64,0
2026-03-12 00:00:00+00:00,6727.31,6736.33,6702.77,6711.43,24119,64,0
2026-03-12 04:00:00+00:00,6711.48,6744.13,6707.77,6744.0,17546,64,0
2026-03-12 08:00:00+00:00,6744.09,6758.74,6732.17,6740.9,23324,64,0
2026-03-12 12:00:00+00:00,6741.12,6742.26,6682.88,6707.09,91094,64,0
2026-03-12 16:00:00+00:00,6707.15,6727.38,6673.35,6674.51,74413,64,0
2026-03-12 20:00:00+00:00,6674.35,6693.73,6670.06,6678.19,12363,64,0
2026-03-13 00:00:00+00:00,6678.03,6709.14,6668.93,6700.1,19780,64,0
2026-03-13 04:00:00+00:00,6699.87,6700.7,6648.53,6654.02,19575,64,0
2026-03-13 08:00:00+00:00,6654.17,6705.0,6638.16,6704.31,31514,64,0
2026-03-13 12:00:00+00:00,6704.52,6735.01,6642.42,6645.11,103769,64,0
2026-03-13 16:00:00+00:00,6644.9,6663.88,6624.85,6634.66,67625,64,0
2026-03-13 20:00:00+00:00,6634.49,6635.42,6623.52,6626.4,2792,64,0
2026-03-15 20:00:00+00:00,6612.55,6661.23,6611.18,6647.55,22777,64,0
2026-03-16 00:00:00+00:00,6647.67,6673.74,6647.07,6671.87,27602,64,0
2026-03-16 04:00:00+00:00,6671.84,6682.77,6661.12,6664.13,14826,64,0
2026-03-16 08:00:00+00:00,6664.24,6690.16,6651.74,6687.88,29855,64,0
2026-03-16 12:00:00+00:00,6687.74,6728.5,6687.5,6698.73,70262,64,0
2026-03-16 16:00:00+00:00,6698.62,6734.76,6685.1,6704.1,64926,64,0
2026-03-16 20:00:00+00:00,6703.87,6708.28,6693.16,6702.34,8149,64,0
2026-03-17 00:00:00+00:00,6702.49,6702.49,6680.62,6682.74,14357,64,0
2026-03-17 04:00:00+00:00,6682.82,6694.63,6665.05,6675.69,16158,64,0
2026-03-17 08:00:00+00:00,6675.52,6700.8,6668.9,6692.03,21147,64,0
2026-03-17 12:00:00+00:00,6691.92,6757.82,6691.65,6723.15,53533,64,0
2026-03-17 16:00:00+00:00,6723.31,6736.77,6713.86,6721.65,35904,64,0
2026-03-17 20:00:00+00:00,6721.42,6725.49,6715.08,6716.53,4247,64,0
2026-03-18 00:00:00+00:00,6716.58,6748.79,6715.33,6747.33,7636,64,0
2026-03-18 04:00:00+00:00,6747.19,6763.21,6746.83,6753.54,6663,64,0
2026-03-18 08:00:00+00:00,6753.37,6761.64,6737.76,6742.9,14347,64,0
2026-03-18 12:00:00+00:00,6743.08,6744.4,6670.24,6684.35,71411,64,0
2026-03-18 16:00:00+00:00,6684.2,6689.87,6624.7,6628.2,57686,64,0
2026-03-18 20:00:00+00:00,6627.97,6630.58,6605.35,6621.37,11577,64,0
2026-03-19 00:00:00+00:00,6621.49,6644.04,6612.74,6631.71,16164,64,0
2026-03-19 04:00:00+00:00,6631.48,6631.63,6606.57,6610.48,20335,64,0
2026-03-19 08:00:00+00:00,6610.7,6633.35,6596.86,6611.43,38160,64,0
2026-03-19 12:00:00+00:00,6611.31,6613.63,6563.12,6595.51,96766,64,0
2026-03-19 16:00:00+00:00,6595.38,6645.8,6571.26,6612.37,76234,64,0
2026-03-19 20:00:00+00:00,6612.12,6635.42,6607.8,6626.9,8492,64,0
2026-03-20 00:00:00+00:00,6626.92,6639.14,6619.98,6625.55,13561,64,0
2026-03-20 04:00:00+00:00,6625.71,6628.19,6597.0,6623.89,12041,64,0
2026-03-20 08:00:00+00:00,6623.72,6628.76,6561.54,6588.23,31672,64,0
2026-03-20 12:00:00+00:00,6588.1,6601.48,6541.32,6559.56,74943,64,0
2026-03-20 16:00:00+00:00,6559.76,6569.51,6477.61,6516.01,63872,64,0
2026-03-20 20:00:00+00:00,6516.24,6545.97,6513.3,6541.23,6038,64,0
2026-03-22 20:00:00+00:00,6471.47,6515.79,6466.5,6494.22,19121,64,0
2026-03-23 00:00:00+00:00,6494.39,6509.2,6477.8,6479.29,37687,64,0
2026-03-23 04:00:00+00:00,6479.38,6498.08,6438.75,6453.32,35830,64,0
2026-03-23 08:00:00+00:00,6453.13,6702.78,6445.45,6593.17,69690,64,0
2026-03-23 12:00:00+00:00,6593.4,6660.48,6579.75,6592.74,115151,64,0
2026-03-23 16:00:00+00:00,6592.97,6630.29,6571.85,6587.92,79501,64,0
2026-03-23 20:00:00+00:00,6587.69,6608.5,6577.12,6601.51,13216,64,0
2026-03-24 00:00:00+00:00,6601.41,6601.55,6546.33,6559.1,45762,64,0
2026-03-24 04:00:00+00:00,6559.08,6608.95,6538.64,6600.65,32081,64,0
2026-03-24 08:00:00+00:00,6600.33,6607.12,6559.9,6582.58,38953,64,0
2026-03-24 12:00:00+00:00,6582.9,6600.92,6529.12,6580.45,83932,64,0
2026-03-24 16:00:00+00:00,6580.62,6596.93,6554.05,6562.29,61872,64,0
2026-03-24 20:00:00+00:00,6562.45,6633.75,6561.25,6605.98,27068,64,0
2026-03-25 00:00:00+00:00,6606.15,6626.04,6590.03,6603.47,25140,64,0
2026-03-25 04:00:00+00:00,6603.33,6614.48,6592.57,6609.77,19961,64,0
2026-03-25 08:00:00+00:00,6609.88,6636.57,6606.12,6627.39,27700,64,0
2026-03-25 12:00:00+00:00,6627.28,6640.56,6573.56,6601.58,82159,64,0
2026-03-25 16:00:00+00:00,6601.33,6625.85,6587.81,6599.32,52808,64,0
2026-03-25 20:00:00+00:00,6599.08,6604.23,6579.45,6587.67,7407,64,0
2026-03-26 00:00:00+00:00,6588.04,6604.83,6570.73,6597.34,21918,64,0
2026-03-26 04:00:00+00:00,6597.37,6598.38,6559.06,6571.64,22687,64,0
2026-03-26 08:00:00+00:00,6571.53,6579.53,6535.65,6536.05,28823,64,0
2026-03-26 12:00:00+00:00,6535.92,6578.32,6530.61,6544.15,82622,64,0
2026-03-26 16:00:00+00:00,6544.29,6545.7,6476.37,6479.51,45406,64,0
2026-03-26 20:00:00+00:00,6479.35,6553.12,6473.32,6508.42,25184,64,0
2026-03-27 00:00:00+00:00,6508.58,6515.12,6491.49,6508.69,21527,64,0
2026-03-27 04:00:00+00:00,6508.68,6525.38,6498.69,6503.42,16506,64,0
2026-03-27 08:00:00+00:00,6503.59,6508.22,6446.6,6458.11,31385,64,0
2026-03-27 12:00:00+00:00,6458.35,6459.61,6412.36,6432.4,83429,64,0
2026-03-27 16:00:00+00:00,6432.55,6433.81,6359.35,6368.15,53768,64,0
2026-03-27 20:00:00+00:00,6368.3,6372.87,6351.02,6361.72,6333,64,0
2026-03-29 20:00:00+00:00,6339.73,6351.08,6326.5,6330.23,19364,64,0
2026-03-30 00:00:00+00:00,6330.39,6373.09,6323.21,6370.58,45203,64,0
2026-03-30 04:00:00+00:00,6370.62,6400.88,6368.92,6397.72,24385,64,0
2026-03-30 08:00:00+00:00,6397.69,6443.71,6391.98,6412.52,26480,64,0
2026-03-30 12:00:00+00:00,6412.63,6433.51,6376.49,6404.45,79271,64,0
2026-03-30 16:00:00+00:00,6404.3,6405.69,6322.53,6350.86,57725,64,0
2026-03-30 20:00:00+00:00,6351.02,6355.69,6330.15,6335.9,12150,64,0
2026-03-31 00:00:00+00:00,6335.77,6425.1,6316.94,6408.56,54759,64,0
2026-03-31 04:00:00+00:00,6408.4,6420.84,6386.94,6420.34,35291,64,0
2026-03-31 08:00:00+00:00,6420.17,6431.79,6389.06,6418.78,33125,64,0
2026-03-31 12:00:00+00:00,6418.93,6462.09,6403.51,6430.01,84573,64,0
2026-03-31 16:00:00+00:00,6430.1,6548.47,6427.23,6535.36,100307,64,0
2026-03-31 20:00:00+00:00,6535.19,6557.97,6526.76,6555.89,15376,64,0
2026-04-01 00:00:00+00:00,6555.65,6560.28,6541.83,6546.62,21558,64,0
2026-04-01 04:00:00+00:00,6546.78,6588.76,6545.58,6566.66,20798,64,0
2026-04-01 08:00:00+00:00,6566.41,6596.36,6552.19,6593.33,24963,64,0
2026-04-01 12:00:00+00:00,6593.49,6615.06,6555.94,6612.3,77686,64,0
2026-04-01 16:00:00+00:00,6612.53,6619.03,6568.75,6585.36,44643,64,0
2026-04-01 20:00:00+00:00,6585.59,6589.32,6576.21,6580.52,8859,64,0
2026-04-02 00:00:00+00:00,6580.69,6598.23,6502.08,6503.53,54877,64,0
2026-04-02 04:00:00+00:00,6503.53,6515.55,6486.27,6515.03,24716,64,0
2026-04-02 08:00:00+00:00,6514.81,6516.63,6473.99,6474.09,20203,64,0
2026-04-02 12:00:00+00:00,6474.51,6609.66,6469.3,6570.84,97534,64,0
2026-04-02 16:00:00+00:00,6570.62,6590.76,6552.13,6588.54,54134,64,0
2026-04-02 20:00:00+00:00,6588.73,6594.2,6584.85,6590.47,5752,64,0
2026-04-03 00:00:00+00:00,6590.7,6598.88,6574.85,6578.78,8854,64,0
2026-04-03 04:00:00+00:00,6578.91,6582.46,6564.83,6573.45,6360,64,0
2026-04-03 08:00:00+00:00,6573.5,6577.3,6564.66,6573.95,4287,64,0
2026-04-03 12:00:00+00:00,6574.09,6604.13,6564.88,6569.85,6896,64,0
2026-04-05 20:00:00+00:00,6554.74,6557.88,6535.56,6555.82,17098,64,0
2026-04-06 00:00:00+00:00,6555.7,6604.09,6554.73,6580.59,26284,64,0
2026-04-06 04:00:00+00:00,6580.63,6607.69,6579.71,6603.06,16681,64,0
2026-04-06 08:00:00+00:00,6603.2,6618.88,6588.3,6595.59,16353,64,0
2026-04-06 12:00:00+00:00,6595.59,6629.15,6586.65,6611.31,72461,64,0
2026-04-06 16:00:00+00:00,6611.44,6622.28,6587.91,6621.89,39230,64,0
2026-04-06 20:00:00+00:00,6622.06,6630.19,6612.66,6612.79,7668,64,0
2026-04-07 00:00:00+00:00,6612.67,6625.77,6580.38,6593.33,21988,64,0
2026-04-07 04:00:00+00:00,6593.33,6601.41,6587.44,6598.93,18093,64,0
2026-04-07 08:00:00+00:00,6599.05,6638.11,6582.49,6590.75,34748,64,0
2026-04-07 12:00:00+00:00,6590.63,6612.01,6543.78,6571.88,83170,64,0
2026-04-07 16:00:00+00:00,6571.76,6629.94,6567.99,6626.71,75709,64,0
2026-04-07 20:00:00+00:00,6626.87,6789.24,6620.49,6774.56,40948,64,0
2026-04-08 00:00:00+00:00,6774.25,6787.34,6757.83,6783.59,23566,64,0
2026-04-08 04:00:00+00:00,6783.62,6805.53,6783.62,6785.22,19714,64,0
2026-04-08 08:00:00+00:00,6785.2,6813.63,6783.63,6805.88,19050,64,0
2026-04-08 12:00:00+00:00,6806.03,6811.88,6747.12,6780.66,70135,64,0
2026-04-08 16:00:00+00:00,6780.52,6798.14,6759.21,6790.71,44183,64,0
2026-04-08 20:00:00+00:00,6790.94,6793.98,6777.63,6780.16,8148,64,0
2026-04-09 00:00:00+00:00,6780.05,6784.87,6771.3,6777.98,13319,64,0
2026-04-09 04:00:00+00:00,6778.15,6784.65,6761.65,6766.05,12600,64,0
2026-04-09 08:00:00+00:00,6766.16,6775.06,6760.14,6772.9,14322,64,0
2026-04-09 12:00:00+00:00,6773.04,6820.55,6768.41,6819.8,53539,64,0
2026-04-09 16:00:00+00:00,6819.65,6843.28,6816.43,6829.36,41550,64,0
2026-04-09 20:00:00+00:00,6829.52,6830.78,6818.61,6823.54,5847,64,0
2026-04-10 00:00:00+00:00,6823.58,6836.79,6819.64,6834.12,9389,64,0
2026-04-10 04:00:00+00:00,6834.1,6834.57,6821.89,6829.15,7874,64,0
2026-04-10 08:00:00+00:00,6829.38,6838.28,6817.66,6831.74,11775,64,0
2026-04-10 12:00:00+00:00,6832.07,6854.58,6819.14,6822.3,43340,64,0
2026-04-10 16:00:00+00:00,6822.17,6828.76,6812.2,6821.7,26333,64,0
2026-04-10 20:00:00+00:00,6821.49,6827.34,6817.21,6826.7,1788,64,0
2026-04-12 20:00:00+00:00,6747.9,6761.89,6735.33,6752.38,11860,64,0
2026-04-13 00:00:00+00:00,6752.52,6775.67,6745.4,6769.88,12114,64,0
2026-04-13 04:00:00+00:00,6769.88,6785.85,6767.96,6780.72,9967,64,0
2026-04-13 08:00:00+00:00,6780.66,6799.3,6772.28,6773.34,12388,64,0
2026-04-13 12:00:00+00:00,6773.45,6836.47,6770.78,6824.46,44574,64,0
2026-04-13 16:00:00+00:00,6824.3,6893.49,6819.79,6889.98,31832,64,0
2026-04-13 20:00:00+00:00,6890.2,6900.7,6888.06,6895.03,4890,64,0
2026-04-14 00:00:00+00:00,6894.99,6897.01,6890.05,6893.3,5385,64,0
2026-04-14 04:00:00+00:00,6893.45,6907.14,6889.54,6902.59,7242,64,0
2026-04-14 08:00:00+00:00,6902.54,6914.05,6897.45,6907.98,8687,64,0
2026-04-14 12:00:00+00:00,6908.12,6963.14,6905.9,6958.66,32344,64,0
2026-04-14 16:00:00+00:00,6958.5,6975.81,6951.16,6973.82,21153,64,0
2026-04-14 20:00:00+00:00,6973.66,6981.74,6968.4,6976.99,4715,64,0
2026-04-15 00:00:00+00:00,6976.81,6980.78,6972.32,6978.27,6604,64,0
2026-04-15 04:00:00+00:00,6978.28,6984.72,6968.37,6973.58,8386,64,0
2026-04-15 08:00:00+00:00,6973.69,6985.59,6959.83,6977.17,12015,64,0
2026-04-15 12:00:00+00:00,6977.05,7005.56,6970.49,6999.86,33157,64,0
2026-04-15 16:00:00+00:00,7000.02,7032.19,6987.36,7027.6,25792,64,0
2026-04-15 20:00:00+00:00,7027.71,7038.19,7022.07,7037.31,3932,64,0
2026-04-16 00:00:00+00:00,7037.43,7045.87,7034.53,7039.47,5944,64,0
2026-04-16 04:00:00+00:00,7039.44,7046.43,7036.68,7038.81,6065,64,0
2026-04-16 08:00:00+00:00,7038.86,7040.18,7027.6,7037.11,7404,64,0
2026-04-16 12:00:00+00:00,7037.28,7053.77,7014.87,7052.71,39142,64,0
2026-04-16 16:00:00+00:00,7052.87,7058.13,7025.21,7045.66,32652,64,0
2026-04-16 20:00:00+00:00,7045.5,7055.33,7043.71,7053.34,3580,64,0
2026-04-17 00:00:00+00:00,7053.18,7054.35,7046.68,7048.18,5635,64,0
2026-04-17 04:00:00+00:00,7048.31,7057.75,7045.54,7056.74,5793,64,0
2026-04-17 08:00:00+00:00,7056.62,7072.21,7054.86,7071.23,5183,64,0
2026-04-17 12:00:00+00:00,7071.24,7144.37,7069.81,7138.72,53101,64,0
2026-04-17 16:00:00+00:00,7138.5,7155.13,7120.74,7130.74,33211,72,0
2026-04-17 20:00:00+00:00,7130.87,7135.81,7128.94,7134.39,1534,72,0
2026-04-19 20:00:00+00:00,7074.12,7087.55,7056.87,7078.4,10364,67,0
2026-04-20 00:00:00+00:00,7078.51,7098.14,7073.52,7090.93,11213,64,0
2026-04-20 04:00:00+00:00,7090.93,7102.59,7081.43,7090.56,13655,64,0
2026-04-20 08:00:00+00:00,7090.34,7107.64,7081.82,7100.87,11695,64,0
2026-04-20 12:00:00+00:00,7100.97,7130.98,7093.34,7107.81,55920,64,0
2026-04-20 16:00:00+00:00,7107.96,7120.72,7101.82,7119.97,21953,64,0
2026-04-20 20:00:00+00:00,7119.81,7132.92,7116.81,7127.03,4856,64,0
2026-04-21 00:00:00+00:00,7127.2,7134.53,7122.53,7129.07,7396,64,0
2026-04-21 04:00:00+00:00,7129.23,7137.99,7128.71,7130.42,6673,64,0
2026-04-21 08:00:00+00:00,7130.2,7155.0,7126.7,7147.93,8452,64,0
2026-04-21 12:00:00+00:00,7148.06,7149.33,7092.22,7098.86,53802,64,0
2026-04-21 16:00:00+00:00,7099.08,7111.17,7057.98,7073.56,60398,64,0
2026-04-21 20:00:00+00:00,7073.72,7111.8,7064.76,7104.67,13460,64,0
2026-04-22 00:00:00+00:00,7104.69,7116.35,7104.69,7109.39,7438,64,0
2026-04-22 04:00:00+00:00,7109.53,7120.39,7102.83,7115.26,9769,64,0
2026-04-22 08:00:00+00:00,7115.13,7119.52,7103.1,7114.57,11873,64,0
2026-04-22 12:00:00+00:00,7114.7,7138.73,7110.3,7127.55,40732,64,0
2026-04-22 16:00:00+00:00,7128.63,7145.51,7119.3,7142.86,23970,64,0
2026-04-22 20:00:00+00:00,7142.99,7145.09,7128.91,7136.12,5831,64,0
2026-04-23 00:00:00+00:00,7135.9,7136.68,7078.97,7100.66,28612,64,0
2026-04-23 04:00:00+00:00,7100.78,7122.37,7097.14,7118.48,12644,64,0
2026-04-23 08:00:00+00:00,7118.46,7134.13,7099.27,7131.75,15736,64,0
2026-04-23 12:00:00+00:00,7131.29,7154.57,7111.84,7141.81,40410,64,0
2026-04-23 16:00:00+00:00,7141.66,7143.27,7053.26,7116.05,70107,64,0
2026-04-23 20:00:00+00:00,7116.2,7128.79,7103.04,7128.75,8203,72,0
2026-04-24 00:00:00+00:00,7128.81,7137.47,7111.24,7114.59,13881,64,0
2026-04-24 04:00:00+00:00,7114.43,7130.93,7112.43,7129.13,10508,64,0
2026-04-24 08:00:00+00:00,7129.09,7164.5,7110.43,7145.65,19835,64,0
2026-04-24 12:00:00+00:00,7145.79,7171.92,7119.94,7168.57,55734,64,0
2026-04-24 16:00:00+00:00,7168.42,7174.82,7157.65,7169.32,25813,72,0
2026-04-24 20:00:00+00:00,7169.16,7171.7,7164.84,7171.09,1182,72,0
2026-04-26 20:00:00+00:00,7161.42,7167.24,7147.76,7155.09,4529,72,0
2026-04-27 00:00:00+00:00,7155.21,7185.2,7153.84,7179.79,11034,64,0
2026-04-27 04:00:00+00:00,7179.56,7181.95,7161.9,7163.8,10334,64,0
2026-04-27 08:00:00+00:00,7163.66,7175.97,7158.16,7174.17,7588,72,0
2026-04-27 12:00:00+00:00,7174.4,7176.42,7155.2,7166.59,43322,64,0
2026-04-27 16:00:00+00:00,7166.74,7188.82,7164.45,7184.82,17088,64,0
2026-04-27 20:00:00+00:00,7184.95,7199.15,7179.84,7195.69,4396,64,0
2026-04-28 00:00:00+00:00,7195.73,7201.61,7183.24,7186.69,11300,64,0
2026-04-28 04:00:00+00:00,7186.91,7191.23,7169.14,7175.25,11222,64,0
2026-04-28 08:00:00+00:00,7175.45,7180.24,7134.46,7137.55,17355,64,0
2026-04-28 12:00:00+00:00,7137.39,7161.87,7125.23,7132.72,79486,64,0
2026-04-28 16:00:00+00:00,7132.88,7154.51,7125.93,7150.02,31708,64,0
2026-04-28 20:00:00+00:00,7150.25,7158.68,7146.04,7158.57,3807,64,0
2026-04-29 00:00:00+00:00,7158.64,7167.06,7148.74,7161.83,10012,64,0
2026-04-29 04:00:00+00:00,7161.68,7167.39,7148.57,7153.71,7735,64,0
2026-04-29 08:00:00+00:00,7154.23,7159.87,7145.28,7152.26,14092,64,0
2026-04-29 12:00:00+00:00,7152.16,7154.77,7124.57,7133.01,40512,64,0
2026-04-29 16:00:00+00:00,7133.21,7149.89,7116.57,7149.29,39438,64,0
2026-04-29 20:00:00+00:00,7149.43,7176.6,7109.99,7172.3,27336,64,0
2026-04-30 00:00:00+00:00,7172.54,7180.39,7145.11,7151.29,19818,64,0
2026-04-30 04:00:00+00:00,7151.17,7151.34,7113.44,7140.57,26062,64,0
2026-04-30 08:00:00+00:00,7140.45,7179.98,7138.19,7174.07,22620,64,0
2026-04-30 12:00:00+00:00,7173.86,7190.56,7136.75,7178.75,61283,64,0
2026-04-30 16:00:00+00:00,7178.91,7230.92,7172.04,7217.36,28933,64,0
2026-04-30 20:00:00+00:00,7217.59,7243.29,7217.44,7232.48,9855,72,0
2026-05-01 00:00:00+00:00,7232.31,7245.52,7230.59,7239.89,7308,64,0
2026-05-01 04:00:00+00:00,7240.01,7240.55,7228.63,7229.53,5713,72,0
2026-05-01 08:00:00+00:00,7229.8,7236.19,7226.4,7235.96,5590,72,0
2026-05-01 12:00:00+00:00,7236.1,7278.13,7234.31,7262.46,43173,64,0
2026-05-01 16:00:00+00:00,7262.25,7264.38,7232.64,7234.55,27311,72,0
2026-05-01 20:00:00+00:00,7234.78,7235.3,7222.9,7223.79,1787,72,0
2026-05-03 20:00:00+00:00,7254.05,7261.23,7240.46,7243.14,5557,67,0
2026-05-04 00:00:00+00:00,7242.89,7249.17,7235.47,7247.24,14264,64,0
2026-05-04 04:00:00+00:00,7247.24,7254.62,7238.77,7244.5,10467,72,0
2026-05-04 08:00:00+00:00,7244.64,7246.92,7193.18,7224.49,26270,72,0
2026-05-04 12:00:00+00:00,7224.79,7250.17,7198.51,7204.44,54700,64,0
2026-05-04 16:00:00+00:00,7204.6,7218.9,7178.64,7210.75,40068,72,0
2026-05-04 20:00:00+00:00,7210.9,7215.02,7202.35,7207.44,5140,72,0
2026-05-05 00:00:00+00:00,7207.61,7222.19,7204.19,7221.19,10511,64,0
2026-05-05 04:00:00+00:00,7221.19,7237.02,7216.48,7227.87,10883,64,0
2026-05-05 08:00:00+00:00,7227.99,7243.07,7227.61,7239.07,10235,72,0
2026-05-05 12:00:00+00:00,7238.93,7266.71,7237.15,7260.27,31610,64,0
2026-05-05 16:00:00+00:00,7260.51,7280.54,7259.91,7267.75,14382,64,0
2026-05-05 20:00:00+00:00,7267.59,7301.08,7266.33,7295.99,10751,72,0
2026-05-06 00:00:00+00:00,7295.85,7297.28,7281.08,7289.34,14472,64,0
2026-05-06 04:00:00+00:00,7289.52,7296.29,7285.51,7292.36,10369,64,0
2026-05-06 08:00:00+00:00,7292.58,7346.71,7287.2,7329.13,24343,72,0
2026-05-06 12:00:00+00:00,7329.26,7356.29,7308.41,7347.27,44787,72,0
2026-05-06 16:00:00+00:00,7347.1,7377.61,7335.73,7368.85,18066,72,0
2026-05-06 20:00:00+00:00,7368.7,7377.34,7359.71,7362.44,6456,72,0
2026-05-07 00:00:00+00:00,7362.55,7375.84,7361.19,7373.12,12619,64,0
2026-05-07 04:00:00+00:00,7372.95,7393.17,7372.19,7384.6,9762,72,0
2026-05-07 08:00:00+00:00,7384.7,7390.97,7372.56,7379.15,11739,72,0
2026-05-07 12:00:00+00:00,7379.1,7392.46,7366.55,7370.27,32733,72,0
2026-05-07 16:00:00+00:00,7370.43,7370.88,7327.94,7346.99,64139,72,0
2026-05-07 20:00:00+00:00,7347.15,7361.05,7321.95,7345.81,12561,67,0
2026-05-08 00:00:00+00:00,7346.06,7362.59,7346.06,7361.19,13150,72,0
2026-05-08 04:00:00+00:00,7361.19,7371.64,7358.0,7370.16,11291,64,0
2026-05-08 08:00:00+00:00,7370.26,7384.69,7369.12,7382.64,8094,72,0
2026-05-08 12:00:00+00:00,7382.55,7405.52,7371.95,7398.77,33994,72,0
2026-05-08 16:00:00+00:00,7398.63,7410.12,7390.55,7402.29,19949,72,0
2026-05-08 20:00:00+00:00,7402.46,7405.15,7398.28,7402.5,1443,86,0
2026-05-10 20:00:00+00:00,7387.1,7392.26,7373.37,7385.68,5784,67,0
2026-05-11 00:00:00+00:00,7385.7,7398.04,7379.94,7394.1,16779,64,0
2026-05-11 04:00:00+00:00,7394.27,7399.05,7389.94,7397.01,8202,64,0
2026-05-11 08:00:00+00:00,7397.15,7403.18,7393.01,7396.8,9127,72,0
2026-05-11 12:00:00+00:00,7396.9,7432.35,7385.64,7431.21,25422,72,0
2026-05-11 16:00:00+00:00,7431.25,7436.64,7410.46,7421.35,19565,72,0
2026-05-11 20:00:00+00:00,7421.48,7426.84,7409.46,7422.13,4290,72,0
2026-05-12 00:00:00+00:00,7421.9,7422.04,7394.59,7408.59,15928,64,0
2026-05-12 04:00:00+00:00,7408.66,7411.05,7385.69,7399.3,12259,64,0
2026-05-12 08:00:00+00:00,7399.4,7399.92,7385.44,7391.21,12477,72,0
2026-05-12 12:00:00+00:00,7391.52,7404.07,7346.1,7353.33,52547,72,0
2026-05-12 16:00:00+00:00,7353.19,7417.1,7347.0,7411.34,34779,72,0
2026-05-12 20:00:00+00:00,7411.19,7412.1,7396.69,7396.69,5257,72,0
2026-05-13 00:00:00+00:00,7396.46,7421.1,7394.94,7418.85,15406,72,0
2026-05-13 04:00:00+00:00,7418.69,7430.97,7417.94,7429.75,7151,72,0
2026-05-13 08:00:00+00:00,7429.98,7438.7,7423.09,7426.16,11235,72,0
2026-05-13 12:00:00+00:00,7425.93,7431.02,7383.24,7426.02,46069,72,0
2026-05-13 16:00:00+00:00,7426.15,7467.89,7424.06,7452.74,23329,72,0
2026-05-13 20:00:00+00:00,7452.51,7468.78,7450.97,7465.54,5378,72,0
2026-05-14 00:00:00+00:00,7465.37,7473.99,7456.83,7458.49,13337,64,0
2026-05-14 04:00:00+00:00,7458.52,7474.25,7456.29,7464.29,12870,64,0
2026-05-14 08:00:00+00:00,7464.17,7481.04,7460.14,7475.96,12244,72,0
2026-05-14 12:00:00+00:00,7476.12,7522.31,7464.89,7522.13,30468,72,0
2026-05-14 16:00:00+00:00,7522.28,7524.87,7492.14,7511.19,34287,72,0
2026-05-14 20:00:00+00:00,7511.35,7515.1,7503.76,7506.59,4639,86,0
2026-05-15 00:00:00+00:00,7506.75,7512.25,7479.59,7491.0,21845,72,0
2026-05-15 04:00:00+00:00,7490.84,7490.84,7447.79,7459.65,20921,72,0
2026-05-15 08:00:00+00:00,7459.93,7460.79,7420.8,7431.52,27003,72,0
2026-05-15 12:00:00+00:00,7431.56,7452.56,7404.89,7428.54,70331,72,0
2026-05-15 16:00:00+00:00,7428.76,7460.51,7411.54,7417.29,40781,72,0
2026-05-15 20:00:00+00:00,7417.06,7417.17,7393.8,7402.8,5205,86,0
2026-05-17 20:00:00+00:00,7398.88,7421.0,7384.06,7397.52,15496,72,0
2026-05-18 00:00:00+00:00,7397.42,7401.7,7361.93,7372.1,43968,72,0
2026-05-18 04:00:00+00:00,7372.32,7394.39,7362.94,7383.03,26063,72,0
2026-05-18 08:00:00+00:00,7383.13,7419.59,7373.42,7401.06,20048,72,0
2026-05-18 12:00:00+00:00,7401.19,7440.61,7378.28,7389.51,87359,72,0
2026-05-18 16:00:00+00:00,7389.64,7414.11,7360.08,7412.69,68013,72,0
2026-05-18 20:00:00+00:00,7412.85,7425.88,7403.43,7416.44,8288,72,0
2026-05-19 00:00:00+00:00,7416.29,7427.63,7390.03,7399.78,31263,64,0
2026-05-19 04:00:00+00:00,7399.91,7420.24,7378.82,7416.8,27458,72,0
2026-05-19 08:00:00+00:00,7417.02,7418.57,7371.3,7376.95,22508,72,0
2026-05-19 12:00:00+00:00,7377.21,7392.45,7342.36,7356.81,85206,72,0
2026-05-19 16:00:00+00:00,7356.94,7403.28,7349.9,7365.42,51334,72,0
2026-05-19 20:00:00+00:00,7365.66,7382.28,7356.63,7370.44,10346,72,0
2026-05-20 00:00:00+00:00,7370.28,7375.58,7344.69,7354.12,46835,72,0
2026-05-20 04:00:00+00:00,7354.31,7381.16,7350.94,7373.75,22760,72,0
2026-05-20 08:00:00+00:00,7373.87,7400.38,7373.29,7387.64,13105,72,0
2026-05-20 12:00:00+00:00,7387.5,7446.39,7365.57,7429.89,66836,72,0
2026-05-20 16:00:00+00:00,7430.11,7442.88,7412.5,7440.15,36557,72,0
2026-05-20 20:00:00+00:00,7440.01,7442.18,7396.28,7409.45,18680,72,0
2026-05-21 00:00:00+00:00,7409.34,7436.48,7403.37,7432.49,17676,72,0
2026-05-21 04:00:00+00:00,7432.33,7445.79,7415.03,7428.75,17270,72,0
2026-05-21 08:00:00+00:00,7428.8,7458.05,7403.64,7418.63,22482,72,0
2026-05-21 12:00:00+00:00,7418.81,7432.05,7397.42,7418.5,74349,72,0
2026-05-21 16:00:00+00:00,7418.74,7475.05,7406.4,7453.54,53751,72,0
2026-05-21 20:00:00+00:00,7454.17,7472.34,7451.89,7468.78,6134,72,0
2026-05-22 00:00:00+00:00,7469.12,7477.98,7463.33,7477.95,14252,72,0
2026-05-22 04:00:00+00:00,7477.78,7483.95,7470.83,7477.9,11876,72,0
2026-05-22 08:00:00+00:00,7477.88,7489.72,7458.73,7470.14,12740,72,0
2026-05-22 12:00:00+00:00,7469.89,7505.25,7467.39,7499.91,43618,72,0
2026-05-22 16:00:00+00:00,7499.86,7512.94,7473.09,7479.59,29315,72,0
2026-05-22 20:00:00+00:00,7479.75,7484.25,7472.64,7474.95,2753,72,0
2026-05-24 20:00:00+00:00,7509.66,7535.82,7509.57,7529.48,7143,67,0
2026-05-25 00:00:00+00:00,7529.37,7551.28,7527.32,7547.84,9808,72,0
2026-05-25 04:00:00+00:00,7547.88,7557.97,7540.31,7553.14,6477,72,0
2026-05-25 08:00:00+00:00,7553.09,7558.4,7545.03,7556.25,3663,86,0
2026-05-25 12:00:00+00:00,7556.03,7561.61,7546.24,7550.91,6391,86,0
2026-05-25 16:00:00+00:00,7550.75,7556.64,7547.51,7556.62,988,86,0
2026-05-25 20:00:00+00:00,7556.04,7557.86,7534.87,7539.67,6498,72,0
2026-05-26 00:00:00+00:00,7539.76,7540.02,7523.89,7532.43,16167,72,0
2026-05-26 04:00:00+00:00,7532.6,7536.31,7517.82,7523.29,9709,72,0
2026-05-26 08:00:00+00:00,7523.39,7543.15,7520.29,7532.16,8031,86,0
2026-05-26 12:00:00+00:00,7532.11,7547.15,7509.25,7514.91,33741,72,0
2026-05-26 16:00:00+00:00,7515.12,7534.4,7510.49,7531.16,22024,72,0
2026-05-26 20:00:00+00:00,7531.54,7537.27,7522.36,7536.47,5843,72,0
2026-05-27 00:00:00+00:00,7536.38,7541.55,7530.64,7531.86,11323,72,0
2026-05-27 04:00:00+00:00,7531.66,7541.1,7528.39,7540.76,10859,72,0
2026-05-27 08:00:00+00:00,7540.75,7559.14,7539.94,7543.96,6574,86,0
2026-05-27 12:00:00+00:00,7543.95,7563.3,7509.44,7516.94,50216,72,0
2026-05-27 16:00:00+00:00,7517.08,7537.85,7507.88,7532.21,23196,72,0
2026-05-27 20:00:00+00:00,7532.34,7550.97,7525.86,7527.91,7971,72,0
2026-05-28 00:00:00+00:00,7527.58,7545.17,7504.49,7505.61,23390,72,0
2026-05-28 04:00:00+00:00,7505.42,7527.76,7498.74,7525.04,17923,72,0
2026-05-28 08:00:00+00:00,7525.22,7529.04,7508.6,7515.39,9142,72,0
2026-05-28 12:00:00+00:00,7515.44,7570.7,7514.39,7568.8,36009,72,0
2026-05-28 16:00:00+00:00,7568.93,7580.2,7565.03,7576.07,12896,86,0
2026-05-28 20:00:00+00:00,7575.82,7586.65,7574.31,7579.6,4521,72,0
2026-05-29 00:00:00+00:00,7579.49,7580.32,7567.24,7574.79,10463,72,0
2026-05-29 04:00:00+00:00,7574.94,7586.94,7574.28,7580.75,7063,72,0
2026-05-29 08:00:00+00:00,7580.61,7589.95,7576.38,7587.6,7255,72,0
2026-05-29 12:00:00+00:00,7587.79,7605.72,7571.84,7588.74,39005,72,0
2026-05-29 16:00:00+00:00,7588.88,7602.72,7575.97,7588.59,25795,72,0
2026-05-29 20:00:00+00:00,7588.75,7592.96,7583.59,7585.0,2114,86,0
2026-05-31 20:00:00+00:00,7590.36,7603.06,7582.16,7601.87,5128,72,0
2026-06-01 00:00:00+00:00,7602.0,7616.28,7601.11,7608.93,9556,72,0
2026-06-01 04:00:00+00:00,7609.06,7617.12,7604.05,7607.9,6874,72,0
2026-06-01 08:00:00+00:00,7607.75,7618.71,7602.5,7611.05,6488,72,0
2026-06-01 12:00:00+00:00,7611.08,7612.45,7573.06,7592.45,40777,72,0
2026-06-01 16:00:00+00:00,7592.58,7628.8,7584.04,7610.69,22214,72,0
2026-06-01 20:00:00+00:00,7610.91,7615.19,7588.92,7593.49,6741,72,0
2026-06-02 00:00:00+00:00,7593.62,7593.63,7574.05,7579.54,16533,72,0
2026-06-02 04:00:00+00:00,7579.51,7603.99,7579.06,7603.74,8190,72,0
2026-06-02 08:00:00+00:00,7603.96,7608.01,7593.15,7593.85,7056,72,0
2026-06-02 12:00:00+00:00,7593.9,7629.51,7585.37,7622.37,28868,72,0
2026-06-02 16:00:00+00:00,7622.49,7625.51,7612.06,7620.99,16590,72,0
2026-06-02 20:00:00+00:00,7621.22,7627.5,7600.97,7622.67,8415,72,0
2026-06-03 00:00:00+00:00,7622.82,7625.33,7617.5,7621.94,10068,72,0
2026-06-03 04:00:00+00:00,7621.94,7624.74,7614.09,7618.55,7708,72,0
2026-06-03 08:00:00+00:00,7618.71,7620.34,7608.85,7614.82,7225,72,0
2026-06-03 12:00:00+00:00,7614.94,7616.94,7573.04,7577.67,35798,72,0
2026-06-03 16:00:00+00:00,7577.64,7586.21,7561.03,7570.28,27083,72,0
2026-06-03 20:00:00+00:00,7570.46,7571.41,7527.67,7532.82,16847,72,0
2026-06-04 00:00:00+00:00,7532.72,7549.93,7525.82,7543.64,22734,72,0
2026-06-04 04:00:00+00:00,7543.67,7556.8,7537.47,7552.74,13889,72,0
2026-06-04 08:00:00+00:00,7552.47,7552.55,7523.64,7542.98,19236,72,0
2026-06-04 12:00:00+00:00,7542.98,7586.31,7535.8,7580.04,44718,72,0
2026-06-04 16:00:00+00:00,7580.17,7610.34,7578.5,7598.65,17195,72,0
2026-06-04 20:00:00+00:00,7598.79,7601.05,7572.62,7572.89,8783,72,0
2026-06-05 00:00:00+00:00,7572.67,7572.67,7546.06,7556.49,22481,64,0
2026-06-05 04:00:00+00:00,7556.63,7565.19,7546.44,7556.6,17564,72,0
2026-06-05 08:00:00+00:00,7556.47,7578.06,7553.75,7562.45,13311,72,0
2026-06-05 12:00:00+00:00,7562.59,7567.17,7485.7,7489.57,71065,72,0
2026-06-05 16:00:00+00:00,7489.46,7489.6,7379.05,7399.1,96307,72,0
2026-06-05 20:00:00+00:00,7399.32,7400.6,7358.57,7368.84,13871,72,0
2026-06-07 20:00:00+00:00,7373.19,7406.04,7356.95,7401.82,23291,72,0
2026-06-08 00:00:00+00:00,7401.71,7424.19,7385.67,7418.21,47368,64,0
2026-06-08 04:00:00+00:00,7418.23,7430.23,7387.99,7424.61,35925,64,0
2026-06-08 08:00:00+00:00,7424.41,7458.97,7408.67,7448.39,25394,72,0
2026-06-08 12:00:00+00:00,7448.16,7477.95,7430.54,7451.39,82876,72,0
2026-06-08 16:00:00+00:00,7451.42,7463.65,7405.32,7417.32,67089,72,0
2026-06-08 20:00:00+00:00,7417.45,7421.3,7393.07,7412.7,13857,72,0
2026-06-09 00:00:00+00:00,7412.45,7435.3,7392.64,7432.77,35082,64,0
2026-06-09 04:00:00+00:00,7432.63,7448.84,7430.34,7434.84,18648,72,0
2026-06-09 08:00:00+00:00,7434.71,7458.12,7430.49,7445.7,14425,72,0
2026-06-09 12:00:00+00:00,7445.75,7493.25,7313.92,7314.85,116268,72,0
2026-06-09 16:00:00+00:00,7314.97,7400.85,7249.27,7394.31,159214,64,0
2026-06-09 20:00:00+00:00,7394.18,7401.07,7366.92,7382.0,22898,72,0
2026-06-10 00:00:00+00:00,7382.06,7396.37,7367.3,7375.49,45277,72,0
2026-06-10 04:00:00+00:00,7375.65,7378.85,7357.04,7370.68,30552,72,0
2026-06-10 08:00:00+00:00,7370.7,7371.04,7308.63,7325.47,41323,72,0
2026-06-10 12:00:00+00:00,7325.3,7407.81,7308.53,7343.28,142119,64,0
2026-06-10 16:00:00+00:00,7343.44,7349.09,7278.67,7279.55,108500,72,0
2026-06-10 20:00:00+00:00,7279.78,7282.39,7236.49,7253.32,30007,72,0
2026-06-11 00:00:00+00:00,7253.55,7309.29,7249.94,7306.94,60082,64,0
2026-06-11 04:00:00+00:00,7306.91,7333.74,7297.67,7329.94,27187,64,0
2026-06-11 08:00:00+00:00,7329.74,7341.49,7320.34,7334.93,17443,72,0
2026-06-11 12:00:00+00:00,7334.71,7338.33,7266.51,7303.27,132696,64,0
2026-06-11 16:00:00+00:00,7303.41,7424.59,7276.15,7399.1,117958,72,0
2026-06-11 20:00:00+00:00,7399.32,7421.93,7394.97,7420.2,17647,72,0
2026-06-12 00:00:00+00:00,7420.22,7426.49,7402.03,7412.16,42644,72,0
2026-06-12 04:00:00+00:00,7412.41,7417.95,7380.23,7405.86,40326,64,0
2026-06-12 08:00:00+00:00,7406.16,7456.35,7404.72,7450.34,36972,64,0
2026-06-12 12:00:00+00:00,7450.29,7469.34,7373.24,7412.54,103915,64,0
2026-06-12 16:00:00+00:00,7412.67,7454.03,7405.7,7441.36,58034,72,0
2026-06-12 20:00:00+00:00,7441.2,7451.96,7440.21,7443.44,3048,72,0
2026-06-14 20:00:00+00:00,7493.0,7512.78,7490.92,7504.86,19579,67,0
2026-06-15 00:00:00+00:00,7504.65,7532.34,7502.36,7528.59,19471,72,0
2026-06-15 04:00:00+00:00,7528.44,7541.84,7525.89,7531.85,13989,72,0
2026-06-15 08:00:00+00:00,7531.88,7547.11,7528.01,7540.81,13029,72,0
2026-06-15 12:00:00+00:00,7540.89,7589.41,7532.64,7588.31,47076,72,0
2026-06-15 16:00:00+00:00,7588.47,7593.91,7561.5,7576.0,27314,72,0
2026-06-15 20:00:00+00:00,7575.78,7576.39,7557.93,7565.87,7582,86,0
2026-06-16 00:00:00+00:00,7565.87,7572.9,7558.2,7568.44,17448,64,0
2026-06-16 04:00:00+00:00,7568.44,7573.26,7560.74,7569.87,12245,64,0
2026-06-16 08:00:00+00:00,7570.0,7579.53,7564.36,7576.74,10454,72,0
2026-06-16 12:00:00+00:00,7576.72,7581.7,7544.53,7555.29,56953,72,0
2026-06-16 16:00:00+00:00,7555.42,7567.69,7528.3,7533.54,38563,72,0
2026-06-16 20:00:00+00:00,7533.32,7543.44,7523.53,7537.77,7269,86,0
2026-06-17 00:00:00+00:00,7537.99,7552.34,7537.99,7551.89,11133,72,0
2026-06-17 04:00:00+00:00,7551.9,7558.58,7547.18,7551.74,8761,72,0
2026-06-17 08:00:00+00:00,7551.73,7554.23,7529.25,7532.9,15029,34,0
2026-06-17 12:00:00+00:00,7533.04,7550.39,7507.23,7535.01,74621,34,0
2026-06-17 16:00:00+00:00,7535.14,7539.14,7419.34,7438.72,103536,67,0
2026-06-17 20:00:00+00:00,7438.59,7488.43,7436.85,7488.27,14550,72,0
2026-06-18 00:00:00+00:00,7488.45,7508.48,7487.07,7502.84,19388,64,0
2026-06-18 04:00:00+00:00,7502.91,7506.82,7486.64,7506.52,16827,72,0
2026-06-18 08:00:00+00:00,7506.8,7515.35,7479.37,7490.96,15876,72,0
2026-06-18 12:00:00+00:00,7491.16,7528.54,7482.31,7506.79,75760,72,0
2026-06-18 16:00:00+00:00,7506.93,7526.95,7495.67,7511.07,34662,72,0
2026-06-18 20:00:00+00:00,7510.82,7529.19,7506.62,7512.7,8980,72,0
2026-06-19 00:00:00+00:00,7512.47,7513.05,7483.39,7485.8,15027,72,0
2026-06-19 04:00:00+00:00,7486.05,7502.0,7467.89,7501.14,15222,72,0
2026-06-19 08:00:00+00:00,7501.26,7509.1,7484.26,7491.2,9913,72,0
2026-06-19 12:00:00+00:00,7491.33,7515.71,7482.23,7511.2,12312,72,0
2026-06-19 16:00:00+00:00,7511.05,7514.43,7502.04,7504.23,1327,86,0
2026-06-21 20:00:00+00:00,7493.61,7499.25,7462.72,7465.47,13697,72,0
2026-06-22 00:00:00+00:00,7465.42,7506.88,7464.03,7484.29,24005,72,0
2026-06-22 04:00:00+00:00,7484.41,7517.04,7478.22,7512.42,15876,72,0
2026-06-22 08:00:00+00:00,7512.53,7527.24,7502.42,7513.25,14866,72,0
2026-06-22 12:00:00+00:00,7513.37,7548.71,7476.85,7492.32,71441,72,0
2026-06-22 16:00:00+00:00,7492.17,7503.25,7477.84,7489.54,39397,72,0
2026-06-22 20:00:00+00:00,7489.31,7497.2,7475.92,7481.74,7466,72,0
2026-06-23 00:00:00+00:00,7481.52,7495.03,7446.49,7458.9,30317,72,0
2026-06-23 04:00:00+00:00,7459.13,7462.12,7378.32,7383.45,31846,72,0
2026-06-23 08:00:00+00:00,7383.94,7403.81,7372.23,7401.21,30866,72,0
2026-06-23 12:00:00+00:00,7400.89,7441.83,7365.39,7404.52,85495,72,0
2026-06-23 16:00:00+00:00,7404.63,7427.1,7379.69,7384.83,56945,72,0
2026-06-23 20:00:00+00:00,7385.07,7403.4,7371.51,7398.37,15411,72,0
2026-06-24 00:00:00+00:00,7397.91,7410.67,7378.49,7399.03,34962,72,0
2026-06-24 04:00:00+00:00,7399.2,7410.44,7386.24,7393.97,22819,72,0
2026-06-24 08:00:00+00:00,7394.08,7415.98,7390.67,7415.06,18035,72,0
2026-06-24 12:00:00+00:00,7414.94,7447.7,7387.59,7431.34,84993,72,0
2026-06-24 16:00:00+00:00,7431.5,7436.49,7355.4,7379.63,88342,72,0
2026-06-24 20:00:00+00:00,7379.75,7438.23,7372.47,7423.69,21748,72,0
2026-06-25 00:00:00+00:00,7423.69,7425.06,7404.24,7421.18,25513,72,0
2026-06-25 04:00:00+00:00,7421.37,7440.4,7411.78,7440.03,13852,72,0
2026-06-25 08:00:00+00:00,7439.97,7443.21,7424.04,7427.86,11930,72,0
2026-06-25 12:00:00+00:00,7427.92,7447.35,7341.64,7388.73,127224,72,0
2026-06-25 16:00:00+00:00,7388.52,7409.56,7359.38,7379.92,87547,72,0
2026-06-25 20:00:00+00:00,7380.33,7406.24,7368.34,7375.97,16875,72,0
2026-06-26 00:00:00+00:00,7375.84,7386.75,7309.34,7335.25,50945,72,0
2026-06-26 04:00:00+00:00,7335.48,7365.75,7316.84,7362.76,30566,72,0
2026-06-26 08:00:00+00:00,7362.89,7367.5,7328.81,7336.82,23595,72,0
2026-06-26 12:00:00+00:00,7336.96,7410.79,7312.31,7400.02,102632,72,0
2026-06-26 16:00:00+00:00,7400.22,7404.76,7322.46,7326.79,64428,72,0
2026-06-26 20:00:00+00:00,7326.33,7373.0,7322.73,7355.18,14914,67,0
2026-06-28 20:00:00+00:00,7358.07,7410.63,7357.24,7402.07,12516,72,0
2026-06-29 00:00:00+00:00,7402.3,7407.57,7375.81,7405.24,44737,72,0
2026-06-29 04:00:00+00:00,7405.19,7413.13,7391.65,7406.26,22730,72,0
2026-06-29 08:00:00+00:00,7406.2,7427.55,7402.36,7418.41,18005,72,0
2026-06-29 12:00:00+00:00,7418.52,7444.48,7364.06,7429.89,97001,72,0
2026-06-29 16:00:00+00:00,7430.16,7460.21,7425.04,7452.12,24533,72,0
2026-06-29 20:00:00+00:00,7452.25,7455.0,7445.92,7450.52,7865,72,0
2026-06-30 00:00:00+00:00,7450.42,7461.99,7436.97,7456.79,24837,72,0
2026-06-30 04:00:00+00:00,7456.93,7469.37,7456.08,7457.09,15459,72,0
2026-06-30 08:00:00+00:00,7456.87,7472.41,7449.27,7465.64,13935,72,0
2026-06-30 12:00:00+00:00,7465.78,7502.65,7446.75,7500.73,44398,72,0
2026-06-30 16:00:00+00:00,7500.8,7522.65,7500.5,7501.59,16037,86,0
2026-06-30 20:00:00+00:00,7501.06,7508.13,7493.52,7500.32,8367,72,0
2026-07-01 00:00:00+00:00,7500.46,7504.84,7473.14,7488.18,18345,72,0
2026-07-01 04:00:00+00:00,7488.15,7490.56,7466.02,7478.39,12820,72,0
2026-07-01 08:00:00+00:00,7478.52,7495.37,7474.81,7486.51,9876,72,0
2026-07-01 12:00:00+00:00,7486.55,7533.86,7461.49,7528.09,51887,72,0
2026-07-01 16:00:00+00:00,7528.14,7534.64,7491.99,7497.49,27354,72,0
2026-07-01 20:00:00+00:00,7497.62,7498.16,7481.54,7490.76,9900,86,0
2026-07-02 00:00:00+00:00,7490.61,7514.13,7478.86,7510.78,24481,64,0
2026-07-02 04:00:00+00:00,7510.85,7512.1,7476.31,7487.35,22065,72,0
2026-07-02 08:00:00+00:00,7487.12,7505.57,7478.62,7499.61,16384,72,0
2026-07-02 12:00:00+00:00,7499.36,7549.9,7476.46,7482.55,93660,72,0
2026-07-02 16:00:00+00:00,7482.81,7489.61,7435.48,7481.94,64486,72,0
2026-07-02 20:00:00+00:00,7482.1,7494.17,7473.69,7492.66,8998,72,0
2026-07-03 00:00:00+00:00,7492.41,7511.79,7483.84,7510.58,27550,64,0
2026-07-03 04:00:00+00:00,7510.75,7521.63,7506.84,7508.46,10257,64,0
2026-07-03 08:00:00+00:00,7508.6,7510.36,7502.34,7508.96,7032,72,0
2026-07-03 12:00:00+00:00,7509.11,7518.05,7505.53,7515.21,6538,72,0
2026-07-03 16:00:00+00:00,7515.25,7515.51,7510.35,7513.54,735,86,0
2026-07-05 20:00:00+00:00,7525.39,7528.64,7509.63,7527.85,7351,72,0
2026-07-06 00:00:00+00:00,7527.99,7532.23,7496.39,7500.39,28240,72,0
2026-07-06 04:00:00+00:00,7500.31,7521.46,7497.94,7521.12,14306,64,0
2026-07-06 08:00:00+00:00,7521.11,7524.68,7514.26,7514.65,9791,72,0
2026-07-06 12:00:00+00:00,7514.58,7546.9,7510.04,7545.65,41727,72,0
2026-07-06 16:00:00+00:00,7545.48,7560.36,7533.27,7551.64,21316,72,0
2026-07-06 20:00:00+00:00,7551.48,7559.52,7543.07,7544.44,6410,72,0
2026-07-07 00:00:00+00:00,7544.05,7553.8,7529.6,7532.79,20470,64,0
2026-07-07 04:00:00+00:00,7532.84,7538.67,7522.09,7531.01,13504,72,0
2026-07-07 08:00:00+00:00,7531.0,7543.18,7529.94,7537.72,9764,72,0
2026-07-07 12:00:00+00:00,7537.48,7546.34,7488.44,7509.59,59514,72,0
2026-07-07 16:00:00+00:00,7509.81,7529.81,7495.54,7511.75,23150,72,0
2026-07-07 20:00:00+00:00,7512.19,7512.84,7496.88,7498.39,5635,108,0
2026-07-08 00:00:00+00:00,7498.34,7522.46,7492.93,7514.0,17275,108,0
2026-07-08 04:00:00+00:00,7514.1,7515.62,7491.54,7500.78,15035,108,0
2026-07-08 08:00:00+00:00,7500.91,7506.12,7428.01,7458.07,22327,108,0
2026-07-08 12:00:00+00:00,7458.11,7484.43,7429.12,7440.71,32532,108,0
2026-07-08 16:00:00+00:00,7440.98,7495.94,7440.46,7486.46,18885,108,0
2026-07-08 20:00:00+00:00,7486.2,7488.94,7468.0,7487.38,6344,108,0
2026-07-09 00:00:00+00:00,7487.67,7503.33,7485.05,7499.31,19568,96,0
2026-07-09 04:00:00+00:00,7499.43,7517.62,7495.31,7513.62,13552,96,0
2026-07-09 08:00:00+00:00,7513.93,7517.99,7487.1,7503.48,9531,108,0
2026-07-09 12:00:00+00:00,7503.54,7537.95,7489.86,7533.96,19054,108,0
2026-07-09 16:00:00+00:00,7534.21,7555.2,7534.21,7550.71,6736,129,0
2026-07-09 20:00:00+00:00,7550.96,7551.98,7543.94,7548.81,3640,108,0
2026-07-10 00:00:00+00:00,7548.96,7549.94,7535.31,7543.9,11553,96,0
2026-07-10 04:00:00+00:00,7543.86,7544.77,7530.17,7532.51,7851,108,0
2026-07-10 08:00:00+00:00,7532.65,7552.66,7528.89,7543.73,5704,108,0
2026-07-10 12:00:00+00:00,7543.89,7567.27,7513.53,7560.64,20452,108,0
2026-07-10 16:00:00+00:00,7560.63,7587.49,7560.63,7581.46,7151,129,0
2026-07-10 20:00:00+00:00,7581.74,7587.78,7578.65,7587.74,629,129,0
2026-07-12 20:00:00+00:00,7567.76,7574.25,7554.81,7562.07,4462,101,0
2026-07-13 00:00:00+00:00,7561.91,7578.17,7545.61,7546.07,16320,108,0
2026-07-13 04:00:00+00:00,7546.1,7553.84,7529.33,7550.55,12217,108,0
2026-07-13 08:00:00+00:00,7550.79,7567.03,7549.73,7556.91,5638,108,0
2026-07-13 12:00:00+00:00,7557.06,7573.04,7536.53,7545.95,19569,108,0
2026-07-13 16:00:00+00:00,7545.96,7551.83,7514.49,7525.81,15043,108,0
2026-07-13 20:00:00+00:00,7526.05,7526.72,7505.1,7516.86,5933,108,0
2026-07-14 00:00:00+00:00,7517.1,7524.14,7495.49,7507.66,22804,108,0
2026-07-14 04:00:00+00:00,7507.83,7538.72,7502.16,7522.35,14765,108,0
2026-07-14 08:00:00+00:00,7522.6,7529.46,7507.53,7519.2,11248,108,0
2026-07-14 12:00:00+00:00,7519.45,7576.92,7508.3,7542.63,28722,101,0
2026-07-14 16:00:00+00:00,7542.73,7560.99,7532.61,7552.41,10956,108,0
2026-07-14 20:00:00+00:00,7552.18,7566.73,7545.38,7565.21,4095,129,0
2026-07-15 00:00:00+00:00,7565.14,7570.91,7555.21,7569.7,11249,108,0
2026-07-15 04:00:00+00:00,7569.8,7575.81,7556.02,7567.08,7805,108,0
2026-07-15 08:00:00+00:00,7567.11,7573.13,7558.47,7562.71,5657,108,0
2026-07-15 12:00:00+00:00,7562.72,7588.59,7554.75,7558.73,20390,108,0
2026-07-15 16:00:00+00:00,7558.74,7582.13,7534.47,7579.51,13574,108,0
2026-07-15 20:00:00+00:00,7579.81,7585.38,7571.3,7579.84,3695,108,0
2026-07-16 00:00:00+00:00,7580.12,7590.84,7573.96,7587.9,13248,108,0
2026-07-16 04:00:00+00:00,7587.94,7595.01,7563.54,7565.17,9693,108,0
2026-07-16 08:00:00+00:00,7565.03,7578.63,7544.46,7560.63,7956,108,0
2026-07-16 12:00:00+00:00,7560.34,7578.15,7538.82,7568.16,19603,108,0
2026-07-16 16:00:00+00:00,7568.39,7568.55,7512.71,7541.31,16794,108,0
2026-07-16 20:00:00+00:00,7541.56,7541.8,7521.9,7525.28,5612,108,0
2026-07-17 00:00:00+00:00,7525.86,7528.64,7489.26,7489.46,14968,108,0
2026-07-17 04:00:00+00:00,7489.46,7489.64,7468.18,7477.3,15232,108,0
2026-07-17 08:00:00+00:00,7477.28,7487.28,7456.68,7484.26,11433,108,0
2026-07-17 12:00:00+00:00,7484.15,7504.85,7438.63,7500.22,27083,108,0
2026-07-17 16:00:00+00:00,7500.59,7504.59,7452.51,7462.6,20277,108,0
2026-07-17 20:00:00+00:00,7462.25,7463.51,7451.09,7462.8,1904,129,0
2026-07-19 20:00:00+00:00,7455.35,7473.22,7450.34,7472.31,7412,108,0
2026-07-20 00:00:00+00:00,7472.7,7485.48,7458.21,7473.71,20955,108,0
2026-07-20 04:00:00+00:00,7473.84,7487.99,7459.95,7484.58,12528,108,0
2026-07-20 08:00:00+00:00,7484.73,7513.96,7479.62,7504.23,8141,108,0
2026-07-20 12:00:00+00:00,7504.08,7520.45,7469.6,7492.45,20238,108,0
2026-07-20 16:00:00+00:00,7492.47,7502.48,7446.87,7454.45,17830,108,0
2026-07-20 20:00:00+00:00,7454.71,7461.93,7442.6,7454.66,5140,108,0
2026-07-21 00:00:00+00:00,7454.49,7482.42,7443.28,7482.26,15850,108,0
2026-07-21 04:00:00+00:00,7482.21,7497.37,7479.5,7487.13,9225,96,0
2026-07-21 08:00:00+00:00,7487.05,7498.11,7482.14,7484.14,7122,108,0
2026-07-21 12:00:00+00:00,7484.38,7513.18,7474.03,7507.83,17185,108,0
2026-07-21 16:00:00+00:00,7507.8,7523.18,7507.54,7515.67,6314,129,0
2026-07-21 20:00:00+00:00,7515.31,7516.4,7508.55,7513.27,3680,108,0
2026-07-22 00:00:00+00:00,7513.34,7517.03,7504.46,7505.62,13735,96,0
2026-07-22 04:00:00+00:00,7505.65,7509.41,7482.22,7486.12,11455,96,0
2026-07-22 08:00:00+00:00,7486.25,7503.09,7481.44,7487.14,8592,108,0
2026-07-22 12:00:00+00:00,7487.18,7529.83,7474.2,7529.83,14118,108,0
2026-07-22 16:00:00+00:00,7530.05,7532.71,7505.71,7505.96,7600,129,0
2026-07-22 20:00:00+00:00,7506.3,7523.44,7486.36,7500.61,9270,108,0
2026-07-23 00:00:00+00:00,7500.81,7520.16,7491.26,7497.36,14530,96,0
2026-07-23 04:00:00+00:00,7497.6,7505.96,7465.91,7474.65,13609,108,0
2026-07-23 08:00:00+00:00,7474.74,7496.2,7460.56,7470.45,10521,108,0
2026-07-23 12:00:00+00:00,7470.41,7471.9,7382.23,7408.73,72280,108,0
2026-07-23 16:00:00+00:00,7408.98,7427.73,7389.03,7412.73,43036,108,0
2026-07-23 20:00:00+00:00,7412.98,7428.48,7412.98,7419.77,12152,108,0
2026-07-24 00:00:00+00:00,7420.02,7430.31,7407.81,7408.31,27618,96,0
2026-07-24 04:00:00+00:00,7408.57,7434.08,7404.93,7427.33,19778,96,0
2026-07-24 08:00:00+00:00,7427.58,7439.82,7420.33,7436.33,18451,108,0
2026-07-24 12:00:00+00:00,7436.08,7462.83,7402.71,7460.58,84852,108,0
2026-07-24 16:00:00+00:00,7461.08,7467.58,7403.08,7419.03,52881,108,0
2026-07-24 20:00:00+00:00,7418.83,7420.48,7409.73,7415.44,3136,129,0
2026-07-26 20:00:00+00:00,7461.17,7484.76,7460.8,7483.76,9036,101,0
2026-07-27 00:00:00+00:00,7484.01,7484.77,7460.01,7472.51,32820,108,0
2026-07-27 04:00:00+00:00,7472.51,7492.76,7471.51,7478.28,14169,108,0
2026-07-27 08:00:00+00:00,7478.48,7497.2,7478.03,7484.63,10128,108,0
2026-07-27 12:00:00+00:00,7484.63,7487.88,7394.44,7405.83,77422,108,0
2026-07-27 16:00:00+00:00,7406.01,7429.38,7389.44,7421.83,53156,108,0
2026-07-27 20:00:00+00:00,7422.0,7429.23,7413.35,7421.33,8495,108,0
2026-07-28 00:00:00+00:00,7421.47,7425.22,7397.71,7413.71,35329,108,0
2026-07-28 04:00:00+00:00,7413.71,7413.72,7392.46,7406.58,22002,96,0
2026-07-28 08:00:00+00:00,7406.83,7425.83,7398.97,7424.46,19169,108,0
2026-07-28 12:00:00+00:00,7424.46,7455.78,7389.84,7453.14,78630,108,0
2026-07-28 16:00:00+00:00,7452.93,7459.48,7435.68,7439.93,35764,108,0
2026-07-28 20:00:00+00:00,7439.68,7469.61,7423.85,7469.11,18020,108,0
2026-07-29 00:00:00+00:00,7468.85,7475.08,7420.01,7422.26,42106,108,0
2026-07-29 04:00:00+00:00,7422.25,7459.83,7413.26,7456.44,31530,96,0
2026-07-29 08:00:00+00:00,7456.32,7466.93,7444.19,7455.93,17199,108,0
2026-07-29 12:00:00+00:00,7455.81,7456.43,7360.69,7367.83,76111,108,0
2026-07-29 16:00:00+00:00,7368.08,7457.58,7321.33,7325.08,86760,108,0
2026-07-29 20:00:00+00:00,7325.33,7358.16,7299.08,7354.01,24825,108,0
2026-07-30 00:00:00+00:00,7354.27,7368.52,7343.75,7350.77,41847,108,0
2026-07-30 04:00:00+00:00,7350.51,7357.88,7329.89,7335.27,30876,108,0
2026-07-30 08:00:00+00:00,7335.64,7377.63,7327.28,7375.38,17768,108,0
2026-07-30 12:00:00+00:00,7375.25,7422.03,7368.53,7400.28,54777,108,0
2026-07-30 16:00:00+00:00,7400.03,7454.03,7397.53,7448.08,28947,108,0
2026-07-30 20:00:00+00:00,7448.33,7473.3,7444.2,7465.07,13421,108,0
2026-07-31 00:00:00+00:00,7464.82,7481.57,7461.45,7474.07,21075,108,0
2026-07-31 04:00:00+00:00,7474.07,7488.06,7469.05,7483.68,13812,108,0
2026-07-31 08:00:00+00:00,7483.68,7494.58,7471.44,7476.44,13343,108,0
2026-07-31 12:00:00+00:00,7476.44,7492.33,7404.89,7459.63,79254,108,0
2026-07-31 16:00:00+00:00,7459.88,7518.13,7453.38,7496.88,33554,108,0
2026-07-31 20:00:00+00:00,7497.13,7504.63,7482.64,7488.63,4128,129,0
2026-08-02 20:00:00+00:00,7525.41,7536.76,7523.0,7530.86,8331,108,0
2026-08-03 00:00:00+00:00,7530.61,7543.62,7524.61,7541.37,17284,108,0
2026-08-03 04:00:00+00:00,7541.11,7546.37,7532.35,7539.16,14584,72,0
2026-08-03 08:00:00+00:00,7538.91,7547.09,7526.92,7536.92,29174,72,0
2026-08-03 12:00:00+00:00,7536.66,7593.65,7522.35,7591.02,55310,51,0
2026-08-03 16:00:00+00:00,7591.27,7617.27,7589.02,7608.52,20725,42,0
2026-08-03 20:00:00+00:00,7608.27,7616.85,7605.02,7615.88,5071,42,0
2026-08-04 00:00:00+00:00,7616.14,7627.64,7609.88,7625.14,14528,42,0
2026-08-04 04:00:00+00:00,7625.14,7630.44,7622.06,7624.02,11131,42,0
2026-08-04 08:00:00+00:00,7624.02,7638.31,7612.52,7635.06,26067,42,0
2026-08-04 12:00:00+00:00,7635.31,7722.02,7630.02,7717.27,42672,42,0
2026-08-04 16:00:00+00:00,7717.14,7765.92,7714.02,7744.42,34008,51,0
2026-08-04 20:00:00+00:00,7744.17,7763.75,7741.54,7758.25,14485,51,0
2026-08-05 00:00:00+00:00,7757.99,7773.04,7756.99,7772.79,12189,42,0
2026-08-05 04:00:00+00:00,7772.79,7780.54,7767.42,7773.37,9154,42,0
2026-08-05 08:00:00+00:00,7773.62,7781.37,7761.47,7779.62,14442,51,0
2026-08-05 12:00:00+00:00,7779.87,7801.87,7736.38,7739.62,92684,51,0
2026-08-05 16:00:00+00:00,7739.37,7756.12,7727.62,7730.12,46256,51,0
2026-08-05 20:00:00+00:00,7730.37,7753.31,7728.62,7744.55,9768,51,0
2026-08-06 00:00:00+00:00,7744.29,7750.34,7730.58,7745.83,17793,42,0
2026-08-06 04:00:00+00:00,7746.09,7748.09,7736.58,7740.8,14337,42,0
2026-08-06 08:00:00+00:00,7740.67,7749.92,7732.67,7742.46,20903,42,0
2026-08-06 12:00:00+00:00,7742.46,7750.92,7711.67,7713.67,79753,42,0
2026-08-06 16:00:00+00:00,7713.92,7730.42,7706.92,7717.92,46282,51,0
2026-08-06 20:00:00+00:00,7718.17,7723.99,7710.42,7722.73,6749,42,0
2026-08-07 00:00:00+00:00,7722.99,7725.49,7709.73,7711.98,18504,42,0
2026-08-07 04:00:00+00:00,7712.24,7725.82,7708.23,7723.2,11677,42,0
2026-08-07 08:00:00+00:00,7723.32,7739.57,7723.07,7731.57,13110,42,0
2026-08-07 12:00:00+00:00,7731.57,7769.82,7726.57,7760.82,90180,42,0
2026-08-07 16:00:00+00:00,7760.82,7768.57,7739.07,7761.32,39489,51,0
2026-08-07 20:00:00+00:00,7761.57,7764.07,7756.07,7759.32,2173,51,0
2026-08-09 20:00:00+00:00,7763.33,7763.83,7748.44,7751.69,4170,42,0
2026-08-10 00:00:00+00:00,7751.95,7771.24,7750.19,7768.74,12616,42,0
2026-08-10 04:00:00+00:00,7768.48,7781.32,7767.19,7777.19,7414,42,0
2026-08-10 08:00:00+00:00,7777.32,7778.82,7763.32,7767.32,9581,42,0
2026-08-10 12:00:00+00:00,7767.45,7781.82,7754.82,7774.82,39309,51,0
2026-08-10 16:00:00+00:00,7774.95,7776.07,7749.53,7762.82,22192,51,0
2026-08-10 20:00:00+00:00,7763.07,7766.67,7752.04,7756.55,4240,42,0
2026-08-11 00:00:00+00:00,7756.3,7774.59,7753.33,7772.34,8550,42,0
2026-08-11 04:00:00+00:00,7772.33,7775.09,7756.04,7761.67,7951,42,0
2026-08-11 08:00:00+00:00,7761.54,7781.42,7755.42,7774.67,12658,42,0
2026-08-11 12:00:00+00:00,7774.92,7780.67,7748.42,7751.04,35062,51,0
2026-08-11 16:00:00+00:00,7751.17,7755.42,7724.92,7735.42,20825,51,0
2026-08-11 20:00:00+00:00,7735.17,7743.17,7732.42,7741.43,3976,42,0
2026-08-12 00:00:00+00:00,7741.69,7742.69,7734.68,7741.43,9029,42,0
2026-08-12 04:00:00+00:00,7741.69,7747.52,7738.94,7745.52,5235,42,0
2026-08-12 08:00:00+00:00,7745.52,7759.77,7744.27,7756.77,7656,42,0
2026-08-12 12:00:00+00:00,7756.77,7780.02,7743.09,7750.77,44514,51,0
2026-08-12 16:00:00+00:00,7751.02,7767.02,7750.52,7756.02,15182,51,0
2026-08-12 20:00:00+00:00,7755.89,7764.02,7752.52,7755.39,4506,42,0
2026-08-13 00:00:00+00:00,7755.13,7762.14,7751.13,7761.89,8229,42,0
2026-08-13 04:00:00+00:00,7761.89,7767.39,7758.63,7764.59,6141,42,0
2026-08-13 08:00:00+00:00,7764.72,7775.72,7761.97,7770.72,6520,42,0
2026-08-13 12:00:00+00:00,7770.85,7825.22,7764.98,7785.72,33026,51,0
2026-08-13 16:00:00+00:00,7785.97,7815.47,7785.22,7809.97,16482,51,0
2026-08-13 20:00:00+00:00,7810.22,7814.15,7805.23,7812.44,3956,42,0
2026-08-14 00:00:00+00:00,7812.44,7815.19,7806.93,7810.93,5101,42,0
2026-08-14 04:00:00+00:00,7810.93,7812.69,7806.77,7810.02,4317,42,0
2026-08-14 08:00:00+00:00,7810.15,7817.02,7808.77,7816.02,5538,42,0
2026-08-14 12:00:00+00:00,7816.02,7818.27,7786.77,7790.9,30522,51,0
2026-08-14 16:00:00+00:00,7791.27,7796.77,7783.02,7792.02,15330,51,0
2026-08-14 20:00:00+00:00,7792.27,7792.52,7786.52,7788.52,1017,51,0
2026-08-16 20:00:00+00:00,7795.46,7801.35,7792.24,7800.61,1841,40,0
2026-08-17 00:00:00+00:00,7800.35,7802.11,7794.34,7800.61,4287,40,0
2026-08-17 04:00:00+00:00,7800.86,7809.47,7799.59,7807.23,4775,40,0
2026-08-17 08:00:00+00:00,7807.23,7812.62,7800.73,7801.48,11167,40,0
2026-08-17 12:00:00+00:00,7801.48,7802.97,7776.48,7782.22,35697,40,0
2026-08-17 16:00:00+00:00,7782.35,7785.47,7754.22,7756.73,24773,40,0
2026-08-17 20:00:00+00:00,7756.48,7757.48,7751.29,7757.04,4868,40,0
2026-08-18 00:00:00+00:00,7757.05,7759.31,7729.79,7732.3,9774,40,0
2026-08-18 04:00:00+00:00,7732.3,7733.56,7714.88,7715.38,12772,40,0
2026-08-18 08:00:00+00:00,7715.63,7727.37,7706.01,7723.88,24739,40,0
2026-08-18 12:00:00+00:00,7723.63,7728.12,7702.38,7712.12,75177,40,0
2026-08-18 16:00:00+00:00,7712.37,7717.62,7699.13,7704.12,25482,40,0
2026-08-18 20:00:00+00:00,7704.37,7706.71,7695.94,7699.96,5569,40,0
2026-08-19 00:00:00+00:00,7699.96,7706.21,7691.44,7695.71,12272,40,0
2026-08-19 04:00:00+00:00,7695.7,7708.07,7687.45,7707.57,13227,40,0
2026-08-19 08:00:00+00:00,7707.7,7711.07,7698.83,7707.07,14083,40,0
2026-08-19 12:00:00+00:00,7707.07,7754.07,7704.08,7734.82,83762,40,0
2026-08-19 16:00:00+00:00,7734.57,7748.57,7711.08,7720.22,39659,40,0
2026-08-19 20:00:00+00:00,7720.47,7735.09,7715.2,7729.36,6495,40,0
2026-08-20 00:00:00+00:00,7729.1,7733.11,7723.1,7728.61,12576,40,0
2026-08-20 04:00:00+00:00,7728.35,7734.1,7718.98,7719.23,11745,40,0
2026-08-20 08:00:00+00:00,7719.48,7722.72,7692.23,7693.48,34705,40,0
2026-08-20 12:00:00+00:00,7693.36,7708.97,7669.48,7685.48,106498,40,0
2026-08-20 16:00:00+00:00,7685.6,7693.42,7647.98,7654.12,38405,40,0
2026-08-20 20:00:00+00:00,7654.37,7660.92,7646.63,7655.75,5998,40,0
2026-08-21 00:00:00+00:00,7655.49,7662.51,7650.99,7657.51,11090,40,0
2026-08-21 04:00:00+00:00,7657.76,7671.87,7654.0,7671.37,9063,40,0
2026-08-21 08:00:00+00:00,7671.49,7689.22,7667.13,7684.48,17611,40,0
2026-08-21 12:00:00+00:00,7684.6,7703.47,7666.23,7696.98,60431,40,0
2026-08-21 16:00:00+00:00,7696.86,7698.23,7683.48,7690.47,5957,40,0
