time,open,high,low,close,tick_volume,spread,real_volume
2023-08-21 00:00:00+00:00,1.35416,1.35545,1.3534,1.3545099999999999,6235,11,0
2023-08-21 04:00:00+00:00,1.3545099999999999,1.35483,1.35301,1.35309,6195,11,0
2023-08-21 08:00:00+00:00,1.35315,1.35372,1.34992,1.35037,6807,11,0
2023-08-21 12:00:00+00:00,1.35041,1.3572199999999999,1.34954,1.3564,13603,11,0
2023-08-21 16:00:00+00:00,1.35643,1.35717,1.354,1.35462,6432,11,0
2023-08-21 20:00:00+00:00,1.35462,1.35484,1.35343,1.35453,1363,11,0
2023-08-22 00:00:00+00:00,1.35453,1.35532,1.35339,1.35392,6233,11,0
2023-08-22 04:00:00+00:00,1.35392,1.355,1.3524,1.35296,7220,11,0
2023-08-22 08:00:00+00:00,1.3529,1.35366,1.3517299999999999,1.35187,6776,11,0
2023-08-22 12:00:00+00:00,1.35188,1.35643,1.35121,1.35476,12245,11,0
2023-08-22 16:00:00+00:00,1.35481,1.3563399999999999,1.3544399999999999,1.35579,6523,11,0
2023-08-22 20:00:00+00:00,1.35575,1.3559,1.35393,1.35492,1337,11,0
2023-08-23 00:00:00+00:00,1.35497,1.35518,1.35317,1.35386,4750,11,0
2023-08-23 04:00:00+00:00,1.35386,1.35603,1.35347,1.35531,6040,11,0
2023-08-23 08:00:00+00:00,1.35531,1.35782,1.35467,1.3569499999999999,7429,11,0
2023-08-23 12:00:00+00:00,1.357,1.3603100000000001,1.35398,1.35415,12326,11,0
2023-08-23 16:00:00+00:00,1.35416,1.35447,1.35195,1.35343,5238,11,0
2023-08-23 20:00:00+00:00,1.35344,1.35367,1.35163,1.3523100000000001,2243,11,0
2023-08-24 00:00:00+00:00,1.35236,1.35327,1.35128,1.35186,5629,11,0
2023-08-24 04:00:00+00:00,1.35184,1.35395,1.3509,1.35371,6119,11,0
2023-08-24 08:00:00+00:00,1.35369,1.35486,1.35272,1.35471,6428,11,0
2023-08-24 12:00:00+00:00,1.35471,1.3587099999999999,1.3545,1.3563399999999999,12794,11,0
2023-08-24 16:00:00+00:00,1.35639,1.35824,1.35595,1.35801,6721,11,0
2023-08-24 20:00:00+00:00,1.35802,1.35883,1.35702,1.35858,1858,11,0
2023-08-25 00:00:00+00:00,1.35859,1.3599999999999999,1.35791,1.35998,4659,11,0
2023-08-25 04:00:00+00:00,1.35998,1.36016,1.35792,1.35843,5878,11,0
2023-08-25 08:00:00+00:00,1.3584399999999999,1.35907,1.35683,1.3578700000000001,5112,11,0
2023-08-25 12:00:00+00:00,1.35788,1.36394,1.35724,1.36272,16066,11,0
2023-08-25 16:00:00+00:00,1.36276,1.36292,1.35877,1.36029,9032,11,0
2023-08-25 20:00:00+00:00,1.36022,1.36068,1.36007,1.36045,742,11,0
2023-08-27 20:00:00+00:00,1.35837,1.3599700000000001,1.35837,1.3594,1198,21,0
2023-08-28 00:00:00+00:00,1.35945,1.35971,1.35825,1.35916,5377,11,0
2023-08-28 04:00:00+00:00,1.35917,1.3602400000000001,1.3583,1.36014,4845,11,0
2023-08-28 08:00:00+00:00,1.36009,1.3605800000000001,1.35947,1.35962,4907,11,0
2023-08-28 12:00:00+00:00,1.3596599999999999,1.36112,1.35693,1.3597000000000001,10124,11,0
2023-08-28 16:00:00+00:00,1.3597000000000001,1.3609200000000001,1.3587799999999999,1.36018,5785,11,0
2023-08-28 20:00:00+00:00,1.36018,1.36023,1.35866,1.35999,1769,11,0
2023-08-29 00:00:00+00:00,1.35999,1.3605,1.35858,1.3587500000000001,4739,11,0
2023-08-29 04:00:00+00:00,1.35877,1.36046,1.3587099999999999,1.36025,5048,11,0
2023-08-29 08:00:00+00:00,1.3602400000000001,1.36267,1.35978,1.36261,6596,11,0
2023-08-29 12:00:00+00:00,1.36262,1.36367,1.35773,1.35897,12622,11,0
2023-08-29 16:00:00+00:00,1.35897,1.35919,1.3553600000000001,1.35592,5937,11,0
2023-08-29 20:00:00+00:00,1.35592,1.35599,1.35409,1.35582,2034,11,0
2023-08-30 00:00:00+00:00,1.35587,1.35736,1.35564,1.3566099999999999,4756,11,0
2023-08-30 04:00:00+00:00,1.3566099999999999,1.35762,1.35571,1.35571,5803,11,0
2023-08-30 08:00:00+00:00,1.3557000000000001,1.35708,1.35547,1.35622,6048,11,0
2023-08-30 12:00:00+00:00,1.35622,1.3566500000000001,1.35122,1.35162,13583,11,0
2023-08-30 16:00:00+00:00,1.35158,1.35473,1.35158,1.3532600000000001,5914,11,0
2023-08-30 20:00:00+00:00,1.3532600000000001,1.3536000000000001,1.35205,1.35339,1440,11,0
2023-08-31 00:00:00+00:00,1.35344,1.35403,1.3519999999999999,1.35398,4164,11,0
2023-08-31 04:00:00+00:00,1.35398,1.35476,1.35305,1.35378,5051,11,0
2023-08-31 08:00:00+00:00,1.35378,1.35571,1.35374,1.35446,5789,11,0
2023-08-31 12:00:00+00:00,1.3545099999999999,1.35508,1.35141,1.354,14572,11,0
2023-08-31 16:00:00+00:00,1.35396,1.3554599999999999,1.3503,1.35138,6287,11,0
2023-08-31 20:00:00+00:00,1.35135,1.35157,1.35002,1.35095,1642,11,0
2023-09-01 00:00:00+00:00,1.351,1.35155,1.34885,1.35119,4576,11,0
2023-09-01 04:00:00+00:00,1.35119,1.3520400000000001,1.34933,1.34995,4854,11,0
2023-09-01 08:00:00+00:00,1.34994,1.35147,1.34944,1.35124,5425,11,0
2023-09-01 12:00:00+00:00,1.35124,1.35918,1.34965,1.35831,18376,11,0
2023-09-01 16:00:00+00:00,1.35832,1.3612199999999999,1.35828,1.36017,4968,11,0
2023-09-01 20:00:00+00:00,1.36013,1.36013,1.3590200000000001,1.35927,699,11,0
2023-09-03 20:00:00+00:00,1.3586,1.35971,1.35853,1.35941,752,21,0
2023-09-04 00:00:00+00:00,1.35946,1.35975,1.3583,1.3584,4549,11,0
2023-09-04 04:00:00+00:00,1.3584,1.35928,1.35746,1.35908,4371,11,0
2023-09-04 08:00:00+00:00,1.35903,1.3603399999999999,1.3587799999999999,1.35957,3725,11,0
2023-09-04 12:00:00+00:00,1.35957,1.36041,1.35879,1.35937,3787,11,0
2023-09-04 16:00:00+00:00,1.35937,1.35964,1.35915,1.35931,965,11,0
2023-09-04 20:00:00+00:00,1.35931,1.35986,1.35819,1.35985,824,11,0
2023-09-05 00:00:00+00:00,1.35991,1.36174,1.35957,1.36157,4753,11,0
2023-09-05 04:00:00+00:00,1.36157,1.36588,1.36113,1.3656,6511,11,0
2023-09-05 08:00:00+00:00,1.36564,1.36689,1.3639700000000001,1.36498,6559,11,0
2023-09-05 12:00:00+00:00,1.36499,1.36598,1.36007,1.36077,13868,11,0
2023-09-05 16:00:00+00:00,1.36083,1.36408,1.35986,1.36401,5023,11,0
2023-09-05 20:00:00+00:00,1.36398,1.36436,1.3626800000000001,1.36392,1888,11,0
2023-09-06 00:00:00+00:00,1.36396,1.36565,1.36374,1.36437,4839,11,0
2023-09-06 04:00:00+00:00,1.36437,1.3663,1.36257,1.3661699999999999,6265,11,0
2023-09-06 08:00:00+00:00,1.36621,1.36712,1.36396,1.36483,5798,11,0
2023-09-06 12:00:00+00:00,1.36483,1.36761,1.36216,1.36559,14551,11,0
2023-09-06 16:00:00+00:00,1.36564,1.36659,1.36359,1.36385,5293,11,0
2023-09-06 20:00:00+00:00,1.36383,1.36412,1.36281,1.36387,1445,11,0
2023-09-07 00:00:00+00:00,1.36391,1.36499,1.3635,1.36435,4345,11,0
2023-09-07 04:00:00+00:00,1.36437,1.36545,1.36314,1.36387,6147,11,0
2023-09-07 08:00:00+00:00,1.36383,1.36593,1.36376,1.36575,6349,11,0
2023-09-07 12:00:00+00:00,1.36575,1.3682,1.36446,1.36792,11518,11,0
2023-09-07 16:00:00+00:00,1.3679700000000001,1.3694,1.36727,1.36856,5299,11,0
2023-09-07 20:00:00+00:00,1.36856,1.36859,1.36744,1.36822,1262,11,0
2023-09-08 00:00:00+00:00,1.36826,1.36891,1.36652,1.3669,4492,11,0
2023-09-08 04:00:00+00:00,1.3669,1.36712,1.36517,1.36646,4783,11,0
2023-09-08 08:00:00+00:00,1.3664,1.36753,1.3657599999999999,1.3661400000000001,6643,11,0
2023-09-08 12:00:00+00:00,1.36613,1.36658,1.36071,1.36222,12255,11,0
2023-09-08 16:00:00+00:00,1.3622,1.36463,1.36171,1.36429,5362,11,0
2023-09-08 20:00:00+00:00,1.36428,1.36441,1.36379,1.36398,611,11,0
2023-09-10 20:00:00+00:00,1.36314,1.36357,1.36252,1.36281,1355,21,0
2023-09-11 00:00:00+00:00,1.36281,1.36353,1.36174,1.36199,5480,11,0
2023-09-11 04:00:00+00:00,1.36199,1.36211,1.35865,1.35985,6296,11,0
2023-09-11 08:00:00+00:00,1.35984,1.36068,1.35843,1.35867,5411,11,0
2023-09-11 12:00:00+00:00,1.35866,1.36008,1.35603,1.35829,9465,11,0
2023-09-11 16:00:00+00:00,1.35828,1.35859,1.3565800000000001,1.35796,4176,11,0
2023-09-11 20:00:00+00:00,1.35801,1.35801,1.3566,1.3578999999999999,1360,11,0
2023-09-12 00:00:00+00:00,1.35795,1.35926,1.35709,1.35742,5136,11,0
2023-09-12 04:00:00+00:00,1.35738,1.35891,1.35723,1.35831,5407,11,0
2023-09-12 08:00:00+00:00,1.35831,1.35883,1.35728,1.35822,5825,11,0
2023-09-12 12:00:00+00:00,1.35822,1.35852,1.35426,1.35527,10182,11,0
2023-09-12 16:00:00+00:00,1.35531,1.35628,1.35473,1.35586,5356,11,0
2023-09-12 20:00:00+00:00,1.35589,1.35589,1.3544800000000001,1.3552,1497,11,0
2023-09-13 00:00:00+00:00,1.35525,1.35662,1.35468,1.3562,5464,11,0
2023-09-13 04:00:00+00:00,1.3562,1.35741,1.35496,1.35619,7136,11,0
2023-09-13 08:00:00+00:00,1.35615,1.35731,1.3555,1.35609,6823,11,0
2023-09-13 12:00:00+00:00,1.35605,1.35865,1.35201,1.35341,16148,11,0
2023-09-13 16:00:00+00:00,1.35341,1.3569200000000001,1.35331,1.35529,6535,11,0
2023-09-13 20:00:00+00:00,1.3553,1.35561,1.35398,1.35519,2090,11,0
2023-09-14 00:00:00+00:00,1.35523,1.35538,1.35297,1.35339,4909,11,0
2023-09-14 04:00:00+00:00,1.35339,1.35419,1.35255,1.35376,4270,11,0
2023-09-14 08:00:00+00:00,1.35375,1.35401,1.35149,1.35199,6055,11,0
2023-09-14 12:00:00+00:00,1.35198,1.3542100000000001,1.35006,1.35119,15249,11,0
2023-09-14 16:00:00+00:00,1.3512,1.35181,1.34925,1.35162,5540,11,0
2023-09-14 20:00:00+00:00,1.35162,1.35168,1.34991,1.35151,1498,11,0
2023-09-15 00:00:00+00:00,1.35156,1.3516599999999999,1.3496000000000001,1.3498299999999999,4872,11,0
2023-09-15 04:00:00+00:00,1.34982,1.35137,1.34932,1.35026,5999,11,0
2023-09-15 08:00:00+00:00,1.35026,1.3522,1.3501,1.35187,5947,11,0
2023-09-15 12:00:00+00:00,1.35187,1.3549,1.35049,1.35054,12333,11,0
2023-09-15 16:00:00+00:00,1.35059,1.35333,1.3501699999999999,1.35255,6011,11,0
2023-09-15 20:00:00+00:00,1.35256,1.35282,1.35203,1.35242,853,11,0
2023-09-17 20:00:00+00:00,1.35155,1.35249,1.35152,1.35218,768,21,0
2023-09-18 00:00:00+00:00,1.35222,1.35278,1.35124,1.35175,4513,11,0
2023-09-18 04:00:00+00:00,1.35171,1.35188,1.34951,1.35079,4585,11,0
2023-09-18 08:00:00+00:00,1.35081,1.35181,1.35004,1.3508200000000001,4534,11,0
2023-09-18 12:00:00+00:00,1.3508200000000001,1.35145,1.3470900000000001,1.3483100000000001,9855,11,0
2023-09-18 16:00:00+00:00,1.3483100000000001,1.34961,1.34748,1.34908,4475,11,0
2023-09-18 20:00:00+00:00,1.34907,1.3491,1.34753,1.3486099999999999,1446,11,0
2023-09-19 00:00:00+00:00,1.34866,1.34878,1.34757,1.34775,3917,11,0
2023-09-19 04:00:00+00:00,1.34775,1.34835,1.34554,1.34576,4168,11,0
2023-09-19 08:00:00+00:00,1.34579,1.34586,1.3421699999999999,1.34236,5438,11,0
2023-09-19 12:00:00+00:00,1.34237,1.3433899999999999,1.3379699999999999,1.34317,13650,11,0
2023-09-19 16:00:00+00:00,1.34317,1.34471,1.34317,1.34418,5853,11,0
2023-09-19 20:00:00+00:00,1.34418,1.34483,1.3437000000000001,1.34422,1464,11,0
2023-09-20 00:00:00+00:00,1.34427,1.34641,1.34421,1.3462,4075,11,0
2023-09-20 04:00:00+00:00,1.3462,1.34622,1.3443399999999999,1.3449200000000001,5678,11,0
2023-09-20 08:00:00+00:00,1.3449200000000001,1.34516,1.34227,1.34298,5462,11,0
2023-09-20 12:00:00+00:00,1.34298,1.34381,1.33948,1.34259,9664,11,0
2023-09-20 16:00:00+00:00,1.3425500000000001,1.34723,1.34024,1.34707,14238,11,0
2023-09-20 20:00:00+00:00,1.34706,1.3477299999999999,1.34486,1.34767,2094,11,0
2023-09-21 00:00:00+00:00,1.34772,1.35003,1.34706,1.34889,5546,11,0
2023-09-21 04:00:00+00:00,1.34889,1.35007,1.3483100000000001,1.34883,5546,11,0
2023-09-21 08:00:00+00:00,1.34883,1.3513899999999999,1.34845,1.3510900000000001,8628,11,0
2023-09-21 12:00:00+00:00,1.35108,1.3523100000000001,1.34742,1.34852,14047,11,0
2023-09-21 16:00:00+00:00,1.34852,1.3488,1.34599,1.3484,7164,11,0
2023-09-21 20:00:00+00:00,1.34844,1.34883,1.34707,1.34768,1547,11,0
2023-09-22 00:00:00+00:00,1.3477299999999999,1.34808,1.34593,1.34622,4746,11,0
2023-09-22 04:00:00+00:00,1.34622,1.34836,1.34592,1.34696,6783,11,0
2023-09-22 08:00:00+00:00,1.34693,1.34742,1.34315,1.3435000000000001,6733,11,0
2023-09-22 12:00:00+00:00,1.3435000000000001,1.34722,1.34227,1.3467500000000001,11889,11,0
2023-09-22 16:00:00+00:00,1.34676,1.34911,1.34657,1.3481,6883,11,0
2023-09-22 20:00:00+00:00,1.3480699999999999,1.34826,1.34747,1.34818,720,11,0
2023-09-24 20:00:00+00:00,1.34681,1.34805,1.34657,1.34767,1446,21,0
2023-09-25 00:00:00+00:00,1.34772,1.34891,1.34707,1.34864,4628,11,0
2023-09-25 04:00:00+00:00,1.34864,1.34891,1.3471600000000001,1.34747,4315,11,0
2023-09-25 08:00:00+00:00,1.34747,1.34874,1.3453,1.34631,5867,11,0
2023-09-25 12:00:00+00:00,1.34631,1.34912,1.34567,1.3474599999999999,11084,11,0
2023-09-25 16:00:00+00:00,1.34747,1.34775,1.34573,1.34578,5944,11,0
2023-09-25 20:00:00+00:00,1.34572,1.3458,1.34481,1.3449900000000001,1374,11,0
2023-09-26 00:00:00+00:00,1.34504,1.34799,1.34488,1.34748,5047,11,0
2023-09-26 04:00:00+00:00,1.34748,1.34992,1.34727,1.3495599999999999,5811,11,0
2023-09-26 08:00:00+00:00,1.3495300000000001,1.35099,1.34769,1.35083,7374,11,0
2023-09-26 12:00:00+00:00,1.3508200000000001,1.35144,1.34857,1.35087,12830,11,0
2023-09-26 16:00:00+00:00,1.35091,1.35274,1.35041,1.3517299999999999,7759,11,0
2023-09-26 20:00:00+00:00,1.3517299999999999,1.35216,1.3504800000000001,1.35192,1827,11,0
2023-09-27 00:00:00+00:00,1.35189,1.35247,1.35006,1.35191,5733,11,0
2023-09-27 04:00:00+00:00,1.35191,1.35245,1.35154,1.35213,5096,11,0
2023-09-27 08:00:00+00:00,1.35212,1.35373,1.35107,1.35334,5427,11,0
2023-09-27 12:00:00+00:00,1.35334,1.3535,1.35008,1.35131,12028,11,0
2023-09-27 16:00:00+00:00,1.35131,1.35425,1.34944,1.35066,9832,11,0
2023-09-27 20:00:00+00:00,1.35071,1.35099,1.34887,1.34997,1956,11,0
2023-09-28 00:00:00+00:00,1.35002,1.3501699999999999,1.34811,1.3492899999999999,5376,11,0
2023-09-28 04:00:00+00:00,1.3492899999999999,1.35069,1.34859,1.3506,6331,11,0
2023-09-28 08:00:00+00:00,1.35064,1.35132,1.34805,1.34806,7578,11,0
2023-09-28 12:00:00+00:00,1.34811,1.35041,1.3474300000000001,1.34755,17833,11,0
2023-09-28 16:00:00+00:00,1.34749,1.35155,1.34695,1.34904,10064,11,0
2023-09-28 20:00:00+00:00,1.34908,1.34943,1.34788,1.3490199999999999,1763,11,0
2023-09-29 00:00:00+00:00,1.3490199999999999,1.3506,1.34748,1.3482,4914,11,0
2023-09-29 04:00:00+00:00,1.3482,1.34832,1.34414,1.34445,6367,11,0
2023-09-29 08:00:00+00:00,1.34439,1.34518,1.3416000000000001,1.34292,7693,11,0
2023-09-29 12:00:00+00:00,1.34297,1.354,1.3417,1.35372,18611,11,0
2023-09-29 16:00:00+00:00,1.35366,1.35833,1.35254,1.35822,11416,11,0
2023-09-29 20:00:00+00:00,1.35816,1.35839,1.35662,1.35765,1415,11,0
2023-10-01 20:00:00+00:00,1.35647,1.35805,1.3557000000000001,1.3572899999999999,1698,21,0
2023-10-02 00:00:00+00:00,1.35733,1.3581699999999999,1.3566,1.35812,3699,11,0
2023-10-02 04:00:00+00:00,1.35812,1.35998,1.35609,1.35818,5390,11,0
2023-10-02 08:00:00+00:00,1.35824,1.36124,1.35761,1.3608500000000001,6690,11,0
2023-10-02 12:00:00+00:00,1.3608500000000001,1.36749,1.36067,1.36661,16771,11,0
2023-10-02 16:00:00+00:00,1.36661,1.36789,1.36548,1.3670499999999999,9416,11,0
2023-10-02 20:00:00+00:00,1.36707,1.36837,1.3661400000000001,1.36753,2115,11,0
2023-10-03 00:00:00+00:00,1.36753,1.36988,1.36753,1.36924,5754,11,0
2023-10-03 04:00:00+00:00,1.36926,1.3715600000000001,1.3689200000000001,1.37062,6736,11,0
2023-10-03 08:00:00+00:00,1.37061,1.37276,1.3685,1.37173,9000,11,0
2023-10-03 12:00:00+00:00,1.37173,1.37351,1.36819,1.37221,24023,11,0
2023-10-03 16:00:00+00:00,1.3721999999999999,1.37231,1.3697,1.37079,10762,11,0
2023-10-03 20:00:00+00:00,1.37082,1.37137,1.36985,1.37087,1919,11,0
2023-10-04 00:00:00+00:00,1.37087,1.37194,1.3698000000000001,1.3713600000000001,6915,11,0
2023-10-04 04:00:00+00:00,1.37135,1.37236,1.36943,1.37053,8247,11,0
2023-10-04 08:00:00+00:00,1.37054,1.3715,1.36895,1.37064,9963,11,0
2023-10-04 12:00:00+00:00,1.37064,1.37791,1.36933,1.37406,21750,11,0
2023-10-04 16:00:00+00:00,1.37402,1.37607,1.37236,1.37416,11097,11,0
2023-10-04 20:00:00+00:00,1.37413,1.3749500000000001,1.37332,1.3743699999999999,2104,11,0
2023-10-05 00:00:00+00:00,1.37442,1.37549,1.3709799999999999,1.37126,5855,11,0
2023-10-05 04:00:00+00:00,1.37126,1.37585,1.37104,1.37568,6340,11,0
2023-10-05 08:00:00+00:00,1.37568,1.37849,1.37484,1.37537,8490,11,0
2023-10-05 12:00:00+00:00,1.3753600000000001,1.3763,1.3721700000000001,1.37374,19195,11,0
2023-10-05 16:00:00+00:00,1.3737,1.37431,1.3705,1.37087,10168,11,0
2023-10-05 20:00:00+00:00,1.37088,1.37103,1.36977,1.37062,1699,11,0
2023-10-06 00:00:00+00:00,1.37067,1.3713600000000001,1.37021,1.37085,4846,11,0
2023-10-06 04:00:00+00:00,1.3709,1.3727,1.3695,1.36955,5560,11,0
2023-10-06 08:00:00+00:00,1.3695599999999999,1.3721999999999999,1.36952,1.37164,7720,11,0
2023-10-06 12:00:00+00:00,1.37168,1.37455,1.3651200000000001,1.36571,26564,11,0
2023-10-06 16:00:00+00:00,1.36572,1.3677000000000001,1.36429,1.36632,10478,11,0
2023-10-06 20:00:00+00:00,1.36628,1.36669,1.36602,1.36613,573,11,0
2023-10-08 20:00:00+00:00,1.3664399999999999,1.36774,1.36596,1.36616,2597,21,0
2023-10-09 00:00:00+00:00,1.3662,1.36632,1.36391,1.36605,6112,11,0
2023-10-09 04:00:00+00:00,1.36605,1.36757,1.3643100000000001,1.36704,7621,11,0
2023-10-09 08:00:00+00:00,1.3670900000000001,1.36714,1.36529,1.36584,7351,11,0
2023-10-09 12:00:00+00:00,1.36589,1.36619,1.36117,1.36179,13316,11,0
2023-10-09 16:00:00+00:00,1.36179,1.36256,1.35802,1.35816,6864,11,0
2023-10-09 20:00:00+00:00,1.3580999999999999,1.35933,1.35777,1.35796,1845,11,0
2023-10-10 00:00:00+00:00,1.35797,1.35837,1.35686,1.3578999999999999,6609,11,0
2023-10-10 04:00:00+00:00,1.35785,1.36165,1.35782,1.3608,7892,11,0
2023-10-10 08:00:00+00:00,1.36075,1.36123,1.35768,1.35981,10319,11,0
2023-10-10 12:00:00+00:00,1.35978,1.36069,1.35768,1.3578999999999999,15702,11,0
2023-10-10 16:00:00+00:00,1.35791,1.35989,1.35754,1.3578999999999999,9247,11,0
2023-10-10 20:00:00+00:00,1.3578999999999999,1.3584,1.35748,1.35832,1351,11,0
2023-10-11 00:00:00+00:00,1.35837,1.35945,1.35704,1.35884,4665,11,0
2023-10-11 04:00:00+00:00,1.35884,1.3599999999999999,1.35811,1.35952,5988,11,0
2023-10-11 08:00:00+00:00,1.35955,1.3606099999999999,1.35898,1.36051,7554,11,0
2023-10-11 12:00:00+00:00,1.36052,1.36189,1.35786,1.36177,17442,11,0
2023-10-11 16:00:00+00:00,1.36176,1.36227,1.35928,1.35957,8084,11,0
2023-10-11 20:00:00+00:00,1.35958,1.3597000000000001,1.35858,1.35952,1732,11,0
2023-10-12 00:00:00+00:00,1.35957,1.35964,1.35818,1.35887,4011,11,0
2023-10-12 04:00:00+00:00,1.35886,1.35934,1.35776,1.35898,5215,11,0
2023-10-12 08:00:00+00:00,1.35899,1.35991,1.35823,1.35843,5321,11,0
2023-10-12 12:00:00+00:00,1.35847,1.36679,1.3581400000000001,1.3657,17526,11,0
2023-10-12 16:00:00+00:00,1.3657599999999999,1.37001,1.36548,1.3691200000000001,10532,11,0
2023-10-12 20:00:00+00:00,1.3691200000000001,1.36936,1.36807,1.36838,1771,11,0
2023-10-13 00:00:00+00:00,1.36841,1.36869,1.36771,1.36822,4356,11,0
2023-10-13 04:00:00+00:00,1.36822,1.36884,1.36652,1.3668,5340,11,0
2023-10-13 08:00:00+00:00,1.36681,1.36879,1.36592,1.36778,7556,11,0
2023-10-13 12:00:00+00:00,1.36779,1.36822,1.36357,1.36511,16121,11,0
2023-10-13 16:00:00+00:00,1.36508,1.3670200000000001,1.36459,1.36568,8714,11,0
2023-10-13 20:00:00+00:00,1.36572,1.36643,1.3655,1.3655,716,11,0
2023-10-15 20:00:00+00:00,1.36504,1.36564,1.36391,1.36428,1412,21,0
2023-10-16 00:00:00+00:00,1.36433,1.36535,1.36372,1.36408,4740,11,0
2023-10-16 04:00:00+00:00,1.36405,1.3653,1.36321,1.36448,5586,11,0
2023-10-16 08:00:00+00:00,1.36452,1.3655,1.3624100000000001,1.3626,5913,11,0
2023-10-16 12:00:00+00:00,1.3626,1.36375,1.36113,1.36162,12929,11,0
2023-10-16 16:00:00+00:00,1.36161,1.3620700000000001,1.36056,1.36125,6450,11,0
2023-10-16 20:00:00+00:00,1.3612600000000001,1.36163,1.36026,1.36147,1554,11,0
2023-10-17 00:00:00+00:00,1.36151,1.36317,1.36079,1.3627,4638,11,0
2023-10-17 04:00:00+00:00,1.3627,1.3634,1.3617,1.36254,4813,11,0
2023-10-17 08:00:00+00:00,1.36254,1.36439,1.36211,1.3635,6759,11,0
2023-10-17 12:00:00+00:00,1.36356,1.37023,1.3620700000000001,1.3621400000000001,16525,11,0
2023-10-17 16:00:00+00:00,1.36221,1.36575,1.362,1.36419,8467,11,0
2023-10-17 20:00:00+00:00,1.36425,1.36535,1.36392,1.36518,1495,11,0
2023-10-18 00:00:00+00:00,1.36521,1.36577,1.36313,1.36352,4660,11,0
2023-10-18 04:00:00+00:00,1.36352,1.36394,1.3624100000000001,1.36298,5397,11,0
2023-10-18 08:00:00+00:00,1.36294,1.36524,1.36163,1.36502,6439,11,0
2023-10-18 12:00:00+00:00,1.36502,1.36987,1.36456,1.36969,14288,11,0
2023-10-18 16:00:00+00:00,1.3697300000000001,1.37143,1.36768,1.37109,9855,11,0
2023-10-18 20:00:00+00:00,1.37103,1.3715899999999999,1.37061,1.3712900000000001,1726,11,0
2023-10-19 00:00:00+00:00,1.37134,1.3734899999999999,1.37085,1.37339,4780,11,0
2023-10-19 04:00:00+00:00,1.37338,1.37363,1.37162,1.37326,6064,11,0
2023-10-19 08:00:00+00:00,1.37327,1.37402,1.37133,1.3721,6956,11,0
2023-10-19 12:00:00+00:00,1.37206,1.37348,1.3703,1.3716599999999999,13196,11,0
2023-10-19 16:00:00+00:00,1.37164,1.37317,1.36785,1.37149,19022,11,0
2023-10-19 20:00:00+00:00,1.37155,1.37234,1.37087,1.3715,1882,11,0
2023-10-20 00:00:00+00:00,1.37155,1.37335,1.3704100000000001,1.37103,4805,11,0
2023-10-20 04:00:00+00:00,1.37103,1.37284,1.3707799999999999,1.37177,5505,11,0
2023-10-20 08:00:00+00:00,1.37177,1.37196,1.36818,1.36923,7027,11,0
2023-10-20 12:00:00+00:00,1.36923,1.37083,1.3669,1.3692,14764,11,0
2023-10-20 16:00:00+00:00,1.3692,1.37111,1.3685399999999999,1.3710499999999999,9825,11,0
2023-10-20 20:00:00+00:00,1.3711,1.37138,1.37076,1.37137,720,11,0
2023-10-22 20:00:00+00:00,1.37025,1.3715600000000001,1.3689200000000001,1.37048,1381,21,0
2023-10-23 00:00:00+00:00,1.37053,1.37188,1.37015,1.37182,4124,11,0
2023-10-23 04:00:00+00:00,1.37181,1.37329,1.37079,1.3731900000000001,5034,11,0
2023-10-23 08:00:00+00:00,1.37313,1.37359,1.37058,1.37165,7349,11,0
2023-10-23 12:00:00+00:00,1.37164,1.37344,1.3675,1.36768,15408,11,0
2023-10-23 16:00:00+00:00,1.36771,1.3697300000000001,1.36665,1.36932,9596,11,0
2023-10-23 20:00:00+00:00,1.36938,1.36943,1.36844,1.36882,1877,11,0
2023-10-24 00:00:00+00:00,1.36886,1.36918,1.36667,1.36717,5379,11,0
2023-10-24 04:00:00+00:00,1.36717,1.36814,1.36602,1.36781,5711,11,0
2023-10-24 08:00:00+00:00,1.36776,1.3700999999999999,1.3675,1.36936,7038,11,0
2023-10-24 12:00:00+00:00,1.36931,1.37542,1.36911,1.37448,14981,11,0
2023-10-24 16:00:00+00:00,1.3745,1.3752,1.3725100000000001,1.37307,7006,11,0
2023-10-24 20:00:00+00:00,1.37303,1.3743400000000001,1.3728099999999999,1.37413,2111,11,0
2023-10-25 00:00:00+00:00,1.37417,1.37454,1.37296,1.37422,5028,11,0
2023-10-25 04:00:00+00:00,1.37422,1.3765399999999999,1.37395,1.37554,5233,11,0
2023-10-25 08:00:00+00:00,1.3755,1.37831,1.37494,1.37628,6207,11,0
2023-10-25 12:00:00+00:00,1.37628,1.38095,1.37512,1.37731,15096,11,0
2023-10-25 16:00:00+00:00,1.37732,1.3798599999999999,1.37728,1.37928,8967,11,0
2023-10-25 20:00:00+00:00,1.37928,1.38059,1.37874,1.38022,2205,11,0
2023-10-26 00:00:00+00:00,1.38022,1.38178,1.37982,1.38124,5401,11,0
2023-10-26 04:00:00+00:00,1.38124,1.38191,1.38012,1.3802699999999999,6217,11,0
2023-10-26 08:00:00+00:00,1.3802699999999999,1.3816899999999999,1.3789,1.38154,6170,11,0
2023-10-26 12:00:00+00:00,1.38154,1.38375,1.38045,1.38315,17671,11,0
2023-10-26 16:00:00+00:00,1.38317,1.38433,1.3811499999999999,1.3829799999999999,9797,11,0
2023-10-26 20:00:00+00:00,1.38292,1.38324,1.38152,1.38159,1806,11,0
2023-10-27 00:00:00+00:00,1.3816,1.3830200000000001,1.38036,1.3808799999999999,4603,11,0
2023-10-27 04:00:00+00:00,1.38089,1.38245,1.38028,1.3811200000000001,5024,11,0
2023-10-27 08:00:00+00:00,1.3811200000000001,1.38281,1.37953,1.3828,5343,11,0
2023-10-27 12:00:00+00:00,1.38285,1.38683,1.38153,1.3866800000000001,14812,11,0
2023-10-27 16:00:00+00:00,1.3867,1.38799,1.38608,1.38703,8832,11,0
2023-10-27 20:00:00+00:00,1.38699,1.38758,1.38682,1.38731,675,11,0
2023-10-29 20:00:00+00:00,1.38551,1.3872200000000001,1.38522,1.38632,1259,21,0
2023-10-30 00:00:00+00:00,1.3863400000000001,1.3866100000000001,1.38495,1.38597,3736,11,0
2023-10-30 04:00:00+00:00,1.38597,1.38656,1.38514,1.38552,3437,11,0
2023-10-30 08:00:00+00:00,1.38556,1.38635,1.38254,1.38326,5493,11,0
2023-10-30 12:00:00+00:00,1.3832,1.38563,1.38125,1.38272,12612,11,0
2023-10-30 16:00:00+00:00,1.3826800000000001,1.38502,1.38156,1.38223,7410,11,0
2023-10-30 20:00:00+00:00,1.38224,1.38294,1.38162,1.38293,1592,11,0
2023-10-31 00:00:00+00:00,1.38292,1.38484,1.3826399999999999,1.38453,4477,11,0
2023-10-31 04:00:00+00:00,1.38453,1.3851200000000001,1.38265,1.3836,4194,11,0
2023-10-31 08:00:00+00:00,1.38355,1.38394,1.38129,1.38285,5639,11,0
2023-10-31 12:00:00+00:00,1.38285,1.38848,1.3823699999999999,1.38797,13691,11,0
2023-10-31 16:00:00+00:00,1.38794,1.38916,1.38605,1.3866800000000001,7727,11,0
2023-10-31 20:00:00+00:00,1.3867099999999999,1.38775,1.38632,1.38771,1899,11,0
2023-11-01 00:00:00+00:00,1.38774,1.38888,1.38728,1.38785,4709,11,0
2023-11-01 04:00:00+00:00,1.38785,1.38831,1.38626,1.38768,4092,11,0
2023-11-01 08:00:00+00:00,1.38762,1.38914,1.38733,1.38789,5631,11,0
2023-11-01 12:00:00+00:00,1.38789,1.3891499999999999,1.38403,1.38812,14578,11,0
2023-11-01 16:00:00+00:00,1.3881700000000001,1.38984,1.38587,1.38617,14155,11,0
2023-11-01 20:00:00+00:00,1.38619,1.38708,1.38341,1.38341,1993,11,0
2023-11-02 00:00:00+00:00,1.38344,1.38354,1.38236,1.3829799999999999,3722,11,0
2023-11-02 04:00:00+00:00,1.3829799999999999,1.3844699999999999,1.38293,1.38387,3574,11,0
2023-11-02 08:00:00+00:00,1.38389,1.3851,1.38009,1.38053,5980,11,0
2023-11-02 12:00:00+00:00,1.38048,1.38168,1.37684,1.37888,11930,11,0
2023-11-02 16:00:00+00:00,1.37889,1.37951,1.3734899999999999,1.37384,7170,11,0
2023-11-02 20:00:00+00:00,1.37384,1.37481,1.37314,1.37466,1690,11,0
2023-11-03 00:00:00+00:00,1.3747099999999999,1.37599,1.37367,1.37414,3383,11,0
2023-11-03 04:00:00+00:00,1.37414,1.37421,1.37272,1.37302,3430,11,0
2023-11-03 08:00:00+00:00,1.37302,1.37547,1.37273,1.37392,5596,11,0
2023-11-03 12:00:00+00:00,1.37393,1.37436,1.36646,1.36721,16799,11,0
2023-11-03 16:00:00+00:00,1.36721,1.36855,1.36537,1.36686,7502,11,0
2023-11-03 20:00:00+00:00,1.36688,1.36706,1.36511,1.36547,877,11,0
2023-11-05 20:00:00+00:00,1.36579,1.3662,1.3655,1.36592,549,40,0
2023-11-06 00:00:00+00:00,1.36601,1.36663,1.36472,1.36511,3765,11,0
2023-11-06 04:00:00+00:00,1.36511,1.36555,1.3642699999999999,1.36534,4152,11,0
2023-11-06 08:00:00+00:00,1.36534,1.36545,1.36286,1.36433,6079,11,0
2023-11-06 12:00:00+00:00,1.36429,1.36839,1.3639999999999999,1.36746,9822,11,0
2023-11-06 16:00:00+00:00,1.36747,1.36928,1.36603,1.36882,7601,11,0
2023-11-06 20:00:00+00:00,1.36886,1.37021,1.36834,1.36961,2946,11,0
2023-11-07 00:00:00+00:00,1.36971,1.37117,1.36933,1.37085,4688,11,0
2023-11-07 04:00:00+00:00,1.37085,1.3740299999999999,1.37085,1.37374,4871,11,0
2023-11-07 08:00:00+00:00,1.3737300000000001,1.37594,1.37243,1.37524,6504,11,0
2023-11-07 12:00:00+00:00,1.37524,1.3767800000000001,1.3735,1.37494,10472,11,0
2023-11-07 16:00:00+00:00,1.37488,1.3782,1.37451,1.37602,7298,11,0
2023-11-07 20:00:00+00:00,1.37602,1.37674,1.37527,1.37669,2793,11,0
2023-11-08 00:00:00+00:00,1.37679,1.37741,1.37539,1.37699,3942,11,0
2023-11-08 04:00:00+00:00,1.37699,1.37825,1.37666,1.37701,4485,11,0
2023-11-08 08:00:00+00:00,1.37698,1.3792200000000001,1.37671,1.37726,6459,11,0
2023-11-08 12:00:00+00:00,1.37726,1.38045,1.37723,1.37988,11044,11,0
2023-11-08 16:00:00+00:00,1.37988,1.38141,1.37919,1.38014,9543,11,0
2023-11-08 20:00:00+00:00,1.3801999999999999,1.3804,1.37852,1.3789,2771,11,0
2023-11-09 00:00:00+00:00,1.37897,1.37965,1.37822,1.37914,3597,11,0
2023-11-09 04:00:00+00:00,1.37919,1.3795600000000001,1.37813,1.37899,3646,11,0
2023-11-09 08:00:00+00:00,1.37899,1.38066,1.37815,1.37872,6497,11,0
2023-11-09 12:00:00+00:00,1.37872,1.37911,1.37458,1.37494,11047,11,0
2023-11-09 16:00:00+00:00,1.3749,1.38157,1.37485,1.38109,12287,11,0
2023-11-09 20:00:00+00:00,1.38107,1.38147,1.3801999999999999,1.3808,3918,11,0
2023-11-10 00:00:00+00:00,1.3808099999999999,1.38137,1.3797,1.38015,4210,11,0
2023-11-10 04:00:00+00:00,1.3801999999999999,1.38032,1.3790499999999999,1.37977,4162,11,0
2023-11-10 08:00:00+00:00,1.3798,1.38177,1.37943,1.38153,6219,11,0
2023-11-10 12:00:00+00:00,1.38155,1.38541,1.38068,1.38367,10257,11,0
2023-11-10 16:00:00+00:00,1.38367,1.38387,1.37958,1.38094,7411,11,0
2023-11-10 20:00:00+00:00,1.38094,1.38104,1.37943,1.37969,1674,11,0
2023-11-12 20:00:00+00:00,1.37869,1.37999,1.37825,1.37957,1024,40,0
2023-11-13 00:00:00+00:00,1.3796599999999999,1.3819,1.37964,1.38147,3511,11,0
2023-11-13 04:00:00+00:00,1.38147,1.38188,1.37979,1.37998,3507,11,0
2023-11-13 08:00:00+00:00,1.38004,1.38126,1.37943,1.3807800000000001,5204,11,0
2023-11-13 12:00:00+00:00,1.38072,1.38311,1.37979,1.37987,10212,11,0
2023-11-13 16:00:00+00:00,1.37984,1.38003,1.37763,1.37972,5787,11,0
2023-11-13 20:00:00+00:00,1.37969,1.38076,1.37937,1.38004,2466,11,0
2023-11-14 00:00:00+00:00,1.38004,1.38141,1.37984,1.3811200000000001,3488,11,0
2023-11-14 04:00:00+00:00,1.3810799999999999,1.38212,1.38084,1.38132,3075,11,0
2023-11-14 08:00:00+00:00,1.38137,1.3843,1.38072,1.38353,7264,11,0
2023-11-14 12:00:00+00:00,1.38353,1.38362,1.37213,1.37252,15363,11,0
2023-11-14 16:00:00+00:00,1.3725,1.37283,1.36954,1.36961,8207,11,0
2023-11-14 20:00:00+00:00,1.36962,1.36989,1.36836,1.36989,2820,11,0
2023-11-15 00:00:00+00:00,1.36992,1.3709,1.36836,1.36843,4171,11,0
2023-11-15 04:00:00+00:00,1.36843,1.36947,1.3677000000000001,1.3684,4667,11,0
2023-11-15 08:00:00+00:00,1.36845,1.37038,1.36762,1.36775,6517,11,0
2023-11-15 12:00:00+00:00,1.36773,1.3694899999999999,1.36538,1.36597,12569,11,0
2023-11-15 16:00:00+00:00,1.36596,1.3685100000000001,1.3654600000000001,1.36816,7199,11,0
2023-11-15 20:00:00+00:00,1.36817,1.36868,1.36781,1.36826,2712,11,0
2023-11-16 00:00:00+00:00,1.3682699999999999,1.37124,1.36767,1.37073,4630,11,0
2023-11-16 04:00:00+00:00,1.37073,1.37091,1.36891,1.37023,3966,11,0
2023-11-16 08:00:00+00:00,1.37027,1.37097,1.36857,1.37048,6935,11,0
2023-11-16 12:00:00+00:00,1.37048,1.37569,1.37047,1.3740999999999999,14216,11,0
2023-11-16 16:00:00+00:00,1.37409,1.37764,1.37377,1.37606,8347,11,0
2023-11-16 20:00:00+00:00,1.37601,1.3768500000000001,1.37479,1.37516,2905,11,0
2023-11-17 00:00:00+00:00,1.37517,1.37571,1.37465,1.37492,3823,11,0
2023-11-17 04:00:00+00:00,1.37492,1.37672,1.3747500000000001,1.37621,3412,11,0
2023-11-17 08:00:00+00:00,1.37621,1.37704,1.37187,1.37262,8430,11,0
2023-11-17 12:00:00+00:00,1.37262,1.37341,1.37073,1.37276,13466,11,0
2023-11-17 16:00:00+00:00,1.37277,1.3746,1.3709500000000001,1.3718,7178,11,0
2023-11-17 20:00:00+00:00,1.3718,1.3718,1.37088,1.37162,1746,11,0
2023-11-19 20:00:00+00:00,1.37118,1.3719299999999999,1.37081,1.3719299999999999,826,40,0
2023-11-20 00:00:00+00:00,1.37201,1.37264,1.36966,1.36985,5285,11,0
2023-11-20 04:00:00+00:00,1.36985,1.37082,1.3689,1.37062,4555,11,0
2023-11-20 08:00:00+00:00,1.37057,1.37208,1.3698299999999999,1.3718,7551,11,0
2023-11-20 12:00:00+00:00,1.3718,1.37489,1.3707799999999999,1.37294,10514,11,0
2023-11-20 16:00:00+00:00,1.37294,1.37364,1.37112,1.37225,6312,11,0
2023-11-20 20:00:00+00:00,1.37225,1.37283,1.37194,1.37256,2341,11,0
2023-11-21 00:00:00+00:00,1.37257,1.37289,1.37043,1.37087,5080,11,0
2023-11-21 04:00:00+00:00,1.37087,1.37269,1.37042,1.37231,5033,11,0
2023-11-21 08:00:00+00:00,1.37235,1.37304,1.36988,1.37125,8042,11,0
2023-11-21 12:00:00+00:00,1.3712,1.37242,1.36818,1.36895,12518,11,0
2023-11-21 16:00:00+00:00,1.36894,1.37045,1.36802,1.36995,7113,11,0
2023-11-21 20:00:00+00:00,1.3699,1.37036,1.3695300000000001,1.37,2778,11,0
2023-11-22 00:00:00+00:00,1.37001,1.37055,1.36897,1.37042,3966,11,0
2023-11-22 04:00:00+00:00,1.37038,1.3725100000000001,1.36997,1.3713899999999999,4354,11,0
2023-11-22 08:00:00+00:00,1.37137,1.37277,1.3698000000000001,1.37069,7470,11,0
2023-11-22 12:00:00+00:00,1.3706800000000001,1.37645,1.37019,1.37435,14078,11,0
2023-11-22 16:00:00+00:00,1.37436,1.37459,1.36925,1.3702,7675,11,0
2023-11-22 20:00:00+00:00,1.3702,1.3703400000000001,1.36828,1.36916,2425,11,0
2023-11-23 00:00:00+00:00,1.36916,1.36925,1.36804,1.36814,3073,11,0
2023-11-23 04:00:00+00:00,1.36809,1.36836,1.36499,1.36582,4027,11,0
2023-11-23 08:00:00+00:00,1.36578,1.36891,1.36539,1.3682699999999999,6319,11,0
2023-11-23 12:00:00+00:00,1.3682699999999999,1.37106,1.36823,1.36984,6178,11,0
2023-11-23 16:00:00+00:00,1.36989,1.3702,1.36894,1.36947,1735,11,0
2023-11-23 20:00:00+00:00,1.36948,1.36988,1.36935,1.36952,1035,20,0
2023-11-24 00:00:00+00:00,1.3695300000000001,1.37111,1.36914,1.37058,3076,11,0
2023-11-24 04:00:00+00:00,1.37058,1.3707500000000001,1.36924,1.3694,3188,11,0
2023-11-24 08:00:00+00:00,1.36942,1.36984,1.36804,1.36841,4966,11,0
2023-11-24 12:00:00+00:00,1.3684,1.36875,1.3593199999999999,1.3601,9953,11,0
2023-11-24 16:00:00+00:00,1.3600400000000001,1.36402,1.35968,1.36137,4817,11,0
2023-11-24 20:00:00+00:00,1.36137,1.3626800000000001,1.36097,1.36203,1772,181,0
2023-11-26 20:00:00+00:00,1.3626800000000001,1.3635,1.36227,1.36293,691,40,0
2023-11-27 00:00:00+00:00,1.3630499999999999,1.36591,1.36237,1.36544,4199,11,0
2023-11-27 04:00:00+00:00,1.3654899999999999,1.36605,1.36293,1.36328,3653,11,0
2023-11-27 08:00:00+00:00,1.36326,1.3658299999999999,1.36218,1.3630499999999999,6050,11,0
2023-11-27 12:00:00+00:00,1.36306,1.36529,1.36215,1.3636,10930,11,0
2023-11-27 16:00:00+00:00,1.36359,1.3645100000000001,1.3618700000000001,1.36229,6073,11,0
2023-11-27 20:00:00+00:00,1.36229,1.36273,1.36043,1.36052,2612,11,0
2023-11-28 00:00:00+00:00,1.36052,1.36108,1.3598,1.36038,3872,11,0
2023-11-28 04:00:00+00:00,1.36043,1.36076,1.35925,1.35975,3320,11,0
2023-11-28 08:00:00+00:00,1.3598,1.36071,1.35742,1.3584800000000001,5956,11,0
2023-11-28 12:00:00+00:00,1.3584800000000001,1.36129,1.35733,1.35821,14145,11,0
2023-11-28 16:00:00+00:00,1.35821,1.35906,1.35593,1.3566,8984,11,0
2023-11-28 20:00:00+00:00,1.35655,1.35807,1.3563100000000001,1.35653,2915,11,0
2023-11-29 00:00:00+00:00,1.35654,1.35671,1.35404,1.35473,4876,11,0
2023-11-29 04:00:00+00:00,1.35474,1.35662,1.35425,1.35648,4504,11,0
2023-11-29 08:00:00+00:00,1.35651,1.3593600000000001,1.35578,1.3568,7342,11,0
2023-11-29 12:00:00+00:00,1.3568,1.36121,1.35651,1.35886,14001,11,0
2023-11-29 16:00:00+00:00,1.35886,1.36144,1.35703,1.3584,8138,11,0
2023-11-29 20:00:00+00:00,1.3584,1.3599,1.35823,1.35915,3180,11,0
2023-11-30 00:00:00+00:00,1.35915,1.3593199999999999,1.35765,1.3578299999999999,4105,11,0
2023-11-30 04:00:00+00:00,1.3578299999999999,1.35994,1.35664,1.35849,4314,11,0
2023-11-30 08:00:00+00:00,1.3585099999999999,1.36189,1.35754,1.3609200000000001,8556,11,0
2023-11-30 12:00:00+00:00,1.36089,1.36261,1.35515,1.3563399999999999,17937,11,0
2023-11-30 16:00:00+00:00,1.35635,1.3589,1.3553,1.35664,9298,11,0
2023-11-30 20:00:00+00:00,1.35664,1.35751,1.35542,1.35561,3169,20,0
2023-12-01 00:00:00+00:00,1.35562,1.3556300000000001,1.35337,1.35435,3665,11,0
2023-12-01 04:00:00+00:00,1.35436,1.35492,1.35365,1.35405,4301,11,0
2023-12-01 08:00:00+00:00,1.35405,1.35405,1.35167,1.35213,6804,11,0
2023-12-01 12:00:00+00:00,1.35213,1.35504,1.34942,1.35141,12841,11,0
2023-12-01 16:00:00+00:00,1.35142,1.35206,1.34863,1.34927,11371,11,0
2023-12-01 20:00:00+00:00,1.34927,1.34982,1.34912,1.34957,1540,20,0
2023-12-03 20:00:00+00:00,1.34924,1.34959,1.34778,1.34878,1308,40,0
2023-12-04 00:00:00+00:00,1.34888,1.3516599999999999,1.34856,1.3516599999999999,5169,11,0
2023-12-04 04:00:00+00:00,1.35168,1.35371,1.35141,1.35362,4643,11,0
2023-12-04 08:00:00+00:00,1.3535599999999999,1.3550900000000001,1.35321,1.35386,7792,11,0
2023-12-04 12:00:00+00:00,1.3538999999999999,1.35614,1.35168,1.35373,14742,11,0
2023-12-04 16:00:00+00:00,1.35378,1.3554,1.35277,1.35413,8652,11,0
2023-12-04 20:00:00+00:00,1.35418,1.35521,1.3531900000000001,1.35388,3116,11,0
2023-12-05 00:00:00+00:00,1.35389,1.35653,1.35357,1.35581,4222,11,0
2023-12-05 04:00:00+00:00,1.35583,1.35673,1.35538,1.3566099999999999,4786,11,0
2023-12-05 08:00:00+00:00,1.35659,1.35713,1.35489,1.35707,7682,11,0
2023-12-05 12:00:00+00:00,1.35707,1.3590900000000001,1.3559,1.35591,14752,11,0
2023-12-05 16:00:00+00:00,1.35596,1.35874,1.35554,1.35862,8674,11,0
2023-12-05 20:00:00+00:00,1.35862,1.35938,1.3584100000000001,1.35911,2504,11,0
2023-12-06 00:00:00+00:00,1.35911,1.35911,1.35674,1.35694,3929,11,0
2023-12-06 04:00:00+00:00,1.35694,1.3578700000000001,1.35579,1.35643,3659,11,0
2023-12-06 08:00:00+00:00,1.35644,1.35882,1.35582,1.35735,6540,11,0
2023-12-06 12:00:00+00:00,1.35736,1.35767,1.35479,1.35628,12393,11,0
2023-12-06 16:00:00+00:00,1.35628,1.35888,1.3559700000000001,1.35866,8560,11,0
2023-12-06 20:00:00+00:00,1.35865,1.35958,1.35842,1.35911,3562,11,0
2023-12-07 00:00:00+00:00,1.35911,1.36071,1.35883,1.36046,3525,11,0
2023-12-07 04:00:00+00:00,1.36046,1.3607,1.35838,1.35859,4301,11,0
2023-12-07 08:00:00+00:00,1.35859,1.35992,1.35828,1.35931,6157,11,0
2023-12-07 12:00:00+00:00,1.35931,1.3618700000000001,1.35856,1.36002,12222,11,0
2023-12-07 16:00:00+00:00,1.36001,1.36102,1.35829,1.35921,8322,11,0
2023-12-07 20:00:00+00:00,1.35922,1.3602699999999999,1.35868,1.35958,2321,20,0
2023-12-08 00:00:00+00:00,1.35958,1.35972,1.35704,1.35734,4441,11,0
2023-12-08 04:00:00+00:00,1.35734,1.35911,1.35705,1.3587099999999999,4131,11,0
2023-12-08 08:00:00+00:00,1.3587,1.35923,1.35638,1.35811,6715,11,0
2023-12-08 12:00:00+00:00,1.35811,1.36073,1.35497,1.35816,17355,11,0
2023-12-08 16:00:00+00:00,1.3581400000000001,1.36091,1.35742,1.35837,8711,11,0
2023-12-08 20:00:00+00:00,1.35837,1.35904,1.35807,1.35821,1833,11,0
2023-12-10 20:00:00+00:00,1.35774,1.35859,1.35774,1.35796,858,40,0
2023-12-11 00:00:00+00:00,1.35806,1.3599700000000001,1.35781,1.35988,4458,11,0
2023-12-11 04:00:00+00:00,1.35988,1.36041,1.35815,1.35913,3929,11,0
2023-12-11 08:00:00+00:00,1.3590900000000001,1.35986,1.35796,1.35914,6729,11,0
2023-12-11 12:00:00+00:00,1.35914,1.35914,1.35493,1.3563399999999999,9763,11,0
2023-12-11 16:00:00+00:00,1.3564,1.35884,1.35621,1.35697,7251,11,0
2023-12-11 20:00:00+00:00,1.3569200000000001,1.35785,1.35674,1.35775,2149,11,0
2023-12-12 00:00:00+00:00,1.35775,1.35776,1.35544,1.35559,3137,11,0
2023-12-12 04:00:00+00:00,1.35559,1.35592,1.3548,1.3555,3698,11,0
2023-12-12 08:00:00+00:00,1.3555,1.35725,1.3554599999999999,1.3565,6498,11,0
2023-12-12 12:00:00+00:00,1.35651,1.36165,1.35442,1.3601,13611,11,0
2023-12-12 16:00:00+00:00,1.36009,1.3618000000000001,1.3593899999999999,1.35953,7654,11,0
2023-12-12 20:00:00+00:00,1.35949,1.35956,1.3584100000000001,1.35845,2865,11,0
2023-12-13 00:00:00+00:00,1.35846,1.35991,1.3584100000000001,1.35948,2853,11,0
2023-12-13 04:00:00+00:00,1.35948,1.36054,1.35898,1.3599,3133,11,0
2023-12-13 08:00:00+00:00,1.35987,1.36075,1.35843,1.35882,5639,11,0
2023-12-13 12:00:00+00:00,1.35876,1.35889,1.35497,1.35732,9844,11,0
2023-12-13 16:00:00+00:00,1.35732,1.3591,1.34985,1.35019,11367,11,0
2023-12-13 20:00:00+00:00,1.35019,1.3517299999999999,1.34942,1.35092,6346,11,0
2023-12-14 00:00:00+00:00,1.35091,1.35091,1.3455599999999999,1.34618,5372,11,0
2023-12-14 04:00:00+00:00,1.34618,1.3481,1.34583,1.34744,4758,11,0
2023-12-14 08:00:00+00:00,1.34745,1.34772,1.34432,1.34446,9710,11,0
2023-12-14 12:00:00+00:00,1.34447,1.34507,1.34142,1.34206,16328,11,0
2023-12-14 16:00:00+00:00,1.34209,1.3424800000000001,1.33932,1.34086,8637,11,0
2023-12-14 20:00:00+00:00,1.34086,1.34131,1.33999,1.34036,3693,11,0
2023-12-15 00:00:00+00:00,1.34037,1.34139,1.33874,1.3388900000000001,4221,11,0
2023-12-15 04:00:00+00:00,1.3389,1.33993,1.3383099999999999,1.3387,4364,11,0
2023-12-15 08:00:00+00:00,1.33871,1.33884,1.33725,1.33798,7260,11,0
2023-12-15 12:00:00+00:00,1.33798,1.3403100000000001,1.33671,1.3370199999999999,13529,11,0
2023-12-15 16:00:00+00:00,1.33708,1.3382800000000001,1.33496,1.33693,9247,11,0
2023-12-15 20:00:00+00:00,1.33697,1.338,1.3363399999999999,1.33782,2749,11,0
2023-12-17 20:00:00+00:00,1.33656,1.33798,1.33643,1.33798,805,40,0
2023-12-18 00:00:00+00:00,1.3381,1.33879,1.3372899999999999,1.33774,4160,11,0
2023-12-18 04:00:00+00:00,1.33774,1.33814,1.33681,1.33807,3768,11,0
2023-12-18 08:00:00+00:00,1.33806,1.33835,1.33615,1.33625,5767,11,0
2023-12-18 12:00:00+00:00,1.33625,1.34028,1.3349,1.33954,9690,11,0
2023-12-18 16:00:00+00:00,1.33959,1.34085,1.33846,1.33917,6962,11,0
2023-12-18 20:00:00+00:00,1.33917,1.34008,1.33907,1.3397299999999999,2867,11,0
2023-12-19 00:00:00+00:00,1.3397299999999999,1.33991,1.33875,1.33922,4227,11,0
2023-12-19 04:00:00+00:00,1.33923,1.33996,1.33878,1.33956,3772,11,0
2023-12-19 08:00:00+00:00,1.3396,1.3396,1.33799,1.33888,5311,11,0
2023-12-19 12:00:00+00:00,1.33888,1.3388900000000001,1.33332,1.33396,10294,11,0
2023-12-19 16:00:00+00:00,1.33396,1.33497,1.33322,1.33353,5688,11,0
2023-12-19 20:00:00+00:00,1.33348,1.33429,1.33279,1.33378,3112,11,0
2023-12-20 00:00:00+00:00,1.33379,1.33477,1.3336999999999999,1.33459,3162,11,0
2023-12-20 04:00:00+00:00,1.33459,1.33527,1.33414,1.33442,4009,11,0
2023-12-20 08:00:00+00:00,1.3344,1.3345099999999999,1.33247,1.33381,5146,11,0
2023-12-20 12:00:00+00:00,1.33381,1.33502,1.33185,1.33196,8077,11,0
2023-12-20 16:00:00+00:00,1.33196,1.33445,1.33109,1.33408,7344,11,0
2023-12-20 20:00:00+00:00,1.33407,1.3369900000000001,1.33407,1.33588,5650,11,0
2023-12-21 00:00:00+00:00,1.33589,1.33591,1.33497,1.33558,3139,11,0
2023-12-21 04:00:00+00:00,1.33558,1.33592,1.3347,1.33529,3779,11,0
2023-12-21 08:00:00+00:00,1.33528,1.33572,1.33383,1.33404,6081,11,0
2023-12-21 12:00:00+00:00,1.33404,1.33547,1.33032,1.33071,13813,11,0
2023-12-21 16:00:00+00:00,1.33071,1.33223,1.32853,1.329,10784,11,0
2023-12-21 20:00:00+00:00,1.32896,1.32953,1.3275000000000001,1.32835,3092,11,0
2023-12-22 00:00:00+00:00,1.32836,1.32885,1.32759,1.3288,3441,11,0
2023-12-22 04:00:00+00:00,1.3288,1.32922,1.32772,1.32776,3533,11,0
2023-12-22 08:00:00+00:00,1.32773,1.328,1.3268900000000001,1.3271,5894,11,0
2023-12-22 12:00:00+00:00,1.3271,1.3290899999999999,1.32183,1.32671,11462,11,0
2023-12-22 16:00:00+00:00,1.3266499999999999,1.32846,1.32524,1.32593,8976,11,0
2023-12-22 20:00:00+00:00,1.32593,1.32673,1.32551,1.32663,2105,11,0
2023-12-25 20:00:00+00:00,1.32369,1.32404,1.3235299999999999,1.3237999999999999,528,275,0
2023-12-26 00:00:00+00:00,1.32394,1.32488,1.32385,1.32388,1507,264,0
2023-12-26 04:00:00+00:00,1.32388,1.32419,1.32324,1.32378,1353,264,0
2023-12-26 08:00:00+00:00,1.3237700000000001,1.32489,1.32339,1.32396,2123,178,0
2023-12-26 12:00:00+00:00,1.32396,1.32486,1.31993,1.32056,3769,22,0
2023-12-26 16:00:00+00:00,1.32056,1.32132,1.31993,1.31994,3360,44,0
2023-12-26 20:00:00+00:00,1.31994,1.32026,1.31802,1.3195000000000001,1829,44,0
2023-12-27 00:00:00+00:00,1.3195000000000001,1.32078,1.31914,1.3193,2076,44,0
2023-12-27 04:00:00+00:00,1.31931,1.3194,1.31829,1.31938,2012,44,0
2023-12-27 08:00:00+00:00,1.31939,1.32067,1.3188,1.31964,3486,44,0
2023-12-27 12:00:00+00:00,1.31965,1.32078,1.31753,1.32027,5247,44,0
2023-12-27 16:00:00+00:00,1.32031,1.32184,1.31893,1.32119,4793,22,0
2023-12-27 20:00:00+00:00,1.32119,1.32152,1.3197999999999999,1.3204500000000001,2332,22,0
2023-12-28 00:00:00+00:00,1.3204500000000001,1.32049,1.31916,1.31958,2177,22,0
2023-12-28 04:00:00+00:00,1.3195700000000001,1.32047,1.319,1.319,2384,22,0
2023-12-28 08:00:00+00:00,1.3189899999999999,1.32243,1.31877,1.32172,3917,22,0
2023-12-28 12:00:00+00:00,1.32172,1.32313,1.31845,1.31856,6652,22,0
2023-12-28 16:00:00+00:00,1.31855,1.32344,1.31815,1.32295,5587,22,0
2023-12-28 20:00:00+00:00,1.32295,1.32318,1.32221,1.32298,2336,22,0
2023-12-29 00:00:00+00:00,1.32298,1.3231,1.32218,1.32259,2138,22,0
2023-12-29 04:00:00+00:00,1.32259,1.32409,1.3223,1.32383,1804,22,0
2023-12-29 08:00:00+00:00,1.32383,1.32633,1.32344,1.3253300000000001,3707,22,0
2023-12-29 12:00:00+00:00,1.3253300000000001,1.32641,1.31791,1.31849,6534,22,0
2023-12-29 16:00:00+00:00,1.31848,1.32503,1.3176999999999999,1.3237700000000001,6522,22,0
2023-12-29 20:00:00+00:00,1.3237700000000001,1.32544,1.32275,1.32489,1937,22,0
2024-01-01 20:00:00+00:00,1.32195,1.32345,1.3218,1.32306,953,267,0
2024-01-02 00:00:00+00:00,1.3231600000000001,1.32523,1.32166,1.32514,2817,88,0
2024-01-02 04:00:00+00:00,1.32513,1.32532,1.32321,1.32468,2787,88,0
2024-01-02 08:00:00+00:00,1.32468,1.327,1.32246,1.32668,5162,22,0
2024-01-02 12:00:00+00:00,1.32669,1.33279,1.32659,1.3311600000000001,9520,22,0
2024-01-02 16:00:00+00:00,1.33117,1.3332,1.32996,1.33259,6458,22,0
2024-01-02 20:00:00+00:00,1.33258,1.33328,1.33168,1.3321100000000001,2496,22,0
2024-01-03 00:00:00+00:00,1.3321100000000001,1.3330899999999999,1.33169,1.33246,3164,22,0
2024-01-03 04:00:00+00:00,1.33246,1.3333,1.33206,1.33237,3547,22,0
2024-01-03 08:00:00+00:00,1.33236,1.33452,1.33219,1.3342399999999999,5873,22,0
2024-01-03 12:00:00+00:00,1.3342100000000001,1.3366799999999999,1.3336299999999999,1.33497,10113,11,0
2024-01-03 16:00:00+00:00,1.33499,1.33708,1.3342399999999999,1.33548,8120,22,0
2024-01-03 20:00:00+00:00,1.3354599999999999,1.3357700000000001,1.33467,1.33476,3445,22,0
2024-01-04 00:00:00+00:00,1.33476,1.33539,1.33366,1.33377,2545,22,0
2024-01-04 04:00:00+00:00,1.33377,1.33425,1.33169,1.33191,3179,22,0
2024-01-04 08:00:00+00:00,1.3318699999999999,1.33377,1.33162,1.33366,5518,22,0
2024-01-04 12:00:00+00:00,1.33366,1.33648,1.33285,1.33528,9139,22,0
2024-01-04 16:00:00+00:00,1.33528,1.33622,1.33468,1.33555,6357,22,0
2024-01-04 20:00:00+00:00,1.33555,1.33559,1.33442,1.3355299999999999,2802,22,0
2024-01-05 00:00:00+00:00,1.3355299999999999,1.3361100000000001,1.33456,1.336,2654,22,0
2024-01-05 04:00:00+00:00,1.336,1.33709,1.33544,1.33603,2704,22,0
2024-01-05 08:00:00+00:00,1.33603,1.33788,1.33545,1.33718,5192,22,0
2024-01-05 12:00:00+00:00,1.33718,1.33982,1.32865,1.33223,12487,22,0
2024-01-05 16:00:00+00:00,1.33223,1.3366,1.3314599999999999,1.33609,7933,22,0
2024-01-05 20:00:00+00:00,1.33609,1.33674,1.3357999999999999,1.3357999999999999,2088,22,0
2024-01-07 20:00:00+00:00,1.33473,1.3363800000000001,1.3345500000000001,1.33583,789,40,0
2024-01-08 00:00:00+00:00,1.33592,1.33713,1.33442,1.33696,3036,22,0
2024-01-08 04:00:00+00:00,1.33693,1.33781,1.3358400000000001,1.33748,3105,22,0
2024-01-08 08:00:00+00:00,1.33752,1.33934,1.33748,1.33877,6337,22,0
2024-01-08 12:00:00+00:00,1.33876,1.3404,1.33709,1.33725,8293,22,0
2024-01-08 16:00:00+00:00,1.3372,1.33753,1.3348499999999999,1.33502,5697,22,0
2024-01-08 20:00:00+00:00,1.33502,1.33569,1.33436,1.33502,2816,22,0
2024-01-09 00:00:00+00:00,1.33502,1.33526,1.3339699999999999,1.33479,2981,22,0
2024-01-09 04:00:00+00:00,1.33477,1.33642,1.33473,1.3354,2955,22,0
2024-01-09 08:00:00+00:00,1.33541,1.33772,1.33488,1.3373599999999999,4933,22,0
2024-01-09 12:00:00+00:00,1.3373599999999999,1.3413599999999999,1.3351600000000001,1.34013,7717,22,0
2024-01-09 16:00:00+00:00,1.34012,1.34047,1.3383,1.3394300000000001,6114,22,0
2024-01-09 20:00:00+00:00,1.3394300000000001,1.34006,1.3385500000000001,1.33888,2719,22,0
2024-01-10 00:00:00+00:00,1.33888,1.33888,1.33765,1.33817,3194,22,0
2024-01-10 04:00:00+00:00,1.33817,1.33936,1.33796,1.33843,2938,22,0
2024-01-10 08:00:00+00:00,1.33843,1.33895,1.33643,1.33741,4639,22,0
2024-01-10 12:00:00+00:00,1.3374,1.33888,1.3366,1.33796,7330,22,0
2024-01-10 16:00:00+00:00,1.33793,1.33898,1.33758,1.33765,4743,22,0
2024-01-10 20:00:00+00:00,1.33764,1.33842,1.33752,1.33792,2813,22,0
2024-01-11 00:00:00+00:00,1.33792,1.33793,1.33563,1.33595,2307,22,0
2024-01-11 04:00:00+00:00,1.33597,1.33653,1.33548,1.33642,2468,22,0
2024-01-11 08:00:00+00:00,1.33644,1.33759,1.33615,1.3363800000000001,3927,22,0
2024-01-11 12:00:00+00:00,1.33637,1.34292,1.33497,1.34284,12486,22,0
2024-01-11 16:00:00+00:00,1.34283,1.34418,1.33932,1.33952,8765,22,0
2024-01-11 20:00:00+00:00,1.33952,1.3408,1.33777,1.33779,3230,22,0
2024-01-12 00:00:00+00:00,1.33779,1.33835,1.33697,1.33754,3322,22,0
2024-01-12 04:00:00+00:00,1.33754,1.3385099999999999,1.33725,1.33755,2937,22,0
2024-01-12 08:00:00+00:00,1.33755,1.33835,1.33469,1.33759,4848,22,0
2024-01-12 12:00:00+00:00,1.33759,1.33859,1.3342399999999999,1.33849,9345,22,0
2024-01-12 16:00:00+00:00,1.3385,1.34107,1.33764,1.34035,6457,22,0
2024-01-12 20:00:00+00:00,1.34036,1.34082,1.34001,1.34054,1790,22,0
2024-01-14 20:00:00+00:00,1.34009,1.341,1.3394,1.34049,1200,40,0
2024-01-15 00:00:00+00:00,1.34059,1.34134,1.33812,1.33874,3405,22,0
2024-01-15 04:00:00+00:00,1.33875,1.34113,1.33875,1.3409,2905,22,0
2024-01-15 08:00:00+00:00,1.34089,1.34242,1.3401399999999999,1.34151,4398,22,0
2024-01-15 12:00:00+00:00,1.34152,1.34421,1.34088,1.34349,5003,22,0
2024-01-15 16:00:00+00:00,1.34349,1.3447,1.34323,1.34347,1861,22,0
2024-01-15 20:00:00+00:00,1.34347,1.34353,1.3422,1.34351,1111,22,0
2024-01-16 00:00:00+00:00,1.34351,1.34734,1.3435000000000001,1.34723,3476,22,0
2024-01-16 04:00:00+00:00,1.34722,1.34835,1.34672,1.3480699999999999,3320,22,0
2024-01-16 08:00:00+00:00,1.34809,1.34993,1.34803,1.34856,6278,22,0
2024-01-16 12:00:00+00:00,1.34857,1.3493,1.3444,1.34735,8918,22,0
2024-01-16 16:00:00+00:00,1.34735,1.35007,1.3456000000000001,1.3492600000000001,8532,22,0
2024-01-16 20:00:00+00:00,1.34925,1.35007,1.3488,1.34887,2278,22,0
2024-01-17 00:00:00+00:00,1.34887,1.34993,1.34794,1.34988,3380,22,0
2024-01-17 04:00:00+00:00,1.34989,1.35211,1.34935,1.3517000000000001,4097,22,0
2024-01-17 08:00:00+00:00,1.35168,1.35294,1.3511199999999999,1.35245,5445,22,0
2024-01-17 12:00:00+00:00,1.35244,1.35405,1.35037,1.3517700000000001,9005,22,0
2024-01-17 16:00:00+00:00,1.3517700000000001,1.35345,1.35104,1.35174,6265,22,0
2024-01-17 20:00:00+00:00,1.35175,1.35254,1.35011,1.35011,2163,22,0
2024-01-18 00:00:00+00:00,1.35011,1.3507,1.34827,1.3492199999999999,3986,22,0
2024-01-18 04:00:00+00:00,1.3492199999999999,1.3496299999999999,1.3479700000000001,1.34911,3243,22,0
2024-01-18 08:00:00+00:00,1.34912,1.35026,1.34819,1.34883,4484,22,0
2024-01-18 12:00:00+00:00,1.34882,1.35278,1.34819,1.35131,9128,22,0
2024-01-18 16:00:00+00:00,1.35132,1.35165,1.34886,1.35029,7074,22,0
2024-01-18 20:00:00+00:00,1.3503,1.3503,1.34839,1.34845,2720,22,0
2024-01-19 00:00:00+00:00,1.34845,1.34918,1.34809,1.34851,3486,22,0
2024-01-19 04:00:00+00:00,1.34851,1.3501,1.3482,1.3486,3320,22,0
2024-01-19 08:00:00+00:00,1.3486099999999999,1.34911,1.34623,1.34698,4484,22,0
2024-01-19 12:00:00+00:00,1.34698,1.3493,1.34535,1.34628,8387,22,0
2024-01-19 16:00:00+00:00,1.34628,1.34776,1.34337,1.34338,6463,22,0
2024-01-19 20:00:00+00:00,1.34337,1.3436,1.34263,1.34274,1756,22,0
2024-01-21 20:00:00+00:00,1.3424,1.34364,1.34203,1.34307,1359,40,0
2024-01-22 00:00:00+00:00,1.3431199999999999,1.34362,1.34202,1.3433899999999999,3594,22,0
2024-01-22 04:00:00+00:00,1.3433899999999999,1.34437,1.34301,1.34325,3239,22,0
2024-01-22 08:00:00+00:00,1.34329,1.3437299999999999,1.34164,1.34174,4453,22,0
2024-01-22 12:00:00+00:00,1.34174,1.34476,1.34138,1.3445,7130,22,0
2024-01-22 16:00:00+00:00,1.34448,1.34742,1.34447,1.34733,4662,22,0
2024-01-22 20:00:00+00:00,1.34732,1.34824,1.34732,1.34774,2202,22,0
2024-01-23 00:00:00+00:00,1.34774,1.3485,1.34635,1.34662,3644,22,0
2024-01-23 04:00:00+00:00,1.34662,1.3469,1.34523,1.34671,3355,22,0
2024-01-23 08:00:00+00:00,1.34671,1.34818,1.34633,1.3477000000000001,4224,22,0
2024-01-23 12:00:00+00:00,1.3477000000000001,1.349,1.34637,1.34805,6425,22,0
2024-01-23 16:00:00+00:00,1.34805,1.34907,1.34642,1.34673,5016,22,0
2024-01-23 20:00:00+00:00,1.34672,1.34688,1.34545,1.34561,1800,22,0
2024-01-24 00:00:00+00:00,1.34557,1.34763,1.34557,1.34741,2801,22,0
2024-01-24 04:00:00+00:00,1.34741,1.34764,1.3450199999999999,1.34534,2736,22,0
2024-01-24 08:00:00+00:00,1.34536,1.34559,1.34372,1.34488,4377,22,0
2024-01-24 12:00:00+00:00,1.3449,1.34914,1.34291,1.34855,8488,22,0
2024-01-24 16:00:00+00:00,1.34851,1.35226,1.34724,1.35138,6773,22,0
2024-01-24 20:00:00+00:00,1.35137,1.35272,1.3513600000000001,1.35247,2500,22,0
2024-01-25 00:00:00+00:00,1.35248,1.35336,1.35142,1.35181,3332,22,0
2024-01-25 04:00:00+00:00,1.35182,1.3523800000000001,1.3513899999999999,1.35199,2456,22,0
2024-01-25 08:00:00+00:00,1.35199,1.35287,1.35002,1.35059,4464,22,0
2024-01-25 12:00:00+00:00,1.35059,1.35187,1.34848,1.35002,9994,22,0
2024-01-25 16:00:00+00:00,1.35003,1.35054,1.34769,1.34786,7016,22,0
2024-01-25 20:00:00+00:00,1.34786,1.34835,1.3467500000000001,1.34785,2536,22,0
2024-01-26 00:00:00+00:00,1.34793,1.34815,1.34649,1.34664,2779,22,0
2024-01-26 04:00:00+00:00,1.34664,1.3482,1.34623,1.34727,3420,22,0
2024-01-26 08:00:00+00:00,1.34726,1.34757,1.34415,1.34439,4689,22,0
2024-01-26 12:00:00+00:00,1.3443800000000001,1.34579,1.34135,1.34453,9404,22,0
2024-01-26 16:00:00+00:00,1.34454,1.34666,1.3443,1.3446500000000001,5995,22,0
2024-01-26 20:00:00+00:00,1.34464,1.34525,1.34426,1.34504,1730,22,0
2024-01-28 20:00:00+00:00,1.34515,1.34541,1.3443399999999999,1.3454,884,40,0
2024-01-29 00:00:00+00:00,1.34549,1.3458,1.34454,1.34478,3128,22,0
2024-01-29 04:00:00+00:00,1.34478,1.34513,1.34308,1.34345,2989,22,0
2024-01-29 08:00:00+00:00,1.34345,1.3441100000000001,1.34286,1.3431899999999999,3640,22,0
2024-01-29 12:00:00+00:00,1.3431899999999999,1.34641,1.34246,1.34513,6793,22,0
2024-01-29 16:00:00+00:00,1.34509,1.34552,1.34293,1.34307,4290,22,0
2024-01-29 20:00:00+00:00,1.34307,1.34307,1.34077,1.34109,3214,22,0
2024-01-30 00:00:00+00:00,1.34109,1.34109,1.3401,1.3409,3052,22,0
2024-01-30 04:00:00+00:00,1.3409,1.34143,1.3400699999999999,1.3406,3272,22,0
2024-01-30 08:00:00+00:00,1.34061,1.3412,1.33983,1.3409900000000001,4593,22,0
2024-01-30 12:00:00+00:00,1.3409900000000001,1.34454,1.34088,1.34291,7875,22,0
2024-01-30 16:00:00+00:00,1.34294,1.3434,1.3397999999999999,1.3397999999999999,5263,22,0
2024-01-30 20:00:00+00:00,1.33981,1.34013,1.33928,1.3400699999999999,2641,22,0
2024-01-31 00:00:00+00:00,1.3400699999999999,1.34227,1.33965,1.34201,3139,22,0
2024-01-31 04:00:00+00:00,1.34202,1.34211,1.3413,1.34159,2497,22,0
2024-01-31 08:00:00+00:00,1.34158,1.34307,1.3409200000000001,1.34286,4104,22,0
2024-01-31 12:00:00+00:00,1.34286,1.34364,1.33578,1.33585,8794,22,0
2024-01-31 16:00:00+00:00,1.3359,1.34148,1.3357700000000001,1.34005,11758,22,0
2024-01-31 20:00:00+00:00,1.34003,1.34451,1.33994,1.34311,6532,22,0
2024-02-01 00:00:00+00:00,1.34314,1.34375,1.3418999999999999,1.3429,4205,22,0
2024-02-01 04:00:00+00:00,1.34289,1.34631,1.34286,1.34581,3846,22,0
2024-02-01 08:00:00+00:00,1.34582,1.3461699999999999,1.3443399999999999,1.34456,5541,22,0
2024-02-01 12:00:00+00:00,1.34457,1.34557,1.34113,1.34127,9908,22,0
2024-02-01 16:00:00+00:00,1.34127,1.34127,1.3366799999999999,1.3384800000000001,9185,22,0
2024-02-01 20:00:00+00:00,1.33849,1.3391600000000001,1.33775,1.33838,2879,22,0
2024-02-02 00:00:00+00:00,1.33838,1.33838,1.33687,1.33743,3196,22,0
2024-02-02 04:00:00+00:00,1.33743,1.33809,1.33712,1.3379699999999999,3405,22,0
2024-02-02 08:00:00+00:00,1.33798,1.33808,1.33649,1.33749,3819,22,0
2024-02-02 12:00:00+00:00,1.3375,1.3474300000000001,1.33676,1.34513,10496,22,0
2024-02-02 16:00:00+00:00,1.3451,1.3473600000000001,1.3449900000000001,1.34604,7283,22,0
2024-02-02 20:00:00+00:00,1.34604,1.34649,1.34535,1.34649,1799,22,0
2024-02-04 20:00:00+00:00,1.34555,1.34731,1.34543,1.3467799999999999,1120,40,0
2024-02-05 00:00:00+00:00,1.34697,1.34879,1.34657,1.34747,4445,22,0
2024-02-05 04:00:00+00:00,1.34748,1.34778,1.3465799999999999,1.34776,3374,22,0
2024-02-05 08:00:00+00:00,1.34776,1.34914,1.34711,1.34876,4115,22,0
2024-02-05 12:00:00+00:00,1.34876,1.35428,1.34863,1.35368,7105,22,0
2024-02-05 16:00:00+00:00,1.35367,1.35428,1.35214,1.35342,5106,22,0
2024-02-05 20:00:00+00:00,1.35341,1.35429,1.35324,1.35429,2616,22,0
2024-02-06 00:00:00+00:00,1.35425,1.35428,1.35164,1.35206,3424,22,0
2024-02-06 04:00:00+00:00,1.35206,1.35225,1.35046,1.3514,3491,22,0
2024-02-06 08:00:00+00:00,1.3514,1.35409,1.35121,1.35245,4633,22,0
2024-02-06 12:00:00+00:00,1.35249,1.35416,1.35134,1.35222,8863,22,0
2024-02-06 16:00:00+00:00,1.35224,1.3523399999999999,1.34755,1.34828,7370,22,0
2024-02-06 20:00:00+00:00,1.34828,1.3492199999999999,1.34791,1.34887,2816,22,0
2024-02-07 00:00:00+00:00,1.3489,1.34915,1.34733,1.34825,3203,22,0
2024-02-07 04:00:00+00:00,1.34825,1.34888,1.34756,1.34802,3478,22,0
2024-02-07 08:00:00+00:00,1.34801,1.3488,1.3469,1.34754,5535,22,0
2024-02-07 12:00:00+00:00,1.34754,1.34802,1.3454,1.3467,8105,22,0
2024-02-07 16:00:00+00:00,1.3467,1.34783,1.3458999999999999,1.3465,6420,22,0
2024-02-07 20:00:00+00:00,1.3465099999999999,1.34674,1.34578,1.34627,2370,22,0
2024-02-08 00:00:00+00:00,1.34618,1.3462,1.34476,1.34524,2884,22,0
2024-02-08 04:00:00+00:00,1.34524,1.34585,1.34469,1.34555,2606,22,0
2024-02-08 08:00:00+00:00,1.34554,1.34809,1.34543,1.34756,4967,22,0
2024-02-08 12:00:00+00:00,1.34755,1.3491900000000001,1.34628,1.34629,8533,22,0
2024-02-08 16:00:00+00:00,1.34628,1.3473600000000001,1.34515,1.34558,5740,22,0
2024-02-08 20:00:00+00:00,1.34558,1.3462100000000001,1.34512,1.34596,2599,22,0
2024-02-09 00:00:00+00:00,1.34593,1.34632,1.34574,1.34622,2737,22,0
2024-02-09 04:00:00+00:00,1.3462,1.34649,1.34538,1.34585,2581,22,0
2024-02-09 08:00:00+00:00,1.34586,1.34633,1.34489,1.34518,4389,22,0
2024-02-09 12:00:00+00:00,1.34519,1.34608,1.34121,1.34606,9384,22,0
2024-02-09 16:00:00+00:00,1.34606,1.34806,1.34516,1.34618,4976,22,0
2024-02-09 20:00:00+00:00,1.34618,1.34646,1.34554,1.34579,1760,22,0
2024-02-11 20:00:00+00:00,1.34561,1.34642,1.34542,1.34564,859,40,0
2024-02-12 00:00:00+00:00,1.34571,1.34634,1.34518,1.34604,1698,22,0
2024-02-12 04:00:00+00:00,1.34604,1.3462399999999999,1.3449499999999999,1.34522,2263,22,0
2024-02-12 08:00:00+00:00,1.3452,1.34687,1.3452,1.34653,5099,22,0
2024-02-12 12:00:00+00:00,1.34653,1.34741,1.34439,1.3447,6605,22,0
2024-02-12 16:00:00+00:00,1.3447,1.3458,1.34292,1.34546,5758,22,0
2024-02-12 20:00:00+00:00,1.34546,1.3455599999999999,1.34467,1.34544,2688,22,0
2024-02-13 00:00:00+00:00,1.34549,1.3458999999999999,1.34498,1.34586,2121,22,0
2024-02-13 04:00:00+00:00,1.3458700000000001,1.34601,1.34466,1.34531,2621,22,0
2024-02-13 08:00:00+00:00,1.3452899999999999,1.3462100000000001,1.3441,1.34482,4707,22,0
2024-02-13 12:00:00+00:00,1.34478,1.35775,1.34369,1.35518,11164,22,0
2024-02-13 16:00:00+00:00,1.35517,1.35849,1.35435,1.35838,7074,22,0
2024-02-13 20:00:00+00:00,1.35838,1.35849,1.35582,1.35653,3251,22,0
2024-02-14 00:00:00+00:00,1.35652,1.35713,1.35579,1.35601,2774,22,0
2024-02-14 04:00:00+00:00,1.35601,1.35614,1.35458,1.3551199999999999,2809,22,0
2024-02-14 08:00:00+00:00,1.3551199999999999,1.35602,1.35301,1.35338,5052,22,0
2024-02-14 12:00:00+00:00,1.35338,1.3562,1.3529900000000001,1.35534,8721,22,0
2024-02-14 16:00:00+00:00,1.35535,1.35599,1.35397,1.35445,6735,22,0
2024-02-14 20:00:00+00:00,1.3544399999999999,1.35461,1.35378,1.3538000000000001,2299,22,0
2024-02-15 00:00:00+00:00,1.35378,1.35507,1.35367,1.35442,2267,22,0
2024-02-15 04:00:00+00:00,1.35442,1.35455,1.35376,1.35433,2453,22,0
2024-02-15 08:00:00+00:00,1.35434,1.35434,1.35281,1.35398,4574,22,0
2024-02-15 12:00:00+00:00,1.354,1.35415,1.34745,1.34988,8961,22,0
2024-02-15 16:00:00+00:00,1.34989,1.35102,1.3468,1.34695,6005,22,0
2024-02-15 20:00:00+00:00,1.34694,1.34741,1.34602,1.34656,2588,22,0
2024-02-16 00:00:00+00:00,1.3464800000000001,1.3485,1.34646,1.34828,2330,22,0
2024-02-16 04:00:00+00:00,1.34828,1.34849,1.34752,1.3477000000000001,2545,22,0
2024-02-16 08:00:00+00:00,1.3477000000000001,1.3484099999999999,1.34738,1.34748,4160,22,0
2024-02-16 12:00:00+00:00,1.34751,1.35065,1.34713,1.34815,9088,22,0
2024-02-16 16:00:00+00:00,1.34811,1.34912,1.3468200000000001,1.3489499999999999,6284,22,0
2024-02-16 20:00:00+00:00,1.3489499999999999,1.3489499999999999,1.34817,1.34833,1633,22,0
2024-02-18 20:00:00+00:00,1.34749,1.3483100000000001,1.3471899999999999,1.34768,931,40,0
2024-02-19 00:00:00+00:00,1.34771,1.34809,1.3467,1.3480699999999999,2979,22,0
2024-02-19 04:00:00+00:00,1.3480699999999999,1.34826,1.34705,1.34752,2570,22,0
2024-02-19 08:00:00+00:00,1.34752,1.3479999999999999,1.34703,1.3473,4002,22,0
2024-02-19 12:00:00+00:00,1.34731,1.34955,1.34703,1.3492,3591,22,0
2024-02-19 16:00:00+00:00,1.3492,1.34944,1.34877,1.34886,1276,22,0
2024-02-19 20:00:00+00:00,1.34886,1.35001,1.34867,1.34986,1160,22,0
2024-02-20 00:00:00+00:00,1.3498700000000001,1.35096,1.34948,1.35057,2875,22,0
2024-02-20 04:00:00+00:00,1.35057,1.35107,1.35007,1.3509,2387,22,0
2024-02-20 08:00:00+00:00,1.3509,1.35094,1.34752,1.34862,5133,22,0
2024-02-20 12:00:00+00:00,1.3486099999999999,1.35287,1.34713,1.35086,9075,22,0
2024-02-20 16:00:00+00:00,1.35086,1.35287,1.3507500000000001,1.35223,6813,22,0
2024-02-20 20:00:00+00:00,1.35223,1.35264,1.35192,1.35214,2624,22,0
2024-02-21 00:00:00+00:00,1.35228,1.35276,1.35065,1.35072,2927,22,0
2024-02-21 04:00:00+00:00,1.35071,1.35169,1.35042,1.35169,3021,22,0
2024-02-21 08:00:00+00:00,1.35171,1.3535300000000001,1.35128,1.3526500000000001,5140,22,0
2024-02-21 12:00:00+00:00,1.3526500000000001,1.35311,1.35041,1.3511600000000001,7553,22,0
2024-02-21 16:00:00+00:00,1.3511600000000001,1.3519999999999999,1.34931,1.3501,7542,22,0
2024-02-21 20:00:00+00:00,1.3501,1.35138,1.34945,1.34946,3669,22,0
2024-02-22 00:00:00+00:00,1.34943,1.34962,1.34825,1.3486099999999999,2620,22,0
2024-02-22 04:00:00+00:00,1.3486099999999999,1.34878,1.3452,1.34531,2849,22,0
2024-02-22 08:00:00+00:00,1.34531,1.3464,1.34399,1.34523,5816,22,0
2024-02-22 12:00:00+00:00,1.34524,1.35067,1.34519,1.3498999999999999,8940,22,0
2024-02-22 16:00:00+00:00,1.3498999999999999,1.35036,1.34806,1.34876,5988,22,0
2024-02-22 20:00:00+00:00,1.34877,1.34882,1.34778,1.34817,2470,22,0
2024-02-23 00:00:00+00:00,1.34818,1.3494,1.3477700000000001,1.34815,3192,22,0
2024-02-23 04:00:00+00:00,1.34814,1.34818,1.34748,1.34759,2440,22,0
2024-02-23 08:00:00+00:00,1.34759,1.35009,1.34713,1.34784,5439,22,0
2024-02-23 12:00:00+00:00,1.34785,1.35031,1.34607,1.35008,7723,22,0
2024-02-23 16:00:00+00:00,1.35008,1.35165,1.34898,1.34997,5782,22,0
2024-02-23 20:00:00+00:00,1.34996,1.35065,1.34984,1.35055,1574,22,0
2024-02-25 20:00:00+00:00,1.34885,1.35069,1.34878,1.35069,1013,40,0
2024-02-26 00:00:00+00:00,1.35098,1.35184,1.35068,1.3514300000000001,2624,22,0
2024-02-26 04:00:00+00:00,1.3514300000000001,1.35175,1.35058,1.35165,2422,22,0
2024-02-26 08:00:00+00:00,1.3516599999999999,1.35276,1.35122,1.35152,4173,22,0
2024-02-26 12:00:00+00:00,1.35151,1.35246,1.34992,1.3513899999999999,6777,22,0
2024-02-26 16:00:00+00:00,1.3514,1.35201,1.3511,1.35124,4616,22,0
2024-02-26 20:00:00+00:00,1.35124,1.35124,1.34993,1.3501400000000001,2212,22,0
2024-02-27 00:00:00+00:00,1.35007,1.35127,1.34993,1.35054,2768,22,0
2024-02-27 04:00:00+00:00,1.35054,1.35054,1.3492199999999999,1.34985,2761,22,0
2024-02-27 08:00:00+00:00,1.3498299999999999,1.35004,1.34891,1.34923,5027,22,0
2024-02-27 12:00:00+00:00,1.34923,1.35362,1.34835,1.35187,6883,22,0
2024-02-27 16:00:00+00:00,1.35187,1.35381,1.35149,1.35276,5586,22,0
2024-02-27 20:00:00+00:00,1.35276,1.3532600000000001,1.35217,1.35311,2459,22,0
2024-02-28 00:00:00+00:00,1.35306,1.35439,1.35267,1.35396,2839,22,0
2024-02-28 04:00:00+00:00,1.35396,1.35576,1.35386,1.35525,2633,22,0
2024-02-28 08:00:00+00:00,1.35525,1.35868,1.3552,1.3577,5435,22,0
2024-02-28 12:00:00+00:00,1.3577,1.3605,1.35582,1.35638,7769,22,0
2024-02-28 16:00:00+00:00,1.35639,1.35821,1.35622,1.35781,5120,22,0
2024-02-28 20:00:00+00:00,1.3578000000000001,1.35807,1.35702,1.3577,2467,22,0
2024-02-29 00:00:00+00:00,1.35768,1.35842,1.35694,1.35703,2836,22,0
2024-02-29 04:00:00+00:00,1.35703,1.35797,1.3568500000000001,1.35762,2792,22,0
2024-02-29 08:00:00+00:00,1.35763,1.3591,1.35717,1.35832,5856,22,0
2024-02-29 12:00:00+00:00,1.35829,1.35965,1.35402,1.3563100000000001,8713,22,0
2024-02-29 16:00:00+00:00,1.3562699999999999,1.35839,1.35608,1.35761,6177,22,0
2024-02-29 20:00:00+00:00,1.3576,1.35812,1.35671,1.35703,2834,22,0
2024-03-01 00:00:00+00:00,1.35676,1.35745,1.35605,1.35626,2303,22,0
2024-03-01 04:00:00+00:00,1.35626,1.3578999999999999,1.35625,1.35789,2179,22,0
2024-03-01 08:00:00+00:00,1.35788,1.35911,1.35681,1.35737,4996,22,0
2024-03-01 12:00:00+00:00,1.35736,1.36007,1.35457,1.35513,8575,22,0
2024-03-01 16:00:00+00:00,1.3551,1.3560699999999999,1.3544100000000001,1.35581,5838,22,0
2024-03-01 20:00:00+00:00,1.35581,1.35613,1.35568,1.35591,1378,22,0
2024-03-03 20:00:00+00:00,1.35461,1.35545,1.35457,1.35508,769,40,0
2024-03-04 00:00:00+00:00,1.35508,1.35651,1.35447,1.35584,2437,22,0
2024-03-04 04:00:00+00:00,1.35584,1.35656,1.35554,1.35564,2224,22,0
2024-03-04 08:00:00+00:00,1.35564,1.35716,1.3556300000000001,1.3563399999999999,4497,22,0
2024-03-04 12:00:00+00:00,1.3563399999999999,1.35829,1.35586,1.35608,6928,22,0
2024-03-04 16:00:00+00:00,1.35606,1.35808,1.35558,1.3578999999999999,4934,22,0
2024-03-04 20:00:00+00:00,1.3578999999999999,1.35796,1.35704,1.35733,2569,22,0
2024-03-05 00:00:00+00:00,1.3574899999999999,1.3584,1.35707,1.35786,2761,22,0
2024-03-05 04:00:00+00:00,1.35786,1.35982,1.35777,1.3596,2786,22,0
2024-03-05 08:00:00+00:00,1.35959,1.3604,1.35784,1.35853,4093,22,0
2024-03-05 12:00:00+00:00,1.35852,1.35971,1.35542,1.35681,7690,22,0
2024-03-05 16:00:00+00:00,1.3568,1.35931,1.35664,1.3593,6223,22,0
2024-03-05 20:00:00+00:00,1.3593199999999999,1.35988,1.35876,1.35898,2924,22,0
2024-03-06 00:00:00+00:00,1.35895,1.35989,1.35806,1.35847,2635,22,0
2024-03-06 04:00:00+00:00,1.35846,1.35876,1.35792,1.35868,2482,22,0
2024-03-06 08:00:00+00:00,1.35872,1.35933,1.35746,1.35758,3996,22,0
2024-03-06 12:00:00+00:00,1.35758,1.35885,1.35087,1.35126,8587,22,0
2024-03-06 16:00:00+00:00,1.35126,1.35223,1.34979,1.35157,6720,22,0
2024-03-06 20:00:00+00:00,1.35158,1.35222,1.35092,1.35115,2522,22,0
2024-03-07 00:00:00+00:00,1.35114,1.35245,1.35077,1.35091,3317,22,0
2024-03-07 04:00:00+00:00,1.35093,1.35152,1.35025,1.35072,3212,22,0
2024-03-07 08:00:00+00:00,1.35072,1.35151,1.34959,1.34986,4720,22,0
2024-03-07 12:00:00+00:00,1.34986,1.35045,1.34756,1.34778,8068,22,0
2024-03-07 16:00:00+00:00,1.34778,1.34786,1.3453300000000001,1.34557,5378,22,0
2024-03-07 20:00:00+00:00,1.3455599999999999,1.34636,1.34517,1.34531,2484,22,0
2024-03-08 00:00:00+00:00,1.34522,1.34588,1.34459,1.34482,2340,22,0
2024-03-08 04:00:00+00:00,1.34482,1.34487,1.3441100000000001,1.34419,2359,22,0
2024-03-08 08:00:00+00:00,1.34419,1.34538,1.34313,1.34507,4621,22,0
2024-03-08 12:00:00+00:00,1.34507,1.34703,1.34191,1.34506,10496,22,0
2024-03-08 16:00:00+00:00,1.34505,1.34969,1.34501,1.3483100000000001,7724,22,0
2024-03-08 20:00:00+00:00,1.34832,1.34957,1.34819,1.34837,1651,22,0
2024-03-10 20:00:00+00:00,1.34813,1.34903,1.34762,1.3479999999999999,1226,22,0
2024-03-11 00:00:00+00:00,1.3479999999999999,1.3486500000000001,1.34733,1.34821,3208,22,0
2024-03-11 04:00:00+00:00,1.34821,1.34918,1.34779,1.34814,2810,22,0
2024-03-11 08:00:00+00:00,1.34817,1.34827,1.3468499999999999,1.34755,4982,22,0
2024-03-11 12:00:00+00:00,1.34757,1.35088,1.34753,1.3486099999999999,7773,22,0
2024-03-11 16:00:00+00:00,1.3486099999999999,1.34906,1.34767,1.3481,4604,22,0
2024-03-11 20:00:00+00:00,1.34811,1.34843,1.34767,1.34767,1691,22,0
2024-03-12 00:00:00+00:00,1.34768,1.34813,1.3471199999999999,1.3474300000000001,2412,22,0
2024-03-12 04:00:00+00:00,1.3474300000000001,1.34785,1.34707,1.34722,2543,22,0
2024-03-12 08:00:00+00:00,1.34721,1.3483399999999999,1.34659,1.34796,4417,22,0
2024-03-12 12:00:00+00:00,1.34795,1.35246,1.3468,1.34961,11772,22,0
2024-03-12 16:00:00+00:00,1.34961,1.3509,1.34903,1.34909,5018,22,0
2024-03-12 20:00:00+00:00,1.34912,1.3492199999999999,1.34882,1.34914,1196,22,0
2024-03-13 00:00:00+00:00,1.34924,1.34962,1.34891,1.34927,3017,22,0
2024-03-13 04:00:00+00:00,1.34927,1.34974,1.34864,1.34869,3444,22,0
2024-03-13 08:00:00+00:00,1.3486500000000001,1.3496000000000001,1.34845,1.34854,3879,22,0
2024-03-13 12:00:00+00:00,1.34855,1.34934,1.34582,1.34704,6666,22,0
2024-03-13 16:00:00+00:00,1.34704,1.34723,1.34595,1.34701,4299,22,0
2024-03-13 20:00:00+00:00,1.34701,1.34724,1.34649,1.3465,1683,22,0
2024-03-14 00:00:00+00:00,1.34645,1.34764,1.34616,1.34753,2205,22,0
2024-03-14 04:00:00+00:00,1.34753,1.34803,1.34706,1.34708,2447,22,0
2024-03-14 08:00:00+00:00,1.34707,1.34741,1.34608,1.3461400000000001,3818,22,0
2024-03-14 12:00:00+00:00,1.34613,1.35334,1.34588,1.35171,8823,22,0
2024-03-14 16:00:00+00:00,1.3517000000000001,1.354,1.35117,1.35287,5250,22,0
2024-03-14 20:00:00+00:00,1.35287,1.35403,1.35278,1.3537,1891,22,0
2024-03-15 00:00:00+00:00,1.35364,1.35422,1.35339,1.35343,2936,22,0
2024-03-15 04:00:00+00:00,1.35344,1.35447,1.35309,1.35443,2746,22,0
2024-03-15 08:00:00+00:00,1.3544399999999999,1.35488,1.35239,1.35275,3624,22,0
2024-03-15 12:00:00+00:00,1.35274,1.35348,1.35091,1.35308,7338,22,0
2024-03-15 16:00:00+00:00,1.35308,1.35508,1.35282,1.35439,4092,22,0
2024-03-15 20:00:00+00:00,1.3544100000000001,1.35456,1.35391,1.35405,521,22,0
2024-03-17 20:00:00+00:00,1.35386,1.35476,1.35285,1.35455,1050,22,0
2024-03-18 00:00:00+00:00,1.35452,1.35496,1.35332,1.3538299999999999,2378,22,0
2024-03-18 04:00:00+00:00,1.3538299999999999,1.35395,1.35199,1.35229,1846,22,0
2024-03-18 08:00:00+00:00,1.3523,1.35446,1.3522,1.35413,3321,22,0
2024-03-18 12:00:00+00:00,1.35413,1.3550499999999999,1.353,1.35406,5929,22,0
2024-03-18 16:00:00+00:00,1.35406,1.35468,1.3528,1.35366,3434,22,0
2024-03-18 20:00:00+00:00,1.35366,1.35378,1.35283,1.35345,1296,22,0
2024-03-19 00:00:00+00:00,1.35345,1.35507,1.35342,1.35436,3258,22,0
2024-03-19 04:00:00+00:00,1.35435,1.35711,1.35404,1.35637,3988,22,0
2024-03-19 08:00:00+00:00,1.35637,1.35795,1.35611,1.35678,3906,22,0
2024-03-19 12:00:00+00:00,1.35677,1.36124,1.35652,1.35785,6080,22,0
2024-03-19 16:00:00+00:00,1.35785,1.35826,1.35515,1.35663,3930,22,0
2024-03-19 20:00:00+00:00,1.35662,1.35735,1.35611,1.35735,1648,22,0
2024-03-20 00:00:00+00:00,1.35739,1.35809,1.35676,1.3568500000000001,2393,22,0
2024-03-20 04:00:00+00:00,1.3568500000000001,1.35867,1.35682,1.35861,2532,22,0
2024-03-20 08:00:00+00:00,1.35861,1.36038,1.35861,1.35933,3291,22,0
2024-03-20 12:00:00+00:00,1.3593199999999999,1.35955,1.3562,1.35628,5357,22,0
2024-03-20 16:00:00+00:00,1.35628,1.35646,1.34817,1.34846,10125,22,0
2024-03-20 20:00:00+00:00,1.34848,1.34948,1.3471199999999999,1.34713,2170,22,0
2024-03-21 00:00:00+00:00,1.34724,1.34764,1.3462,1.34646,3607,22,0
2024-03-21 04:00:00+00:00,1.34646,1.34679,1.3455,1.3467,2598,22,0
2024-03-21 08:00:00+00:00,1.3467,1.35121,1.3467,1.35114,4809,22,0
2024-03-21 12:00:00+00:00,1.3511199999999999,1.35406,1.34965,1.35374,7905,22,0
2024-03-21 16:00:00+00:00,1.35374,1.35385,1.35244,1.35331,4073,22,0
2024-03-21 20:00:00+00:00,1.35327,1.35328,1.35241,1.35269,1313,22,0
2024-03-22 00:00:00+00:00,1.3527,1.35625,1.35186,1.35605,3121,22,0
2024-03-22 04:00:00+00:00,1.35605,1.35732,1.3553600000000001,1.35648,2995,22,0
2024-03-22 08:00:00+00:00,1.35648,1.35877,1.3562,1.3578999999999999,3883,22,0
2024-03-22 12:00:00+00:00,1.3578999999999999,1.36063,1.35617,1.35951,6609,22,0
2024-03-22 16:00:00+00:00,1.35951,1.36129,1.35934,1.361,3088,22,0
2024-03-22 20:00:00+00:00,1.36099,1.361,1.36018,1.36064,513,22,0
2024-03-24 20:00:00+00:00,1.35953,1.36113,1.35953,1.3611,1079,22,0
2024-03-25 00:00:00+00:00,1.36112,1.3613,1.35846,1.3597299999999999,3346,22,0
2024-03-25 04:00:00+00:00,1.35972,1.36056,1.35913,1.36001,2196,22,0
2024-03-25 08:00:00+00:00,1.35998,1.36013,1.35815,1.35853,3565,22,0
2024-03-25 12:00:00+00:00,1.35852,1.35926,1.3569499999999999,1.358,4746,22,0
2024-03-25 16:00:00+00:00,1.35799,1.35869,1.35781,1.35839,2527,22,0
2024-03-25 20:00:00+00:00,1.3584,1.35876,1.35801,1.35846,1360,22,0
2024-03-26 00:00:00+00:00,1.35846,1.35863,1.3571900000000001,1.35842,2679,22,0
2024-03-26 04:00:00+00:00,1.35842,1.35872,1.3573,1.35861,2209,22,0
2024-03-26 08:00:00+00:00,1.35862,1.35895,1.35585,1.35635,3526,22,0
2024-03-26 12:00:00+00:00,1.35635,1.35793,1.35518,1.3569200000000001,5437,22,0
2024-03-26 16:00:00+00:00,1.35693,1.35861,1.35683,1.35858,2802,22,0
2024-03-26 20:00:00+00:00,1.35858,1.35874,1.35777,1.35802,1580,22,0
2024-03-27 00:00:00+00:00,1.3580999999999999,1.35982,1.3580999999999999,1.3594300000000001,2740,22,0
2024-03-27 04:00:00+00:00,1.3594300000000001,1.3596,1.35877,1.3594300000000001,2520,22,0
2024-03-27 08:00:00+00:00,1.35942,1.36071,1.35849,1.35961,3620,22,0
2024-03-27 12:00:00+00:00,1.35962,1.36048,1.35699,1.3587099999999999,4452,22,0
2024-03-27 16:00:00+00:00,1.3587,1.35928,1.35699,1.35699,3097,22,0
2024-03-27 20:00:00+00:00,1.35699,1.35868,1.35626,1.35847,1807,22,0
2024-03-28 00:00:00+00:00,1.35847,1.35901,1.35696,1.35771,3380,22,0
2024-03-28 04:00:00+00:00,1.3577,1.35937,1.35734,1.35925,2694,22,0
2024-03-28 08:00:00+00:00,1.35925,1.36128,1.35831,1.35959,3206,22,0
2024-03-28 12:00:00+00:00,1.35962,1.35983,1.35302,1.35305,6608,22,0
2024-03-28 16:00:00+00:00,1.35306,1.35459,1.35241,1.35433,4034,22,0
2024-03-28 20:00:00+00:00,1.35433,1.35495,1.35307,1.35339,3753,22,0
2024-03-29 00:00:00+00:00,1.35338,1.35394,1.35307,1.35391,973,22,0
2024-03-29 04:00:00+00:00,1.35391,1.35601,1.35391,1.35551,1296,22,0
2024-03-29 08:00:00+00:00,1.35551,1.35553,1.3541699999999999,1.35438,1125,22,0
2024-03-29 12:00:00+00:00,1.35439,1.35442,1.3521,1.35281,2065,154,0
2024-03-29 16:00:00+00:00,1.35288,1.35342,1.35278,1.35323,944,264,0
2024-03-29 20:00:00+00:00,1.35323,1.35324,1.35186,1.3520699999999999,680,264,0
2024-03-31 20:00:00+00:00,1.35318,1.3541,1.35167,1.35222,2395,22,0
2024-04-01 00:00:00+00:00,1.35211,1.35312,1.35141,1.35239,2949,22,0
2024-04-01 04:00:00+00:00,1.35239,1.35342,1.35235,1.35285,2207,22,0
2024-04-01 08:00:00+00:00,1.35286,1.3550499999999999,1.35243,1.35498,1973,22,0
2024-04-01 12:00:00+00:00,1.35498,1.35838,1.35439,1.35804,6065,22,0
2024-04-01 16:00:00+00:00,1.358,1.35855,1.3571,1.35734,2691,22,0
2024-04-01 20:00:00+00:00,1.35734,1.35768,1.35677,1.35739,1538,22,0
2024-04-02 00:00:00+00:00,1.35731,1.35791,1.35689,1.3578999999999999,2793,22,0
2024-04-02 04:00:00+00:00,1.3578999999999999,1.35834,1.35657,1.35678,2861,22,0
2024-04-02 08:00:00+00:00,1.35679,1.35686,1.35555,1.35611,3256,22,0
2024-04-02 12:00:00+00:00,1.35611,1.35826,1.35593,1.3571,6663,22,0
2024-04-02 16:00:00+00:00,1.3571,1.35775,1.35672,1.35713,3042,22,0
2024-04-02 20:00:00+00:00,1.35713,1.35731,1.3560699999999999,1.35638,1821,22,0
2024-04-03 00:00:00+00:00,1.35638,1.35736,1.35611,1.35625,2400,22,0
2024-04-03 04:00:00+00:00,1.3562400000000001,1.35788,1.35595,1.35778,2569,22,0
2024-04-03 08:00:00+00:00,1.35779,1.35879,1.35621,1.3563,3025,22,0
2024-04-03 12:00:00+00:00,1.35632,1.35716,1.35108,1.3522,6819,22,0
2024-04-03 16:00:00+00:00,1.3522,1.35372,1.3520699999999999,1.35318,4213,22,0
2024-04-03 20:00:00+00:00,1.35318,1.3531900000000001,1.35199,1.3523100000000001,1462,22,0
2024-04-04 00:00:00+00:00,1.35232,1.35267,1.35124,1.35142,2199,22,0
2024-04-04 04:00:00+00:00,1.35142,1.35147,1.35025,1.35108,2574,22,0
2024-04-04 08:00:00+00:00,1.3510900000000001,1.35111,1.34972,1.35013,2416,22,0
2024-04-04 12:00:00+00:00,1.35013,1.35029,1.3477000000000001,1.34944,4846,22,0
2024-04-04 16:00:00+00:00,1.34947,1.35581,1.34927,1.35521,4876,22,0
2024-04-04 20:00:00+00:00,1.35521,1.35521,1.35388,1.35435,2143,22,0
2024-04-05 00:00:00+00:00,1.35428,1.35771,1.35395,1.35698,3464,22,0
2024-04-05 04:00:00+00:00,1.35698,1.35728,1.35576,1.35596,3171,22,0
2024-04-05 08:00:00+00:00,1.35596,1.35657,1.35492,1.35582,3146,22,0
2024-04-05 12:00:00+00:00,1.35583,1.36464,1.35535,1.3580999999999999,10136,22,0
2024-04-05 16:00:00+00:00,1.35806,1.35929,1.35739,1.35891,4891,22,0
2024-04-05 20:00:00+00:00,1.35891,1.35907,1.35865,1.35892,445,22,0
2024-04-07 20:00:00+00:00,1.35849,1.36048,1.35845,1.36038,1334,22,0
2024-04-08 00:00:00+00:00,1.36035,1.36157,1.35831,1.3601,4489,22,0
2024-04-08 04:00:00+00:00,1.3601,1.36048,1.3590200000000001,1.35938,4008,22,0
2024-04-08 08:00:00+00:00,1.3593899999999999,1.36014,1.35858,1.35954,4365,22,0
2024-04-08 12:00:00+00:00,1.35955,1.35988,1.35684,1.35838,7412,22,0
2024-04-08 16:00:00+00:00,1.35838,1.3593199999999999,1.35714,1.35765,3728,22,0
2024-04-08 20:00:00+00:00,1.35765,1.35765,1.35678,1.35701,1841,22,0
2024-04-09 00:00:00+00:00,1.35697,1.3584,1.35675,1.35822,2867,22,0
2024-04-09 04:00:00+00:00,1.35822,1.35822,1.35697,1.35785,2899,22,0
2024-04-09 08:00:00+00:00,1.35785,1.35824,1.35595,1.3575300000000001,3718,22,0
2024-04-09 12:00:00+00:00,1.3575300000000001,1.35976,1.35462,1.35825,8548,22,0
2024-04-09 16:00:00+00:00,1.35826,1.35896,1.35704,1.35709,4893,22,0
2024-04-09 20:00:00+00:00,1.3571,1.35736,1.35674,1.35724,1865,22,0
2024-04-10 00:00:00+00:00,1.35723,1.35723,1.3561,1.35686,3152,22,0
2024-04-10 04:00:00+00:00,1.35687,1.35704,1.35577,1.35616,3431,22,0
2024-04-10 08:00:00+00:00,1.35615,1.35693,1.35551,1.35632,3350,22,0
2024-04-10 12:00:00+00:00,1.35632,1.36951,1.35584,1.36902,15595,22,0
2024-04-10 16:00:00+00:00,1.36902,1.3701699999999999,1.36696,1.36769,8873,22,0
2024-04-10 20:00:00+00:00,1.36769,1.3688500000000001,1.36762,1.3688,2125,22,0
2024-04-11 00:00:00+00:00,1.36877,1.36925,1.36758,1.36792,3761,22,0
2024-04-11 04:00:00+00:00,1.36792,1.36942,1.36737,1.36796,3886,22,0
2024-04-11 08:00:00+00:00,1.36792,1.3691900000000001,1.36725,1.36904,4732,22,0
2024-04-11 12:00:00+00:00,1.36905,1.37247,1.36601,1.37057,11898,22,0
2024-04-11 16:00:00+00:00,1.37053,1.37077,1.36731,1.36817,5631,22,0
2024-04-11 20:00:00+00:00,1.36817,1.36902,1.36799,1.36864,1866,22,0
2024-04-12 00:00:00+00:00,1.3686099999999999,1.37016,1.36811,1.37002,3087,22,0
2024-04-12 04:00:00+00:00,1.37005,1.37276,1.36994,1.37225,3808,22,0
2024-04-12 08:00:00+00:00,1.37222,1.37511,1.37202,1.37458,4451,22,0
2024-04-12 12:00:00+00:00,1.37457,1.37705,1.3740700000000001,1.37565,10491,22,0
2024-04-12 16:00:00+00:00,1.37565,1.3786100000000001,1.3754,1.37755,6686,22,0
2024-04-12 20:00:00+00:00,1.37752,1.37778,1.3768,1.37723,590,22,0
2024-04-14 20:00:00+00:00,1.37618,1.37769,1.37539,1.37588,1796,22,0
2024-04-15 00:00:00+00:00,1.37586,1.37805,1.3753,1.37572,4886,22,0
2024-04-15 04:00:00+00:00,1.37571,1.37622,1.37418,1.37467,5057,22,0
2024-04-15 08:00:00+00:00,1.37465,1.3747099999999999,1.3733,1.3740999999999999,4904,22,0
2024-04-15 12:00:00+00:00,1.3740999999999999,1.3771900000000001,1.37242,1.37514,10135,22,0
2024-04-15 16:00:00+00:00,1.37513,1.37923,1.37493,1.37838,6930,22,0
2024-04-15 20:00:00+00:00,1.3784100000000001,1.37924,1.37809,1.37862,1904,22,0
2024-04-16 00:00:00+00:00,1.3786100000000001,1.38129,1.37838,1.3801999999999999,4552,22,0
2024-04-16 04:00:00+00:00,1.38021,1.38098,1.37889,1.37947,5087,22,0
2024-04-16 08:00:00+00:00,1.37947,1.38025,1.37732,1.37754,5831,22,0
2024-04-16 12:00:00+00:00,1.37754,1.3844699999999999,1.37754,1.3825,11347,22,0
2024-04-16 16:00:00+00:00,1.38249,1.3845,1.3801,1.3817,9882,22,0
2024-04-16 20:00:00+00:00,1.3817,1.38311,1.38153,1.38187,2490,22,0
2024-04-17 00:00:00+00:00,1.38184,1.38244,1.3808799999999999,1.38186,4551,22,0
2024-04-17 04:00:00+00:00,1.38184,1.38366,1.38057,1.38136,4802,22,0
2024-04-17 08:00:00+00:00,1.38138,1.38157,1.38001,1.38089,4828,22,0
2024-04-17 12:00:00+00:00,1.3809,1.38147,1.37822,1.38046,9110,22,0
2024-04-17 16:00:00+00:00,1.3804699999999999,1.38175,1.37587,1.37711,8546,22,0
2024-04-17 20:00:00+00:00,1.3771200000000001,1.37738,1.37629,1.37711,2203,22,0
2024-04-18 00:00:00+00:00,1.37707,1.3774600000000001,1.3749,1.37491,3914,22,0
2024-04-18 04:00:00+00:00,1.37491,1.37589,1.3740999999999999,1.37568,4299,22,0
2024-04-18 08:00:00+00:00,1.37571,1.376,1.37474,1.37508,4422,22,0
2024-04-18 12:00:00+00:00,1.37508,1.37704,1.37451,1.37561,10011,22,0
2024-04-18 16:00:00+00:00,1.3756,1.37806,1.37516,1.37668,6748,22,0
2024-04-18 20:00:00+00:00,1.3767,1.37725,1.37645,1.37692,1780,22,0
2024-04-19 00:00:00+00:00,1.37698,1.38035,1.37667,1.3777300000000001,10134,22,0
2024-04-19 04:00:00+00:00,1.37772,1.37887,1.37453,1.3746800000000001,6634,22,0
2024-04-19 08:00:00+00:00,1.3746800000000001,1.37747,1.3746800000000001,1.37628,5793,22,0
2024-04-19 12:00:00+00:00,1.37628,1.37669,1.37226,1.3743,9526,22,0
2024-04-19 16:00:00+00:00,1.37429,1.37626,1.37366,1.37488,7240,22,0
2024-04-19 20:00:00+00:00,1.37489,1.37509,1.37474,1.37488,475,22,0
2024-04-21 20:00:00+00:00,1.37413,1.37513,1.37323,1.37386,1580,22,0
2024-04-22 00:00:00+00:00,1.37385,1.37408,1.37144,1.3726099999999999,3894,22,0
2024-04-22 04:00:00+00:00,1.37262,1.37381,1.3718,1.37345,4060,22,0
2024-04-22 08:00:00+00:00,1.3734600000000001,1.37364,1.37145,1.3716,4610,22,0
2024-04-22 12:00:00+00:00,1.3716,1.37487,1.37091,1.37215,6966,22,0
2024-04-22 16:00:00+00:00,1.37215,1.37215,1.36859,1.37011,4607,22,0
2024-04-22 20:00:00+00:00,1.37011,1.37036,1.36957,1.36991,1823,22,0
2024-04-23 00:00:00+00:00,1.36991,1.37038,1.36891,1.36991,4012,22,0
2024-04-23 04:00:00+00:00,1.36992,1.37064,1.36879,1.3698299999999999,4238,22,0
2024-04-23 08:00:00+00:00,1.3698299999999999,1.3713199999999999,1.36935,1.37035,4122,22,0
2024-04-23 12:00:00+00:00,1.37032,1.37055,1.36552,1.36757,9388,22,0
2024-04-23 16:00:00+00:00,1.36756,1.36765,1.36575,1.36601,4278,22,0
2024-04-23 20:00:00+00:00,1.36601,1.36636,1.36578,1.36609,1674,22,0
2024-04-24 00:00:00+00:00,1.36609,1.3664399999999999,1.36539,1.36622,3119,22,0
2024-04-24 04:00:00+00:00,1.36622,1.3681,1.36594,1.36774,3213,22,0
2024-04-24 08:00:00+00:00,1.36774,1.3689200000000001,1.36747,1.3686099999999999,3302,22,0
2024-04-24 12:00:00+00:00,1.36862,1.37276,1.36804,1.37211,8488,22,0
2024-04-24 16:00:00+00:00,1.37213,1.37226,1.36937,1.36995,5218,22,0
2024-04-24 20:00:00+00:00,1.36997,1.37062,1.3699,1.37033,1820,22,0
2024-04-25 00:00:00+00:00,1.37033,1.3703699999999999,1.36914,1.36929,3158,22,0
2024-04-25 04:00:00+00:00,1.36929,1.3694,1.36758,1.36791,3169,22,0
2024-04-25 08:00:00+00:00,1.3679000000000001,1.36825,1.3664399999999999,1.3672900000000001,3578,22,0
2024-04-25 12:00:00+00:00,1.3673,1.37301,1.36652,1.3691499999999999,11447,22,0
2024-04-25 16:00:00+00:00,1.3691499999999999,1.3695,1.3649200000000001,1.3661699999999999,5904,22,0
2024-04-25 20:00:00+00:00,1.36619,1.3663,1.36521,1.36585,2271,22,0
2024-04-26 00:00:00+00:00,1.36585,1.36621,1.36502,1.36557,3504,22,0
2024-04-26 04:00:00+00:00,1.3655599999999999,1.36565,1.36361,1.36473,3544,22,0
2024-04-26 08:00:00+00:00,1.36473,1.36595,1.36371,1.36554,4340,22,0
2024-04-26 12:00:00+00:00,1.36554,1.3694600000000001,1.36328,1.36787,9838,22,0
2024-04-26 16:00:00+00:00,1.36783,1.36813,1.36526,1.36658,3778,22,0
2024-04-26 20:00:00+00:00,1.36658,1.36691,1.36611,1.36682,603,22,0
2024-04-28 20:00:00+00:00,1.36615,1.36665,1.3654899999999999,1.36551,816,22,0
2024-04-29 00:00:00+00:00,1.36551,1.36587,1.36415,1.36483,3513,22,0
2024-04-29 04:00:00+00:00,1.36483,1.36594,1.36311,1.36558,5332,22,0
2024-04-29 08:00:00+00:00,1.36558,1.36622,1.36453,1.36511,3637,22,0
2024-04-29 12:00:00+00:00,1.3651200000000001,1.36758,1.36459,1.36504,5805,22,0
2024-04-29 16:00:00+00:00,1.36504,1.36718,1.36426,1.36615,4518,22,0
2024-04-29 20:00:00+00:00,1.3661400000000001,1.3667,1.36573,1.36667,1629,22,0
2024-04-30 00:00:00+00:00,1.36667,1.36812,1.36618,1.3679299999999999,2958,22,0
2024-04-30 04:00:00+00:00,1.3679299999999999,1.36999,1.36781,1.3691499999999999,3386,22,0
2024-04-30 08:00:00+00:00,1.3691499999999999,1.36987,1.36805,1.36904,3342,22,0
2024-04-30 12:00:00+00:00,1.36904,1.37538,1.36731,1.3747099999999999,11228,22,0
2024-04-30 16:00:00+00:00,1.3747099999999999,1.37667,1.37442,1.37667,4879,22,0
2024-04-30 20:00:00+00:00,1.37666,1.3780999999999999,1.37644,1.37768,2381,22,0
2024-05-01 00:00:00+00:00,1.37768,1.37822,1.37726,1.37791,2308,22,0
2024-05-01 04:00:00+00:00,1.37791,1.37814,1.37705,1.37716,2407,22,0
2024-05-01 08:00:00+00:00,1.37716,1.37751,1.3765100000000001,1.37703,2851,22,0
2024-05-01 12:00:00+00:00,1.37703,1.37729,1.37465,1.37595,7874,22,0
2024-05-01 16:00:00+00:00,1.37594,1.37734,1.37026,1.37582,13491,22,0
2024-05-01 20:00:00+00:00,1.37581,1.376,1.3721700000000001,1.37242,3057,22,0
2024-05-02 00:00:00+00:00,1.37239,1.37357,1.37158,1.37255,3742,22,0
2024-05-02 04:00:00+00:00,1.3725399999999999,1.3725399999999999,1.37042,1.37112,4503,22,0
2024-05-02 08:00:00+00:00,1.37112,1.37277,1.3704,1.37203,4945,22,0
2024-05-02 12:00:00+00:00,1.37203,1.37284,1.36942,1.36967,9578,22,0
2024-05-02 16:00:00+00:00,1.36967,1.37019,1.36686,1.36755,5539,22,0
2024-05-02 20:00:00+00:00,1.36758,1.3678,1.36649,1.36656,2112,22,0
2024-05-03 00:00:00+00:00,1.36656,1.36724,1.36543,1.36625,3719,22,0
2024-05-03 04:00:00+00:00,1.36625,1.36743,1.36569,1.36686,3638,22,0
2024-05-03 08:00:00+00:00,1.36691,1.36708,1.36599,1.3664,4190,22,0
2024-05-03 12:00:00+00:00,1.3663699999999999,1.36904,1.36089,1.3682699999999999,15294,22,0
2024-05-03 16:00:00+00:00,1.36826,1.36883,1.3675,1.36788,4882,22,0
2024-05-03 20:00:00+00:00,1.36788,1.36855,1.36788,1.36853,442,22,0
2024-05-05 20:00:00+00:00,1.36726,1.36913,1.36722,1.36909,1016,22,0
2024-05-06 00:00:00+00:00,1.36909,1.36961,1.3673600000000001,1.36834,3373,22,0
2024-05-06 04:00:00+00:00,1.36834,1.36879,1.36717,1.36801,3061,22,0
2024-05-06 08:00:00+00:00,1.36801,1.36838,1.36677,1.367,3282,22,0
2024-05-06 12:00:00+00:00,1.36699,1.36725,1.3647,1.36559,5025,22,0
2024-05-06 16:00:00+00:00,1.36559,1.36708,1.36555,1.36653,3288,22,0
2024-05-06 20:00:00+00:00,1.36649,1.3672,1.36606,1.36697,1589,22,0
2024-05-07 00:00:00+00:00,1.36697,1.3679700000000001,1.36599,1.36701,3606,22,0
2024-05-07 04:00:00+00:00,1.36701,1.36901,1.367,1.36822,3986,22,0
2024-05-07 08:00:00+00:00,1.36822,1.36879,1.36761,1.36795,3407,22,0
2024-05-07 12:00:00+00:00,1.36794,1.37162,1.36685,1.3712,5690,22,0
2024-05-07 16:00:00+00:00,1.3712,1.37402,1.37043,1.37243,4499,22,0
2024-05-07 20:00:00+00:00,1.37243,1.37345,1.37221,1.37325,1727,22,0
2024-05-08 00:00:00+00:00,1.37328,1.37524,1.37298,1.37521,3275,22,0
2024-05-08 04:00:00+00:00,1.37521,1.37586,1.37489,1.3755,3201,22,0
2024-05-08 08:00:00+00:00,1.37552,1.37596,1.37442,1.3757,3471,22,0
2024-05-08 12:00:00+00:00,1.37569,1.37616,1.37164,1.37179,5628,22,0
2024-05-08 16:00:00+00:00,1.37179,1.37341,1.37173,1.37313,3309,22,0
2024-05-08 20:00:00+00:00,1.3731200000000001,1.37333,1.37202,1.37272,1499,22,0
2024-05-09 00:00:00+00:00,1.37272,1.37335,1.37195,1.3722699999999999,3000,22,0
2024-05-09 04:00:00+00:00,1.3722699999999999,1.37369,1.37207,1.3732,2805,22,0
2024-05-09 08:00:00+00:00,1.3732,1.37345,1.37206,1.37246,3457,22,0
2024-05-09 12:00:00+00:00,1.37247,1.37248,1.36796,1.36908,6482,22,0
2024-05-09 16:00:00+00:00,1.36908,1.36914,1.3674,1.36749,3642,22,0
2024-05-09 20:00:00+00:00,1.36748,1.36772,1.36712,1.3677000000000001,1776,22,0
2024-05-10 00:00:00+00:00,1.3677000000000001,1.36894,1.36733,1.36869,2984,22,0
2024-05-10 04:00:00+00:00,1.36869,1.36872,1.3676300000000001,1.36805,3136,22,0
2024-05-10 08:00:00+00:00,1.36806,1.36879,1.36772,1.36809,3138,22,0
2024-05-10 12:00:00+00:00,1.36809,1.36817,1.3632,1.36635,7183,22,0
2024-05-10 16:00:00+00:00,1.36635,1.3675899999999999,1.36603,1.3670200000000001,3461,22,0
2024-05-10 20:00:00+00:00,1.3670200000000001,1.3673,1.3669,1.36715,449,22,0
2024-05-12 20:00:00+00:00,1.36629,1.3677000000000001,1.36612,1.36767,966,22,0
2024-05-13 00:00:00+00:00,1.36769,1.36886,1.36757,1.3681,2758,22,0
2024-05-13 04:00:00+00:00,1.3681,1.36839,1.36741,1.36746,2185,22,0
2024-05-13 08:00:00+00:00,1.36746,1.36804,1.36681,1.36722,2554,22,0
2024-05-13 12:00:00+00:00,1.36722,1.36834,1.36598,1.36754,4589,22,0
2024-05-13 16:00:00+00:00,1.36754,1.36787,1.3666800000000001,1.36681,2404,22,0
2024-05-13 20:00:00+00:00,1.36683,1.36707,1.36632,1.36653,1358,22,0
2024-05-14 00:00:00+00:00,1.36653,1.3684,1.36651,1.36788,2388,22,0
2024-05-14 04:00:00+00:00,1.36788,1.3679700000000001,1.3673600000000001,1.36749,2244,22,0
2024-05-14 08:00:00+00:00,1.36748,1.36813,1.3663,1.36658,2556,22,0
2024-05-14 12:00:00+00:00,1.36658,1.36897,1.36319,1.36508,8074,22,0
2024-05-14 16:00:00+00:00,1.36509,1.36638,1.36456,1.36484,3020,22,0
2024-05-14 20:00:00+00:00,1.3648500000000001,1.36537,1.36462,1.36529,1370,22,0
2024-05-15 00:00:00+00:00,1.36529,1.36532,1.3636599999999999,1.36377,2241,22,0
2024-05-15 04:00:00+00:00,1.36377,1.36442,1.36324,1.36337,2264,22,0
2024-05-15 08:00:00+00:00,1.36337,1.36353,1.36238,1.36323,2329,22,0
2024-05-15 12:00:00+00:00,1.36323,1.36597,1.35895,1.36129,9003,22,0
2024-05-15 16:00:00+00:00,1.3613,1.36172,1.35946,1.3605,3623,22,0
2024-05-15 20:00:00+00:00,1.36051,1.36069,1.3593899999999999,1.35969,1832,22,0
2024-05-16 00:00:00+00:00,1.35969,1.3611,1.3589,1.36013,3722,22,0
2024-05-16 04:00:00+00:00,1.36013,1.36231,1.36013,1.36176,3025,22,0
2024-05-16 08:00:00+00:00,1.36175,1.3633600000000001,1.36151,1.36314,2637,22,0
2024-05-16 12:00:00+00:00,1.36313,1.36401,1.36063,1.36064,5645,22,0
2024-05-16 16:00:00+00:00,1.3606500000000001,1.36203,1.3606500000000001,1.36159,2876,22,0
2024-05-16 20:00:00+00:00,1.36158,1.36184,1.36101,1.36142,1869,22,0
2024-05-17 00:00:00+00:00,1.36141,1.36306,1.36121,1.3625099999999999,2935,22,0
2024-05-17 04:00:00+00:00,1.3625099999999999,1.3631199999999999,1.36155,1.363,2469,22,0
2024-05-17 08:00:00+00:00,1.363,1.36428,1.36291,1.36346,2548,22,0
2024-05-17 12:00:00+00:00,1.36347,1.3637000000000001,1.36002,1.36158,4993,22,0
2024-05-17 16:00:00+00:00,1.36158,1.36204,1.36055,1.36075,3209,22,0
2024-05-17 20:00:00+00:00,1.36074,1.36111,1.36074,1.36105,321,22,0
2024-05-19 20:00:00+00:00,1.36087,1.3613,1.36041,1.3608,999,22,0
2024-05-20 00:00:00+00:00,1.36081,1.36136,1.36017,1.3606500000000001,3494,22,0
2024-05-20 04:00:00+00:00,1.3606500000000001,1.36178,1.35992,1.36123,3165,22,0
2024-05-20 08:00:00+00:00,1.36124,1.36206,1.3609,1.36204,2385,22,0
2024-05-20 12:00:00+00:00,1.36204,1.3634,1.3595,1.36124,5443,22,0
2024-05-20 16:00:00+00:00,1.36124,1.36255,1.36107,1.36219,3032,22,0
2024-05-20 20:00:00+00:00,1.36219,1.36249,1.3621699999999999,1.36228,1093,22,0
2024-05-21 00:00:00+00:00,1.36228,1.3643100000000001,1.3622,1.3638,3513,22,0
2024-05-21 04:00:00+00:00,1.3638,1.36382,1.3624,1.36347,2872,22,0
2024-05-21 08:00:00+00:00,1.36347,1.36375,1.36148,1.36152,2888,22,0
2024-05-21 12:00:00+00:00,1.36152,1.36744,1.36139,1.36449,7852,22,0
2024-05-21 16:00:00+00:00,1.36448,1.36554,1.36442,1.36479,3557,22,0
2024-05-21 20:00:00+00:00,1.3648,1.36543,1.36321,1.36401,1768,22,0
2024-05-22 00:00:00+00:00,1.3639999999999999,1.36408,1.3623,1.3639999999999999,3357,22,0
2024-05-22 04:00:00+00:00,1.3639999999999999,1.3660700000000001,1.36359,1.36555,3183,22,0
2024-05-22 08:00:00+00:00,1.3655599999999999,1.36768,1.36481,1.36741,3416,22,0
2024-05-22 12:00:00+00:00,1.3674,1.36773,1.36597,1.36682,6202,22,0
2024-05-22 16:00:00+00:00,1.36682,1.36969,1.36558,1.3689,5402,22,0
2024-05-22 20:00:00+00:00,1.3689,1.36951,1.36862,1.36897,1812,22,0
2024-05-23 00:00:00+00:00,1.36897,1.3695300000000001,1.36787,1.36788,3646,22,0
2024-05-23 04:00:00+00:00,1.36788,1.36855,1.3675899999999999,1.36838,3513,22,0
2024-05-23 08:00:00+00:00,1.36838,1.36838,1.36638,1.36665,3194,22,0
2024-05-23 12:00:00+00:00,1.36663,1.37036,1.36557,1.36967,9292,22,0
2024-05-23 16:00:00+00:00,1.36968,1.37424,1.36924,1.37348,6118,22,0
2024-05-23 20:00:00+00:00,1.37348,1.37361,1.3726099999999999,1.37317,1551,22,0
2024-05-24 00:00:00+00:00,1.37317,1.3737599999999999,1.3725399999999999,1.37367,3263,22,0
2024-05-24 04:00:00+00:00,1.37366,1.3737599999999999,1.37213,1.37214,3072,22,0
2024-05-24 08:00:00+00:00,1.37215,1.3727800000000001,1.37106,1.37116,3139,22,0
2024-05-24 12:00:00+00:00,1.37115,1.37237,1.36573,1.36659,7370,22,0
2024-05-24 16:00:00+00:00,1.36658,1.36674,1.36471,1.36645,3988,22,0
2024-05-24 20:00:00+00:00,1.36646,1.36653,1.36612,1.36636,358,22,0
2024-05-26 20:00:00+00:00,1.36601,1.3669799999999999,1.36552,1.36692,1035,22,0
2024-05-27 00:00:00+00:00,1.36692,1.3669799999999999,1.36615,1.36652,2385,22,0
2024-05-27 04:00:00+00:00,1.36652,1.36667,1.36584,1.36602,2082,22,0
2024-05-27 08:00:00+00:00,1.36602,1.3664,1.3652,1.36552,2009,22,0
2024-05-27 12:00:00+00:00,1.36552,1.36631,1.36311,1.36323,3534,22,0
2024-05-27 16:00:00+00:00,1.36324,1.36334,1.36288,1.3631199999999999,892,22,0
2024-05-27 20:00:00+00:00,1.36313,1.36341,1.36272,1.3627799999999999,1506,22,0
2024-05-28 00:00:00+00:00,1.36277,1.36283,1.36138,1.3614899999999999,3291,22,0
2024-05-28 04:00:00+00:00,1.3614899999999999,1.36299,1.36143,1.36221,3113,22,0
2024-05-28 08:00:00+00:00,1.36222,1.3630900000000001,1.36164,1.36205,3297,22,0
2024-05-28 12:00:00+00:00,1.36206,1.36494,1.36141,1.36308,7229,22,0
2024-05-28 16:00:00+00:00,1.36311,1.36527,1.3630200000000001,1.36426,5394,22,0
2024-05-28 20:00:00+00:00,1.3642699999999999,1.36474,1.36413,1.36464,1790,22,0
2024-05-29 00:00:00+00:00,1.36464,1.3663699999999999,1.36455,1.3662,3497,22,0
2024-05-29 04:00:00+00:00,1.3662,1.36719,1.36494,1.36558,3724,22,0
2024-05-29 08:00:00+00:00,1.36554,1.36774,1.36547,1.36704,4173,22,0
2024-05-29 12:00:00+00:00,1.36704,1.3713199999999999,1.36648,1.37029,7746,22,0
2024-05-29 16:00:00+00:00,1.37031,1.37162,1.3701699999999999,1.37134,5068,22,0
2024-05-29 20:00:00+00:00,1.3713199999999999,1.37206,1.37096,1.37164,2025,22,0
2024-05-30 00:00:00+00:00,1.37162,1.37268,1.37118,1.37223,3752,22,0
2024-05-30 04:00:00+00:00,1.37222,1.37337,1.37175,1.37189,4231,22,0
2024-05-30 08:00:00+00:00,1.37189,1.37245,1.37025,1.37054,4503,22,0
2024-05-30 12:00:00+00:00,1.37055,1.3712,1.36591,1.36686,7971,22,0
2024-05-30 16:00:00+00:00,1.36685,1.36881,1.3660999999999999,1.36808,4333,22,0
2024-05-30 20:00:00+00:00,1.3681,1.36837,1.36772,1.36829,1768,22,0
2024-05-31 00:00:00+00:00,1.36829,1.3688500000000001,1.3673600000000001,1.3673600000000001,4184,22,0
2024-05-31 04:00:00+00:00,1.3673600000000001,1.36769,1.36605,1.36673,3953,22,0
2024-05-31 08:00:00+00:00,1.36674,1.36679,1.36274,1.36386,4115,22,0
2024-05-31 12:00:00+00:00,1.36387,1.3651499999999999,1.3618299999999999,1.36473,10118,22,0
2024-05-31 16:00:00+00:00,1.36477,1.36526,1.36213,1.36246,5655,22,0
2024-05-31 20:00:00+00:00,1.36247,1.36298,1.36215,1.3626,684,22,0
2024-06-02 20:00:00+00:00,1.36224,1.36313,1.36181,1.3618299999999999,1540,22,0
2024-06-03 00:00:00+00:00,1.36185,1.36307,1.36047,1.3627799999999999,3307,22,0
2024-06-03 04:00:00+00:00,1.3627799999999999,1.36574,1.36238,1.36554,4038,22,0
2024-06-03 08:00:00+00:00,1.3655300000000001,1.3667500000000001,1.36351,1.36371,5095,22,0
2024-06-03 12:00:00+00:00,1.36368,1.3639299999999999,1.36019,1.36265,8714,22,0
2024-06-03 16:00:00+00:00,1.36265,1.36533,1.36239,1.36362,6406,22,0
2024-06-03 20:00:00+00:00,1.36361,1.36361,1.36235,1.3628,1518,22,0
2024-06-04 00:00:00+00:00,1.3628,1.3641,1.36198,1.3636599999999999,3479,22,0
2024-06-04 04:00:00+00:00,1.36367,1.367,1.3633899999999999,1.36689,4090,22,0
2024-06-04 08:00:00+00:00,1.36689,1.3698000000000001,1.36689,1.36784,6021,22,0
2024-06-04 12:00:00+00:00,1.36782,1.36938,1.36682,1.3685399999999999,9254,22,0
2024-06-04 16:00:00+00:00,1.3685399999999999,1.36903,1.36692,1.36752,6511,22,0
2024-06-04 20:00:00+00:00,1.36754,1.36785,1.3673,1.36761,1356,22,0
2024-06-05 00:00:00+00:00,1.3675899999999999,1.3679299999999999,1.36658,1.36719,2959,22,0
2024-06-05 04:00:00+00:00,1.3672,1.36828,1.36707,1.36719,3336,22,0
2024-06-05 08:00:00+00:00,1.36719,1.36894,1.36683,1.36772,3915,22,0
2024-06-05 12:00:00+00:00,1.36772,1.37405,1.36646,1.3704100000000001,10172,22,0
2024-06-05 16:00:00+00:00,1.37042,1.37134,1.36843,1.36887,4359,22,0
2024-06-05 20:00:00+00:00,1.36887,1.36963,1.36879,1.36893,1518,22,0
2024-06-06 00:00:00+00:00,1.3689200000000001,1.36893,1.36651,1.36767,3265,22,0
2024-06-06 04:00:00+00:00,1.3676599999999999,1.3688799999999999,1.36752,1.3685399999999999,3284,22,0
2024-06-06 08:00:00+00:00,1.3685399999999999,1.36964,1.36852,1.36928,3056,22,0
2024-06-06 12:00:00+00:00,1.36927,1.37089,1.36821,1.36846,7935,22,0
2024-06-06 16:00:00+00:00,1.36846,1.36927,1.36633,1.36693,4350,22,0
2024-06-06 20:00:00+00:00,1.36696,1.3673899999999999,1.36627,1.36677,1818,22,0
2024-06-07 00:00:00+00:00,1.36677,1.36708,1.3664100000000001,1.3667099999999999,3064,22,0
2024-06-07 04:00:00+00:00,1.3667099999999999,1.36748,1.36623,1.36726,3617,22,0
2024-06-07 08:00:00+00:00,1.36726,1.3687,1.36681,1.36719,4318,22,0
2024-06-07 12:00:00+00:00,1.36719,1.37578,1.36718,1.37484,10941,22,0
2024-06-07 16:00:00+00:00,1.37483,1.37576,1.37421,1.37572,5903,22,0
2024-06-07 20:00:00+00:00,1.37572,1.37666,1.37561,1.3765100000000001,577,22,0
2024-06-09 20:00:00+00:00,1.3754,1.37665,1.3752499999999999,1.37581,1287,22,0
2024-06-10 00:00:00+00:00,1.37582,1.37702,1.37548,1.37701,2759,22,0
2024-06-10 04:00:00+00:00,1.37701,1.37724,1.3756599999999999,1.37635,4087,22,0
2024-06-10 08:00:00+00:00,1.37636,1.3780000000000001,1.37631,1.37665,3660,22,0
2024-06-10 12:00:00+00:00,1.3766,1.37806,1.37542,1.37544,6365,22,0
2024-06-10 16:00:00+00:00,1.37543,1.37683,1.3752900000000001,1.37603,4645,22,0
2024-06-10 20:00:00+00:00,1.37605,1.3762400000000001,1.37539,1.37594,1628,22,0
2024-06-11 00:00:00+00:00,1.37594,1.37682,1.3759000000000001,1.37656,3312,22,0
2024-06-11 04:00:00+00:00,1.37655,1.37693,1.37541,1.37616,3317,22,0
2024-06-11 08:00:00+00:00,1.37616,1.37833,1.37607,1.37793,4758,22,0
2024-06-11 12:00:00+00:00,1.37792,1.37907,1.37646,1.37656,7211,22,0
2024-06-11 16:00:00+00:00,1.37656,1.37733,1.3747099999999999,1.37533,4583,22,0
2024-06-11 20:00:00+00:00,1.37533,1.37572,1.37524,1.3754,1227,22,0
2024-06-12 00:00:00+00:00,1.37541,1.37595,1.37462,1.3749,2787,22,0
2024-06-12 04:00:00+00:00,1.37489,1.37537,1.37415,1.3744399999999999,2530,22,0
2024-06-12 08:00:00+00:00,1.3744399999999999,1.3750200000000001,1.374,1.37417,2585,22,0
2024-06-12 12:00:00+00:00,1.37417,1.37445,1.36792,1.36913,10439,22,0
2024-06-12 16:00:00+00:00,1.3691200000000001,1.37333,1.36823,1.37253,11879,22,0
2024-06-12 20:00:00+00:00,1.3725100000000001,1.37277,1.37135,1.37208,2242,22,0
2024-06-13 00:00:00+00:00,1.37208,1.3740999999999999,1.37202,1.37388,3303,22,0
2024-06-13 04:00:00+00:00,1.37388,1.37478,1.37354,1.3740299999999999,3014,22,0
2024-06-13 08:00:00+00:00,1.37402,1.37513,1.37308,1.37507,3748,22,0
2024-06-13 12:00:00+00:00,1.37506,1.3762400000000001,1.3713899999999999,1.37474,9147,22,0
2024-06-13 16:00:00+00:00,1.37474,1.37594,1.3735,1.37375,5585,22,0
2024-06-13 20:00:00+00:00,1.37379,1.37438,1.37338,1.3743400000000001,1917,22,0
2024-06-14 00:00:00+00:00,1.3743400000000001,1.37483,1.37332,1.3740999999999999,3492,22,0
2024-06-14 04:00:00+00:00,1.3740999999999999,1.37571,1.37362,1.37497,4137,22,0
2024-06-14 08:00:00+00:00,1.3749799999999999,1.37661,1.37467,1.37553,6036,22,0
2024-06-14 12:00:00+00:00,1.37552,1.3778299999999999,1.3737300000000001,1.3737300000000001,8629,22,0
2024-06-14 16:00:00+00:00,1.3737300000000001,1.3745,1.37267,1.3731900000000001,4465,22,0
2024-06-14 20:00:00+00:00,1.3732,1.37355,1.37292,1.37327,517,22,0
2024-06-16 20:00:00+00:00,1.3728500000000001,1.37365,1.37248,1.37343,1318,22,0
2024-06-17 00:00:00+00:00,1.37343,1.37442,1.37294,1.3742,2564,22,0
2024-06-17 04:00:00+00:00,1.3742,1.37515,1.37345,1.3743,3434,22,0
2024-06-17 08:00:00+00:00,1.37433,1.37477,1.37345,1.37463,4083,22,0
2024-06-17 12:00:00+00:00,1.37462,1.37633,1.37394,1.37512,5763,22,0
2024-06-17 16:00:00+00:00,1.37512,1.37512,1.37203,1.37218,4575,22,0
2024-06-17 20:00:00+00:00,1.37219,1.3724,1.37126,1.3713199999999999,1204,22,0
2024-06-18 00:00:00+00:00,1.37133,1.37397,1.3709,1.37369,3068,22,0
2024-06-18 04:00:00+00:00,1.37368,1.37453,1.37277,1.37443,3334,22,0
2024-06-18 08:00:00+00:00,1.3744399999999999,1.37555,1.3743400000000001,1.3752900000000001,3486,22,0
2024-06-18 12:00:00+00:00,1.37528,1.37542,1.37083,1.37221,7236,22,0
2024-06-18 16:00:00+00:00,1.37221,1.3725399999999999,1.3712900000000001,1.37168,4513,22,0
2024-06-18 20:00:00+00:00,1.37168,1.3718,1.3713899999999999,1.37157,1151,22,0
2024-06-19 00:00:00+00:00,1.37157,1.37201,1.3711,1.3719000000000001,1877,22,0
2024-06-19 04:00:00+00:00,1.3719299999999999,1.37249,1.37131,1.37149,2606,22,0
2024-06-19 08:00:00+00:00,1.37149,1.37177,1.37061,1.37069,3014,22,0
2024-06-19 12:00:00+00:00,1.37069,1.37122,1.36972,1.3707,3193,22,0
2024-06-19 16:00:00+00:00,1.3707,1.37135,1.37069,1.37081,810,22,0
2024-06-19 20:00:00+00:00,1.37081,1.37081,1.37031,1.37057,1174,22,0
2024-06-20 00:00:00+00:00,1.37057,1.37165,1.37056,1.37103,2626,22,0
2024-06-20 04:00:00+00:00,1.37103,1.37157,1.3704399999999999,1.37115,2746,22,0
2024-06-20 08:00:00+00:00,1.37119,1.3719700000000001,1.37058,1.37134,2945,22,0
2024-06-20 12:00:00+00:00,1.37135,1.37138,1.36863,1.3704100000000001,6345,22,0
2024-06-20 16:00:00+00:00,1.3704100000000001,1.3708,1.36813,1.36817,5152,22,0
2024-06-20 20:00:00+00:00,1.36817,1.36907,1.36814,1.36838,1560,22,0
2024-06-21 00:00:00+00:00,1.36838,1.36899,1.3678,1.36803,2317,22,0
2024-06-21 04:00:00+00:00,1.36803,1.36966,1.36735,1.36932,2833,22,0
2024-06-21 08:00:00+00:00,1.36933,1.36992,1.3685399999999999,1.36907,3671,22,0
2024-06-21 12:00:00+00:00,1.36907,1.37172,1.36871,1.37002,7194,22,0
2024-06-21 16:00:00+00:00,1.36998,1.37077,1.36939,1.36965,4280,22,0
2024-06-21 20:00:00+00:00,1.36968,1.36972,1.3691499999999999,1.36916,565,22,0
2024-06-23 20:00:00+00:00,1.36887,1.37015,1.36881,1.36999,1104,22,0
2024-06-24 00:00:00+00:00,1.36997,1.3707099999999999,1.36935,1.36958,2993,22,0
2024-06-24 04:00:00+00:00,1.36958,1.3696,1.36806,1.36816,2554,22,0
2024-06-24 08:00:00+00:00,1.36816,1.36817,1.36691,1.36767,3206,22,0
2024-06-24 12:00:00+00:00,1.36767,1.36877,1.36505,1.36588,5654,22,0
2024-06-24 16:00:00+00:00,1.36592,1.36654,1.3649,1.36535,3488,22,0
2024-06-24 20:00:00+00:00,1.36536,1.36594,1.36526,1.36572,1230,22,0
2024-06-25 00:00:00+00:00,1.36572,1.36572,1.36402,1.36403,2217,22,0
2024-06-25 04:00:00+00:00,1.36404,1.36551,1.36399,1.36476,2496,22,0
2024-06-25 08:00:00+00:00,1.36476,1.36796,1.3642400000000001,1.36772,3193,22,0
2024-06-25 12:00:00+00:00,1.36772,1.36772,1.36188,1.36588,7059,22,0
2024-06-25 16:00:00+00:00,1.36589,1.36682,1.36487,1.36537,3846,22,0
2024-06-25 20:00:00+00:00,1.36538,1.36608,1.36538,1.36608,1607,22,0
2024-06-26 00:00:00+00:00,1.3660700000000001,1.3666,1.36496,1.36564,2852,22,0
2024-06-26 04:00:00+00:00,1.36564,1.36676,1.36539,1.36649,2767,22,0
2024-06-26 08:00:00+00:00,1.36649,1.36945,1.3662,1.36859,3430,22,0
2024-06-26 12:00:00+00:00,1.36859,1.37029,1.36787,1.36974,6525,22,0
2024-06-26 16:00:00+00:00,1.36974,1.37066,1.3691200000000001,1.36995,4176,22,0
2024-06-26 20:00:00+00:00,1.36995,1.37059,1.36968,1.37039,1419,22,0
2024-06-27 00:00:00+00:00,1.3704100000000001,1.37113,1.36955,1.36985,2534,22,0
2024-06-27 04:00:00+00:00,1.36985,1.36986,1.3685,1.3687,2949,22,0
2024-06-27 08:00:00+00:00,1.36871,1.36942,1.36781,1.36942,3295,22,0
2024-06-27 12:00:00+00:00,1.36942,1.36969,1.3675,1.36933,7035,22,0
2024-06-27 16:00:00+00:00,1.36938,1.36991,1.36799,1.36925,3899,22,0
2024-06-27 20:00:00+00:00,1.36928,1.37039,1.36914,1.36987,1653,22,0
2024-06-28 00:00:00+00:00,1.36987,1.37332,1.36955,1.37222,3601,22,0
2024-06-28 04:00:00+00:00,1.37222,1.37324,1.37061,1.37087,3091,22,0
2024-06-28 08:00:00+00:00,1.3709,1.37113,1.36859,1.3703400000000001,3489,22,0
2024-06-28 12:00:00+00:00,1.37033,1.37162,1.36747,1.3685100000000001,9193,22,0
2024-06-28 16:00:00+00:00,1.3685,1.36944,1.36544,1.36808,5584,22,0
2024-06-28 20:00:00+00:00,1.36807,1.36856,1.3676,1.36779,881,22,0
2024-06-30 20:00:00+00:00,1.36659,1.36737,1.3661400000000001,1.3673600000000001,1368,22,0
2024-07-01 00:00:00+00:00,1.3673600000000001,1.36775,1.36645,1.3674,2764,22,0
2024-07-01 04:00:00+00:00,1.36741,1.36786,1.36624,1.36764,3110,22,0
2024-07-01 08:00:00+00:00,1.36764,1.36902,1.3669,1.36864,3467,22,0
2024-07-01 12:00:00+00:00,1.36863,1.37477,1.36807,1.37433,7326,22,0
2024-07-01 16:00:00+00:00,1.37433,1.37469,1.3732,1.3738299999999999,3805,22,0
2024-07-01 20:00:00+00:00,1.37382,1.37393,1.37325,1.3737300000000001,1419,22,0
2024-07-02 00:00:00+00:00,1.3737300000000001,1.37542,1.3731900000000001,1.37521,2700,22,0
2024-07-02 04:00:00+00:00,1.37521,1.37538,1.37336,1.3734899999999999,3171,22,0
2024-07-02 08:00:00+00:00,1.3735,1.3739,1.37266,1.37321,3468,22,0
2024-07-02 12:00:00+00:00,1.3732,1.3732,1.36874,1.3691900000000001,8277,17,0
2024-07-02 16:00:00+00:00,1.3691900000000001,1.37005,1.36664,1.36697,3484,22,0
2024-07-02 20:00:00+00:00,1.36696,1.36781,1.36696,1.3676599999999999,1598,22,0
2024-07-03 00:00:00+00:00,1.3676599999999999,1.3683100000000001,1.36707,1.36764,2233,22,0
2024-07-03 04:00:00+00:00,1.36764,1.36856,1.36669,1.36683,2631,22,0
2024-07-03 08:00:00+00:00,1.36681,1.36798,1.36681,1.3670499999999999,2921,22,0
2024-07-03 12:00:00+00:00,1.3670499999999999,1.3671,1.36163,1.36245,6979,17,0
2024-07-03 16:00:00+00:00,1.36245,1.36408,1.3624100000000001,1.36344,2961,17,0
2024-07-03 20:00:00+00:00,1.36343,1.3639700000000001,1.3632,1.36327,1189,22,0
2024-07-04 00:00:00+00:00,1.36327,1.36379,1.3625,1.3637000000000001,2390,22,0
2024-07-04 04:00:00+00:00,1.3637000000000001,1.36371,1.36228,1.3625099999999999,2249,17,0
2024-07-04 08:00:00+00:00,1.3625,1.36273,1.36157,1.36185,2594,22,0
2024-07-04 12:00:00+00:00,1.36185,1.36198,1.36081,1.36083,2979,22,0
2024-07-04 16:00:00+00:00,1.36083,1.3612600000000001,1.36073,1.36116,739,22,0
2024-07-04 20:00:00+00:00,1.36116,1.3615300000000001,1.36099,1.36144,826,22,0
2024-07-05 00:00:00+00:00,1.36143,1.36143,1.36043,1.36064,2234,22,0
2024-07-05 04:00:00+00:00,1.36064,1.36096,1.36015,1.36032,2568,22,0
2024-07-05 08:00:00+00:00,1.36032,1.36128,1.36026,1.3612199999999999,2701,22,0
2024-07-05 12:00:00+00:00,1.36124,1.36521,1.36063,1.36325,9651,22,0
2024-07-05 16:00:00+00:00,1.36323,1.36428,1.36259,1.36303,4050,22,0
2024-07-05 20:00:00+00:00,1.36303,1.36413,1.3630200000000001,1.36408,501,22,0
2024-07-07 20:00:00+00:00,1.3639000000000001,1.36453,1.36368,1.36396,1289,22,0
2024-07-08 00:00:00+00:00,1.3639700000000001,1.36463,1.36273,1.3634,3185,22,0
2024-07-08 04:00:00+00:00,1.3633899999999999,1.3645,1.36301,1.3631,3247,22,0
2024-07-08 08:00:00+00:00,1.3631,1.36417,1.36279,1.3632,3293,22,0
2024-07-08 12:00:00+00:00,1.3632,1.3639999999999999,1.36233,1.36378,6297,22,0
2024-07-08 16:00:00+00:00,1.36379,1.3642,1.36263,1.36383,3063,22,0
2024-07-08 20:00:00+00:00,1.36383,1.3639000000000001,1.36291,1.36292,1280,22,0
2024-07-09 00:00:00+00:00,1.36291,1.3646,1.36274,1.3636,2836,22,0
2024-07-09 04:00:00+00:00,1.3636,1.36396,1.3627500000000001,1.36388,2838,22,0
2024-07-09 08:00:00+00:00,1.36388,1.36447,1.36347,1.36402,3255,22,0
2024-07-09 12:00:00+00:00,1.36403,1.36472,1.3632900000000001,1.36371,6804,22,0
2024-07-09 16:00:00+00:00,1.3637000000000001,1.3639000000000001,1.36273,1.3630499999999999,3948,22,0
2024-07-09 20:00:00+00:00,1.36306,1.36345,1.36291,1.36313,1398,22,0
2024-07-10 00:00:00+00:00,1.3631199999999999,1.36369,1.36269,1.36296,2696,22,0
2024-07-10 04:00:00+00:00,1.36296,1.36408,1.36293,1.36389,2609,22,0
2024-07-10 08:00:00+00:00,1.36389,1.36418,1.36294,1.36344,3000,22,0
2024-07-10 12:00:00+00:00,1.36347,1.3635,1.36071,1.36087,5876,22,0
2024-07-10 16:00:00+00:00,1.36086,1.36249,1.36079,1.36185,3149,22,0
2024-07-10 20:00:00+00:00,1.36186,1.36215,1.3615300000000001,1.36177,1328,22,0
2024-07-11 00:00:00+00:00,1.36177,1.36229,1.3613,1.36158,2044,22,0
2024-07-11 04:00:00+00:00,1.36158,1.36327,1.36144,1.3631199999999999,2381,22,0
2024-07-11 08:00:00+00:00,1.3631199999999999,1.36381,1.3626800000000001,1.36297,2849,22,0
2024-07-11 12:00:00+00:00,1.36297,1.3630200000000001,1.35881,1.36181,11491,22,0
2024-07-11 16:00:00+00:00,1.3618000000000001,1.36469,1.36179,1.36335,6103,22,0
2024-07-11 20:00:00+00:00,1.36338,1.36345,1.3621699999999999,1.36236,2167,22,0
2024-07-12 00:00:00+00:00,1.36236,1.36334,1.36191,1.36194,3603,22,0
2024-07-12 04:00:00+00:00,1.36194,1.36291,1.36177,1.36236,3362,22,0
2024-07-12 08:00:00+00:00,1.36236,1.36237,1.36103,1.36208,3342,22,0
2024-07-12 12:00:00+00:00,1.36208,1.36383,1.36114,1.36261,9497,22,0
2024-07-12 16:00:00+00:00,1.36259,1.36337,1.36178,1.36321,4440,22,0
2024-07-12 20:00:00+00:00,1.3632,1.36359,1.36315,1.36338,390,22,0
2024-07-14 20:00:00+00:00,1.36358,1.36521,1.36254,1.36469,1757,12,0
2024-07-15 00:00:00+00:00,1.36469,1.36579,1.36466,1.36499,2913,16,0
2024-07-15 04:00:00+00:00,1.36499,1.36634,1.36494,1.36521,3062,16,0
2024-07-15 08:00:00+00:00,1.36521,1.36521,1.36307,1.36417,4659,13,0
2024-07-15 12:00:00+00:00,1.36415,1.36664,1.3639700000000001,1.3661400000000001,7709,13,0
2024-07-15 16:00:00+00:00,1.36616,1.3688,1.36591,1.36731,6693,17,0
2024-07-15 20:00:00+00:00,1.3673199999999999,1.3683,1.36717,1.36771,1784,17,0
2024-07-16 00:00:00+00:00,1.3677000000000001,1.36839,1.36738,1.36811,2993,17,0
2024-07-16 04:00:00+00:00,1.36811,1.36939,1.3679999999999999,1.36878,3015,17,0
2024-07-16 08:00:00+00:00,1.36877,1.3691499999999999,1.36751,1.3676599999999999,3735,17,0
2024-07-16 12:00:00+00:00,1.36769,1.3707099999999999,1.36646,1.36875,8668,17,0
2024-07-16 16:00:00+00:00,1.36874,1.36893,1.36685,1.3669799999999999,3959,17,0
2024-07-16 20:00:00+00:00,1.3669799999999999,1.36745,1.36679,1.3669799999999999,1576,17,0
2024-07-17 00:00:00+00:00,1.367,1.36815,1.36684,1.36717,3021,17,0
2024-07-17 04:00:00+00:00,1.36717,1.3685399999999999,1.36704,1.36755,4374,17,0
2024-07-17 08:00:00+00:00,1.36754,1.36778,1.36561,1.36706,5623,17,0
2024-07-17 12:00:00+00:00,1.36706,1.3691200000000001,1.36608,1.36843,8763,17,0
2024-07-17 16:00:00+00:00,1.36842,1.37008,1.3682699999999999,1.36867,5620,17,0
2024-07-17 20:00:00+00:00,1.36869,1.3689200000000001,1.36761,1.36784,1747,17,0
2024-07-18 00:00:00+00:00,1.36784,1.36877,1.36761,1.36814,3795,17,0
2024-07-18 04:00:00+00:00,1.36814,1.36814,1.36706,1.36742,4287,17,0
2024-07-18 08:00:00+00:00,1.3674,1.36816,1.3669799999999999,1.36789,3714,17,0
2024-07-18 12:00:00+00:00,1.36789,1.36978,1.36768,1.36959,7405,17,0
2024-07-18 16:00:00+00:00,1.3696,1.37176,1.36909,1.37131,6207,17,0
2024-07-18 20:00:00+00:00,1.37131,1.37131,1.37009,1.37031,2054,17,0
2024-07-19 00:00:00+00:00,1.37032,1.3713899999999999,1.37018,1.37057,3564,17,0
2024-07-19 04:00:00+00:00,1.37057,1.3716599999999999,1.37024,1.37114,3792,17,0
2024-07-19 08:00:00+00:00,1.37115,1.37192,1.37067,1.37114,4538,17,0
2024-07-19 12:00:00+00:00,1.37113,1.37469,1.37109,1.37247,8211,17,0
2024-07-19 16:00:00+00:00,1.37248,1.37344,1.37176,1.37308,5682,17,0
2024-07-19 20:00:00+00:00,1.37308,1.3733,1.37276,1.3727800000000001,634,17,0
2024-07-21 20:00:00+00:00,1.37137,1.3721700000000001,1.36942,1.37073,1794,17,0
2024-07-22 00:00:00+00:00,1.37074,1.37328,1.37067,1.3729,3725,17,0
2024-07-22 04:00:00+00:00,1.3729,1.37452,1.37286,1.37443,3940,17,0
2024-07-22 08:00:00+00:00,1.37445,1.37501,1.37338,1.37492,3068,17,0
2024-07-22 12:00:00+00:00,1.3749,1.3774,1.37466,1.37586,6373,17,0
2024-07-22 16:00:00+00:00,1.37586,1.37586,1.37433,1.37528,3665,17,0
2024-07-22 20:00:00+00:00,1.37527,1.37607,1.37522,1.37607,1536,17,0
2024-07-23 00:00:00+00:00,1.37607,1.37668,1.37558,1.37606,2802,17,0
2024-07-23 04:00:00+00:00,1.37606,1.37727,1.37595,1.37698,2752,17,0
2024-07-23 08:00:00+00:00,1.37697,1.37706,1.3752,1.37592,3070,17,0
2024-07-23 12:00:00+00:00,1.3759299999999999,1.37741,1.3757,1.37648,5258,17,0
2024-07-23 16:00:00+00:00,1.37648,1.37791,1.37579,1.37786,3637,17,0
2024-07-23 20:00:00+00:00,1.37785,1.37866,1.37752,1.37854,1714,17,0
2024-07-24 00:00:00+00:00,1.37854,1.37965,1.37802,1.3795899999999999,2538,17,0
2024-07-24 04:00:00+00:00,1.3795899999999999,1.37992,1.3788,1.37944,3522,17,0
2024-07-24 08:00:00+00:00,1.37944,1.3796599999999999,1.37826,1.3783,3041,17,0
2024-07-24 12:00:00+00:00,1.3783,1.38069,1.37774,1.37849,7779,17,0
2024-07-24 16:00:00+00:00,1.37847,1.38155,1.37814,1.38109,4725,17,0
2024-07-24 20:00:00+00:00,1.38109,1.38117,1.38026,1.3811,2077,17,0
2024-07-25 00:00:00+00:00,1.3811,1.3820999999999999,1.381,1.38128,3670,17,0
2024-07-25 04:00:00+00:00,1.38128,1.38371,1.38128,1.38216,4140,17,0
2024-07-25 08:00:00+00:00,1.38216,1.3843,1.3817599999999999,1.38402,4816,17,0
2024-07-25 12:00:00+00:00,1.38402,1.38476,1.38061,1.38098,9474,17,0
2024-07-25 16:00:00+00:00,1.381,1.3825,1.3796,1.38245,6017,17,0
2024-07-25 20:00:00+00:00,1.38243,1.3827,1.38182,1.38184,1801,17,0
2024-07-26 00:00:00+00:00,1.38184,1.38204,1.38097,1.38165,2572,17,0
2024-07-26 04:00:00+00:00,1.38164,1.38182,1.38101,1.38113,2328,17,0
2024-07-26 08:00:00+00:00,1.38113,1.38186,1.38076,1.38143,2633,17,0
2024-07-26 12:00:00+00:00,1.38143,1.3848099999999999,1.38065,1.3833,7909,17,0
2024-07-26 16:00:00+00:00,1.3833,1.38392,1.38189,1.3830200000000001,4761,17,0
2024-07-26 20:00:00+00:00,1.38301,1.38364,1.38282,1.3836300000000001,412,17,0
2024-07-28 20:00:00+00:00,1.38252,1.38337,1.3824,1.38299,1358,17,0
2024-07-29 00:00:00+00:00,1.38299,1.38311,1.38157,1.38187,2943,17,0
2024-07-29 04:00:00+00:00,1.38187,1.38379,1.3818,1.38369,2633,17,0
2024-07-29 08:00:00+00:00,1.38369,1.38458,1.38281,1.38446,2925,17,0
2024-07-29 12:00:00+00:00,1.3844699999999999,1.38641,1.38349,1.38538,5568,17,0
2024-07-29 16:00:00+00:00,1.38538,1.3862700000000001,1.38466,1.38524,3723,17,0
2024-07-29 20:00:00+00:00,1.38524,1.38558,1.3848,1.38554,1652,17,0
2024-07-30 00:00:00+00:00,1.38554,1.38629,1.38465,1.38466,2417,17,0
2024-07-30 04:00:00+00:00,1.38466,1.3848799999999999,1.38404,1.38477,2542,17,0
2024-07-30 08:00:00+00:00,1.38476,1.38544,1.38375,1.38536,2491,17,0
2024-07-30 12:00:00+00:00,1.38536,1.38636,1.38427,1.38479,6754,17,0
2024-07-30 16:00:00+00:00,1.3848,1.38535,1.38388,1.38532,4750,17,0
2024-07-30 20:00:00+00:00,1.38529,1.3856,1.38443,1.38475,2587,17,0
2024-07-31 00:00:00+00:00,1.38475,1.38578,1.3838300000000001,1.38445,3692,17,0
2024-07-31 04:00:00+00:00,1.3844699999999999,1.38489,1.38335,1.3838,3978,17,0
2024-07-31 08:00:00+00:00,1.3838300000000001,1.38495,1.38233,1.38304,3700,17,0
2024-07-31 12:00:00+00:00,1.38304,1.38316,1.3786800000000001,1.38053,7535,17,0
2024-07-31 16:00:00+00:00,1.38053,1.38213,1.37896,1.38071,7921,17,0
2024-07-31 20:00:00+00:00,1.3807,1.3811200000000001,1.38002,1.38075,2148,17,0
2024-08-01 00:00:00+00:00,1.38075,1.38189,1.37998,1.38065,3847,17,0
2024-08-01 04:00:00+00:00,1.38065,1.38239,1.3802400000000001,1.38231,4080,17,0
2024-08-01 08:00:00+00:00,1.38231,1.3835600000000001,1.38158,1.38217,3812,17,0
2024-08-01 12:00:00+00:00,1.38217,1.38486,1.37936,1.38462,9117,17,0
2024-08-01 16:00:00+00:00,1.38462,1.38882,1.38398,1.3872499999999999,6377,17,0
2024-08-01 20:00:00+00:00,1.38723,1.38837,1.38674,1.38801,3163,17,0
2024-08-02 00:00:00+00:00,1.38803,1.38875,1.38581,1.38628,4138,17,0
2024-08-02 04:00:00+00:00,1.38629,1.38718,1.38522,1.38706,4752,17,0
2024-08-02 08:00:00+00:00,1.38707,1.38855,1.38683,1.38788,4818,17,0
2024-08-02 12:00:00+00:00,1.3878599999999999,1.3885100000000001,1.38334,1.38456,13550,17,0
2024-08-02 16:00:00+00:00,1.38456,1.38739,1.3844699999999999,1.38623,8049,17,0
2024-08-02 20:00:00+00:00,1.38625,1.38737,1.38625,1.3872200000000001,923,17,0
2024-08-04 20:00:00+00:00,1.38604,1.3884,1.3859,1.38824,2880,17,0
2024-08-05 00:00:00+00:00,1.38824,1.38858,1.3859,1.38689,7144,17,0
2024-08-05 04:00:00+00:00,1.38689,1.39458,1.38643,1.38769,13395,17,0
2024-08-05 08:00:00+00:00,1.38768,1.38839,1.3848,1.3848099999999999,9585,17,0
2024-08-05 12:00:00+00:00,1.3848099999999999,1.38514,1.38086,1.38192,19023,17,0
2024-08-05 16:00:00+00:00,1.38192,1.3847,1.38175,1.38229,9118,17,0
2024-08-05 20:00:00+00:00,1.38227,1.3832200000000001,1.38012,1.38045,3737,17,0
2024-08-06 00:00:00+00:00,1.38048,1.38165,1.37924,1.38131,7441,17,0
2024-08-06 04:00:00+00:00,1.38132,1.3843,1.38116,1.38337,7993,17,0
2024-08-06 08:00:00+00:00,1.38335,1.3855,1.38293,1.38433,7393,17,0
2024-08-06 12:00:00+00:00,1.3843,1.38443,1.37884,1.37907,13500,17,0
2024-08-06 16:00:00+00:00,1.37906,1.37948,1.37561,1.37751,8018,17,0
2024-08-06 20:00:00+00:00,1.37752,1.37888,1.37733,1.3786800000000001,3523,17,0
2024-08-07 00:00:00+00:00,1.3786800000000001,1.37899,1.37666,1.37679,5957,17,0
2024-08-07 04:00:00+00:00,1.37676,1.37794,1.37629,1.37642,6082,17,0
2024-08-07 08:00:00+00:00,1.37642,1.37679,1.37366,1.37408,5505,17,0
2024-08-07 12:00:00+00:00,1.37405,1.37473,1.37202,1.37289,7863,17,0
2024-08-07 16:00:00+00:00,1.3728799999999999,1.3752900000000001,1.3725100000000001,1.3746800000000001,8401,17,0
2024-08-07 20:00:00+00:00,1.37469,1.37603,1.37452,1.37514,2356,17,0
2024-08-08 00:00:00+00:00,1.37514,1.37521,1.37257,1.37268,5136,17,0
2024-08-08 04:00:00+00:00,1.37267,1.37438,1.37259,1.37371,5459,17,0
2024-08-08 08:00:00+00:00,1.37369,1.3750200000000001,1.37296,1.37419,4938,17,0
2024-08-08 12:00:00+00:00,1.37417,1.37647,1.37363,1.37419,10223,17,0
2024-08-08 16:00:00+00:00,1.37417,1.3749,1.37283,1.37321,5810,17,0
2024-08-08 20:00:00+00:00,1.37321,1.37382,1.37282,1.37352,1881,17,0
2024-08-09 00:00:00+00:00,1.37355,1.37432,1.37225,1.3722699999999999,3700,17,0
2024-08-09 04:00:00+00:00,1.3722699999999999,1.3740299999999999,1.37174,1.37332,4162,17,0
2024-08-09 08:00:00+00:00,1.37332,1.37452,1.37303,1.37443,3703,17,0
2024-08-09 12:00:00+00:00,1.37442,1.3756599999999999,1.37203,1.37268,7372,17,0
2024-08-09 16:00:00+00:00,1.37267,1.37357,1.3722400000000001,1.37295,4941,17,0
2024-08-09 20:00:00+00:00,1.37296,1.37318,1.37269,1.37289,557,17,0
2024-08-11 20:00:00+00:00,1.37221,1.37401,1.37221,1.37347,1171,17,0
2024-08-12 00:00:00+00:00,1.37348,1.37385,1.37275,1.37352,2238,17,0
2024-08-12 04:00:00+00:00,1.37352,1.37353,1.37196,1.37201,2480,17,0
2024-08-12 08:00:00+00:00,1.37199,1.37298,1.37178,1.3727800000000001,2301,17,0
2024-08-12 12:00:00+00:00,1.3727800000000001,1.3747,1.37243,1.37397,6124,17,0
2024-08-12 16:00:00+00:00,1.374,1.37457,1.37339,1.3743,4294,17,0
2024-08-12 20:00:00+00:00,1.3743,1.37452,1.37386,1.37413,1457,17,0
2024-08-13 00:00:00+00:00,1.37411,1.37466,1.37353,1.37389,2234,17,0
2024-08-13 04:00:00+00:00,1.37389,1.37449,1.3725800000000001,1.37273,2479,17,0
2024-08-13 08:00:00+00:00,1.37272,1.37393,1.37263,1.37364,2688,17,0
2024-08-13 12:00:00+00:00,1.37364,1.37408,1.37192,1.37228,7202,17,0
2024-08-13 16:00:00+00:00,1.37228,1.37248,1.37064,1.37079,3139,17,0
2024-08-13 20:00:00+00:00,1.37076,1.371,1.37025,1.37092,792,17,0
2024-08-14 00:00:00+00:00,1.37089,1.3719700000000001,1.37038,1.37168,1502,17,0
2024-08-14 04:00:00+00:00,1.3717,1.37203,1.37057,1.37088,1023,17,0
2024-08-14 08:00:00+00:00,1.37091,1.3713199999999999,1.36989,1.3713,743,17,0
2024-08-14 12:00:00+00:00,1.37127,1.37208,1.36882,1.3695599999999999,4781,17,0
2024-08-14 16:00:00+00:00,1.36957,1.37237,1.36951,1.37154,1751,17,0
2024-08-14 20:00:00+00:00,1.37155,1.37195,1.37109,1.37165,895,17,0
2024-08-15 00:00:00+00:00,1.37168,1.3725800000000001,1.37116,1.37138,1299,17,0
2024-08-15 04:00:00+00:00,1.3713600000000001,1.3713600000000001,1.37023,1.37033,661,17,0
2024-08-15 08:00:00+00:00,1.3703,1.37096,1.37011,1.37015,666,17,0
2024-08-15 12:00:00+00:00,1.37012,1.3737300000000001,1.3694600000000001,1.37004,4959,17,0
2024-08-15 16:00:00+00:00,1.37,1.37345,1.3697300000000001,1.37343,1604,17,0
2024-08-15 20:00:00+00:00,1.3734199999999999,1.3737599999999999,1.37266,1.37335,990,17,0
2024-08-16 00:00:00+00:00,1.37332,1.37343,1.37209,1.37265,1144,17,0
2024-08-16 04:00:00+00:00,1.37264,1.37283,1.3716300000000001,1.37256,1149,17,0
2024-08-16 08:00:00+00:00,1.37255,1.37362,1.37157,1.37299,1279,17,0
2024-08-16 12:00:00+00:00,1.37296,1.37358,1.37043,1.37047,3661,17,0
2024-08-16 16:00:00+00:00,1.37046,1.3705,1.3682400000000001,1.36826,1420,17,0
2024-08-16 20:00:00+00:00,1.3682699999999999,1.36859,1.36765,1.36768,285,17,0
2024-08-18 20:00:00+00:00,1.3676300000000001,1.36832,1.36738,1.36783,589,17,0
2024-08-19 00:00:00+00:00,1.36782,1.36787,1.36616,1.36645,1092,17,0
2024-08-19 04:00:00+00:00,1.36646,1.36719,1.3660999999999999,1.36707,1141,17,0
2024-08-19 08:00:00+00:00,1.3670900000000001,1.36841,1.36633,1.36743,1201,17,0
2024-08-19 12:00:00+00:00,1.3674,1.36773,1.36352,1.36584,3433,17,0
2024-08-19 16:00:00+00:00,1.36585,1.36587,1.36291,1.36355,2037,17,0
2024-08-19 20:00:00+00:00,1.36354,1.36371,1.36292,1.3631,974,17,0
2024-08-20 00:00:00+00:00,1.3631199999999999,1.3639700000000001,1.3627500000000001,1.36394,1251,17,0
2024-08-20 04:00:00+00:00,1.36396,1.36405,1.3618700000000001,1.36189,1024,17,0
2024-08-20 08:00:00+00:00,1.36186,1.36208,1.36091,1.36136,1147,17,0
2024-08-20 12:00:00+00:00,1.36134,1.36398,1.3603399999999999,1.3630499999999999,4580,17,0
2024-08-20 16:00:00+00:00,1.36303,1.3633199999999999,1.36184,1.36216,1968,17,0
2024-08-20 20:00:00+00:00,1.36218,1.36226,1.3614,1.36168,1596,17,0
2024-08-21 00:00:00+00:00,1.36167,1.36227,1.36131,1.36154,1065,17,0
2024-08-21 04:00:00+00:00,1.36157,1.36225,1.36106,1.36168,1308,17,0
2024-08-21 08:00:00+00:00,1.36165,1.36178,1.35984,1.35992,1052,17,0
2024-08-21 12:00:00+00:00,1.35991,1.36105,1.35751,1.35824,5312,17,0
2024-08-21 16:00:00+00:00,1.35823,1.36001,1.3576,1.35959,2752,17,0
2024-08-21 20:00:00+00:00,1.35958,1.36006,1.35823,1.35834,1028,17,0
2024-08-22 00:00:00+00:00,1.35836,1.35916,1.35826,1.35868,1180,17,0
2024-08-22 04:00:00+00:00,1.35867,1.3589,1.35741,1.35755,1170,17,0
2024-08-22 08:00:00+00:00,1.3575300000000001,1.35941,1.35705,1.35839,1386,17,0
2024-08-22 12:00:00+00:00,1.35837,1.36179,1.35748,1.36044,4601,17,0
2024-08-22 16:00:00+00:00,1.36047,1.36139,1.3596,1.3609499999999999,2459,17,0
2024-08-22 20:00:00+00:00,1.36097,1.36151,1.36025,1.3603399999999999,980,17,0
2024-08-23 00:00:00+00:00,1.36036,1.36046,1.35944,1.3595,1094,17,0
2024-08-23 04:00:00+00:00,1.35951,1.35955,1.3585099999999999,1.35895,1022,17,0
2024-08-23 08:00:00+00:00,1.35896,1.35914,1.35822,1.35831,982,17,0
2024-08-23 12:00:00+00:00,1.35833,1.35916,1.35003,1.3513,6174,17,0
2024-08-23 16:00:00+00:00,1.35128,1.35221,1.3498,1.35106,3233,17,0
2024-08-23 20:00:00+00:00,1.3510499999999999,1.35119,1.35061,1.35079,275,17,0
2024-08-25 20:00:00+00:00,1.3504,1.35148,1.34994,1.35083,947,15,0
2024-08-26 00:00:00+00:00,1.35081,1.35135,1.34984,1.35114,1560,15,0
2024-08-26 04:00:00+00:00,1.35115,1.35123,1.35029,1.35107,1524,15,0
2024-08-26 08:00:00+00:00,1.35104,1.35124,1.34988,1.35058,1570,15,0
2024-08-26 12:00:00+00:00,1.35059,1.35063,1.34626,1.34846,3899,15,0
2024-08-26 16:00:00+00:00,1.34845,1.34879,1.34657,1.3486500000000001,1890,15,0
2024-08-26 20:00:00+00:00,1.34862,1.34891,1.34783,1.34814,989,15,0
2024-08-27 00:00:00+00:00,1.34816,1.34876,1.34775,1.34779,1166,15,0
2024-08-27 04:00:00+00:00,1.34781,1.34847,1.34734,1.34763,1435,15,0
2024-08-27 08:00:00+00:00,1.34766,1.34774,1.3462399999999999,1.34774,1580,15,0
2024-08-27 12:00:00+00:00,1.34776,1.3480400000000001,1.34504,1.3457,4107,15,0
2024-08-27 16:00:00+00:00,1.34569,1.34636,1.3443800000000001,1.3443800000000001,2095,15,0
2024-08-27 20:00:00+00:00,1.3444099999999999,1.34486,1.3440400000000001,1.3447,1115,15,0
2024-08-28 00:00:00+00:00,1.34469,1.34524,1.34405,1.34486,1400,15,0
2024-08-28 04:00:00+00:00,1.34488,1.3467500000000001,1.34481,1.34522,1283,15,0
2024-08-28 08:00:00+00:00,1.34524,1.34732,1.34493,1.34714,1811,15,0
2024-08-28 12:00:00+00:00,1.3471199999999999,1.34779,1.34488,1.34609,3981,15,0
2024-08-28 16:00:00+00:00,1.34612,1.34873,1.34612,1.34793,2609,15,0
2024-08-28 20:00:00+00:00,1.3479,1.34799,1.34734,1.34765,1157,15,0
2024-08-29 00:00:00+00:00,1.34763,1.34763,1.34619,1.3464800000000001,1161,15,0
2024-08-29 04:00:00+00:00,1.34647,1.34647,1.3453,1.3454,1394,15,0
2024-08-29 08:00:00+00:00,1.34543,1.34742,1.3449499999999999,1.34592,2690,15,0
2024-08-29 12:00:00+00:00,1.3458999999999999,1.34903,1.3455,1.34627,5121,15,0
2024-08-29 16:00:00+00:00,1.34625,1.34854,1.34586,1.34844,3710,15,0
2024-08-29 20:00:00+00:00,1.34842,1.34888,1.34812,1.34884,1712,15,0
2024-08-30 00:00:00+00:00,1.34884,1.34889,1.3479700000000001,1.34862,2428,15,0
2024-08-30 04:00:00+00:00,1.34862,1.34898,1.3471899999999999,1.34734,2501,15,0
2024-08-30 08:00:00+00:00,1.34733,1.34788,1.34687,1.34771,2891,15,0
2024-08-30 12:00:00+00:00,1.3477000000000001,1.35087,1.3465,1.3492899999999999,9141,15,0
2024-08-30 16:00:00+00:00,1.3492899999999999,1.35072,1.34724,1.3476,4903,15,0
2024-08-30 20:00:00+00:00,1.34762,1.34932,1.3474599999999999,1.34928,927,15,0
2024-09-01 20:00:00+00:00,1.34806,1.34923,1.34806,1.34904,1094,15,0
2024-09-02 00:00:00+00:00,1.34905,1.35036,1.34849,1.34961,2161,15,0
2024-09-02 04:00:00+00:00,1.34961,1.35006,1.34896,1.34928,2310,15,0
2024-09-02 08:00:00+00:00,1.34931,1.34996,1.34849,1.34995,2508,15,0
2024-09-02 12:00:00+00:00,1.34995,1.35046,1.34875,1.34942,2885,15,0
2024-09-02 16:00:00+00:00,1.34942,1.34979,1.34897,1.3492199999999999,723,15,0
2024-09-02 20:00:00+00:00,1.3492199999999999,1.35009,1.34908,1.34976,988,15,0
2024-09-03 00:00:00+00:00,1.34975,1.35235,1.34914,1.35217,2989,15,0
2024-09-03 04:00:00+00:00,1.35217,1.353,1.35041,1.3510900000000001,3576,15,0
2024-09-03 08:00:00+00:00,1.35111,1.3548200000000001,1.35086,1.35471,4268,15,0
2024-09-03 12:00:00+00:00,1.35471,1.35617,1.3529900000000001,1.35425,8451,15,0
2024-09-03 16:00:00+00:00,1.35425,1.35557,1.35355,1.3550200000000001,4824,15,0
2024-09-03 20:00:00+00:00,1.35501,1.35534,1.35405,1.35434,2103,15,0
2024-09-04 00:00:00+00:00,1.35435,1.35556,1.35323,1.35372,3260,15,0
2024-09-04 04:00:00+00:00,1.35372,1.35503,1.3532600000000001,1.3550200000000001,3399,15,0
2024-09-04 08:00:00+00:00,1.3550200000000001,1.3562400000000001,1.35461,1.35515,3637,15,0
2024-09-04 12:00:00+00:00,1.35516,1.35647,1.34994,1.35186,8658,15,0
2024-09-04 16:00:00+00:00,1.35186,1.35254,1.35092,1.35132,5332,15,0
2024-09-04 20:00:00+00:00,1.35133,1.35135,1.35004,1.3508200000000001,1667,15,0
2024-09-05 00:00:00+00:00,1.35081,1.35126,1.35033,1.35096,2324,15,0
2024-09-05 04:00:00+00:00,1.35096,1.35162,1.35033,1.35097,2742,15,0
2024-09-05 08:00:00+00:00,1.35097,1.35167,1.3503,1.3512,3589,15,0
2024-09-05 12:00:00+00:00,1.3512,1.35245,1.35039,1.35148,7933,15,0
2024-09-05 16:00:00+00:00,1.35149,1.35208,1.35052,1.35093,4471,15,0
2024-09-05 20:00:00+00:00,1.3509,1.3509,1.34982,1.3498299999999999,1723,15,0
2024-09-06 00:00:00+00:00,1.34984,1.35042,1.34959,1.34971,2273,15,0
2024-09-06 04:00:00+00:00,1.34971,1.35011,1.34853,1.3495300000000001,3238,15,0
2024-09-06 08:00:00+00:00,1.34952,1.35049,1.349,1.34928,3470,15,0
2024-09-06 12:00:00+00:00,1.34928,1.3571,1.34653,1.35612,14019,15,0
2024-09-06 16:00:00+00:00,1.35613,1.35818,1.35564,1.35622,6729,15,0
2024-09-06 20:00:00+00:00,1.35621,1.3573,1.35617,1.35705,922,15,0
2024-09-08 20:00:00+00:00,1.35592,1.35701,1.3558,1.3562699999999999,1300,15,0
2024-09-09 00:00:00+00:00,1.3562699999999999,1.35654,1.35516,1.35558,3071,15,0
2024-09-09 04:00:00+00:00,1.35558,1.35724,1.35544,1.3563399999999999,2915,15,0
2024-09-09 08:00:00+00:00,1.35635,1.35713,1.35592,1.35603,3389,15,0
2024-09-09 12:00:00+00:00,1.35603,1.35763,1.35585,1.35601,5713,15,0
2024-09-09 16:00:00+00:00,1.35601,1.35639,1.35458,1.35626,4256,15,0
2024-09-09 20:00:00+00:00,1.35625,1.35644,1.35544,1.35635,1520,15,0
2024-09-10 00:00:00+00:00,1.3563399999999999,1.35721,1.35618,1.35645,2748,15,0
2024-09-10 04:00:00+00:00,1.35645,1.35699,1.35611,1.35696,2727,15,0
2024-09-10 08:00:00+00:00,1.35694,1.3578299999999999,1.35639,1.3572899999999999,3450,15,0
2024-09-10 12:00:00+00:00,1.3572899999999999,1.36147,1.35687,1.36064,6786,15,0
2024-09-10 16:00:00+00:00,1.36064,1.36124,1.35999,1.36007,4882,15,0
2024-09-10 20:00:00+00:00,1.3601,1.36111,1.36007,1.36096,1720,15,0
2024-09-11 00:00:00+00:00,1.36097,1.36158,1.35994,1.36049,3186,15,0
2024-09-11 04:00:00+00:00,1.3605,1.36078,1.35876,1.35926,3190,15,0
2024-09-11 08:00:00+00:00,1.35926,1.3594300000000001,1.3573,1.3575599999999999,3381,15,0
2024-09-11 12:00:00+00:00,1.3575599999999999,1.36221,1.35748,1.35945,10108,15,0
2024-09-11 16:00:00+00:00,1.35948,1.35971,1.3566500000000001,1.35682,5547,15,0
2024-09-11 20:00:00+00:00,1.35683,1.35778,1.35662,1.35778,1717,15,0
2024-09-12 00:00:00+00:00,1.35778,1.35846,1.35725,1.3572600000000001,2622,15,0
2024-09-12 04:00:00+00:00,1.3572600000000001,1.35745,1.35644,1.35744,2506,15,0
2024-09-12 08:00:00+00:00,1.35745,1.35839,1.35684,1.35837,3187,15,0
2024-09-12 12:00:00+00:00,1.35837,1.36038,1.35765,1.35946,7841,15,0
2024-09-12 16:00:00+00:00,1.35949,1.35991,1.35768,1.3577,5288,15,0
2024-09-12 20:00:00+00:00,1.35768,1.35816,1.3574,1.35744,1592,15,0
2024-09-13 00:00:00+00:00,1.35744,1.35763,1.35646,1.35705,2823,15,0
2024-09-13 04:00:00+00:00,1.35705,1.35834,1.35696,1.3571900000000001,2906,15,0
2024-09-13 08:00:00+00:00,1.3571900000000001,1.3593899999999999,1.35655,1.3589,3383,15,0
2024-09-13 12:00:00+00:00,1.3589,1.35937,1.35686,1.35805,6123,15,0
2024-09-13 16:00:00+00:00,1.35804,1.35994,1.35804,1.359,4094,15,0
2024-09-13 20:00:00+00:00,1.359,1.35903,1.35836,1.35861,568,15,0
2024-09-15 20:00:00+00:00,1.35901,1.35925,1.3577,1.35781,1106,15,0
2024-09-16 00:00:00+00:00,1.35781,1.35812,1.3567,1.35673,2107,15,0
2024-09-16 04:00:00+00:00,1.35673,1.35802,1.3566099999999999,1.3578000000000001,2731,15,0
2024-09-16 08:00:00+00:00,1.35779,1.35816,1.35721,1.35773,3127,15,0
2024-09-16 12:00:00+00:00,1.35772,1.36067,1.35762,1.35982,5820,15,0
2024-09-16 16:00:00+00:00,1.35983,1.3603100000000001,1.35836,1.35855,3615,15,0
2024-09-16 20:00:00+00:00,1.35854,1.35885,1.35824,1.35863,1483,15,0
2024-09-17 00:00:00+00:00,1.35863,1.3594,1.35838,1.35931,2053,15,0
2024-09-17 04:00:00+00:00,1.35931,1.35975,1.35805,1.35842,2623,15,0
2024-09-17 08:00:00+00:00,1.35842,1.35951,1.35796,1.3583,3281,15,0
2024-09-17 12:00:00+00:00,1.3583,1.36162,1.35808,1.35978,8192,15,0
2024-09-17 16:00:00+00:00,1.3598,1.36042,1.359,1.35972,5435,15,0
2024-09-17 20:00:00+00:00,1.3597000000000001,1.35988,1.3590499999999999,1.35931,1690,15,0
2024-09-18 00:00:00+00:00,1.35931,1.3593899999999999,1.3584,1.35887,2459,15,0
2024-09-18 04:00:00+00:00,1.35887,1.35938,1.35837,1.35881,3035,15,0
2024-09-18 08:00:00+00:00,1.35881,1.35913,1.35811,1.35862,3411,15,0
2024-09-18 12:00:00+00:00,1.35861,1.36069,1.35762,1.3606500000000001,6378,15,0
2024-09-18 16:00:00+00:00,1.36067,1.36222,1.35403,1.3618000000000001,15304,15,0
2024-09-18 20:00:00+00:00,1.36181,1.36188,1.35978,1.36079,3283,15,0
2024-09-19 00:00:00+00:00,1.36077,1.36468,1.35977,1.35993,6063,15,0
2024-09-19 04:00:00+00:00,1.35993,1.36035,1.35537,1.35578,5384,15,0
2024-09-19 08:00:00+00:00,1.35578,1.3559700000000001,1.35324,1.35558,5891,15,0
2024-09-19 12:00:00+00:00,1.35557,1.35999,1.3541400000000001,1.35603,10423,15,0
2024-09-19 16:00:00+00:00,1.35601,1.35646,1.35464,1.35564,5412,15,0
2024-09-19 20:00:00+00:00,1.35564,1.35635,1.35547,1.35626,1995,15,0
2024-09-20 00:00:00+00:00,1.35626,1.35678,1.3553600000000001,1.35584,3330,15,0
2024-09-20 04:00:00+00:00,1.35583,1.35739,1.3554300000000001,1.35699,3915,15,0
2024-09-20 08:00:00+00:00,1.35699,1.35759,1.35636,1.35693,3914,15,0
2024-09-20 12:00:00+00:00,1.35693,1.35889,1.3541400000000001,1.35647,8924,15,0
2024-09-20 16:00:00+00:00,1.35645,1.3569200000000001,1.35498,1.3563,5882,15,0
2024-09-20 20:00:00+00:00,1.35629,1.35738,1.35628,1.3568799999999999,915,15,0
2024-09-22 20:00:00+00:00,1.3556,1.35684,1.35538,1.35651,1264,15,0
2024-09-23 00:00:00+00:00,1.35652,1.35684,1.35558,1.35628,2939,15,0
2024-09-23 04:00:00+00:00,1.35628,1.3581400000000001,1.35542,1.35796,3945,15,0
2024-09-23 08:00:00+00:00,1.35798,1.3581400000000001,1.35447,1.35476,4357,15,0
2024-09-23 12:00:00+00:00,1.35477,1.35537,1.34891,1.35013,7960,15,0
2024-09-23 16:00:00+00:00,1.35015,1.35099,1.3486500000000001,1.35062,5076,15,0
2024-09-23 20:00:00+00:00,1.35063,1.35431,1.35062,1.3529499999999999,2529,15,0
2024-09-24 00:00:00+00:00,1.35294,1.35311,1.35145,1.35179,3893,15,0
2024-09-24 04:00:00+00:00,1.35178,1.35286,1.35093,1.35188,4894,15,0
2024-09-24 08:00:00+00:00,1.35189,1.3519700000000001,1.3506,1.35074,4110,15,0
2024-09-24 12:00:00+00:00,1.35072,1.3507799999999999,1.3464,1.34699,8228,15,0
2024-09-24 16:00:00+00:00,1.34699,1.34702,1.34347,1.34354,4812,15,0
2024-09-24 20:00:00+00:00,1.34353,1.34363,1.34201,1.34202,1852,15,0
2024-09-25 00:00:00+00:00,1.34205,1.3431600000000001,1.34189,1.34274,3924,15,0
2024-09-25 04:00:00+00:00,1.34272,1.34381,1.34264,1.34279,3537,15,0
2024-09-25 08:00:00+00:00,1.3427799999999999,1.34422,1.34237,1.3439,3980,15,0
2024-09-25 12:00:00+00:00,1.3439,1.34686,1.3432,1.3465799999999999,8325,15,0
2024-09-25 16:00:00+00:00,1.34656,1.34844,1.34613,1.34839,5680,15,0
2024-09-25 20:00:00+00:00,1.34839,1.34864,1.34805,1.3483100000000001,2098,15,0
2024-09-26 00:00:00+00:00,1.34832,1.3483800000000001,1.34643,1.34698,3145,15,0
2024-09-26 04:00:00+00:00,1.34698,1.34766,1.34625,1.34733,4296,15,0
2024-09-26 08:00:00+00:00,1.3473600000000001,1.34768,1.34571,1.34697,5016,15,0
2024-09-26 12:00:00+00:00,1.34697,1.3489,1.3459699999999999,1.34657,11009,15,0
2024-09-26 16:00:00+00:00,1.34657,1.34824,1.34652,1.34715,6182,15,0
2024-09-26 20:00:00+00:00,1.34715,1.34786,1.3461699999999999,1.34756,2569,15,0
2024-09-27 00:00:00+00:00,1.34757,1.3491900000000001,1.3474599999999999,1.34864,4148,15,0
2024-09-27 04:00:00+00:00,1.34864,1.34945,1.34818,1.34911,4696,15,0
2024-09-27 08:00:00+00:00,1.34912,1.34928,1.34703,1.3474599999999999,4720,15,0
2024-09-27 12:00:00+00:00,1.34747,1.35053,1.34631,1.35032,9614,15,0
2024-09-27 16:00:00+00:00,1.35034,1.3525800000000001,1.3502399999999999,1.35162,6768,15,0
2024-09-27 20:00:00+00:00,1.35162,1.35187,1.3511,1.35147,973,15,0
2024-09-29 20:00:00+00:00,1.3501,1.3513600000000001,1.35005,1.35092,1526,15,0
2024-09-30 00:00:00+00:00,1.35092,1.35185,1.3502399999999999,1.3511199999999999,4393,15,0
2024-09-30 04:00:00+00:00,1.35111,1.3515,1.35004,1.35147,4091,15,0
2024-09-30 08:00:00+00:00,1.35145,1.35267,1.35122,1.35181,4612,15,0
2024-09-30 12:00:00+00:00,1.3518,1.35201,1.3489200000000001,1.35141,8937,15,0
2024-09-30 16:00:00+00:00,1.3514,1.3537,1.35025,1.35223,7717,15,0
2024-09-30 20:00:00+00:00,1.35221,1.35283,1.35215,1.35251,2162,15,0
2024-10-01 00:00:00+00:00,1.35251,1.35332,1.35194,1.35282,3737,15,0
2024-10-01 04:00:00+00:00,1.35283,1.35352,1.35154,1.35293,4672,15,0
2024-10-01 08:00:00+00:00,1.3529200000000001,1.35388,1.35203,1.35222,5503,15,0
2024-10-01 12:00:00+00:00,1.35222,1.35276,1.34876,1.34913,11957,15,0
2024-10-01 16:00:00+00:00,1.34916,1.35203,1.34805,1.34908,8559,15,0
2024-10-01 20:00:00+00:00,1.34907,1.34964,1.34869,1.34944,2610,15,0
2024-10-02 00:00:00+00:00,1.34944,1.34952,1.34754,1.34798,4591,15,0
2024-10-02 04:00:00+00:00,1.34795,1.34907,1.34764,1.34813,5312,15,0
2024-10-02 08:00:00+00:00,1.34814,1.34909,1.34752,1.34846,4667,15,0
2024-10-02 12:00:00+00:00,1.34844,1.3495,1.34718,1.34845,8777,15,0
2024-10-02 16:00:00+00:00,1.34844,1.35093,1.34817,1.34966,5003,15,0
2024-10-02 20:00:00+00:00,1.34967,1.35068,1.34951,1.35065,1819,15,0
2024-10-03 00:00:00+00:00,1.35065,1.35228,1.3505099999999999,1.35205,4051,15,0
2024-10-03 04:00:00+00:00,1.35205,1.35301,1.35064,1.35227,4726,15,0
2024-10-03 08:00:00+00:00,1.35225,1.35394,1.35182,1.35304,5163,15,0
2024-10-03 12:00:00+00:00,1.35307,1.35526,1.35168,1.35328,11279,15,0
2024-10-03 16:00:00+00:00,1.3532600000000001,1.35571,1.3525,1.3556599999999999,5602,15,0
2024-10-03 20:00:00+00:00,1.3556300000000001,1.3559,1.35476,1.3548,2094,15,0
2024-10-04 00:00:00+00:00,1.3548,1.35578,1.35442,1.35555,4585,15,0
2024-10-04 04:00:00+00:00,1.35555,1.35666,1.35499,1.35582,3929,15,0
2024-10-04 08:00:00+00:00,1.35583,1.35643,1.35501,1.3553600000000001,3852,15,0
2024-10-04 12:00:00+00:00,1.3553600000000001,1.35904,1.35523,1.35778,11509,15,0
2024-10-04 16:00:00+00:00,1.35776,1.35836,1.3571,1.3571900000000001,4991,15,0
2024-10-04 20:00:00+00:00,1.3572,1.35776,1.3571,1.35755,698,15,0
2024-10-06 20:00:00+00:00,1.35609,1.35821,1.35598,1.35805,1728,15,0
2024-10-07 00:00:00+00:00,1.35806,1.3584100000000001,1.35718,1.35782,4706,15,0
2024-10-07 04:00:00+00:00,1.35781,1.35901,1.35775,1.35889,3879,15,0
2024-10-07 08:00:00+00:00,1.35888,1.35979,1.35781,1.35816,4558,15,0
2024-10-07 12:00:00+00:00,1.35816,1.36188,1.35791,1.36073,7470,15,0
2024-10-07 16:00:00+00:00,1.36074,1.36388,1.36023,1.36235,4886,15,0
2024-10-07 20:00:00+00:00,1.36234,1.36245,1.36163,1.362,2176,15,0
2024-10-08 00:00:00+00:00,1.362,1.36334,1.36106,1.36229,6120,15,0
2024-10-08 04:00:00+00:00,1.36228,1.3647,1.36169,1.36382,4806,15,0
2024-10-08 08:00:00+00:00,1.36381,1.36469,1.36345,1.36377,4078,15,0
2024-10-08 12:00:00+00:00,1.36377,1.36745,1.36355,1.36621,7692,15,0
2024-10-08 16:00:00+00:00,1.36621,1.36677,1.36457,1.36474,4783,15,0
2024-10-08 20:00:00+00:00,1.36473,1.36542,1.36423,1.36542,1733,15,0
2024-10-09 00:00:00+00:00,1.36542,1.3663,1.36496,1.36616,4623,15,0
2024-10-09 04:00:00+00:00,1.36615,1.36692,1.36465,1.36686,4975,15,0
2024-10-09 08:00:00+00:00,1.36686,1.36785,1.36638,1.36777,3411,15,0
2024-10-09 12:00:00+00:00,1.36777,1.3694,1.36722,1.36849,6256,15,0
2024-10-09 16:00:00+00:00,1.3685,1.37181,1.3683100000000001,1.37114,4425,15,0
2024-10-09 20:00:00+00:00,1.37114,1.37173,1.3701400000000001,1.37093,2125,15,0
2024-10-10 00:00:00+00:00,1.37093,1.3713899999999999,1.3704100000000001,1.37056,4175,15,0
2024-10-10 04:00:00+00:00,1.37056,1.37282,1.3704100000000001,1.3728099999999999,3254,15,0
2024-10-10 08:00:00+00:00,1.3728099999999999,1.3752900000000001,1.3728099999999999,1.37519,2968,15,0
2024-10-10 12:00:00+00:00,1.37521,1.37677,1.37289,1.3752499999999999,11597,15,0
2024-10-10 16:00:00+00:00,1.37523,1.3774600000000001,1.37408,1.37418,5535,15,0
2024-10-10 20:00:00+00:00,1.37416,1.37458,1.37366,1.37455,1654,15,0
2024-10-11 00:00:00+00:00,1.37452,1.37585,1.37432,1.37531,2318,15,0
2024-10-11 04:00:00+00:00,1.37531,1.37676,1.37503,1.37561,2521,15,0
2024-10-11 08:00:00+00:00,1.37561,1.37786,1.3752,1.37733,3623,15,0
2024-10-11 12:00:00+00:00,1.37734,1.37825,1.37245,1.37674,9155,15,0
2024-10-11 16:00:00+00:00,1.37674,1.37705,1.37546,1.37609,3288,15,0
2024-10-11 20:00:00+00:00,1.37609,1.37637,1.37583,1.37631,460,15,0
2024-10-13 20:00:00+00:00,1.37503,1.3784399999999999,1.37501,1.37818,1443,15,0
2024-10-14 00:00:00+00:00,1.37819,1.37886,1.37717,1.37751,4297,15,0
2024-10-14 04:00:00+00:00,1.37751,1.3782,1.377,1.3780700000000001,3012,15,0
2024-10-14 08:00:00+00:00,1.3780700000000001,1.37973,1.37788,1.37881,3328,15,0
2024-10-14 12:00:00+00:00,1.37881,1.38001,1.3780000000000001,1.37953,6429,15,0
2024-10-14 16:00:00+00:00,1.37952,1.38045,1.37919,1.37952,3834,15,0
2024-10-14 20:00:00+00:00,1.37951,1.3802699999999999,1.37851,1.38018,1884,15,0
2024-10-15 00:00:00+00:00,1.3801700000000001,1.38042,1.3795,1.38037,2663,15,0
2024-10-15 04:00:00+00:00,1.38038,1.3814600000000001,1.38034,1.38091,3568,15,0
2024-10-15 08:00:00+00:00,1.38089,1.38167,1.38028,1.38164,3821,15,0
2024-10-15 12:00:00+00:00,1.38162,1.38378,1.37964,1.38026,8114,15,0
2024-10-15 16:00:00+00:00,1.38026,1.38109,1.3784,1.3784399999999999,4536,15,0
2024-10-15 20:00:00+00:00,1.3784399999999999,1.37845,1.37694,1.37802,2613,15,0
2024-10-16 00:00:00+00:00,1.37802,1.3789500000000001,1.3772,1.37753,3985,15,0
2024-10-16 04:00:00+00:00,1.37753,1.37856,1.37735,1.3780999999999999,3689,15,0
2024-10-16 08:00:00+00:00,1.3780999999999999,1.37924,1.37797,1.37812,3638,15,0
2024-10-16 12:00:00+00:00,1.37812,1.37842,1.37666,1.3771900000000001,6324,15,0
2024-10-16 16:00:00+00:00,1.3771900000000001,1.3773900000000001,1.37493,1.3749799999999999,3681,15,0
2024-10-16 20:00:00+00:00,1.3749799999999999,1.37581,1.3749,1.3755600000000001,1587,15,0
2024-10-17 00:00:00+00:00,1.3755600000000001,1.3765,1.37466,1.37622,4117,15,0
2024-10-17 04:00:00+00:00,1.3761999999999999,1.37845,1.3759700000000001,1.37825,3564,15,0
2024-10-17 08:00:00+00:00,1.37827,1.37847,1.37737,1.37758,3333,15,0
2024-10-17 12:00:00+00:00,1.37758,1.37927,1.37708,1.3791,8761,15,0
2024-10-17 16:00:00+00:00,1.37909,1.38006,1.37867,1.37991,3981,15,0
2024-10-17 20:00:00+00:00,1.3799000000000001,1.37997,1.3792200000000001,1.37957,1759,15,0
2024-10-18 00:00:00+00:00,1.37957,1.37995,1.37851,1.37934,4386,15,0
2024-10-18 04:00:00+00:00,1.37933,1.37994,1.37874,1.37912,3789,15,0
2024-10-18 08:00:00+00:00,1.37912,1.37964,1.37849,1.37879,3463,15,0
2024-10-18 12:00:00+00:00,1.37876,1.38095,1.3786800000000001,1.3804,5733,15,0
2024-10-18 16:00:00+00:00,1.3804,1.38143,1.37946,1.38067,4078,15,0
2024-10-18 20:00:00+00:00,1.38068,1.38087,1.37979,1.37994,773,15,0
2024-10-20 20:00:00+00:00,1.37943,1.38046,1.37936,1.37995,1005,15,0
2024-10-21 00:00:00+00:00,1.37994,1.38091,1.37989,1.38055,4688,15,0
2024-10-21 04:00:00+00:00,1.38057,1.3820700000000001,1.3805399999999999,1.38161,4044,15,0
2024-10-21 08:00:00+00:00,1.38161,1.38256,1.38109,1.3817300000000001,3546,15,0
2024-10-21 12:00:00+00:00,1.3817300000000001,1.38482,1.3812,1.38463,5649,15,0
2024-10-21 16:00:00+00:00,1.38465,1.3848799999999999,1.38314,1.38345,3643,15,0
2024-10-21 20:00:00+00:00,1.38348,1.38364,1.38286,1.38334,1643,15,0
2024-10-22 00:00:00+00:00,1.38334,1.38371,1.38279,1.38283,4407,15,0
2024-10-22 04:00:00+00:00,1.38283,1.38312,1.38208,1.38272,3530,15,0
2024-10-22 08:00:00+00:00,1.38272,1.38358,1.38248,1.38305,4021,15,0
2024-10-22 12:00:00+00:00,1.38305,1.38316,1.38131,1.383,6217,15,0
2024-10-22 16:00:00+00:00,1.383,1.3832,1.3814600000000001,1.38202,3662,15,0
2024-10-22 20:00:00+00:00,1.38202,1.38231,1.38127,1.38172,1821,15,0
2024-10-23 00:00:00+00:00,1.3817300000000001,1.38282,1.38155,1.38179,4505,15,0
2024-10-23 04:00:00+00:00,1.38179,1.38265,1.38166,1.38235,3921,15,0
2024-10-23 08:00:00+00:00,1.3823699999999999,1.38369,1.38218,1.3835899999999999,3694,15,0
2024-10-23 12:00:00+00:00,1.3835899999999999,1.3862,1.38317,1.38381,7054,15,0
2024-10-23 16:00:00+00:00,1.38381,1.38492,1.38344,1.38355,4578,15,0
2024-10-23 20:00:00+00:00,1.38354,1.38414,1.3833199999999999,1.3837,1580,15,0
2024-10-24 00:00:00+00:00,1.38372,1.3838,1.38226,1.38256,3819,15,0
2024-10-24 04:00:00+00:00,1.38256,1.38282,1.38177,1.38179,3603,15,0
2024-10-24 08:00:00+00:00,1.38177,1.3822,1.3812,1.3816899999999999,3450,15,0
2024-10-24 12:00:00+00:00,1.38167,1.38572,1.38125,1.38571,7150,15,0
2024-10-24 16:00:00+00:00,1.38572,1.38679,1.38453,1.38525,4718,15,0
2024-10-24 20:00:00+00:00,1.38525,1.3854899999999999,1.38479,1.38532,2067,15,0
2024-10-25 00:00:00+00:00,1.38531,1.38555,1.38468,1.3854199999999999,3909,15,0
2024-10-25 04:00:00+00:00,1.3854199999999999,1.38555,1.38443,1.3845,3379,15,0
2024-10-25 08:00:00+00:00,1.3845,1.38502,1.38438,1.38477,3056,15,0
2024-10-25 12:00:00+00:00,1.3848,1.38821,1.38376,1.3881999999999999,5911,15,0
2024-10-25 16:00:00+00:00,1.38821,1.38963,1.38781,1.3896,4442,15,0
2024-10-25 20:00:00+00:00,1.38961,1.38967,1.38909,1.38919,653,15,0
2024-10-27 20:00:00+00:00,1.38861,1.38963,1.38815,1.38953,1376,15,0
2024-10-28 00:00:00+00:00,1.38953,1.39043,1.38911,1.3904,3611,15,0
2024-10-28 04:00:00+00:00,1.3904,1.39056,1.3885,1.38891,3222,15,0
2024-10-28 08:00:00+00:00,1.38891,1.38988,1.38858,1.3892,3168,15,0
2024-10-28 12:00:00+00:00,1.38923,1.39078,1.38816,1.3902999999999999,5178,15,0
2024-10-28 16:00:00+00:00,1.3902999999999999,1.39036,1.38879,1.38891,4058,15,0
2024-10-28 20:00:00+00:00,1.38891,1.38946,1.38856,1.38877,1781,15,0
2024-10-29 00:00:00+00:00,1.38877,1.38978,1.38861,1.3897,3383,15,0
2024-10-29 04:00:00+00:00,1.3897,1.38992,1.3885399999999999,1.38869,2947,15,0
2024-10-29 08:00:00+00:00,1.38871,1.38904,1.3875899999999999,1.38886,3672,15,0
2024-10-29 12:00:00+00:00,1.38886,1.39196,1.38837,1.39081,7874,15,0
2024-10-29 16:00:00+00:00,1.3908,1.39289,1.39029,1.39167,4853,15,0
2024-10-29 20:00:00+00:00,1.39167,1.39201,1.39108,1.39148,1855,15,0
2024-10-30 00:00:00+00:00,1.39148,1.39242,1.3908,1.39208,3998,15,0
2024-10-30 04:00:00+00:00,1.39208,1.39224,1.39119,1.39179,3148,15,0
2024-10-30 08:00:00+00:00,1.39176,1.3927,1.39023,1.3926,4104,15,0
2024-10-30 12:00:00+00:00,1.3926,1.39398,1.39076,1.39106,9087,15,0
2024-10-30 16:00:00+00:00,1.39106,1.39204,1.38944,1.38999,4987,15,0
2024-10-30 20:00:00+00:00,1.3900000000000001,1.3909799999999999,1.38955,1.39086,2310,15,0
2024-10-31 00:00:00+00:00,1.39084,1.3918599999999999,1.3906399999999999,1.39179,3584,15,0
2024-10-31 04:00:00+00:00,1.39179,1.39208,1.39116,1.39161,3548,15,0
2024-10-31 08:00:00+00:00,1.3916,1.39268,1.39097,1.39134,3694,15,0
2024-10-31 12:00:00+00:00,1.39133,1.39445,1.38903,1.39392,9261,15,0
2024-10-31 16:00:00+00:00,1.3939,1.3940000000000001,1.39065,1.39229,6287,15,0
2024-10-31 20:00:00+00:00,1.39228,1.39364,1.3917,1.39346,2502,15,0
2024-11-01 00:00:00+00:00,1.39346,1.39371,1.3924699999999999,1.3927800000000001,3593,15,0
2024-11-01 04:00:00+00:00,1.39279,1.39409,1.39256,1.39409,3095,15,0
2024-11-01 08:00:00+00:00,1.39411,1.39416,1.39235,1.39246,3153,15,0
2024-11-01 12:00:00+00:00,1.39246,1.39321,1.3902,1.3925,9191,15,0
2024-11-01 16:00:00+00:00,1.39249,1.3955899999999999,1.39227,1.3955600000000001,4691,15,0
2024-11-01 20:00:00+00:00,1.3955600000000001,1.39582,1.39502,1.39526,816,15,0
2024-11-03 20:00:00+00:00,1.39176,1.39264,1.3914,1.39204,1331,17,0
2024-11-04 00:00:00+00:00,1.39205,1.39208,1.38913,1.38944,3993,15,0
2024-11-04 04:00:00+00:00,1.38944,1.392,1.3894,1.39197,3540,15,0
2024-11-04 08:00:00+00:00,1.39197,1.3921700000000001,1.38943,1.3895,3971,15,0
2024-11-04 12:00:00+00:00,1.38948,1.3912,1.38745,1.38889,6951,15,0
2024-11-04 16:00:00+00:00,1.3889,1.39017,1.38832,1.3896600000000001,5574,15,0
2024-11-04 20:00:00+00:00,1.3896600000000001,1.39026,1.38933,1.39005,2675,15,0
2024-11-05 00:00:00+00:00,1.39005,1.3906100000000001,1.38959,1.39019,3161,15,0
2024-11-05 04:00:00+00:00,1.39021,1.39029,1.38871,1.38883,3019,15,0
2024-11-05 08:00:00+00:00,1.3888099999999999,1.38883,1.38795,1.38807,2660,15,0
2024-11-05 12:00:00+00:00,1.38807,1.38843,1.38449,1.3851,5763,15,0
2024-11-05 16:00:00+00:00,1.38511,1.38579,1.38379,1.38409,4527,15,0
2024-11-05 20:00:00+00:00,1.38409,1.38435,1.38184,1.38337,3442,15,0
2024-11-06 00:00:00+00:00,1.38339,1.39355,1.38317,1.39285,13477,15,0
2024-11-06 04:00:00+00:00,1.39285,1.39379,1.38922,1.39263,10378,15,0
2024-11-06 08:00:00+00:00,1.39262,1.39309,1.38845,1.39163,7904,15,0
2024-11-06 12:00:00+00:00,1.39164,1.3957899999999999,1.39026,1.3921000000000001,10968,15,0
2024-11-06 16:00:00+00:00,1.39208,1.39435,1.3914900000000001,1.39317,7797,15,0
2024-11-06 20:00:00+00:00,1.39317,1.39471,1.39303,1.39471,3373,15,0
2024-11-07 00:00:00+00:00,1.39475,1.39475,1.38899,1.38903,3755,15,0
2024-11-07 04:00:00+00:00,1.38902,1.3898,1.38773,1.3887,3598,15,0
2024-11-07 08:00:00+00:00,1.38867,1.3893499999999999,1.38697,1.38922,4351,15,0
2024-11-07 12:00:00+00:00,1.38922,1.3896899999999999,1.38565,1.38646,7910,15,0
2024-11-07 16:00:00+00:00,1.38646,1.38771,1.38493,1.38608,7901,15,0
2024-11-07 20:00:00+00:00,1.3860999999999999,1.38678,1.38416,1.38675,4151,15,0
2024-11-08 00:00:00+00:00,1.38676,1.38841,1.38662,1.38832,3585,15,0
2024-11-08 04:00:00+00:00,1.38832,1.38894,1.38781,1.38859,2972,15,0
2024-11-08 08:00:00+00:00,1.3886,1.38992,1.38811,1.3896899999999999,5065,15,0
2024-11-08 12:00:00+00:00,1.38967,1.39191,1.38925,1.38962,7004,15,0
2024-11-08 16:00:00+00:00,1.38965,1.39272,1.38963,1.3912900000000001,5485,15,0
2024-11-08 20:00:00+00:00,1.3913,1.39182,1.39049,1.39107,1876,15,0
2024-11-10 20:00:00+00:00,1.39043,1.39113,1.39017,1.39097,1178,17,0
2024-11-11 00:00:00+00:00,1.391,1.39199,1.39044,1.39195,3076,15,0
2024-11-11 04:00:00+00:00,1.39195,1.39259,1.39103,1.3921999999999999,2862,15,0
2024-11-11 08:00:00+00:00,1.3921999999999999,1.39368,1.39187,1.39266,4090,15,0
2024-11-11 12:00:00+00:00,1.39266,1.39499,1.39256,1.39293,5511,15,0
2024-11-11 16:00:00+00:00,1.39293,1.393,1.39138,1.3925100000000001,4045,15,0
2024-11-11 20:00:00+00:00,1.3925100000000001,1.39304,1.39195,1.39195,2490,15,0
2024-11-12 00:00:00+00:00,1.39197,1.39462,1.39164,1.39455,4231,15,0
2024-11-12 04:00:00+00:00,1.3945699999999999,1.39577,1.39413,1.39531,4146,15,0
2024-11-12 08:00:00+00:00,1.39532,1.39667,1.39496,1.39574,4568,15,0
2024-11-12 12:00:00+00:00,1.39573,1.3957899999999999,1.39246,1.39395,7502,15,0
2024-11-12 16:00:00+00:00,1.3939599999999999,1.3959,1.39388,1.39455,5883,15,0
2024-11-12 20:00:00+00:00,1.39456,1.3951,1.39381,1.39447,2612,15,0
2024-11-13 00:00:00+00:00,1.39447,1.39536,1.39399,1.3952499999999999,3973,15,0
2024-11-13 04:00:00+00:00,1.3952499999999999,1.39599,1.395,1.3957600000000001,3225,15,0
2024-11-13 08:00:00+00:00,1.3957899999999999,1.3961299999999999,1.39446,1.3949500000000001,4145,15,0
2024-11-13 12:00:00+00:00,1.39493,1.39982,1.39296,1.39695,10167,15,0
2024-11-13 16:00:00+00:00,1.39693,1.39982,1.39684,1.39982,6190,15,0
2024-11-13 20:00:00+00:00,1.39982,1.40021,1.3991500000000001,1.3991500000000001,2661,15,0
2024-11-14 00:00:00+00:00,1.39916,1.4010099999999999,1.39874,1.401,3765,15,0
2024-11-14 04:00:00+00:00,1.401,1.40191,1.39947,1.39977,3740,15,0
2024-11-14 08:00:00+00:00,1.39974,1.40174,1.39932,1.40033,5257,15,0
2024-11-14 12:00:00+00:00,1.40032,1.4035,1.3998300000000001,1.40114,9368,15,0
2024-11-14 16:00:00+00:00,1.40112,1.40392,1.40063,1.40354,5596,15,0
2024-11-14 20:00:00+00:00,1.40353,1.40705,1.4035199999999999,1.40607,5306,15,0
2024-11-15 00:00:00+00:00,1.40609,1.40692,1.40533,1.40583,4211,15,0
2024-11-15 04:00:00+00:00,1.40583,1.40677,1.40516,1.40606,3691,15,0
2024-11-15 08:00:00+00:00,1.40606,1.40631,1.40326,1.4038,4891,15,0
2024-11-15 12:00:00+00:00,1.40381,1.4104999999999999,1.40331,1.4077899999999999,9619,15,0
2024-11-15 16:00:00+00:00,1.40778,1.40922,1.40639,1.40914,7048,15,0
2024-11-15 20:00:00+00:00,1.40915,1.41002,1.4086,1.40875,2048,15,0
2024-11-17 20:00:00+00:00,1.40832,1.4090099999999999,1.40805,1.40857,1242,17,0
2024-11-18 00:00:00+00:00,1.40857,1.40892,1.40693,1.4084699999999999,4387,15,0
2024-11-18 04:00:00+00:00,1.4084699999999999,1.41001,1.40756,1.40949,3568,15,0
2024-11-18 08:00:00+00:00,1.40948,1.4102000000000001,1.40833,1.40974,4643,15,0
2024-11-18 12:00:00+00:00,1.40974,1.40982,1.4043,1.40485,6252,15,0
2024-11-18 16:00:00+00:00,1.40485,1.4050799999999999,1.40036,1.40181,5454,15,0
2024-11-18 20:00:00+00:00,1.40182,1.40218,1.4010799999999999,1.40218,2272,15,0
2024-11-19 00:00:00+00:00,1.40219,1.40287,1.40104,1.40125,3671,15,0
2024-11-19 04:00:00+00:00,1.40125,1.40255,1.40087,1.40204,3367,15,0
2024-11-19 08:00:00+00:00,1.40205,1.40359,1.40028,1.40236,6954,15,0
2024-11-19 12:00:00+00:00,1.40234,1.4026100000000001,1.39733,1.3976,9266,15,0
2024-11-19 16:00:00+00:00,1.39759,1.39844,1.39639,1.39651,5747,15,0
2024-11-19 20:00:00+00:00,1.39651,1.3970099999999999,1.39507,1.3955,2813,15,0
2024-11-20 00:00:00+00:00,1.3955,1.39666,1.39504,1.39649,2956,15,0
2024-11-20 04:00:00+00:00,1.39648,1.39656,1.395,1.39641,3379,15,0
2024-11-20 08:00:00+00:00,1.39643,1.39992,1.39611,1.39923,4835,15,0
2024-11-20 12:00:00+00:00,1.39923,1.40138,1.39747,1.40043,6552,15,0
2024-11-20 16:00:00+00:00,1.40046,1.40117,1.39797,1.39829,5222,15,0
2024-11-20 20:00:00+00:00,1.39831,1.39879,1.39677,1.39682,2499,15,0
2024-11-21 00:00:00+00:00,1.39682,1.39729,1.3965,1.39677,3191,15,0
2024-11-21 04:00:00+00:00,1.39677,1.39721,1.39608,1.39621,3846,15,0
2024-11-21 08:00:00+00:00,1.39619,1.39776,1.39546,1.3963700000000001,5003,15,0
2024-11-21 12:00:00+00:00,1.3963700000000001,1.39734,1.39307,1.39463,7496,15,0
2024-11-21 16:00:00+00:00,1.39463,1.3969,1.3945699999999999,1.39636,6672,15,0
2024-11-21 20:00:00+00:00,1.39634,1.39838,1.39621,1.39838,2707,15,0
2024-11-22 00:00:00+00:00,1.39837,1.39837,1.39623,1.39695,3595,15,0
2024-11-22 04:00:00+00:00,1.39697,1.39856,1.3968,1.39698,3741,15,0
2024-11-22 08:00:00+00:00,1.39696,1.40202,1.39572,1.39943,9226,15,0
2024-11-22 12:00:00+00:00,1.39941,1.39994,1.39619,1.39771,9494,15,0
2024-11-22 16:00:00+00:00,1.3976899999999999,1.39926,1.3970500000000001,1.39802,5293,15,0
2024-11-22 20:00:00+00:00,1.39801,1.39873,1.39746,1.39792,1785,15,0
2024-11-24 20:00:00+00:00,1.39432,1.395,1.3932,1.39328,1398,15,0
2024-11-25 00:00:00+00:00,1.39328,1.39452,1.3927,1.3942999999999999,4236,15,0
2024-11-25 04:00:00+00:00,1.3942999999999999,1.39676,1.39368,1.3967399999999999,4059,15,0
2024-11-25 08:00:00+00:00,1.39672,1.39755,1.39506,1.39722,5359,15,0
2024-11-25 12:00:00+00:00,1.3972,1.39909,1.39506,1.39874,7983,15,0
2024-11-25 16:00:00+00:00,1.39874,1.40065,1.39694,1.3976899999999999,6064,15,0
2024-11-25 20:00:00+00:00,1.39768,1.41198,1.39731,1.4098,4904,15,0
2024-11-26 00:00:00+00:00,1.40981,1.41773,1.40889,1.40994,13069,15,0
2024-11-26 04:00:00+00:00,1.40994,1.41309,1.40849,1.41228,5723,15,0
2024-11-26 08:00:00+00:00,1.41231,1.41444,1.40759,1.4087,6595,15,0
2024-11-26 12:00:00+00:00,1.4087100000000001,1.41275,1.4053200000000001,1.40585,11829,15,0
2024-11-26 16:00:00+00:00,1.40583,1.40913,1.40563,1.40612,8359,15,0
2024-11-26 20:00:00+00:00,1.40612,1.4071,1.40493,1.40519,4142,15,0
2024-11-27 00:00:00+00:00,1.4052,1.40714,1.40435,1.40629,4780,15,0
2024-11-27 04:00:00+00:00,1.4062999999999999,1.40772,1.40514,1.4056199999999999,4081,15,0
2024-11-27 08:00:00+00:00,1.4056199999999999,1.40622,1.40336,1.40521,6326,15,0
2024-11-27 12:00:00+00:00,1.40521,1.40648,1.40208,1.40268,9311,15,0
2024-11-27 16:00:00+00:00,1.40268,1.4037600000000001,1.40087,1.403,6854,15,0
2024-11-27 20:00:00+00:00,1.40302,1.4035,1.40207,1.4025400000000001,3070,15,0
2024-11-28 00:00:00+00:00,1.40255,1.40283,1.40056,1.40222,4239,15,0
2024-11-28 04:00:00+00:00,1.4022000000000001,1.40274,1.40165,1.40248,3348,15,0
2024-11-28 08:00:00+00:00,1.40251,1.40308,1.3998,1.40076,4838,15,0
2024-11-28 12:00:00+00:00,1.40076,1.4019300000000001,1.39994,1.40091,4249,15,0
2024-11-28 16:00:00+00:00,1.40092,1.40112,1.40039,1.40092,2057,15,0
2024-11-28 20:00:00+00:00,1.40092,1.40154,1.40042,1.40073,1946,15,0
2024-11-29 00:00:00+00:00,1.40075,1.40121,1.39829,1.39849,4362,15,0
2024-11-29 04:00:00+00:00,1.3985,1.40028,1.39801,1.39989,4132,15,0
2024-11-29 08:00:00+00:00,1.3999,1.4012,1.39944,1.40009,5090,15,0
2024-11-29 12:00:00+00:00,1.40011,1.40449,1.39994,1.4004699999999999,8482,15,0
2024-11-29 16:00:00+00:00,1.40049,1.40197,1.39907,1.39927,5904,15,0
2024-11-29 20:00:00+00:00,1.39928,1.40051,1.39839,1.39998,3056,30,0
2024-12-01 20:00:00+00:00,1.39848,1.40173,1.39836,1.40127,1611,17,0
2024-12-02 00:00:00+00:00,1.40133,1.40407,1.40125,1.40335,5779,15,0
2024-12-02 04:00:00+00:00,1.40335,1.40404,1.40165,1.40404,5825,15,0
2024-12-02 08:00:00+00:00,1.4040599999999999,1.40486,1.40178,1.40329,6423,15,0
2024-12-02 12:00:00+00:00,1.40329,1.4089,1.40272,1.408,10296,15,0
2024-12-02 16:00:00+00:00,1.40798,1.40843,1.4043,1.40452,6820,15,0
2024-12-02 20:00:00+00:00,1.40453,1.40515,1.40373,1.40457,3663,15,0
2024-12-03 00:00:00+00:00,1.40458,1.40635,1.40391,1.4049,4270,15,0
2024-12-03 04:00:00+00:00,1.4049,1.40573,1.40343,1.40375,3568,15,0
2024-12-03 08:00:00+00:00,1.40374,1.40401,1.40086,1.4038300000000001,5505,15,0
2024-12-03 12:00:00+00:00,1.4038300000000001,1.40713,1.40258,1.4064999999999999,9891,15,0
2024-12-03 16:00:00+00:00,1.40648,1.4075199999999999,1.4047100000000001,1.40689,6415,15,0
2024-12-03 20:00:00+00:00,1.4069099999999999,1.40717,1.40601,1.40646,2847,15,0
2024-12-04 00:00:00+00:00,1.40647,1.40825,1.40609,1.40788,4350,15,0
2024-12-04 04:00:00+00:00,1.40788,1.40801,1.40548,1.40603,4000,15,0
2024-12-04 08:00:00+00:00,1.40605,1.40814,1.40514,1.40543,5629,15,0
2024-12-04 12:00:00+00:00,1.40546,1.40793,1.40514,1.40636,10129,15,0
2024-12-04 16:00:00+00:00,1.40634,1.4077600000000001,1.4057,1.40634,7161,15,0
2024-12-04 20:00:00+00:00,1.40633,1.40743,1.40584,1.40717,2762,15,0
2024-12-05 00:00:00+00:00,1.40717,1.40788,1.40651,1.40689,3086,15,0
2024-12-05 04:00:00+00:00,1.40689,1.40732,1.4058899999999999,1.40607,2810,15,0
2024-12-05 08:00:00+00:00,1.40604,1.40641,1.40529,1.40536,3779,15,0
2024-12-05 12:00:00+00:00,1.40538,1.40628,1.4009800000000001,1.40338,9147,15,0
2024-12-05 16:00:00+00:00,1.40339,1.4066,1.40248,1.40276,5996,15,0
2024-12-05 20:00:00+00:00,1.40277,1.4031799999999999,1.4017,1.40186,3022,15,0
2024-12-06 00:00:00+00:00,1.40186,1.40426,1.40186,1.40298,3730,15,0
2024-12-06 04:00:00+00:00,1.40298,1.4041000000000001,1.40295,1.40319,2826,15,0
2024-12-06 08:00:00+00:00,1.40319,1.40459,1.40262,1.4043999999999999,3974,15,0
2024-12-06 12:00:00+00:00,1.4043999999999999,1.41557,1.40422,1.41377,13755,15,0
2024-12-06 16:00:00+00:00,1.41376,1.41639,1.4133200000000001,1.41587,7016,15,0
2024-12-06 20:00:00+00:00,1.41586,1.41619,1.41479,1.4157899999999999,1971,15,0
2024-12-08 20:00:00+00:00,1.41494,1.41643,1.41473,1.41474,1044,17,0
2024-12-09 00:00:00+00:00,1.41475,1.41652,1.41472,1.41646,2885,15,0
2024-12-09 04:00:00+00:00,1.41646,1.41744,1.4154200000000001,1.41562,3279,15,0
2024-12-09 08:00:00+00:00,1.41563,1.41615,1.41289,1.41331,4341,15,0
2024-12-09 12:00:00+00:00,1.41331,1.41347,1.4092799999999999,1.41132,7268,15,0
2024-12-09 16:00:00+00:00,1.41132,1.41635,1.4113,1.4157899999999999,5521,15,0
2024-12-09 20:00:00+00:00,1.41578,1.41743,1.41558,1.41742,2733,15,0
2024-12-10 00:00:00+00:00,1.41743,1.4189,1.41684,1.4181599999999999,3948,15,0
2024-12-10 04:00:00+00:00,1.4181599999999999,1.41849,1.41668,1.41841,3485,15,0
2024-12-10 08:00:00+00:00,1.41839,1.4194200000000001,1.4163000000000001,1.41638,5088,15,0
2024-12-10 12:00:00+00:00,1.41638,1.4193500000000001,1.41564,1.41687,7730,15,0
2024-12-10 16:00:00+00:00,1.41686,1.41703,1.41552,1.41641,5776,15,0
2024-12-10 20:00:00+00:00,1.4163999999999999,1.41808,1.41623,1.41743,2665,15,0
2024-12-11 00:00:00+00:00,1.41744,1.41774,1.41585,1.41627,2946,15,0
2024-12-11 04:00:00+00:00,1.41628,1.41902,1.4161000000000001,1.41901,3846,15,0
2024-12-11 08:00:00+00:00,1.41856,1.41929,1.41765,1.41814,4770,15,0
2024-12-11 12:00:00+00:00,1.41814,1.41932,1.41191,1.41404,12987,15,0
2024-12-11 16:00:00+00:00,1.41403,1.41695,1.41223,1.41607,7528,15,0
2024-12-11 20:00:00+00:00,1.41607,1.4166699999999999,1.41479,1.4148399999999999,2833,15,0
2024-12-12 00:00:00+00:00,1.41485,1.41544,1.41356,1.41482,4224,15,0
2024-12-12 04:00:00+00:00,1.41482,1.41513,1.41345,1.41468,3407,15,0
2024-12-12 08:00:00+00:00,1.4147,1.41538,1.41306,1.41533,5938,15,0
2024-12-12 12:00:00+00:00,1.41534,1.41991,1.41534,1.41838,10829,15,0
2024-12-12 16:00:00+00:00,1.41837,1.42115,1.41683,1.4207,7953,15,0
2024-12-12 20:00:00+00:00,1.4207,1.42271,1.42032,1.42151,3538,15,0
2024-12-13 00:00:00+00:00,1.42154,1.4239899999999999,1.42154,1.4239600000000001,4421,15,0
2024-12-13 04:00:00+00:00,1.4239600000000001,1.42432,1.42267,1.42318,3552,15,0
2024-12-13 08:00:00+00:00,1.42321,1.4236,1.42157,1.4218199999999999,4572,15,0
2024-12-13 12:00:00+00:00,1.4218199999999999,1.42444,1.42089,1.42373,7576,15,0
2024-12-13 16:00:00+00:00,1.4237199999999999,1.42428,1.42226,1.42321,5987,15,0
2024-12-13 20:00:00+00:00,1.42318,1.4239899999999999,1.4227699999999999,1.42343,1887,15,0
2024-12-15 20:00:00+00:00,1.42251,1.42343,1.42244,1.42255,1000,17,0
2024-12-16 00:00:00+00:00,1.42257,1.42291,1.42163,1.42259,3530,15,0
2024-12-16 04:00:00+00:00,1.42258,1.42298,1.4218899999999999,1.42228,2930,15,0
2024-12-16 08:00:00+00:00,1.4223,1.42435,1.42188,1.42405,3854,15,0
2024-12-16 12:00:00+00:00,1.42402,1.4272,1.4222000000000001,1.42278,7109,15,0
2024-12-16 16:00:00+00:00,1.42279,1.42415,1.42242,1.42366,5812,15,0
2024-12-16 20:00:00+00:00,1.42366,1.4249399999999999,1.4233799999999999,1.4234200000000001,2737,15,0
2024-12-17 00:00:00+00:00,1.42341,1.42539,1.42314,1.42533,2843,15,0
2024-12-17 04:00:00+00:00,1.42533,1.4271,1.42526,1.42678,3105,15,0
2024-12-17 08:00:00+00:00,1.42678,1.42929,1.42673,1.4279899999999999,4578,15,0
2024-12-17 12:00:00+00:00,1.428,1.4319899999999999,1.42698,1.43116,8575,15,0
2024-12-17 16:00:00+00:00,1.43116,1.43228,1.43035,1.43091,6363,15,0
2024-12-17 20:00:00+00:00,1.43091,1.43153,1.43028,1.43095,2240,15,0
2024-12-18 00:00:00+00:00,1.43095,1.43231,1.43083,1.43229,2757,15,0
2024-12-18 04:00:00+00:00,1.43229,1.43307,1.4322300000000001,1.43289,2982,15,0
2024-12-18 08:00:00+00:00,1.43289,1.43312,1.43167,1.43258,4019,15,0
2024-12-18 12:00:00+00:00,1.43258,1.43274,1.43041,1.43234,5934,15,0
2024-12-18 16:00:00+00:00,1.43236,1.44242,1.4319600000000001,1.44161,9198,15,0
2024-12-18 20:00:00+00:00,1.44164,1.44663,1.44092,1.44614,6980,15,0
2024-12-19 00:00:00+00:00,1.44612,1.44612,1.44271,1.4433,5567,15,0
2024-12-19 04:00:00+00:00,1.44329,1.44422,1.44184,1.4421,4229,15,0
2024-12-19 08:00:00+00:00,1.44212,1.44218,1.43801,1.43823,5900,15,0
2024-12-19 12:00:00+00:00,1.43821,1.43852,1.43436,1.43682,10674,15,0
2024-12-19 16:00:00+00:00,1.43682,1.43891,1.43465,1.43873,7903,15,0
2024-12-19 20:00:00+00:00,1.43872,1.44037,1.4377900000000001,1.44021,3987,15,0
2024-12-20 00:00:00+00:00,1.44021,1.44347,1.43967,1.44306,4393,15,0
2024-12-20 04:00:00+00:00,1.4430399999999999,1.4430399999999999,1.43822,1.43844,4394,15,0
2024-12-20 08:00:00+00:00,1.43841,1.43914,1.43701,1.43889,5083,15,0
2024-12-20 12:00:00+00:00,1.43889,1.43961,1.43553,1.43678,9338,15,0
2024-12-20 16:00:00+00:00,1.43676,1.43785,1.43347,1.43525,7621,15,0
2024-12-20 20:00:00+00:00,1.43525,1.43753,1.43521,1.43739,2397,15,0
2024-12-22 20:00:00+00:00,1.43601,1.43686,1.4358,1.43595,873,17,0
2024-12-23 00:00:00+00:00,1.43598,1.43637,1.43483,1.43574,3111,15,0
2024-12-23 04:00:00+00:00,1.43574,1.43885,1.43519,1.43878,2648,15,0
2024-12-23 08:00:00+00:00,1.43878,1.44061,1.43646,1.44006,4371,15,0
2024-12-23 12:00:00+00:00,1.44006,1.44325,1.43998,1.4411399999999999,7240,15,0
2024-12-23 16:00:00+00:00,1.4411399999999999,1.44174,1.43683,1.4371800000000001,6896,15,0
2024-12-23 20:00:00+00:00,1.43719,1.43769,1.43655,1.43735,3064,15,0
2024-12-24 00:00:00+00:00,1.43735,1.4386,1.43723,1.43824,2916,15,0
2024-12-24 04:00:00+00:00,1.43824,1.43858,1.43723,1.43826,2236,15,0
2024-12-24 08:00:00+00:00,1.43827,1.44037,1.43807,1.44027,2782,15,0
2024-12-24 12:00:00+00:00,1.4402599999999999,1.44194,1.43628,1.4381,5597,15,0
2024-12-24 16:00:00+00:00,1.43811,1.43917,1.43541,1.4365,3894,15,0
2024-12-24 20:00:00+00:00,1.4365,1.43656,1.43395,1.4341599999999999,1264,49,0
2024-12-25 20:00:00+00:00,1.43568,1.4365999999999999,1.435,1.4353,967,17,0
2024-12-26 00:00:00+00:00,1.4353,1.43624,1.43493,1.43534,2724,15,0
2024-12-26 04:00:00+00:00,1.43534,1.43836,1.43534,1.43812,2543,15,0
2024-12-26 08:00:00+00:00,1.43812,1.44038,1.43804,1.43822,2601,15,0
2024-12-26 12:00:00+00:00,1.43821,1.44151,1.4382,1.4411,4957,15,0
2024-12-26 16:00:00+00:00,1.4411,1.44198,1.4401,1.44142,4496,15,0
2024-12-26 20:00:00+00:00,1.44144,1.4417499999999999,1.44032,1.4409,2510,15,0
2024-12-27 00:00:00+00:00,1.4409,1.44149,1.44048,1.44075,2533,15,0
2024-12-27 04:00:00+00:00,1.44075,1.441,1.4402300000000001,1.44042,2201,15,0
2024-12-27 08:00:00+00:00,1.44043,1.44107,1.43892,1.4390399999999999,3399,15,0
2024-12-27 12:00:00+00:00,1.43903,1.44208,1.43742,1.44081,6299,15,0
2024-12-27 16:00:00+00:00,1.44078,1.44485,1.4407,1.44101,5909,15,0
2024-12-27 20:00:00+00:00,1.44101,1.44204,1.44101,1.44135,1854,15,0
2024-12-29 20:00:00+00:00,1.44068,1.4414799999999999,1.44015,1.44021,734,17,0
2024-12-30 00:00:00+00:00,1.44021,1.44067,1.43964,1.43966,2174,15,0
2024-12-30 04:00:00+00:00,1.43967,1.4399899999999999,1.4384700000000001,1.4397199999999999,2602,15,0
2024-12-30 08:00:00+00:00,1.43975,1.44097,1.4373,1.43776,3955,15,0
2024-12-30 12:00:00+00:00,1.4377499999999999,1.44321,1.4372,1.4386,8319,15,0
2024-12-30 16:00:00+00:00,1.43858,1.43926,1.43442,1.43583,6370,15,0
2024-12-30 20:00:00+00:00,1.43584,1.43627,1.43486,1.43499,3117,15,0
2024-12-31 00:00:00+00:00,1.4350100000000001,1.43611,1.43375,1.4349,2646,15,0
2024-12-31 04:00:00+00:00,1.4349,1.43696,1.4344000000000001,1.43674,2299,15,0
2024-12-31 08:00:00+00:00,1.43674,1.4382,1.43643,1.43818,4026,15,0
2024-12-31 12:00:00+00:00,1.43817,1.44072,1.43629,1.43788,8932,15,0
2024-12-31 16:00:00+00:00,1.43785,1.44086,1.43736,1.4381599999999999,7332,15,0
2024-12-31 20:00:00+00:00,1.4381599999999999,1.4382,1.43713,1.4381300000000001,1570,15,0
2025-01-01 20:00:00+00:00,1.43774,1.43836,1.43723,1.4374500000000001,1108,17,0
2025-01-02 00:00:00+00:00,1.4374799999999999,1.43852,1.43685,1.43757,3013,15,0
2025-01-02 04:00:00+00:00,1.43757,1.4407,1.43702,1.44043,2540,15,0
2025-01-02 08:00:00+00:00,1.4404,1.44276,1.4399600000000001,1.44173,5133,15,0
2025-01-02 12:00:00+00:00,1.44174,1.44382,1.44136,1.44215,7735,15,0
2025-01-02 16:00:00+00:00,1.44218,1.44413,1.43915,1.44166,8732,15,0
2025-01-02 20:00:00+00:00,1.44169,1.44169,1.4396,1.44039,2754,15,0
2025-01-03 00:00:00+00:00,1.44041,1.44041,1.43826,1.43837,2609,15,0
2025-01-03 04:00:00+00:00,1.43837,1.44024,1.43827,1.43975,3156,15,0
2025-01-03 08:00:00+00:00,1.43975,1.44039,1.43862,1.43919,3932,15,0
2025-01-03 12:00:00+00:00,1.44007,1.44534,1.4399199999999999,1.44354,6333,15,0
2025-01-03 16:00:00+00:00,1.44356,1.44627,1.44326,1.44476,5556,15,0
2025-01-03 20:00:00+00:00,1.44477,1.4449100000000001,1.44393,1.44466,1594,15,0
2025-01-05 20:00:00+00:00,1.44391,1.44494,1.44356,1.44382,932,17,0
2025-01-06 00:00:00+00:00,1.44382,1.44439,1.4387400000000001,1.44032,4816,15,0
2025-01-06 04:00:00+00:00,1.44032,1.44055,1.43845,1.43893,3164,15,0
2025-01-06 08:00:00+00:00,1.43896,1.4393500000000001,1.43004,1.43008,8048,15,0
2025-01-06 12:00:00+00:00,1.4300899999999999,1.4372,1.42792,1.43604,15775,15,0
2025-01-06 16:00:00+00:00,1.43604,1.43781,1.43358,1.43363,7414,15,0
2025-01-06 20:00:00+00:00,1.43364,1.4341,1.43279,1.43407,2961,15,0
2025-01-07 00:00:00+00:00,1.43408,1.43491,1.43224,1.43225,3622,15,0
2025-01-07 04:00:00+00:00,1.43225,1.43237,1.43071,1.43073,3226,15,0
2025-01-07 08:00:00+00:00,1.43071,1.43179,1.42972,1.43151,4804,15,0
2025-01-07 12:00:00+00:00,1.43151,1.43649,1.43001,1.4344000000000001,8281,15,0
2025-01-07 16:00:00+00:00,1.43442,1.43583,1.43167,1.43463,9388,15,0
2025-01-07 20:00:00+00:00,1.43465,1.43698,1.43456,1.4365,3117,15,0
2025-01-08 00:00:00+00:00,1.4365,1.4365,1.43438,1.43495,3273,15,0
2025-01-08 04:00:00+00:00,1.43495,1.43636,1.4338600000000001,1.43598,2888,15,0
2025-01-08 08:00:00+00:00,1.4359899999999999,1.44089,1.43494,1.43895,6539,15,0
2025-01-08 12:00:00+00:00,1.43895,1.44058,1.43797,1.43862,10970,15,0
2025-01-08 16:00:00+00:00,1.43863,1.4396900000000001,1.43744,1.4387699999999999,7763,15,0
2025-01-08 20:00:00+00:00,1.43876,1.43917,1.43698,1.43766,3145,15,0
2025-01-09 00:00:00+00:00,1.43765,1.43854,1.43644,1.4376,2983,15,0
2025-01-09 04:00:00+00:00,1.43762,1.44007,1.43704,1.4399600000000001,3481,15,0
2025-01-09 08:00:00+00:00,1.43994,1.4404,1.43768,1.43957,5377,15,0
2025-01-09 12:00:00+00:00,1.43957,1.44034,1.43852,1.43976,5326,15,0
2025-01-09 16:00:00+00:00,1.43973,1.44032,1.43875,1.43917,3567,15,0
2025-01-09 20:00:00+00:00,1.43914,1.44017,1.43873,1.44012,1919,15,0
2025-01-10 00:00:00+00:00,1.44013,1.44116,1.43952,1.44109,2720,15,0
2025-01-10 04:00:00+00:00,1.44109,1.44212,1.4405000000000001,1.4405000000000001,2736,15,0
2025-01-10 08:00:00+00:00,1.44049,1.44167,1.43944,1.44083,4653,15,0
2025-01-10 12:00:00+00:00,1.44082,1.4436200000000001,1.43749,1.44226,13247,15,0
2025-01-10 16:00:00+00:00,1.44229,1.44421,1.4412099999999999,1.44265,8622,15,0
2025-01-10 20:00:00+00:00,1.44265,1.4436499999999999,1.44177,1.44211,2207,15,0
2025-01-12 20:00:00+00:00,1.44163,1.44227,1.44108,1.4414500000000001,1121,17,0
2025-01-13 00:00:00+00:00,1.44146,1.4441899999999999,1.4414,1.44417,3878,15,0
2025-01-13 04:00:00+00:00,1.44417,1.44463,1.44276,1.44311,3522,15,0
2025-01-13 08:00:00+00:00,1.44311,1.4439199999999999,1.44139,1.4430100000000001,6583,15,0
2025-01-13 12:00:00+00:00,1.44299,1.4432800000000001,1.43913,1.44201,9165,15,0
2025-01-13 16:00:00+00:00,1.442,1.44266,1.44022,1.44112,6653,15,0
2025-01-13 20:00:00+00:00,1.44113,1.44115,1.43418,1.43639,4296,15,0
2025-01-14 00:00:00+00:00,1.43639,1.43868,1.43625,1.43764,4221,15,0
2025-01-14 04:00:00+00:00,1.43765,1.43856,1.437,1.43751,4089,15,0
2025-01-14 08:00:00+00:00,1.4375,1.43826,1.43575,1.43799,5580,15,0
2025-01-14 12:00:00+00:00,1.43799,1.4409399999999999,1.43502,1.43532,10759,15,0
2025-01-14 16:00:00+00:00,1.4353,1.43804,1.435,1.43644,7417,15,0
2025-01-14 20:00:00+00:00,1.43647,1.43682,1.43453,1.4351,3226,15,0
2025-01-15 00:00:00+00:00,1.4351099999999999,1.4359199999999999,1.43498,1.43519,2542,15,0
2025-01-15 04:00:00+00:00,1.43519,1.43634,1.43397,1.43415,2925,15,0
2025-01-15 08:00:00+00:00,1.43417,1.43523,1.4328400000000001,1.43438,4599,15,0
2025-01-15 12:00:00+00:00,1.43438,1.4365999999999999,1.43018,1.43402,10859,15,0
2025-01-15 16:00:00+00:00,1.43401,1.4357199999999999,1.43265,1.43278,6729,15,0
2025-01-15 20:00:00+00:00,1.43279,1.43404,1.43235,1.43241,2920,15,0
2025-01-16 00:00:00+00:00,1.43245,1.4353799999999999,1.43218,1.43514,4162,15,0
2025-01-16 04:00:00+00:00,1.43514,1.43663,1.43475,1.43554,3326,15,0
2025-01-16 08:00:00+00:00,1.43553,1.43834,1.43533,1.43724,4571,15,0
2025-01-16 12:00:00+00:00,1.43723,1.43944,1.4372,1.4386700000000001,9156,15,0
2025-01-16 16:00:00+00:00,1.4386700000000001,1.4399899999999999,1.4367,1.43949,7494,15,0
2025-01-16 20:00:00+00:00,1.43949,1.44024,1.43891,1.4394,2678,15,0
2025-01-17 00:00:00+00:00,1.4394,1.44021,1.43886,1.43939,2821,15,0
2025-01-17 04:00:00+00:00,1.4394,1.44122,1.43929,1.44065,2726,15,0
2025-01-17 08:00:00+00:00,1.44065,1.44167,1.44015,1.44113,4127,15,0
2025-01-17 12:00:00+00:00,1.44113,1.44634,1.43819,1.44,10903,15,0
2025-01-17 16:00:00+00:00,1.44002,1.4464000000000001,1.44,1.446,6589,15,0
2025-01-17 20:00:00+00:00,1.446,1.44838,1.44596,1.448,2546,15,0
2025-01-19 20:00:00+00:00,1.4457900000000001,1.44842,1.4457900000000001,1.44693,826,19,0
2025-01-20 00:00:00+00:00,1.44699,1.44723,1.44449,1.44449,3353,15,0
2025-01-20 04:00:00+00:00,1.44448,1.44561,1.44425,1.44447,2817,15,0
2025-01-20 08:00:00+00:00,1.44449,1.44777,1.44445,1.44617,4629,15,0
2025-01-20 12:00:00+00:00,1.44616,1.44693,1.42607,1.43391,22315,15,0
2025-01-20 16:00:00+00:00,1.43391,1.43803,1.42916,1.43038,8453,15,0
2025-01-20 20:00:00+00:00,1.43036,1.43175,1.42823,1.43021,4148,15,0
2025-01-21 00:00:00+00:00,1.43022,1.45156,1.42888,1.4415200000000001,24292,15,0
2025-01-21 04:00:00+00:00,1.44151,1.44538,1.44043,1.4451800000000001,5659,17,0
2025-01-21 08:00:00+00:00,1.4452099999999999,1.44567,1.44146,1.4445700000000001,6929,15,0
2025-01-21 12:00:00+00:00,1.4445700000000001,1.44556,1.43671,1.43777,13600,15,0
2025-01-21 16:00:00+00:00,1.43777,1.4377900000000001,1.43168,1.43342,8040,15,0
2025-01-21 20:00:00+00:00,1.43342,1.43491,1.43113,1.43407,5263,15,0
2025-01-22 00:00:00+00:00,1.43405,1.43405,1.4316,1.43373,5108,15,0
2025-01-22 04:00:00+00:00,1.43373,1.43537,1.43301,1.43349,4080,15,0
2025-01-22 08:00:00+00:00,1.4334799999999999,1.4337,1.43003,1.4333,6570,15,0
2025-01-22 12:00:00+00:00,1.43331,1.43902,1.43276,1.4375200000000001,9375,15,0
2025-01-22 16:00:00+00:00,1.4375200000000001,1.43811,1.4352800000000001,1.43696,6015,15,0
2025-01-22 20:00:00+00:00,1.43698,1.44035,1.43639,1.43951,3353,15,0
2025-01-23 00:00:00+00:00,1.43951,1.4403299999999999,1.43812,1.43911,4501,15,0
2025-01-23 04:00:00+00:00,1.43911,1.44011,1.43856,1.43884,3980,15,0
2025-01-23 08:00:00+00:00,1.43881,1.44012,1.43833,1.43952,5031,15,0
2025-01-23 12:00:00+00:00,1.43951,1.44126,1.43695,1.43791,8996,15,0
2025-01-23 16:00:00+00:00,1.43791,1.44015,1.43337,1.43609,11111,15,0
2025-01-23 20:00:00+00:00,1.43611,1.43842,1.43548,1.4377,3599,15,0
2025-01-24 00:00:00+00:00,1.4377,1.43832,1.4320300000000001,1.43336,5723,15,0
2025-01-24 04:00:00+00:00,1.43339,1.4348,1.43207,1.43434,5971,15,0
2025-01-24 08:00:00+00:00,1.43436,1.43465,1.43141,1.43338,7734,15,0
2025-01-24 12:00:00+00:00,1.4334,1.43491,1.4316900000000001,1.43269,9705,15,0
2025-01-24 16:00:00+00:00,1.43269,1.43464,1.4324,1.43418,6782,15,0
2025-01-24 20:00:00+00:00,1.43419,1.43487,1.43351,1.43445,1817,15,0
2025-01-26 20:00:00+00:00,1.43584,1.43866,1.43577,1.43853,1396,19,0
2025-01-27 00:00:00+00:00,1.43855,1.44007,1.43647,1.43768,5910,15,0
2025-01-27 04:00:00+00:00,1.43766,1.43997,1.43736,1.4399199999999999,5262,15,0
2025-01-27 08:00:00+00:00,1.4399199999999999,1.4399199999999999,1.43466,1.43603,9540,15,0
2025-01-27 12:00:00+00:00,1.43604,1.43947,1.43327,1.43838,11209,15,0
2025-01-27 16:00:00+00:00,1.43837,1.44003,1.4375,1.43766,8473,15,0
2025-01-27 20:00:00+00:00,1.43766,1.44147,1.43654,1.44048,6364,15,0
2025-01-28 00:00:00+00:00,1.44047,1.44067,1.43802,1.43988,6934,15,0
2025-01-28 04:00:00+00:00,1.43988,1.44049,1.43916,1.4403299999999999,3562,15,0
2025-01-28 08:00:00+00:00,1.4403299999999999,1.44159,1.43882,1.44151,6204,15,0
2025-01-28 12:00:00+00:00,1.44151,1.44194,1.4368400000000001,1.43916,8555,15,0
2025-01-28 16:00:00+00:00,1.43916,1.44125,1.43833,1.43944,7061,15,0
2025-01-28 20:00:00+00:00,1.43944,1.44025,1.43902,1.44021,3509,15,0
2025-01-29 00:00:00+00:00,1.44021,1.44085,1.43939,1.43958,3060,15,0
2025-01-29 04:00:00+00:00,1.43958,1.44144,1.43911,1.4413,3710,15,0
2025-01-29 08:00:00+00:00,1.44127,1.44327,1.44074,1.4426999999999999,5575,15,0
2025-01-29 12:00:00+00:00,1.4426999999999999,1.44709,1.44215,1.44428,9992,15,0
2025-01-29 16:00:00+00:00,1.44427,1.4457499999999999,1.44029,1.44198,13996,15,0
2025-01-29 20:00:00+00:00,1.44201,1.44293,1.43914,1.43963,5688,15,0
2025-01-30 00:00:00+00:00,1.43964,1.44191,1.43964,1.4417,3301,15,0
2025-01-30 04:00:00+00:00,1.44171,1.44352,1.44139,1.4417200000000001,3168,15,0
2025-01-30 08:00:00+00:00,1.44169,1.4418199999999999,1.44018,1.44129,5214,17,0
2025-01-30 12:00:00+00:00,1.44131,1.44223,1.4399199999999999,1.4408400000000001,9157,15,0
2025-01-30 16:00:00+00:00,1.44083,1.44217,1.43993,1.44129,5311,15,0
2025-01-30 20:00:00+00:00,1.44128,1.45942,1.44112,1.44923,18763,15,0
2025-01-31 00:00:00+00:00,1.44926,1.45003,1.44715,1.4483,5170,15,0
2025-01-31 04:00:00+00:00,1.4483,1.44872,1.44305,1.44374,4512,15,0
2025-01-31 08:00:00+00:00,1.44374,1.44967,1.44363,1.44861,6775,15,0
2025-01-31 12:00:00+00:00,1.44861,1.4550100000000001,1.44628,1.4481,13868,15,0
2025-01-31 16:00:00+00:00,1.44813,1.45272,1.43705,1.4510100000000001,30709,15,0
2025-01-31 20:00:00+00:00,1.45099,1.45588,1.4494799999999999,1.45255,11602,17,0
2025-02-02 20:00:00+00:00,1.4722,1.47475,1.47025,1.47107,3294,46,0
2025-02-03 00:00:00+00:00,1.47122,1.47925,1.46715,1.47754,21015,17,0
2025-02-03 04:00:00+00:00,1.47751,1.47753,1.46943,1.47162,13425,17,0
2025-02-03 08:00:00+00:00,1.47162,1.4720900000000001,1.46644,1.46736,10717,17,0
2025-02-03 12:00:00+00:00,1.46734,1.47028,1.45444,1.45695,33072,17,0
2025-02-03 16:00:00+00:00,1.45698,1.46434,1.45245,1.45735,26082,17,0
2025-02-03 20:00:00+00:00,1.45732,1.45747,1.43856,1.4421,17840,17,0
2025-02-04 00:00:00+00:00,1.4421,1.44732,1.44169,1.44682,7055,17,0
2025-02-04 04:00:00+00:00,1.44682,1.45023,1.44299,1.44382,7988,17,0
2025-02-04 08:00:00+00:00,1.44379,1.44604,1.44141,1.44342,8491,15,0
2025-02-04 12:00:00+00:00,1.44339,1.44409,1.4327,1.43271,12177,15,0
2025-02-04 16:00:00+00:00,1.43273,1.43499,1.43007,1.43046,9316,15,0
2025-02-04 20:00:00+00:00,1.4304700000000001,1.43384,1.43042,1.43384,3927,15,0
2025-02-05 00:00:00+00:00,1.43381,1.43381,1.43128,1.43314,5158,15,0
2025-02-05 04:00:00+00:00,1.43313,1.43435,1.43046,1.43088,4698,15,0
2025-02-05 08:00:00+00:00,1.43088,1.43096,1.4272,1.42873,7121,15,0
2025-02-05 12:00:00+00:00,1.42873,1.4298899999999999,1.42693,1.42852,11640,15,0
2025-02-05 16:00:00+00:00,1.42855,1.43194,1.42751,1.43145,7269,15,0
2025-02-05 20:00:00+00:00,1.43144,1.43273,1.4304000000000001,1.43148,3282,15,0
2025-02-06 00:00:00+00:00,1.43148,1.4335200000000001,1.43115,1.43333,3663,15,0
2025-02-06 04:00:00+00:00,1.43333,1.43629,1.43315,1.43595,3581,15,0
2025-02-06 08:00:00+00:00,1.43593,1.43658,1.43472,1.43578,5477,15,0
2025-02-06 12:00:00+00:00,1.43581,1.43636,1.43202,1.43208,8671,15,0
2025-02-06 16:00:00+00:00,1.43209,1.43224,1.43006,1.43177,6195,15,0
2025-02-06 20:00:00+00:00,1.43179,1.43185,1.43008,1.43072,2921,15,0
2025-02-07 00:00:00+00:00,1.4307400000000001,1.43177,1.4300899999999999,1.43164,3145,15,0
2025-02-07 04:00:00+00:00,1.43163,1.43259,1.43067,1.4313500000000001,2825,15,0
2025-02-07 08:00:00+00:00,1.43134,1.4335499999999999,1.43039,1.43312,4038,15,0
2025-02-07 12:00:00+00:00,1.43314,1.4344299999999999,1.42793,1.43007,14689,15,0
2025-02-07 16:00:00+00:00,1.4300899999999999,1.43319,1.42729,1.42828,15818,15,0
2025-02-07 20:00:00+00:00,1.42829,1.42972,1.42733,1.4292099999999999,2633,15,0
2025-02-09 20:00:00+00:00,1.43417,1.43703,1.4329100000000001,1.4332,1642,25,0
2025-02-10 00:00:00+00:00,1.43322,1.43576,1.43225,1.43429,5439,15,0
2025-02-10 04:00:00+00:00,1.43429,1.43583,1.43304,1.43469,3777,15,0
2025-02-10 08:00:00+00:00,1.43468,1.4347699999999999,1.43146,1.43397,6012,15,0
2025-02-10 12:00:00+00:00,1.43397,1.43442,1.43188,1.43197,6758,15,0
2025-02-10 16:00:00+00:00,1.43198,1.4325,1.43046,1.43072,5305,15,0
2025-02-10 20:00:00+00:00,1.4307400000000001,1.43383,1.43059,1.4338199999999999,3445,15,0
2025-02-11 00:00:00+00:00,1.4338,1.43398,1.43259,1.4334,2525,15,0
2025-02-11 04:00:00+00:00,1.43339,1.43373,1.43259,1.43327,2586,15,0
2025-02-11 08:00:00+00:00,1.43327,1.4344999999999999,1.4324,1.43273,4336,15,0
2025-02-11 12:00:00+00:00,1.43273,1.43387,1.4307699999999999,1.43136,7747,15,0
2025-02-11 16:00:00+00:00,1.43136,1.43143,1.42785,1.42936,6401,15,0
2025-02-11 20:00:00+00:00,1.42933,1.42943,1.42792,1.42863,3070,15,0
2025-02-12 00:00:00+00:00,1.4286400000000001,1.42956,1.4279,1.42865,2924,15,0
2025-02-12 04:00:00+00:00,1.42865,1.42976,1.42856,1.42909,2817,15,0
2025-02-12 08:00:00+00:00,1.42906,1.43146,1.42863,1.42945,4846,15,0
2025-02-12 12:00:00+00:00,1.42947,1.43417,1.42914,1.4294799999999999,12805,15,0
2025-02-12 16:00:00+00:00,1.4294799999999999,1.43137,1.42551,1.42841,10111,15,0
2025-02-12 20:00:00+00:00,1.42839,1.43089,1.42791,1.42997,3217,15,0
2025-02-13 00:00:00+00:00,1.42998,1.4301599999999999,1.42682,1.42682,3504,15,0
2025-02-13 04:00:00+00:00,1.4268399999999999,1.42741,1.42543,1.42699,4761,15,0
2025-02-13 08:00:00+00:00,1.42698,1.43029,1.42698,1.42934,5925,15,0
2025-02-13 12:00:00+00:00,1.42934,1.43023,1.42103,1.42215,11569,15,0
2025-02-13 16:00:00+00:00,1.4221300000000001,1.42622,1.42115,1.42306,11732,15,0
2025-02-13 20:00:00+00:00,1.42306,1.42326,1.41826,1.41921,4461,15,0
2025-02-14 00:00:00+00:00,1.41922,1.41997,1.41814,1.4182000000000001,4192,15,0
2025-02-14 04:00:00+00:00,1.4182000000000001,1.41913,1.41634,1.41662,3915,15,0
2025-02-14 08:00:00+00:00,1.41663,1.4190800000000001,1.41561,1.41821,5695,15,0
2025-02-14 12:00:00+00:00,1.41822,1.41888,1.41503,1.4166400000000001,9207,15,0
2025-02-14 16:00:00+00:00,1.41663,1.41779,1.41566,1.41594,5349,15,0
2025-02-14 20:00:00+00:00,1.41596,1.41792,1.41593,1.41784,2034,15,0
2025-02-16 20:00:00+00:00,1.41639,1.41894,1.41639,1.41806,1505,17,0
2025-02-17 00:00:00+00:00,1.41809,1.41834,1.4159,1.41706,4443,15,0
2025-02-17 04:00:00+00:00,1.41706,1.41849,1.41619,1.41838,3952,15,0
2025-02-17 08:00:00+00:00,1.41836,1.41933,1.41812,1.4185699999999999,4356,15,0
2025-02-17 12:00:00+00:00,1.41855,1.41923,1.4181,1.41867,4278,15,0
2025-02-17 16:00:00+00:00,1.41866,1.4189,1.41785,1.41839,1878,15,0
2025-02-17 20:00:00+00:00,1.41839,1.41903,1.4179,1.41846,1792,15,0
2025-02-18 00:00:00+00:00,1.41848,1.42058,1.4181599999999999,1.41984,3918,15,0
2025-02-18 04:00:00+00:00,1.41985,1.42078,1.41817,1.41937,3626,15,0
2025-02-18 08:00:00+00:00,1.4194,1.41977,1.4178899999999999,1.41855,5052,15,0
2025-02-18 12:00:00+00:00,1.4185400000000001,1.42122,1.41822,1.41876,7819,15,0
2025-02-18 16:00:00+00:00,1.4187699999999999,1.4196900000000001,1.41837,1.41876,4697,15,0
2025-02-18 20:00:00+00:00,1.41876,1.41948,1.41826,1.41896,2903,15,0
2025-02-19 00:00:00+00:00,1.41895,1.41981,1.4179,1.418,4183,15,0
2025-02-19 04:00:00+00:00,1.418,1.41851,1.41749,1.41851,2632,15,0
2025-02-19 08:00:00+00:00,1.41849,1.42105,1.41835,1.42092,4148,15,0
2025-02-19 12:00:00+00:00,1.42093,1.42208,1.41914,1.42202,8105,15,0
2025-02-19 16:00:00+00:00,1.42204,1.42448,1.4217,1.42304,6703,15,0
2025-02-19 20:00:00+00:00,1.42306,1.42428,1.4224,1.42401,3115,15,0
2025-02-20 00:00:00+00:00,1.4240300000000001,1.42441,1.42201,1.42219,5403,15,0
2025-02-20 04:00:00+00:00,1.42219,1.42296,1.4215499999999999,1.42264,3745,15,0
2025-02-20 08:00:00+00:00,1.42265,1.42265,1.42032,1.42139,4511,15,0
2025-02-20 12:00:00+00:00,1.42139,1.4222299999999999,1.41828,1.41893,9093,15,0
2025-02-20 16:00:00+00:00,1.41893,1.4200300000000001,1.41699,1.41742,6098,15,0
2025-02-20 20:00:00+00:00,1.41739,1.41815,1.41658,1.41745,3137,15,0
2025-02-21 00:00:00+00:00,1.41747,1.41876,1.41678,1.4171,4558,15,0
2025-02-21 04:00:00+00:00,1.41711,1.41941,1.41686,1.41851,3715,15,0
2025-02-21 08:00:00+00:00,1.4184999999999999,1.41986,1.41794,1.41955,5238,15,0
2025-02-21 12:00:00+00:00,1.41954,1.42079,1.41716,1.42023,8149,15,0
2025-02-21 16:00:00+00:00,1.42024,1.4234499999999999,1.41924,1.42286,7693,15,0
2025-02-21 20:00:00+00:00,1.42289,1.42356,1.42207,1.42219,2575,15,0
2025-02-23 20:00:00+00:00,1.4218600000000001,1.42245,1.42042,1.4209800000000001,1514,17,0
2025-02-24 00:00:00+00:00,1.421,1.42127,1.41814,1.4184999999999999,5569,15,0
2025-02-24 04:00:00+00:00,1.4184999999999999,1.41997,1.41833,1.41928,4244,15,0
2025-02-24 08:00:00+00:00,1.41926,1.42201,1.4191799999999999,1.42135,6010,15,0
2025-02-24 12:00:00+00:00,1.42134,1.4243999999999999,1.42061,1.42349,8970,15,0
2025-02-24 16:00:00+00:00,1.42348,1.4239,1.4206400000000001,1.42279,6256,15,0
2025-02-24 20:00:00+00:00,1.4227699999999999,1.42785,1.42245,1.42774,4712,15,0
2025-02-25 00:00:00+00:00,1.42776,1.42785,1.42392,1.4249100000000001,4478,15,0
2025-02-25 04:00:00+00:00,1.4249,1.427,1.42414,1.42687,3953,15,0
2025-02-25 08:00:00+00:00,1.42689,1.42736,1.42425,1.42466,5911,15,0
2025-02-25 12:00:00+00:00,1.42465,1.4294799999999999,1.42447,1.42937,10686,15,0
2025-02-25 16:00:00+00:00,1.42937,1.43158,1.42795,1.43019,9006,15,0
2025-02-25 20:00:00+00:00,1.43017,1.4316499999999999,1.4291,1.43011,4013,15,0
2025-02-26 00:00:00+00:00,1.43011,1.43258,1.42936,1.43245,4212,15,0
2025-02-26 04:00:00+00:00,1.43245,1.4332799999999999,1.43163,1.43285,3857,15,0
2025-02-26 08:00:00+00:00,1.43285,1.43441,1.43166,1.43417,4894,15,0
2025-02-26 12:00:00+00:00,1.43417,1.4356499999999999,1.43247,1.43489,8181,15,0
2025-02-26 16:00:00+00:00,1.43487,1.43656,1.42985,1.43333,13845,15,0
2025-02-26 20:00:00+00:00,1.43331,1.43675,1.43311,1.4337900000000001,3766,15,0
2025-02-27 00:00:00+00:00,1.4337900000000001,1.43588,1.4337900000000001,1.43581,4455,15,0
2025-02-27 04:00:00+00:00,1.43578,1.43625,1.43336,1.4338199999999999,4165,15,0
2025-02-27 08:00:00+00:00,1.43381,1.43429,1.43216,1.43396,5340,15,0
2025-02-27 12:00:00+00:00,1.43396,1.44367,1.4332799999999999,1.44263,17345,15,0
2025-02-27 16:00:00+00:00,1.44262,1.44418,1.4411800000000001,1.44403,8490,15,0
2025-02-27 20:00:00+00:00,1.44404,1.44483,1.44323,1.44458,3690,15,0
2025-02-28 00:00:00+00:00,1.44455,1.44519,1.44288,1.4445700000000001,5607,15,0
2025-02-28 04:00:00+00:00,1.4445700000000001,1.4452099999999999,1.44361,1.44415,4251,15,0
2025-02-28 08:00:00+00:00,1.44415,1.44501,1.44282,1.44295,5415,15,0
2025-02-28 12:00:00+00:00,1.44295,1.44471,1.43991,1.44022,10421,15,0
2025-02-28 16:00:00+00:00,1.44022,1.44617,1.44005,1.44583,10124,15,0
2025-02-28 20:00:00+00:00,1.44583,1.44707,1.4455200000000001,1.44666,2803,15,0
2025-03-02 20:00:00+00:00,1.4441,1.44463,1.44347,1.44432,2005,17,0
2025-03-03 00:00:00+00:00,1.44433,1.44522,1.44298,1.44433,5158,17,0
2025-03-03 04:00:00+00:00,1.44432,1.44523,1.44337,1.44398,3517,15,0
2025-03-03 08:00:00+00:00,1.44398,1.44458,1.4420899999999999,1.44342,5841,15,0
2025-03-03 12:00:00+00:00,1.44343,1.4439,1.4368400000000001,1.44006,11169,15,0
2025-03-03 16:00:00+00:00,1.44005,1.4499900000000001,1.4396499999999999,1.44991,15521,15,0
2025-03-03 20:00:00+00:00,1.4499,1.45408,1.4477,1.44935,9696,15,0
2025-03-04 00:00:00+00:00,1.44936,1.45054,1.44827,1.45027,7247,17,0
2025-03-04 04:00:00+00:00,1.45025,1.4521,1.44699,1.44854,7781,15,0
2025-03-04 08:00:00+00:00,1.44855,1.45023,1.44061,1.44075,9458,15,0
2025-03-04 12:00:00+00:00,1.44074,1.45014,1.44071,1.44976,15761,15,0
2025-03-04 16:00:00+00:00,1.44973,1.45423,1.44845,1.44874,15711,15,0
2025-03-04 20:00:00+00:00,1.44876,1.44876,1.43697,1.43981,12441,15,0
2025-03-05 00:00:00+00:00,1.43981,1.4449100000000001,1.43971,1.44241,10426,17,0
2025-03-05 04:00:00+00:00,1.44241,1.44325,1.43887,1.44015,6301,17,0
2025-03-05 08:00:00+00:00,1.44018,1.44122,1.43767,1.4393099999999999,8471,15,0
2025-03-05 12:00:00+00:00,1.43929,1.44355,1.43412,1.43945,18749,15,0
2025-03-05 16:00:00+00:00,1.43946,1.44188,1.43303,1.43351,17884,15,0
2025-03-05 20:00:00+00:00,1.43354,1.43449,1.43283,1.43394,4000,15,0
2025-03-06 00:00:00+00:00,1.43394,1.43527,1.43088,1.43272,5612,15,0
2025-03-06 04:00:00+00:00,1.43272,1.43444,1.43236,1.43437,5634,15,0
2025-03-06 08:00:00+00:00,1.43438,1.43673,1.43391,1.43632,9124,15,0
2025-03-06 12:00:00+00:00,1.43632,1.4376,1.4261,1.42691,16430,15,0
2025-03-06 16:00:00+00:00,1.42689,1.43174,1.42392,1.43023,13753,15,0
2025-03-06 20:00:00+00:00,1.43024,1.43134,1.42873,1.42931,4958,15,0
2025-03-07 00:00:00+00:00,1.42932,1.43106,1.42877,1.43092,4675,15,0
2025-03-07 04:00:00+00:00,1.43092,1.43188,1.42972,1.43029,4614,15,0
2025-03-07 08:00:00+00:00,1.43026,1.43197,1.42789,1.43177,6941,15,0
2025-03-07 12:00:00+00:00,1.43175,1.43759,1.43118,1.43613,15894,15,0
2025-03-07 16:00:00+00:00,1.43616,1.44256,1.43616,1.43648,13521,15,0
2025-03-07 20:00:00+00:00,1.43646,1.43827,1.43587,1.43701,3093,15,0
2025-03-09 20:00:00+00:00,1.43576,1.4384700000000001,1.43576,1.43729,3245,17,0
2025-03-10 00:00:00+00:00,1.43728,1.43778,1.4353799999999999,1.43663,5369,15,0
2025-03-10 04:00:00+00:00,1.43663,1.43698,1.4356900000000001,1.4359199999999999,4769,15,0
2025-03-10 08:00:00+00:00,1.4359,1.4393799999999999,1.43526,1.4393799999999999,9021,15,0
2025-03-10 12:00:00+00:00,1.43941,1.44336,1.43875,1.4430399999999999,12666,15,0
2025-03-10 16:00:00+00:00,1.44303,1.44717,1.44226,1.44394,9501,15,0
2025-03-10 20:00:00+00:00,1.44393,1.44492,1.4426,1.44263,3590,15,0
2025-03-11 00:00:00+00:00,1.44261,1.44465,1.4415499999999999,1.44285,6975,17,0
2025-03-11 04:00:00+00:00,1.44285,1.4445299999999999,1.4409399999999999,1.44132,6561,15,0
2025-03-11 08:00:00+00:00,1.44135,1.44254,1.43984,1.43986,7925,15,0
2025-03-11 12:00:00+00:00,1.43986,1.45202,1.4393,1.44627,18585,15,0
2025-03-11 16:00:00+00:00,1.44628,1.45037,1.43788,1.4411100000000001,15669,15,0
2025-03-11 20:00:00+00:00,1.44113,1.44345,1.44041,1.44345,3354,15,0
2025-03-12 00:00:00+00:00,1.44346,1.4448699999999999,1.44268,1.44483,4442,17,0
2025-03-12 04:00:00+00:00,1.44483,1.44841,1.44384,1.44506,4739,15,0
2025-03-12 08:00:00+00:00,1.44508,1.44586,1.44064,1.44115,6959,15,0
2025-03-12 12:00:00+00:00,1.44113,1.44295,1.43667,1.43971,15883,15,0
2025-03-12 16:00:00+00:00,1.43967,1.44009,1.4352800000000001,1.43754,9020,15,0
2025-03-12 20:00:00+00:00,1.43756,1.43776,1.43585,1.43587,2149,15,0
2025-03-13 00:00:00+00:00,1.43588,1.43868,1.43586,1.4386700000000001,4241,15,0
2025-03-13 04:00:00+00:00,1.43869,1.44037,1.43836,1.43964,5377,15,0
2025-03-13 08:00:00+00:00,1.43961,1.44003,1.43662,1.43776,7659,15,0
2025-03-13 12:00:00+00:00,1.43776,1.44056,1.43698,1.43985,13739,15,0
2025-03-13 16:00:00+00:00,1.43982,1.44509,1.43959,1.44345,10190,15,0
2025-03-13 20:00:00+00:00,1.44342,1.4442300000000001,1.4423,1.44264,3187,15,0
2025-03-14 00:00:00+00:00,1.4426700000000001,1.44408,1.44256,1.4426999999999999,4966,15,0
2025-03-14 04:00:00+00:00,1.44271,1.44357,1.44165,1.44214,5066,15,0
2025-03-14 08:00:00+00:00,1.44214,1.4435799999999999,1.44101,1.44187,7962,15,0
2025-03-14 12:00:00+00:00,1.44184,1.44237,1.43759,1.43783,11672,15,0
2025-03-14 16:00:00+00:00,1.4378199999999999,1.43937,1.43575,1.4362599999999999,7205,15,0
2025-03-14 20:00:00+00:00,1.43629,1.43798,1.43548,1.4369,1598,15,0
2025-03-16 20:00:00+00:00,1.43711,1.43768,1.43542,1.43729,1926,17,0
2025-03-17 00:00:00+00:00,1.43731,1.4378,1.43644,1.43742,3999,15,0
2025-03-17 04:00:00+00:00,1.43741,1.43797,1.43595,1.43625,4502,15,0
2025-03-17 08:00:00+00:00,1.43627,1.43699,1.43464,1.43475,5378,15,0
2025-03-17 12:00:00+00:00,1.43476,1.43506,1.4289100000000001,1.42988,9377,15,0
2025-03-17 16:00:00+00:00,1.4298899999999999,1.43019,1.42749,1.42827,5355,15,0
2025-03-17 20:00:00+00:00,1.42825,1.4299,1.42818,1.4298,2456,15,0
2025-03-18 00:00:00+00:00,1.4298,1.43068,1.42882,1.43046,3358,15,0
2025-03-18 04:00:00+00:00,1.4304700000000001,1.4307,1.42909,1.42933,3005,15,0
2025-03-18 08:00:00+00:00,1.42933,1.42975,1.42719,1.4286699999999999,5058,15,0
2025-03-18 12:00:00+00:00,1.4286699999999999,1.43181,1.42663,1.43115,10613,15,0
2025-03-18 16:00:00+00:00,1.43115,1.43188,1.4291800000000001,1.4294799999999999,6515,15,0
2025-03-18 20:00:00+00:00,1.42945,1.43025,1.42916,1.42992,2298,15,0
2025-03-19 00:00:00+00:00,1.42992,1.43125,1.42951,1.43092,2754,15,0
2025-03-19 04:00:00+00:00,1.43092,1.43306,1.43068,1.4326400000000001,3754,15,0
2025-03-19 08:00:00+00:00,1.4326400000000001,1.43341,1.43075,1.43184,5531,15,0
2025-03-19 12:00:00+00:00,1.43184,1.43371,1.43089,1.4329,6806,15,0
2025-03-19 16:00:00+00:00,1.4329,1.43484,1.4307400000000001,1.43238,9635,15,0
2025-03-19 20:00:00+00:00,1.43239,1.43312,1.43117,1.4322300000000001,2688,15,0
2025-03-20 00:00:00+00:00,1.4322300000000001,1.4334500000000001,1.4317,1.43237,4541,15,0
2025-03-20 04:00:00+00:00,1.43237,1.43486,1.4319600000000001,1.43403,3280,15,0
2025-03-20 08:00:00+00:00,1.43402,1.439,1.4338600000000001,1.43749,5951,15,0
2025-03-20 12:00:00+00:00,1.43749,1.44007,1.43266,1.43272,8456,15,0
2025-03-20 16:00:00+00:00,1.43272,1.43354,1.4312,1.4315,5605,15,0
2025-03-20 20:00:00+00:00,1.43153,1.43295,1.43145,1.43242,2152,15,0
2025-03-21 00:00:00+00:00,1.43242,1.43282,1.43141,1.43266,3441,15,0
2025-03-21 04:00:00+00:00,1.43266,1.43432,1.4317199999999999,1.43219,3596,15,0
2025-03-21 08:00:00+00:00,1.43222,1.43437,1.43131,1.4337,4795,15,0
2025-03-21 12:00:00+00:00,1.4337,1.4372099999999999,1.43312,1.43571,8551,15,0
2025-03-21 16:00:00+00:00,1.43573,1.4359899999999999,1.43317,1.43419,5686,15,0
2025-03-21 20:00:00+00:00,1.43422,1.43575,1.43368,1.43556,1212,15,0
2025-03-23 20:00:00+00:00,1.4344700000000001,1.43494,1.43244,1.4333,1706,17,0
2025-03-24 00:00:00+00:00,1.43327,1.43479,1.43262,1.43465,3488,15,0
2025-03-24 04:00:00+00:00,1.43466,1.435,1.43258,1.4331,3343,15,0
2025-03-24 08:00:00+00:00,1.43308,1.43381,1.43145,1.43249,4360,15,0
2025-03-24 12:00:00+00:00,1.43252,1.43456,1.42885,1.4293,8304,15,0
2025-03-24 16:00:00+00:00,1.42929,1.43269,1.42916,1.4316900000000001,6651,15,0
2025-03-24 20:00:00+00:00,1.43168,1.4320599999999999,1.43086,1.43159,1943,15,0
2025-03-25 00:00:00+00:00,1.43159,1.43265,1.43106,1.4316900000000001,3304,15,0
2025-03-25 04:00:00+00:00,1.43168,1.43312,1.43154,1.43235,2980,15,0
2025-03-25 08:00:00+00:00,1.43236,1.4332,1.42802,1.42853,5414,15,0
2025-03-25 12:00:00+00:00,1.4285,1.43131,1.4270399999999999,1.43079,7026,15,0
2025-03-25 16:00:00+00:00,1.4308,1.43084,1.42788,1.42788,4998,15,0
2025-03-25 20:00:00+00:00,1.4279,1.4285700000000001,1.42717,1.42729,2445,15,0
2025-03-26 00:00:00+00:00,1.42727,1.42975,1.42697,1.42737,3991,15,0
2025-03-26 04:00:00+00:00,1.42737,1.42789,1.42465,1.42499,3811,15,0
2025-03-26 08:00:00+00:00,1.42497,1.42577,1.42443,1.42536,4428,15,0
2025-03-26 12:00:00+00:00,1.42534,1.42715,1.4234499999999999,1.4255200000000001,8226,15,0
2025-03-26 16:00:00+00:00,1.4255200000000001,1.42968,1.42546,1.42817,7254,15,0
2025-03-26 20:00:00+00:00,1.42818,1.43095,1.42621,1.42957,3923,15,0
2025-03-27 00:00:00+00:00,1.4296,1.42974,1.42619,1.42663,4601,15,0
2025-03-27 04:00:00+00:00,1.42663,1.42969,1.4258899999999999,1.42969,4892,15,0
2025-03-27 08:00:00+00:00,1.42969,1.43051,1.42751,1.42758,5929,15,0
2025-03-27 12:00:00+00:00,1.4276,1.43281,1.42752,1.43178,9955,15,0
2025-03-27 16:00:00+00:00,1.43178,1.43209,1.42991,1.43102,6217,15,0
2025-03-27 20:00:00+00:00,1.4310399999999999,1.43117,1.42993,1.43065,1820,15,0
2025-03-28 00:00:00+00:00,1.43067,1.43152,1.43067,1.43118,3160,15,0
2025-03-28 04:00:00+00:00,1.43117,1.4328400000000001,1.4309,1.43276,3063,15,0
2025-03-28 08:00:00+00:00,1.43277,1.43323,1.43183,1.43197,4179,15,0
2025-03-28 12:00:00+00:00,1.43197,1.43256,1.42759,1.42834,11907,15,0
2025-03-28 16:00:00+00:00,1.42834,1.43236,1.42757,1.43155,7028,15,0
2025-03-28 20:00:00+00:00,1.43156,1.43224,1.43127,1.43174,1802,15,0
2025-03-30 20:00:00+00:00,1.43025,1.4324,1.42998,1.43093,2795,17,0
2025-03-31 00:00:00+00:00,1.43093,1.43182,1.4298600000000001,1.43175,5105,15,0
2025-03-31 04:00:00+00:00,1.43175,1.43429,1.43089,1.43376,5151,15,0
2025-03-31 08:00:00+00:00,1.43375,1.43604,1.43359,1.43514,4951,15,0
2025-03-31 12:00:00+00:00,1.43515,1.43945,1.43515,1.43793,9570,15,0
2025-03-31 16:00:00+00:00,1.43791,1.43894,1.43649,1.4387699999999999,6725,15,0
2025-03-31 20:00:00+00:00,1.43876,1.43954,1.4381300000000001,1.43902,2441,15,0
2025-04-01 00:00:00+00:00,1.43902,1.4399600000000001,1.43769,1.4380600000000001,3981,15,0
2025-04-01 04:00:00+00:00,1.4381,1.44021,1.43722,1.44003,4403,15,0
2025-04-01 08:00:00+00:00,1.44005,1.44034,1.4365700000000001,1.43934,5487,15,0
2025-04-01 12:00:00+00:00,1.43934,1.44144,1.43049,1.43168,12504,15,0
2025-04-01 16:00:00+00:00,1.43166,1.43433,1.4307,1.43071,8102,15,0
2025-04-01 20:00:00+00:00,1.43073,1.43143,1.42883,1.42934,3126,15,0
2025-04-02 00:00:00+00:00,1.42935,1.43069,1.42919,1.43011,4057,15,0
2025-04-02 04:00:00+00:00,1.43011,1.43167,1.42927,1.43041,4082,15,0
2025-04-02 08:00:00+00:00,1.43042,1.4331,1.42987,1.43187,4543,15,0
2025-04-02 12:00:00+00:00,1.43184,1.43338,1.42956,1.4310399999999999,9899,15,0
2025-04-02 16:00:00+00:00,1.43105,1.4329100000000001,1.43071,1.43185,6947,15,0
2025-04-02 20:00:00+00:00,1.43182,1.43666,1.42147,1.4216199999999999,20250,15,0
2025-04-03 00:00:00+00:00,1.42165,1.42578,1.42165,1.42448,12492,15,0
2025-04-03 04:00:00+00:00,1.42448,1.4255,1.41645,1.41648,10088,15,0
2025-04-03 08:00:00+00:00,1.41648,1.41655,1.40838,1.40922,13795,15,0
2025-04-03 12:00:00+00:00,1.4092500000000001,1.41029,1.40266,1.40637,22328,15,0
2025-04-03 16:00:00+00:00,1.40637,1.41035,1.40449,1.40848,11595,15,0
2025-04-03 20:00:00+00:00,1.40846,1.40965,1.40757,1.40829,4123,15,0
2025-04-04 00:00:00+00:00,1.40826,1.40985,1.4053,1.4081000000000001,8343,15,0
2025-04-04 04:00:00+00:00,1.4081000000000001,1.41491,1.4077,1.41466,9643,15,0
2025-04-04 08:00:00+00:00,1.41467,1.42083,1.41268,1.41837,19727,15,0
2025-04-04 12:00:00+00:00,1.4184,1.42413,1.41702,1.41948,31849,15,0
2025-04-04 16:00:00+00:00,1.41947,1.42535,1.41812,1.42291,20746,15,0
2025-04-04 20:00:00+00:00,1.42288,1.4258,1.42172,1.4227400000000001,3131,15,0
2025-04-06 20:00:00+00:00,1.42416,1.42679,1.42051,1.42416,8557,15,0
2025-04-07 00:00:00+00:00,1.42413,1.4257900000000001,1.4219300000000001,1.42374,15428,15,0
2025-04-07 04:00:00+00:00,1.42374,1.42554,1.41955,1.42233,14398,15,0
2025-04-07 08:00:00+00:00,1.42233,1.42686,1.42123,1.42574,15621,15,0
2025-04-07 12:00:00+00:00,1.42573,1.4295499999999999,1.41787,1.42256,35159,15,0
2025-04-07 16:00:00+00:00,1.42257,1.42504,1.4184700000000001,1.42416,20606,15,0
2025-04-07 20:00:00+00:00,1.42414,1.42538,1.42317,1.42384,4624,15,0
2025-04-08 00:00:00+00:00,1.42387,1.42405,1.4165,1.4170099999999999,9995,15,0
2025-04-08 04:00:00+00:00,1.41703,1.4191799999999999,1.41496,1.4191500000000001,10266,15,0
2025-04-08 08:00:00+00:00,1.41912,1.42032,1.41669,1.41761,11863,15,0
2025-04-08 12:00:00+00:00,1.4175900000000001,1.42226,1.41425,1.41985,17688,15,0
2025-04-08 16:00:00+00:00,1.41982,1.4261300000000001,1.41807,1.42485,18868,15,0
2025-04-08 20:00:00+00:00,1.42488,1.4271099999999999,1.42415,1.42556,5321,15,0
2025-04-09 00:00:00+00:00,1.42558,1.42728,1.42053,1.42426,12415,15,0
2025-04-09 04:00:00+00:00,1.42426,1.42481,1.41926,1.4200599999999999,15260,15,0
2025-04-09 08:00:00+00:00,1.4200300000000001,1.42228,1.4175900000000001,1.42017,16165,15,0
2025-04-09 12:00:00+00:00,1.42013,1.42113,1.41318,1.41876,20339,15,0
2025-04-09 16:00:00+00:00,1.41873,1.41903,1.40744,1.41112,30196,15,0
2025-04-09 20:00:00+00:00,1.41109,1.41212,1.40732,1.41022,7460,15,0
2025-04-10 00:00:00+00:00,1.4102299999999999,1.41092,1.40757,1.40784,10393,15,0
2025-04-10 04:00:00+00:00,1.40787,1.40858,1.40515,1.4062299999999999,9450,15,0
2025-04-10 08:00:00+00:00,1.4062000000000001,1.40944,1.40493,1.40832,11167,15,0
2025-04-10 12:00:00+00:00,1.40835,1.40876,1.39911,1.40102,19362,15,0
2025-04-10 16:00:00+00:00,1.40104,1.40179,1.39509,1.39773,18766,15,0
2025-04-10 20:00:00+00:00,1.39776,1.4003,1.39512,1.39519,7347,15,0
2025-04-11 00:00:00+00:00,1.3952200000000001,1.39631,1.39071,1.3949,19677,15,0
2025-04-11 04:00:00+00:00,1.39489,1.39841,1.38936,1.38968,14550,15,0
2025-04-11 08:00:00+00:00,1.38968,1.39326,1.38719,1.38772,17955,15,0
2025-04-11 12:00:00+00:00,1.38775,1.39287,1.3838599999999999,1.3896600000000001,26457,15,0
2025-04-11 16:00:00+00:00,1.3896600000000001,1.39325,1.38714,1.38891,13208,15,0
2025-04-11 20:00:00+00:00,1.38892,1.38909,1.3856600000000001,1.38626,1700,15,0
2025-04-13 20:00:00+00:00,1.38535,1.38838,1.38497,1.3874,3707,15,0
2025-04-14 00:00:00+00:00,1.38742,1.3877,1.38486,1.38572,8657,15,0
2025-04-14 04:00:00+00:00,1.38572,1.3875899999999999,1.38281,1.38341,7682,15,0
2025-04-14 08:00:00+00:00,1.38339,1.38739,1.38313,1.3867099999999999,6560,15,0
2025-04-14 12:00:00+00:00,1.3866800000000001,1.39031,1.38615,1.3893900000000001,11717,15,0
2025-04-14 16:00:00+00:00,1.38936,1.39101,1.38626,1.38716,9053,15,0
2025-04-14 20:00:00+00:00,1.38717,1.3908,1.38683,1.39004,3705,15,0
2025-04-15 00:00:00+00:00,1.39006,1.3902,1.38684,1.38721,5490,15,0
2025-04-15 04:00:00+00:00,1.3872200000000001,1.38777,1.38501,1.38584,6207,15,0
2025-04-15 08:00:00+00:00,1.38582,1.3878300000000001,1.38494,1.3872,6658,15,0
2025-04-15 12:00:00+00:00,1.3872,1.39573,1.38677,1.39448,12753,15,0
2025-04-15 16:00:00+00:00,1.39447,1.3976899999999999,1.39406,1.39658,7022,15,0
2025-04-15 20:00:00+00:00,1.3966,1.39663,1.39497,1.39574,3385,15,0
2025-04-16 00:00:00+00:00,1.39574,1.39593,1.39394,1.39395,5042,15,0
2025-04-16 04:00:00+00:00,1.39395,1.39419,1.39118,1.39119,6102,15,0
2025-04-16 08:00:00+00:00,1.39118,1.39237,1.39031,1.39216,7344,15,0
2025-04-16 12:00:00+00:00,1.39216,1.39295,1.38727,1.38831,11637,15,0
2025-04-16 16:00:00+00:00,1.38831,1.38979,1.38584,1.38617,9452,15,0
2025-04-16 20:00:00+00:00,1.38615,1.3875,1.38528,1.3859,3567,15,0
2025-04-17 00:00:00+00:00,1.3859,1.38865,1.38552,1.38862,4883,15,0
2025-04-17 04:00:00+00:00,1.38862,1.38958,1.38649,1.38706,5123,15,0
2025-04-17 08:00:00+00:00,1.38709,1.39054,1.38675,1.39001,5441,15,0
2025-04-17 12:00:00+00:00,1.39002,1.39002,1.38497,1.38563,10359,15,0
2025-04-17 16:00:00+00:00,1.38563,1.38602,1.38277,1.38392,6608,15,0
2025-04-17 20:00:00+00:00,1.38394,1.38415,1.38213,1.38415,3189,15,0
2025-04-18 00:00:00+00:00,1.38414,1.38582,1.3838599999999999,1.38572,10196,61,0
2025-04-18 04:00:00+00:00,1.38575,1.38638,1.38436,1.3862,8981,61,0
2025-04-18 08:00:00+00:00,1.38625,1.38647,1.38411,1.3856899999999999,7166,62,0
2025-04-18 12:00:00+00:00,1.38562,1.38616,1.38385,1.38419,4373,123,0
2025-04-18 16:00:00+00:00,1.38419,1.38479,1.3834,1.3838599999999999,3647,153,0
2025-04-18 20:00:00+00:00,1.3838599999999999,1.38394,1.38238,1.38276,1784,155,0
2025-04-20 20:00:00+00:00,1.3844400000000001,1.38465,1.38216,1.38247,2544,15,0
2025-04-21 00:00:00+00:00,1.38249,1.38257,1.3794,1.37955,5544,15,0
2025-04-21 04:00:00+00:00,1.37955,1.38031,1.37907,1.3798300000000001,4215,15,0
2025-04-21 08:00:00+00:00,1.3798300000000001,1.38144,1.3780700000000001,1.38069,5037,15,0
2025-04-21 12:00:00+00:00,1.38069,1.38187,1.37846,1.3817300000000001,8518,15,0
2025-04-21 16:00:00+00:00,1.3817300000000001,1.38492,1.38162,1.38341,5860,15,0
2025-04-21 20:00:00+00:00,1.38339,1.38432,1.38317,1.3833,2667,15,0
2025-04-22 00:00:00+00:00,1.3833,1.3845100000000001,1.38002,1.38053,5026,15,0
2025-04-22 04:00:00+00:00,1.38052,1.38205,1.37926,1.38109,6127,15,0
2025-04-22 08:00:00+00:00,1.38107,1.38469,1.3808500000000001,1.3842400000000001,5902,15,0
2025-04-22 12:00:00+00:00,1.38423,1.3860999999999999,1.3801,1.3801,8596,15,0
2025-04-22 16:00:00+00:00,1.38009,1.3832200000000001,1.3796300000000001,1.3824,7360,15,0
2025-04-22 20:00:00+00:00,1.3824,1.38595,1.38072,1.3847800000000001,6118,15,0
2025-04-23 00:00:00+00:00,1.3848,1.3848,1.38195,1.38397,5829,15,0
2025-04-23 04:00:00+00:00,1.38397,1.38465,1.3808799999999999,1.38171,5365,15,0
2025-04-23 08:00:00+00:00,1.3816899999999999,1.38353,1.37976,1.38232,5863,15,0
2025-04-23 12:00:00+00:00,1.38231,1.3895,1.38192,1.3893900000000001,13334,15,0
2025-04-23 16:00:00+00:00,1.38938,1.3904,1.38807,1.3886,7246,15,0
2025-04-23 20:00:00+00:00,1.3886,1.38891,1.38694,1.38744,3340,15,0
2025-04-24 00:00:00+00:00,1.38742,1.38807,1.38624,1.38707,4980,15,0
2025-04-24 04:00:00+00:00,1.38708,1.38743,1.38401,1.38407,5130,15,0
2025-04-24 08:00:00+00:00,1.38406,1.3864,1.38394,1.38639,5568,15,0
2025-04-24 12:00:00+00:00,1.3864,1.3896600000000001,1.38497,1.38892,9190,15,0
2025-04-24 16:00:00+00:00,1.3889,1.38982,1.38466,1.38562,5339,15,0
2025-04-24 20:00:00+00:00,1.38563,1.38588,1.38419,1.3855,2670,15,0
2025-04-25 00:00:00+00:00,1.38552,1.38724,1.38548,1.38706,4055,15,0
2025-04-25 04:00:00+00:00,1.38706,1.38887,1.38579,1.38772,5253,15,0
2025-04-25 08:00:00+00:00,1.38772,1.38918,1.38707,1.38727,5490,15,0
2025-04-25 12:00:00+00:00,1.3872900000000001,1.38753,1.38492,1.3858,7000,15,0
2025-04-25 16:00:00+00:00,1.3858,1.38753,1.38538,1.38605,4823,15,0
2025-04-25 20:00:00+00:00,1.38605,1.38619,1.38494,1.3852,771,15,0
2025-04-27 20:00:00+00:00,1.3857599999999999,1.38717,1.38483,1.38704,1896,15,0
2025-04-28 00:00:00+00:00,1.38703,1.38841,1.3868800000000001,1.38745,3324,15,0
2025-04-28 04:00:00+00:00,1.38745,1.38867,1.38619,1.38805,4081,15,0
2025-04-28 08:00:00+00:00,1.38803,1.38919,1.38629,1.38659,4524,15,0
2025-04-28 12:00:00+00:00,1.38657,1.38717,1.38243,1.38582,8458,15,0
2025-04-28 16:00:00+00:00,1.38582,1.38614,1.38159,1.38175,5782,15,0
2025-04-28 20:00:00+00:00,1.38175,1.38354,1.38165,1.38317,2830,15,0
2025-04-29 00:00:00+00:00,1.38317,1.3866100000000001,1.38079,1.3857,5659,15,0
2025-04-29 04:00:00+00:00,1.3856899999999999,1.38709,1.38186,1.38191,5095,15,0
2025-04-29 08:00:00+00:00,1.38191,1.3851499999999999,1.38159,1.38487,5024,15,0
2025-04-29 12:00:00+00:00,1.38487,1.38667,1.38272,1.38536,8051,15,0
2025-04-29 16:00:00+00:00,1.38536,1.38595,1.3835899999999999,1.38365,4622,15,0
2025-04-29 20:00:00+00:00,1.38367,1.3839299999999999,1.38224,1.38252,2500,15,0
2025-04-30 00:00:00+00:00,1.38252,1.38455,1.38196,1.38413,3174,15,0
2025-04-30 04:00:00+00:00,1.38413,1.3841700000000001,1.38167,1.38317,3474,15,0
2025-04-30 08:00:00+00:00,1.38314,1.38427,1.38252,1.38311,4200,15,0
2025-04-30 12:00:00+00:00,1.3831,1.3854600000000001,1.38021,1.38079,10549,15,0
2025-04-30 16:00:00+00:00,1.38077,1.3818,1.37694,1.37846,6660,15,0
2025-04-30 20:00:00+00:00,1.3784399999999999,1.38007,1.37818,1.37934,2837,15,0
2025-05-01 00:00:00+00:00,1.37934,1.37999,1.37836,1.3795899999999999,2907,15,0
2025-05-01 04:00:00+00:00,1.3795899999999999,1.38154,1.37923,1.3812,3814,15,0
2025-05-01 08:00:00+00:00,1.3812,1.38245,1.38063,1.38172,3524,15,0
2025-05-01 12:00:00+00:00,1.3817300000000001,1.38616,1.37957,1.3847800000000001,9232,15,0
2025-05-01 16:00:00+00:00,1.38477,1.3860700000000001,1.38349,1.38432,5214,15,0
2025-05-01 20:00:00+00:00,1.38432,1.38548,1.38371,1.3848099999999999,2401,15,0
2025-05-02 00:00:00+00:00,1.3848,1.38494,1.38144,1.3816,3849,15,0
2025-05-02 04:00:00+00:00,1.3816,1.38233,1.3802400000000001,1.38165,4144,15,0
2025-05-02 08:00:00+00:00,1.38165,1.38338,1.38046,1.3820299999999999,5154,15,0
2025-05-02 12:00:00+00:00,1.38204,1.3839000000000001,1.37596,1.37913,12514,15,0
2025-05-02 16:00:00+00:00,1.37913,1.38165,1.37815,1.38076,6168,15,0
2025-05-02 20:00:00+00:00,1.3807800000000001,1.38196,1.38065,1.3817599999999999,791,15,0
2025-05-04 20:00:00+00:00,1.37914,1.38276,1.37894,1.38243,1899,15,0
2025-05-05 00:00:00+00:00,1.38242,1.38283,1.37933,1.3805100000000001,4143,15,0
2025-05-05 04:00:00+00:00,1.3805100000000001,1.38181,1.37877,1.38152,4444,15,0
2025-05-05 08:00:00+00:00,1.38155,1.38161,1.3786100000000001,1.37979,4930,15,0
2025-05-05 12:00:00+00:00,1.3798,1.38289,1.37894,1.3811200000000001,8318,15,0
2025-05-05 16:00:00+00:00,1.38111,1.38208,1.38073,1.38114,3842,15,0
2025-05-05 20:00:00+00:00,1.38114,1.38247,1.38095,1.38222,1869,15,0
2025-05-06 00:00:00+00:00,1.38222,1.38445,1.38206,1.38228,4339,15,0
2025-05-06 04:00:00+00:00,1.38228,1.38303,1.38091,1.3814,4236,15,0
2025-05-06 08:00:00+00:00,1.38143,1.3832,1.38019,1.38033,4923,15,0
2025-05-06 12:00:00+00:00,1.38031,1.3808500000000001,1.37706,1.37748,7251,15,0
2025-05-06 16:00:00+00:00,1.37747,1.37896,1.37499,1.37694,6579,15,0
2025-05-06 20:00:00+00:00,1.37694,1.37822,1.37631,1.37709,4332,15,0
2025-05-07 00:00:00+00:00,1.37709,1.3798,1.37672,1.3791,5181,15,0
2025-05-07 04:00:00+00:00,1.3791,1.37967,1.37821,1.3784,3869,15,0
2025-05-07 08:00:00+00:00,1.37839,1.3802699999999999,1.3780700000000001,1.3792900000000001,4045,15,0
2025-05-07 12:00:00+00:00,1.3792900000000001,1.38058,1.37724,1.3773900000000001,6883,15,0
2025-05-07 16:00:00+00:00,1.3774,1.38364,1.3774,1.38299,8760,15,0
2025-05-07 20:00:00+00:00,1.3829799999999999,1.38388,1.38273,1.3835899999999999,2427,15,0
2025-05-08 00:00:00+00:00,1.3835899999999999,1.3835899999999999,1.3813,1.38263,4364,15,0
2025-05-08 04:00:00+00:00,1.38263,1.38826,1.38245,1.3862999999999999,5380,15,0
2025-05-08 08:00:00+00:00,1.38628,1.38978,1.3857599999999999,1.38885,6040,15,0
2025-05-08 12:00:00+00:00,1.38885,1.39184,1.38683,1.39142,9052,15,0
2025-05-08 16:00:00+00:00,1.3914,1.39322,1.39134,1.39194,5240,15,0
2025-05-08 20:00:00+00:00,1.39192,1.39257,1.39145,1.3923,2030,15,0
2025-05-09 00:00:00+00:00,1.39231,1.39419,1.39181,1.3921700000000001,4244,15,0
2025-05-09 04:00:00+00:00,1.39218,1.39254,1.39118,1.39143,3606,15,0
2025-05-09 08:00:00+00:00,1.3914,1.39208,1.3909500000000001,1.39111,3722,15,0
2025-05-09 12:00:00+00:00,1.39111,1.3941,1.39059,1.39259,7047,15,0
2025-05-09 16:00:00+00:00,1.39259,1.39439,1.39192,1.3930500000000001,4047,15,0
2025-05-09 20:00:00+00:00,1.3930799999999999,1.3939599999999999,1.3927800000000001,1.39378,712,15,0
2025-05-11 20:00:00+00:00,1.38984,1.39313,1.38956,1.39275,2259,15,0
2025-05-12 00:00:00+00:00,1.39273,1.39404,1.39207,1.39218,5005,15,0
2025-05-12 04:00:00+00:00,1.39218,1.39755,1.39139,1.39695,7241,15,0
2025-05-12 08:00:00+00:00,1.39695,1.39868,1.3952200000000001,1.39758,7278,15,0
2025-05-12 12:00:00+00:00,1.39759,1.4007,1.39755,1.40038,7965,15,0
2025-05-12 16:00:00+00:00,1.40038,1.4015,1.39818,1.39868,4606,15,0
2025-05-12 20:00:00+00:00,1.39869,1.3989099999999999,1.39697,1.3973499999999999,2281,15,0
2025-05-13 00:00:00+00:00,1.3973499999999999,1.39868,1.39634,1.39638,4129,15,0
2025-05-13 04:00:00+00:00,1.3963700000000001,1.39878,1.39575,1.39862,4133,15,0
2025-05-13 08:00:00+00:00,1.39862,1.39947,1.39797,1.3993,4204,15,0
2025-05-13 12:00:00+00:00,1.3993,1.40155,1.3956,1.39589,10328,15,0
2025-05-13 16:00:00+00:00,1.39588,1.39687,1.39317,1.39329,4783,15,0
2025-05-13 20:00:00+00:00,1.39326,1.39412,1.3926,1.39329,2121,15,0
2025-05-14 00:00:00+00:00,1.39329,1.39388,1.39196,1.39199,3983,15,0
2025-05-14 04:00:00+00:00,1.39199,1.39356,1.39175,1.39234,4157,15,0
2025-05-14 08:00:00+00:00,1.39232,1.39397,1.39009,1.3938,6503,15,0
2025-05-14 12:00:00+00:00,1.39379,1.39784,1.39257,1.3963999999999999,8201,15,0
2025-05-14 16:00:00+00:00,1.39638,1.39839,1.39587,1.39753,5593,15,0
2025-05-14 20:00:00+00:00,1.39754,1.39855,1.3967800000000001,1.39775,1935,15,0
2025-05-15 00:00:00+00:00,1.39776,1.39776,1.39587,1.39645,3618,15,0
2025-05-15 04:00:00+00:00,1.39645,1.39873,1.39635,1.39836,4251,15,0
2025-05-15 08:00:00+00:00,1.39838,1.39904,1.3976600000000001,1.39841,4108,15,0
2025-05-15 12:00:00+00:00,1.39839,1.40028,1.39755,1.39898,7729,15,0
2025-05-15 16:00:00+00:00,1.39898,1.4003999999999999,1.39593,1.39594,4477,15,0
2025-05-15 20:00:00+00:00,1.39595,1.39643,1.39514,1.39557,2017,15,0
2025-05-16 00:00:00+00:00,1.39557,1.39567,1.3942,1.39449,3434,15,0
2025-05-16 04:00:00+00:00,1.39449,1.39529,1.39348,1.39453,3061,15,0
2025-05-16 08:00:00+00:00,1.3945400000000001,1.39651,1.3945400000000001,1.39649,3650,15,0
2025-05-16 12:00:00+00:00,1.39649,1.39912,1.39489,1.39904,6277,15,0
2025-05-16 16:00:00+00:00,1.39904,1.3994900000000001,1.3980299999999999,1.3980299999999999,3442,15,0
2025-05-16 20:00:00+00:00,1.3980299999999999,1.39807,1.39629,1.39677,978,15,0
2025-05-18 20:00:00+00:00,1.39632,1.3968099999999999,1.39512,1.39524,1874,15,0
2025-05-19 00:00:00+00:00,1.39524,1.39709,1.3951,1.3969,3483,15,0
2025-05-19 04:00:00+00:00,1.39691,1.39722,1.39477,1.39529,3576,15,0
2025-05-19 08:00:00+00:00,1.39528,1.3961000000000001,1.39388,1.3939300000000001,4277,15,0
2025-05-19 12:00:00+00:00,1.39391,1.39513,1.39166,1.3946100000000001,6500,15,0
2025-05-19 16:00:00+00:00,1.3946,1.39646,1.39409,1.39533,3702,15,0
2025-05-19 20:00:00+00:00,1.39533,1.39608,1.39404,1.39575,1910,15,0
2025-05-20 00:00:00+00:00,1.39578,1.39679,1.39562,1.39573,3390,15,0
2025-05-20 04:00:00+00:00,1.39573,1.39641,1.39328,1.39348,4461,15,0
2025-05-20 08:00:00+00:00,1.39348,1.39481,1.39316,1.3945699999999999,3462,15,0
2025-05-20 12:00:00+00:00,1.3946,1.39603,1.3917,1.39421,8135,15,0
2025-05-20 16:00:00+00:00,1.39422,1.3948800000000001,1.39138,1.39142,4165,15,0
2025-05-20 20:00:00+00:00,1.39143,1.39177,1.39075,1.39083,1969,15,0
2025-05-21 00:00:00+00:00,1.39084,1.39106,1.38859,1.3889,3970,15,0
2025-05-21 04:00:00+00:00,1.3889,1.38941,1.38781,1.3884699999999999,4563,15,0
2025-05-21 08:00:00+00:00,1.3884400000000001,1.38978,1.38676,1.38899,4603,15,0
2025-05-21 12:00:00+00:00,1.38896,1.389,1.38219,1.38221,9158,15,0
2025-05-21 16:00:00+00:00,1.38224,1.3862999999999999,1.38134,1.38615,7190,15,0
2025-05-21 20:00:00+00:00,1.38615,1.38711,1.38545,1.38612,2212,15,0
2025-05-22 00:00:00+00:00,1.3860999999999999,1.3860999999999999,1.38456,1.38523,3861,15,0
2025-05-22 04:00:00+00:00,1.38523,1.38692,1.38458,1.3856,4316,15,0
2025-05-22 08:00:00+00:00,1.38563,1.38839,1.3847800000000001,1.38651,5015,15,0
2025-05-22 12:00:00+00:00,1.38651,1.38883,1.38559,1.38571,8521,15,0
2025-05-22 16:00:00+00:00,1.3856899999999999,1.3872200000000001,1.38545,1.38647,4294,15,0
2025-05-22 20:00:00+00:00,1.38647,1.38649,1.38529,1.3858,2048,15,0
2025-05-23 00:00:00+00:00,1.3858,1.38584,1.38297,1.38307,2951,15,0
2025-05-23 04:00:00+00:00,1.38307,1.38316,1.38087,1.38135,3376,15,0
2025-05-23 08:00:00+00:00,1.38137,1.38223,1.38023,1.38189,5880,15,0
2025-05-23 12:00:00+00:00,1.38187,1.38334,1.37506,1.37568,10394,15,0
2025-05-23 16:00:00+00:00,1.37569,1.37588,1.37086,1.37242,5691,15,0
2025-05-23 20:00:00+00:00,1.37242,1.37311,1.37239,1.373,824,15,0
2025-05-25 20:00:00+00:00,1.3726099999999999,1.37377,1.37198,1.37358,2396,15,0
2025-05-26 00:00:00+00:00,1.37357,1.37357,1.36894,1.36999,4493,15,0
2025-05-26 04:00:00+00:00,1.37,1.37109,1.36856,1.37026,4208,15,0
2025-05-26 08:00:00+00:00,1.37024,1.37223,1.3697599999999999,1.37165,3578,15,0
2025-05-26 12:00:00+00:00,1.37164,1.37345,1.37145,1.37286,3768,15,0
2025-05-26 16:00:00+00:00,1.37286,1.37385,1.3728500000000001,1.37357,1150,15,0
2025-05-26 20:00:00+00:00,1.37357,1.3737599999999999,1.37314,1.37358,1380,15,0
2025-05-27 00:00:00+00:00,1.37358,1.37382,1.37215,1.3736,3039,15,0
2025-05-27 04:00:00+00:00,1.37362,1.3768,1.37309,1.3765399999999999,4648,15,0
2025-05-27 08:00:00+00:00,1.37652,1.37687,1.37573,1.3765800000000001,4362,15,0
2025-05-27 12:00:00+00:00,1.37656,1.37786,1.3754,1.37762,7304,15,0
2025-05-27 16:00:00+00:00,1.37762,1.38269,1.37704,1.38215,4444,15,0
2025-05-27 20:00:00+00:00,1.38217,1.38352,1.38022,1.38094,2437,15,0
2025-05-28 00:00:00+00:00,1.38094,1.38283,1.3801,1.38238,4490,15,0
2025-05-28 04:00:00+00:00,1.38239,1.38379,1.3814899999999999,1.3820299999999999,4022,15,0
2025-05-28 08:00:00+00:00,1.38201,1.38315,1.38114,1.38283,4024,15,0
2025-05-28 12:00:00+00:00,1.38283,1.38439,1.38082,1.3820000000000001,8430,15,0
2025-05-28 16:00:00+00:00,1.38197,1.38364,1.38168,1.38364,4125,15,0
2025-05-28 20:00:00+00:00,1.38365,1.38602,1.38301,1.3853,3761,15,0
2025-05-29 00:00:00+00:00,1.38529,1.3860999999999999,1.3842400000000001,1.38475,6219,15,0
2025-05-29 04:00:00+00:00,1.38477,1.38564,1.38161,1.38182,4986,15,0
2025-05-29 08:00:00+00:00,1.38182,1.38346,1.38163,1.38279,4626,15,0
2025-05-29 12:00:00+00:00,1.38277,1.38281,1.37845,1.38091,9257,15,0
2025-05-29 16:00:00+00:00,1.38091,1.3811499999999999,1.37962,1.38084,4283,15,0
2025-05-29 20:00:00+00:00,1.3808500000000001,1.3810799999999999,1.38031,1.38065,2033,15,0
2025-05-30 00:00:00+00:00,1.38064,1.3825,1.38,1.38223,4525,15,0
2025-05-30 04:00:00+00:00,1.38222,1.3829099999999999,1.38106,1.3816899999999999,3778,15,0
2025-05-30 08:00:00+00:00,1.38167,1.38229,1.38073,1.3807800000000001,4292,15,0
2025-05-30 12:00:00+00:00,1.3807800000000001,1.38132,1.37387,1.37477,10008,15,0
2025-05-30 16:00:00+00:00,1.37476,1.3762699999999999,1.37133,1.37244,5622,15,0
2025-05-30 20:00:00+00:00,1.37245,1.37426,1.37212,1.37387,822,15,0
2025-06-01 20:00:00+00:00,1.37304,1.37395,1.3721700000000001,1.37248,1808,15,0
2025-06-02 00:00:00+00:00,1.37249,1.37282,1.3703699999999999,1.37228,4018,15,0
2025-06-02 04:00:00+00:00,1.37226,1.37252,1.3674,1.36807,4266,15,0
2025-06-02 08:00:00+00:00,1.36809,1.37101,1.3674,1.37058,5324,15,0
2025-06-02 12:00:00+00:00,1.37058,1.37125,1.3689,1.36992,9128,15,0
2025-06-02 16:00:00+00:00,1.3699,1.3723,1.36986,1.37015,4631,15,0
2025-06-02 20:00:00+00:00,1.37016,1.3719000000000001,1.37005,1.3710200000000001,2071,15,0
2025-06-03 00:00:00+00:00,1.3710200000000001,1.37344,1.3710200000000001,1.37341,3778,15,0
2025-06-03 04:00:00+00:00,1.37341,1.37387,1.3722699999999999,1.3731499999999999,3721,15,0
2025-06-03 08:00:00+00:00,1.3731200000000001,1.37411,1.3721999999999999,1.37386,4259,15,0
2025-06-03 12:00:00+00:00,1.3738299999999999,1.37422,1.3700700000000001,1.37214,7387,15,0
2025-06-03 16:00:00+00:00,1.37214,1.37308,1.37135,1.37191,3521,15,0
2025-06-03 20:00:00+00:00,1.37189,1.3722400000000001,1.37128,1.37151,1819,15,0
2025-06-04 00:00:00+00:00,1.3715,1.37225,1.37054,1.37191,3548,15,0
2025-06-04 04:00:00+00:00,1.37191,1.3731,1.3709799999999999,1.37168,3917,15,0
2025-06-04 08:00:00+00:00,1.3716599999999999,1.37209,1.37031,1.37061,3760,15,0
2025-06-04 12:00:00+00:00,1.37062,1.37096,1.36612,1.367,9058,15,0
2025-06-04 16:00:00+00:00,1.36699,1.3681,1.36517,1.36809,3928,15,0
2025-06-04 20:00:00+00:00,1.36809,1.3685,1.36712,1.36811,2288,15,0
2025-06-05 00:00:00+00:00,1.3681,1.36828,1.36691,1.36825,3599,15,0
2025-06-05 04:00:00+00:00,1.36825,1.36834,1.36589,1.36708,3658,15,0
2025-06-05 08:00:00+00:00,1.36708,1.3671,1.36523,1.36595,3769,15,0
2025-06-05 12:00:00+00:00,1.36597,1.36715,1.3633899999999999,1.3667099999999999,9433,15,0
2025-06-05 16:00:00+00:00,1.3667099999999999,1.36747,1.36559,1.36648,5087,15,0
2025-06-05 20:00:00+00:00,1.36648,1.36758,1.3663699999999999,1.3666800000000001,1581,15,0
2025-06-06 00:00:00+00:00,1.36669,1.36701,1.36598,1.3663,2540,15,0
2025-06-06 04:00:00+00:00,1.3663,1.3671,1.36603,1.3667500000000001,3026,15,0
2025-06-06 08:00:00+00:00,1.3667500000000001,1.36898,1.3667500000000001,1.36877,3530,15,0
2025-06-06 12:00:00+00:00,1.36878,1.37038,1.36661,1.36856,11341,15,0
2025-06-06 16:00:00+00:00,1.36856,1.37027,1.36837,1.36954,4354,15,0
2025-06-06 20:00:00+00:00,1.36954,1.37003,1.36902,1.36941,722,15,0
2025-06-08 20:00:00+00:00,1.3689200000000001,1.36991,1.36856,1.3692,1326,15,0
2025-06-09 00:00:00+00:00,1.3692,1.36955,1.36764,1.36856,2618,15,0
2025-06-09 04:00:00+00:00,1.36856,1.36887,1.36772,1.36814,2678,15,0
2025-06-09 08:00:00+00:00,1.36812,1.3686099999999999,1.36689,1.36813,3356,15,0
2025-06-09 12:00:00+00:00,1.3681,1.37067,1.3672900000000001,1.36764,6611,15,0
2025-06-09 16:00:00+00:00,1.36764,1.36872,1.367,1.36848,3323,15,0
2025-06-09 20:00:00+00:00,1.36848,1.37031,1.36848,1.37002,1921,15,0
2025-06-10 00:00:00+00:00,1.37,1.3715,1.36937,1.37005,3820,15,0
2025-06-10 04:00:00+00:00,1.37004,1.37279,1.36991,1.37199,4453,15,0
2025-06-10 08:00:00+00:00,1.37201,1.37203,1.3686,1.3692199999999999,3643,15,0
2025-06-10 12:00:00+00:00,1.36924,1.36931,1.36674,1.36835,6668,15,0
2025-06-10 16:00:00+00:00,1.36835,1.3692199999999999,1.3670900000000001,1.36734,3684,15,0
2025-06-10 20:00:00+00:00,1.36734,1.36772,1.3663699999999999,1.36679,2357,15,0
2025-06-11 00:00:00+00:00,1.36679,1.36828,1.36653,1.3676300000000001,2979,15,0
2025-06-11 04:00:00+00:00,1.3676300000000001,1.36834,1.36735,1.36748,2900,15,0
2025-06-11 08:00:00+00:00,1.36747,1.36879,1.3673600000000001,1.36794,4033,15,0
2025-06-11 12:00:00+00:00,1.36796,1.36895,1.36496,1.36632,8090,15,0
2025-06-11 16:00:00+00:00,1.36631,1.36719,1.3649200000000001,1.36654,4565,15,0
2025-06-11 20:00:00+00:00,1.36656,1.36741,1.36606,1.36657,1936,15,0
2025-06-12 00:00:00+00:00,1.36658,1.36725,1.36577,1.3658000000000001,3558,15,0
2025-06-12 04:00:00+00:00,1.3658000000000001,1.36747,1.36442,1.36661,3691,15,0
2025-06-12 08:00:00+00:00,1.36661,1.36712,1.3624800000000001,1.36358,5974,15,0
2025-06-12 12:00:00+00:00,1.36358,1.3637299999999999,1.36082,1.36166,6834,15,0
2025-06-12 16:00:00+00:00,1.36163,1.36168,1.35991,1.36051,3154,15,0
2025-06-12 20:00:00+00:00,1.36053,1.36077,1.35948,1.35952,1876,15,0
2025-06-13 00:00:00+00:00,1.35954,1.36449,1.35919,1.36313,8680,15,0
2025-06-13 04:00:00+00:00,1.36313,1.3651,1.36168,1.36195,6012,15,0
2025-06-13 08:00:00+00:00,1.36195,1.36499,1.3612,1.3633199999999999,6939,15,0
2025-06-13 12:00:00+00:00,1.3633199999999999,1.36334,1.35742,1.35757,9532,15,0
2025-06-13 16:00:00+00:00,1.35757,1.36003,1.3565800000000001,1.35842,6599,15,0
2025-06-13 20:00:00+00:00,1.35845,1.35961,1.35774,1.35805,1620,15,0
2025-06-15 20:00:00+00:00,1.35786,1.35947,1.35763,1.35822,3275,15,0
2025-06-16 00:00:00+00:00,1.35824,1.36063,1.35803,1.36055,4515,15,0
2025-06-16 04:00:00+00:00,1.36055,1.36055,1.35713,1.35737,5052,15,0
2025-06-16 08:00:00+00:00,1.35737,1.35773,1.35637,1.35654,3836,15,0
2025-06-16 12:00:00+00:00,1.35654,1.35677,1.35394,1.35564,8108,15,0
2025-06-16 16:00:00+00:00,1.35562,1.35794,1.35494,1.35775,3965,15,0
2025-06-16 20:00:00+00:00,1.35776,1.3578999999999999,1.3566,1.35727,2211,15,0
2025-06-17 00:00:00+00:00,1.35727,1.3581400000000001,1.35693,1.35731,4534,15,0
2025-06-17 04:00:00+00:00,1.35731,1.35826,1.35666,1.35691,4009,15,0
2025-06-17 08:00:00+00:00,1.3569200000000001,1.3571900000000001,1.35561,1.35613,4118,15,0
2025-06-17 12:00:00+00:00,1.35614,1.35993,1.3557299999999999,1.3587500000000001,7116,15,0
2025-06-17 16:00:00+00:00,1.3587500000000001,1.36525,1.35835,1.36456,7302,15,0
2025-06-17 20:00:00+00:00,1.36456,1.36927,1.36446,1.36833,4198,15,0
2025-06-18 00:00:00+00:00,1.3683100000000001,1.36833,1.3660999999999999,1.36636,4533,15,0
2025-06-18 04:00:00+00:00,1.36636,1.3667799999999999,1.36506,1.36606,4319,15,0
2025-06-18 08:00:00+00:00,1.36606,1.36713,1.36563,1.36586,4258,15,0
2025-06-18 12:00:00+00:00,1.36586,1.36952,1.36338,1.36847,9118,15,0
2025-06-18 16:00:00+00:00,1.36844,1.37018,1.3655300000000001,1.36997,10329,15,0
2025-06-18 20:00:00+00:00,1.36995,1.37026,1.36846,1.3696,2858,15,0
2025-06-19 00:00:00+00:00,1.3696,1.37211,1.36945,1.37104,4211,15,0
2025-06-19 04:00:00+00:00,1.37104,1.37292,1.37066,1.37232,4400,15,0
2025-06-19 08:00:00+00:00,1.37232,1.37255,1.37023,1.37064,4550,15,0
2025-06-19 12:00:00+00:00,1.37064,1.37457,1.37031,1.37361,6212,15,0
2025-06-19 16:00:00+00:00,1.37362,1.374,1.3696,1.36982,2322,15,0
2025-06-19 20:00:00+00:00,1.36982,1.37053,1.36936,1.36947,2201,15,0
2025-06-20 00:00:00+00:00,1.3694899999999999,1.37015,1.36868,1.36904,4324,15,0
2025-06-20 04:00:00+00:00,1.36904,1.37101,1.36881,1.37042,3727,15,0
2025-06-20 08:00:00+00:00,1.3704100000000001,1.37107,1.36917,1.3705,3936,15,0
2025-06-20 12:00:00+00:00,1.3705,1.3746,1.3705,1.37386,8099,15,0
2025-06-20 16:00:00+00:00,1.37384,1.3740999999999999,1.3719299999999999,1.37399,4693,15,0
2025-06-20 20:00:00+00:00,1.374,1.3746399999999999,1.37304,1.3732199999999999,875,15,0
2025-06-22 20:00:00+00:00,1.37401,1.37594,1.37369,1.37406,2944,15,0
2025-06-23 00:00:00+00:00,1.37406,1.37662,1.37377,1.37646,5304,15,0
2025-06-23 04:00:00+00:00,1.37646,1.37664,1.37424,1.37542,5262,15,0
2025-06-23 08:00:00+00:00,1.37542,1.37974,1.37534,1.37809,5648,15,0
2025-06-23 12:00:00+00:00,1.3780999999999999,1.37911,1.37246,1.37737,9786,15,0
2025-06-23 16:00:00+00:00,1.37735,1.3779,1.37295,1.3734199999999999,8580,15,0
2025-06-23 20:00:00+00:00,1.37344,1.3738000000000001,1.37218,1.37294,3728,15,0
2025-06-24 00:00:00+00:00,1.37294,1.3734,1.37171,1.3719000000000001,4580,15,0
2025-06-24 04:00:00+00:00,1.37191,1.37303,1.3709500000000001,1.3721700000000001,4875,15,0
2025-06-24 08:00:00+00:00,1.3721700000000001,1.37236,1.37073,1.37138,3739,15,0
2025-06-24 12:00:00+00:00,1.3713899999999999,1.37209,1.36782,1.3712,8226,15,0
2025-06-24 16:00:00+00:00,1.3712,1.37293,1.37048,1.3725,4323,15,0
2025-06-24 20:00:00+00:00,1.37252,1.3728,1.37137,1.37256,2187,15,0
2025-06-25 00:00:00+00:00,1.37256,1.373,1.37173,1.37294,3515,15,0
2025-06-25 04:00:00+00:00,1.37294,1.37369,1.3721700000000001,1.37272,3439,15,0
2025-06-25 08:00:00+00:00,1.3727,1.37344,1.37205,1.3731,3234,15,0
2025-06-25 12:00:00+00:00,1.37313,1.37539,1.3728500000000001,1.3750200000000001,6403,15,0
2025-06-25 16:00:00+00:00,1.37504,1.37504,1.37178,1.37191,5149,15,0
2025-06-25 20:00:00+00:00,1.3719299999999999,1.3729,1.37113,1.37119,2268,15,0
2025-06-26 00:00:00+00:00,1.37117,1.37215,1.37004,1.37112,3715,15,0
2025-06-26 04:00:00+00:00,1.37112,1.3722400000000001,1.36977,1.37023,4427,15,0
2025-06-26 08:00:00+00:00,1.37023,1.37032,1.36767,1.3685100000000001,5078,15,0
2025-06-26 12:00:00+00:00,1.36848,1.36902,1.3625099999999999,1.363,9635,15,0
2025-06-26 16:00:00+00:00,1.36303,1.36409,1.36173,1.36344,5041,15,0
2025-06-26 20:00:00+00:00,1.36343,1.3646099999999999,1.36315,1.36418,2435,15,0
2025-06-27 00:00:00+00:00,1.36416,1.36467,1.36345,1.3639299999999999,3386,15,0
2025-06-27 04:00:00+00:00,1.36392,1.36491,1.3627099999999999,1.36396,3623,15,0
2025-06-27 08:00:00+00:00,1.36396,1.3662,1.36368,1.3646,3756,15,0
2025-06-27 12:00:00+00:00,1.3646099999999999,1.36669,1.36402,1.36658,8259,15,0
2025-06-27 16:00:00+00:00,1.3666,1.37588,1.36625,1.3699,11355,15,0
2025-06-27 20:00:00+00:00,1.36992,1.37058,1.36772,1.36792,1475,15,0
2025-06-29 20:00:00+00:00,1.36807,1.36914,1.36757,1.36815,2187,15,0
2025-06-30 00:00:00+00:00,1.36815,1.36991,1.36566,1.3679299999999999,5385,15,0
2025-06-30 04:00:00+00:00,1.36792,1.36812,1.36531,1.3673,4968,15,0
2025-06-30 08:00:00+00:00,1.3673199999999999,1.3682,1.36647,1.3667799999999999,3973,15,0
2025-06-30 12:00:00+00:00,1.36677,1.36775,1.36171,1.36194,9783,15,0
2025-06-30 16:00:00+00:00,1.36195,1.3643,1.36157,1.3620999999999999,5492,15,0
2025-06-30 20:00:00+00:00,1.3620700000000001,1.36236,1.35994,1.3606,2513,15,0
2025-07-01 00:00:00+00:00,1.3606,1.36179,1.3602400000000001,1.36104,2937,15,0
2025-07-01 04:00:00+00:00,1.36104,1.36108,1.3598,1.35982,3638,15,0
2025-07-01 08:00:00+00:00,1.35982,1.36109,1.35906,1.36066,4449,15,0
2025-07-01 12:00:00+00:00,1.36066,1.36655,1.36055,1.36588,8854,15,0
2025-07-01 16:00:00+00:00,1.36586,1.36664,1.36448,1.36453,4469,15,0
2025-07-01 20:00:00+00:00,1.36453,1.3648500000000001,1.36414,1.36442,1599,15,0
2025-07-02 00:00:00+00:00,1.36442,1.36521,1.36377,1.36465,2670,15,0
2025-07-02 04:00:00+00:00,1.36465,1.36581,1.36436,1.36496,3232,15,0
2025-07-02 08:00:00+00:00,1.36496,1.36536,1.36352,1.36459,3556,15,0
2025-07-02 12:00:00+00:00,1.36459,1.36563,1.36208,1.36209,9207,15,0
2025-07-02 16:00:00+00:00,1.36209,1.3624800000000001,1.3588,1.35883,4430,15,0
2025-07-02 20:00:00+00:00,1.35881,1.35935,1.3583,1.35877,1772,15,0
2025-07-03 00:00:00+00:00,1.35877,1.35949,1.35786,1.3594,2971,15,0
2025-07-03 04:00:00+00:00,1.35941,1.36005,1.35865,1.35921,2737,15,0
2025-07-03 08:00:00+00:00,1.3592,1.35949,1.35782,1.35892,3185,15,0
2025-07-03 12:00:00+00:00,1.35894,1.36232,1.35559,1.35594,11381,15,0
2025-07-03 16:00:00+00:00,1.35592,1.35886,1.35568,1.35806,2561,15,0
2025-07-03 20:00:00+00:00,1.35808,1.3588,1.35736,1.35747,1916,15,0
2025-07-04 00:00:00+00:00,1.35746,1.35811,1.35701,1.35777,2653,15,0
2025-07-04 04:00:00+00:00,1.35777,1.3593199999999999,1.3566099999999999,1.35926,3374,15,0
2025-07-04 08:00:00+00:00,1.35924,1.35955,1.35853,1.35897,3133,15,0
2025-07-04 12:00:00+00:00,1.35897,1.36121,1.35887,1.36041,4270,15,0
2025-07-04 16:00:00+00:00,1.36041,1.36164,1.36011,1.3607,4843,15,0
2025-07-04 20:00:00+00:00,1.36071,1.36078,1.35964,1.35967,2824,15,0
2025-07-06 20:00:00+00:00,1.35969,1.36077,1.35896,1.36032,1531,15,0
2025-07-07 00:00:00+00:00,1.36033,1.3628,1.35969,1.36254,3883,15,0
2025-07-07 04:00:00+00:00,1.36254,1.36656,1.36245,1.36656,3711,15,0
2025-07-07 08:00:00+00:00,1.36657,1.36849,1.3651499999999999,1.36545,4167,15,0
2025-07-07 12:00:00+00:00,1.36544,1.36592,1.3630499999999999,1.36455,6430,15,0
2025-07-07 16:00:00+00:00,1.36455,1.3682699999999999,1.36437,1.36657,6834,15,0
2025-07-07 20:00:00+00:00,1.36656,1.36819,1.3663699999999999,1.36645,2436,15,0
2025-07-08 00:00:00+00:00,1.36647,1.3665,1.36467,1.36497,3465,15,0
2025-07-08 04:00:00+00:00,1.365,1.3661699999999999,1.3638,1.36385,4388,15,0
2025-07-08 08:00:00+00:00,1.36387,1.36562,1.3638,1.36562,3283,15,0
2025-07-08 12:00:00+00:00,1.36563,1.36891,1.36504,1.36726,6898,15,0
2025-07-08 16:00:00+00:00,1.36725,1.36937,1.3672,1.36833,6430,15,0
2025-07-08 20:00:00+00:00,1.36835,1.36835,1.36581,1.36684,2147,15,0
2025-07-09 00:00:00+00:00,1.36683,1.36875,1.3668,1.36872,3694,15,0
2025-07-09 04:00:00+00:00,1.36872,1.3692199999999999,1.3665,1.36879,4264,15,0
2025-07-09 08:00:00+00:00,1.36879,1.37086,1.3679999999999999,1.3708,3432,15,0
2025-07-09 12:00:00+00:00,1.3708,1.37093,1.36762,1.3694600000000001,6983,15,0
2025-07-09 16:00:00+00:00,1.36945,1.3699,1.36857,1.3685800000000001,3085,15,0
2025-07-09 20:00:00+00:00,1.3685800000000001,1.36968,1.36798,1.36853,2062,15,0
2025-07-10 00:00:00+00:00,1.36853,1.36879,1.3673199999999999,1.36807,2925,15,0
2025-07-10 04:00:00+00:00,1.3681,1.3686,1.36633,1.3671,3279,15,0
2025-07-10 08:00:00+00:00,1.36708,1.36883,1.36679,1.36869,2877,15,0
2025-07-10 12:00:00+00:00,1.36866,1.3707799999999999,1.36802,1.36828,6500,15,0
2025-07-10 16:00:00+00:00,1.36828,1.36848,1.36636,1.3663699999999999,3456,15,0
2025-07-10 20:00:00+00:00,1.3663699999999999,1.36652,1.36498,1.36552,1608,15,0
2025-07-11 00:00:00+00:00,1.3655300000000001,1.373,1.36536,1.36903,10666,15,0
2025-07-11 04:00:00+00:00,1.36903,1.37006,1.36846,1.3691499999999999,3935,15,0
2025-07-11 08:00:00+00:00,1.3691200000000001,1.37052,1.3685399999999999,1.36952,3960,15,0
2025-07-11 12:00:00+00:00,1.36955,1.37112,1.36514,1.36784,8926,15,0
2025-07-11 16:00:00+00:00,1.36784,1.36909,1.36689,1.36837,4167,15,0
2025-07-11 20:00:00+00:00,1.36836,1.3695300000000001,1.36762,1.36901,1153,15,0
2025-07-13 20:00:00+00:00,1.3691900000000001,1.37039,1.36846,1.36864,2062,15,0
2025-07-14 00:00:00+00:00,1.36864,1.37012,1.36749,1.36925,3608,15,0
2025-07-14 04:00:00+00:00,1.36926,1.37016,1.36757,1.36778,3845,15,0
2025-07-14 08:00:00+00:00,1.36778,1.36852,1.36693,1.36752,3306,15,0
2025-07-14 12:00:00+00:00,1.36752,1.37001,1.36699,1.3694600000000001,6322,15,0
2025-07-14 16:00:00+00:00,1.36945,1.37074,1.36889,1.36972,3991,15,0
2025-07-14 20:00:00+00:00,1.3697,1.37083,1.36945,1.37057,2130,15,0
2025-07-15 00:00:00+00:00,1.37058,1.37069,1.36933,1.36972,3218,15,0
2025-07-15 04:00:00+00:00,1.36972,1.37026,1.36873,1.36874,3100,15,0
2025-07-15 08:00:00+00:00,1.36873,1.36925,1.36795,1.36875,3113,15,0
2025-07-15 12:00:00+00:00,1.36875,1.37284,1.3671,1.37134,9189,15,0
2025-07-15 16:00:00+00:00,1.3713199999999999,1.37291,1.3709799999999999,1.37212,4158,15,0
2025-07-15 20:00:00+00:00,1.3721,1.37248,1.37118,1.3716,2014,15,0
2025-07-16 00:00:00+00:00,1.3716,1.37215,1.37084,1.37198,2495,15,0
2025-07-16 04:00:00+00:00,1.37198,1.37201,1.37059,1.37148,2851,15,0
2025-07-16 08:00:00+00:00,1.37146,1.37283,1.37116,1.37273,2919,15,0
2025-07-16 12:00:00+00:00,1.37271,1.37548,1.36795,1.37069,12994,15,0
2025-07-16 16:00:00+00:00,1.3707099999999999,1.3712900000000001,1.3682,1.36836,7358,15,0
2025-07-16 20:00:00+00:00,1.36838,1.36905,1.3675899999999999,1.36894,2082,15,0
2025-07-17 00:00:00+00:00,1.36895,1.37194,1.3688799999999999,1.3715,3758,15,0
2025-07-17 04:00:00+00:00,1.3715,1.3745,1.37093,1.37431,3863,15,0
2025-07-17 08:00:00+00:00,1.37431,1.37695,1.37386,1.37625,3313,15,0
2025-07-17 12:00:00+00:00,1.37625,1.37736,1.37409,1.3749500000000001,7045,15,0
2025-07-17 16:00:00+00:00,1.3749500000000001,1.3761700000000001,1.37424,1.37443,3542,15,0
2025-07-17 20:00:00+00:00,1.3744399999999999,1.37528,1.37357,1.37359,2206,15,0
2025-07-18 00:00:00+00:00,1.37358,1.37409,1.37289,1.37397,2550,15,0
2025-07-18 04:00:00+00:00,1.37397,1.37419,1.3732,1.37323,2303,15,0
2025-07-18 08:00:00+00:00,1.3732199999999999,1.37333,1.37152,1.37214,2802,15,0
2025-07-18 12:00:00+00:00,1.37214,1.37264,1.3695,1.37118,6626,15,0
2025-07-18 16:00:00+00:00,1.37116,1.3734899999999999,1.37107,1.37249,3894,15,0
2025-07-18 20:00:00+00:00,1.37249,1.37313,1.37216,1.37216,531,15,0
2025-07-20 20:00:00+00:00,1.37112,1.37297,1.3708,1.37231,2157,15,0
2025-07-21 00:00:00+00:00,1.3723,1.37339,1.37211,1.37221,2623,15,0
2025-07-21 04:00:00+00:00,1.37221,1.37292,1.37138,1.37259,2734,15,0
2025-07-21 08:00:00+00:00,1.37259,1.3728,1.37015,1.37051,3232,15,0
2025-07-21 12:00:00+00:00,1.37052,1.3716599999999999,1.36779,1.3688500000000001,5585,15,0
2025-07-21 16:00:00+00:00,1.3688500000000001,1.36916,1.36826,1.36837,2720,15,0
2025-07-21 20:00:00+00:00,1.36837,1.36845,1.36746,1.36755,1612,15,0
2025-07-22 00:00:00+00:00,1.36755,1.36897,1.36749,1.36877,2191,15,0
2025-07-22 04:00:00+00:00,1.36877,1.3694600000000001,1.3685,1.36901,2287,15,0
2025-07-22 08:00:00+00:00,1.36901,1.36923,1.36719,1.36735,2977,15,0
2025-07-22 12:00:00+00:00,1.36735,1.36825,1.36157,1.36161,6943,15,0
2025-07-22 16:00:00+00:00,1.36161,1.36198,1.36022,1.36032,4238,15,0
2025-07-22 20:00:00+00:00,1.36033,1.36076,1.35954,1.36042,2041,15,0
2025-07-23 00:00:00+00:00,1.36042,1.36053,1.35927,1.35998,3257,15,0
2025-07-23 04:00:00+00:00,1.35998,1.361,1.35888,1.35891,3101,15,0
2025-07-23 08:00:00+00:00,1.35891,1.35896,1.3575,1.35776,2970,15,0
2025-07-23 12:00:00+00:00,1.35776,1.36284,1.35775,1.36087,6232,15,0
2025-07-23 16:00:00+00:00,1.3609,1.36234,1.3594300000000001,1.35946,4707,15,0
2025-07-23 20:00:00+00:00,1.35946,1.36064,1.35935,1.36016,2102,15,0
2025-07-24 00:00:00+00:00,1.36016,1.36079,1.3596,1.36035,3134,15,0
2025-07-24 04:00:00+00:00,1.36035,1.3613,1.3598,1.36063,2889,15,0
2025-07-24 08:00:00+00:00,1.36063,1.36211,1.36014,1.36094,3037,15,0
2025-07-24 12:00:00+00:00,1.36094,1.3644,1.36089,1.3644,6448,15,0
2025-07-24 16:00:00+00:00,1.3644,1.36457,1.36296,1.36429,3554,15,0
2025-07-24 20:00:00+00:00,1.3643,1.3654,1.36335,1.3639999999999999,2473,15,0
2025-07-25 00:00:00+00:00,1.36399,1.3654899999999999,1.36377,1.36514,3291,15,0
2025-07-25 04:00:00+00:00,1.36514,1.36742,1.36473,1.36727,3696,15,0
2025-07-25 08:00:00+00:00,1.3672900000000001,1.36795,1.3666800000000001,1.36713,3649,15,0
2025-07-25 12:00:00+00:00,1.36713,1.37151,1.36711,1.37141,9184,15,0
2025-07-25 16:00:00+00:00,1.37142,1.3725100000000001,1.37025,1.3704,3304,15,0
2025-07-25 20:00:00+00:00,1.37039,1.37097,1.3697599999999999,1.37015,882,15,0
2025-07-27 20:00:00+00:00,1.3701400000000001,1.37052,1.36941,1.37022,1870,15,0
2025-07-28 00:00:00+00:00,1.37022,1.37054,1.36867,1.36928,3801,15,0
2025-07-28 04:00:00+00:00,1.36927,1.374,1.3691200000000001,1.37378,4095,15,0
2025-07-28 08:00:00+00:00,1.3737599999999999,1.37417,1.37176,1.37176,4966,15,0
2025-07-28 12:00:00+00:00,1.37176,1.37286,1.37099,1.37186,7424,15,0
2025-07-28 16:00:00+00:00,1.37185,1.37395,1.3716,1.37356,3581,15,0
2025-07-28 20:00:00+00:00,1.37355,1.37399,1.37274,1.3734199999999999,2128,15,0
2025-07-29 00:00:00+00:00,1.3734199999999999,1.37424,1.37304,1.37378,2615,15,0
2025-07-29 04:00:00+00:00,1.37378,1.37603,1.3731200000000001,1.37552,3679,15,0
2025-07-29 08:00:00+00:00,1.37552,1.37692,1.37386,1.37686,3960,15,0
2025-07-29 12:00:00+00:00,1.37689,1.37877,1.37491,1.37781,7368,15,0
2025-07-29 16:00:00+00:00,1.37784,1.37795,1.3761700000000001,1.37759,3830,15,0
2025-07-29 20:00:00+00:00,1.37759,1.37816,1.37664,1.37741,1908,15,0
2025-07-30 00:00:00+00:00,1.37741,1.37741,1.37582,1.37622,3088,15,0
2025-07-30 04:00:00+00:00,1.37622,1.3773900000000001,1.37618,1.37677,3032,15,0
2025-07-30 08:00:00+00:00,1.37677,1.37924,1.3767,1.37862,3248,15,0
2025-07-30 12:00:00+00:00,1.37862,1.38184,1.3786100000000001,1.3814600000000001,7879,15,0
2025-07-30 16:00:00+00:00,1.38144,1.38413,1.37978,1.38367,8383,15,0
2025-07-30 20:00:00+00:00,1.38366,1.38445,1.38221,1.38262,2900,15,0
2025-07-31 00:00:00+00:00,1.38262,1.3835899999999999,1.38221,1.3824,3959,15,0
2025-07-31 04:00:00+00:00,1.3824,1.3844,1.3813,1.3832499999999999,4546,15,0
2025-07-31 08:00:00+00:00,1.3832499999999999,1.38529,1.3831,1.38357,4136,15,0
2025-07-31 12:00:00+00:00,1.3836,1.38514,1.38236,1.38455,8033,15,0
2025-07-31 16:00:00+00:00,1.38456,1.38558,1.38375,1.38556,4233,15,0
2025-07-31 20:00:00+00:00,1.38553,1.38702,1.3845,1.38575,3716,15,0
2025-08-01 00:00:00+00:00,1.38574,1.3862700000000001,1.38435,1.38531,4287,15,0
2025-08-01 04:00:00+00:00,1.38531,1.38733,1.38503,1.38708,4020,15,0
2025-08-01 08:00:00+00:00,1.38706,1.38785,1.3860700000000001,1.38704,3419,15,0
2025-08-01 12:00:00+00:00,1.38704,1.38755,1.3762400000000001,1.37795,15580,15,0
2025-08-01 16:00:00+00:00,1.37795,1.38167,1.37791,1.37957,6708,15,0
2025-08-01 20:00:00+00:00,1.37957,1.37969,1.37714,1.37849,1600,15,0
2025-08-03 20:00:00+00:00,1.37704,1.3788,1.37683,1.3777300000000001,2353,15,0
2025-08-04 00:00:00+00:00,1.37775,1.37942,1.37705,1.3775,4603,15,0
2025-08-04 04:00:00+00:00,1.3775,1.3784,1.37665,1.37833,4415,15,0
2025-08-04 08:00:00+00:00,1.37831,1.3789500000000001,1.37724,1.37759,4443,15,0
2025-08-04 12:00:00+00:00,1.37758,1.37826,1.37578,1.37755,7098,15,0
2025-08-04 16:00:00+00:00,1.37755,1.37846,1.37736,1.37781,3512,15,0
2025-08-04 20:00:00+00:00,1.37781,1.37802,1.37682,1.3768799999999999,1753,15,0
2025-08-05 00:00:00+00:00,1.3768799999999999,1.3790200000000001,1.37628,1.3789799999999999,2902,15,0
2025-08-05 04:00:00+00:00,1.3789799999999999,1.37941,1.37733,1.3780999999999999,3090,15,0
2025-08-05 08:00:00+00:00,1.37811,1.38096,1.37811,1.3797,4142,15,0
2025-08-05 12:00:00+00:00,1.37971,1.38059,1.37698,1.37801,8469,15,0
2025-08-05 16:00:00+00:00,1.37801,1.3788,1.37706,1.37726,3852,15,0
2025-08-05 20:00:00+00:00,1.37726,1.3782,1.37664,1.37711,2367,15,0
2025-08-06 00:00:00+00:00,1.37713,1.37789,1.37655,1.37693,2399,15,0
2025-08-06 04:00:00+00:00,1.37692,1.37743,1.37629,1.37639,2714,15,0
2025-08-06 08:00:00+00:00,1.37637,1.37747,1.37454,1.37569,3350,15,0
2025-08-06 12:00:00+00:00,1.37569,1.3761,1.37384,1.374,6388,15,0
2025-08-06 16:00:00+00:00,1.37398,1.3749799999999999,1.37348,1.37416,3728,15,0
2025-08-06 20:00:00+00:00,1.37414,1.37447,1.37367,1.37392,1855,15,0
2025-08-07 00:00:00+00:00,1.37392,1.37457,1.37328,1.37345,2667,15,0
2025-08-07 04:00:00+00:00,1.37345,1.37355,1.37211,1.3722699999999999,2843,15,0
2025-08-07 08:00:00+00:00,1.3722699999999999,1.37439,1.37213,1.37411,4018,15,0
2025-08-07 12:00:00+00:00,1.37413,1.37731,1.37299,1.37497,7026,15,0
2025-08-07 16:00:00+00:00,1.37499,1.37667,1.3743,1.37439,4678,15,0
2025-08-07 20:00:00+00:00,1.3744100000000001,1.37477,1.37313,1.3732199999999999,2598,15,0
2025-08-08 00:00:00+00:00,1.3732,1.37483,1.37316,1.37387,2682,15,0
2025-08-08 04:00:00+00:00,1.37387,1.37489,1.3728500000000001,1.37323,2513,15,0
2025-08-08 08:00:00+00:00,1.37323,1.37387,1.37253,1.3737599999999999,3116,15,0
2025-08-08 12:00:00+00:00,1.3737599999999999,1.37621,1.37365,1.3752499999999999,5973,15,0
2025-08-08 16:00:00+00:00,1.3752499999999999,1.37585,1.37418,1.3756599999999999,3196,15,0
2025-08-08 20:00:00+00:00,1.3756599999999999,1.37629,1.37515,1.37542,869,15,0
2025-08-10 20:00:00+00:00,1.37443,1.37562,1.3744100000000001,1.37528,1157,15,0
2025-08-11 00:00:00+00:00,1.3752900000000001,1.37601,1.37446,1.37455,2279,15,0
2025-08-11 04:00:00+00:00,1.37455,1.37734,1.37448,1.37686,2539,15,0
2025-08-11 08:00:00+00:00,1.37689,1.37831,1.37625,1.37796,3039,15,0
2025-08-11 12:00:00+00:00,1.37795,1.37947,1.37734,1.37838,5693,15,0
2025-08-11 16:00:00+00:00,1.37838,1.37866,1.3775,1.37814,3158,15,0
2025-08-11 20:00:00+00:00,1.37815,1.3784100000000001,1.37733,1.3774199999999999,1657,15,0
2025-08-12 00:00:00+00:00,1.37744,1.37797,1.37714,1.37771,2302,15,0
2025-08-12 04:00:00+00:00,1.37771,1.3785,1.37734,1.37789,3597,15,0
2025-08-12 08:00:00+00:00,1.37789,1.3805399999999999,1.37758,1.37976,3108,15,0
2025-08-12 12:00:00+00:00,1.37976,1.38031,1.37535,1.37633,11731,15,0
2025-08-12 16:00:00+00:00,1.3763,1.37838,1.3756599999999999,1.37766,4372,15,0
2025-08-12 20:00:00+00:00,1.37766,1.37789,1.3765,1.37697,2030,15,0
2025-08-13 00:00:00+00:00,1.37697,1.37813,1.37686,1.37763,2271,15,0
2025-08-13 04:00:00+00:00,1.37763,1.3780999999999999,1.37535,1.3761700000000001,2859,15,0
2025-08-13 08:00:00+00:00,1.37619,1.37676,1.37511,1.37558,3720,15,0
2025-08-13 12:00:00+00:00,1.37558,1.37744,1.37546,1.37652,5754,15,0
2025-08-13 16:00:00+00:00,1.3765,1.3773,1.37616,1.37621,3074,15,0
2025-08-13 20:00:00+00:00,1.3761999999999999,1.37652,1.3751,1.37523,1786,15,0
2025-08-14 00:00:00+00:00,1.37523,1.3764,1.3744,1.37622,2561,15,0
2025-08-14 04:00:00+00:00,1.37622,1.37787,1.3756300000000001,1.37735,3463,15,0
2025-08-14 08:00:00+00:00,1.37735,1.3784399999999999,1.37698,1.3783699999999999,3476,15,0
2025-08-14 12:00:00+00:00,1.37835,1.38123,1.3780700000000001,1.38062,8562,15,0
2025-08-14 16:00:00+00:00,1.38062,1.38188,1.38042,1.3812,4201,15,0
2025-08-14 20:00:00+00:00,1.3812,1.38179,1.3810799999999999,1.3813,1492,15,0
2025-08-15 00:00:00+00:00,1.38129,1.38147,1.38014,1.38033,1947,15,0
2025-08-15 04:00:00+00:00,1.38033,1.38061,1.37907,1.3792900000000001,2433,15,0
2025-08-15 08:00:00+00:00,1.37927,1.3799299999999999,1.37869,1.37901,2672,15,0
2025-08-15 12:00:00+00:00,1.379,1.3811,1.37875,1.38087,6752,15,0
2025-08-15 16:00:00+00:00,1.38086,1.38156,1.38077,1.38137,2861,15,0
2025-08-15 20:00:00+00:00,1.38137,1.38191,1.38069,1.38175,732,15,0
2025-08-17 20:00:00+00:00,1.3807,1.38167,1.38038,1.38148,1408,15,0
2025-08-18 00:00:00+00:00,1.38148,1.3814899999999999,1.38018,1.38026,1878,15,0
2025-08-18 04:00:00+00:00,1.3802699999999999,1.38091,1.37957,1.38012,2490,15,0
2025-08-18 08:00:00+00:00,1.38014,1.3805100000000001,1.3790200000000001,1.3793199999999999,2902,15,0
2025-08-18 12:00:00+00:00,1.3792900000000001,1.38307,1.37824,1.38152,5112,15,0
2025-08-18 16:00:00+00:00,1.38152,1.38164,1.38014,1.38052,3082,15,0
2025-08-18 20:00:00+00:00,1.38052,1.38087,1.37957,1.38022,1755,15,0
2025-08-19 00:00:00+00:00,1.3801999999999999,1.3817300000000001,1.38014,1.3810799999999999,2693,15,0
2025-08-19 04:00:00+00:00,1.38109,1.38155,1.38009,1.38155,2584,15,0
2025-08-19 08:00:00+00:00,1.38152,1.38222,1.38049,1.38084,2929,15,0
2025-08-19 12:00:00+00:00,1.38084,1.3860000000000001,1.3805399999999999,1.38592,6377,15,0
2025-08-19 16:00:00+00:00,1.38592,1.38676,1.38528,1.38652,3068,15,0
2025-08-19 20:00:00+00:00,1.38652,1.38693,1.3857599999999999,1.3866100000000001,2411,15,0
2025-08-20 00:00:00+00:00,1.38662,1.38828,1.38645,1.3874,3217,15,0
2025-08-20 04:00:00+00:00,1.3874,1.38757,1.38677,1.38709,3209,15,0
2025-08-20 08:00:00+00:00,1.38709,1.38806,1.38682,1.38719,2953,15,0
2025-08-20 12:00:00+00:00,1.38719,1.38788,1.38531,1.38746,6177,15,0
2025-08-20 16:00:00+00:00,1.38745,1.38764,1.38624,1.3875899999999999,3416,15,0
2025-08-20 20:00:00+00:00,1.38757,1.38795,1.3866,1.38737,2170,15,0
2025-08-21 00:00:00+00:00,1.38737,1.38823,1.38723,1.38799,2521,15,0
2025-08-21 04:00:00+00:00,1.38799,1.3884699999999999,1.3873199999999999,1.3879299999999999,2581,15,0
2025-08-21 08:00:00+00:00,1.38795,1.3887800000000001,1.38733,1.38857,3031,15,0
2025-08-21 12:00:00+00:00,1.38857,1.39051,1.38804,1.39011,6326,15,0
2025-08-21 16:00:00+00:00,1.39011,1.39071,1.38906,1.3903400000000001,3389,15,0
2025-08-21 20:00:00+00:00,1.3903400000000001,1.39119,1.38998,1.39011,1598,15,0
2025-08-22 00:00:00+00:00,1.39011,1.39136,1.38987,1.39131,2080,15,0
2025-08-22 04:00:00+00:00,1.39131,1.39165,1.39094,1.39115,1884,15,0
2025-08-22 08:00:00+00:00,1.39115,1.39181,1.39074,1.39105,2485,15,0
2025-08-22 12:00:00+00:00,1.39104,1.3924,1.38294,1.38449,10677,15,0
2025-08-22 16:00:00+00:00,1.38452,1.38455,1.3814,1.38281,4801,15,0
2025-08-22 20:00:00+00:00,1.3828,1.38297,1.38181,1.38263,688,15,0
2025-08-24 20:00:00+00:00,1.38157,1.38328,1.38157,1.38293,1469,15,0
2025-08-25 00:00:00+00:00,1.38292,1.38431,1.38292,1.3832900000000001,2462,15,0
2025-08-25 04:00:00+00:00,1.3832900000000001,1.38372,1.38206,1.38354,2368,15,0
2025-08-25 08:00:00+00:00,1.38354,1.38361,1.38227,1.38232,2759,15,0
2025-08-25 12:00:00+00:00,1.3822999999999999,1.38343,1.38164,1.38301,5014,15,0
2025-08-25 16:00:00+00:00,1.38301,1.38632,1.38299,1.3862,3498,15,0
2025-08-25 20:00:00+00:00,1.3862,1.38621,1.38537,1.38585,1824,15,0
2025-08-26 00:00:00+00:00,1.38584,1.38632,1.38411,1.3857599999999999,4345,15,0
2025-08-26 04:00:00+00:00,1.3857599999999999,1.38673,1.38497,1.38552,3518,15,0
2025-08-26 08:00:00+00:00,1.38552,1.38635,1.38401,1.38436,3303,15,0
2025-08-26 12:00:00+00:00,1.38436,1.38537,1.38217,1.38242,5521,15,0
2025-08-26 16:00:00+00:00,1.38242,1.38409,1.38236,1.3834,3365,15,0
2025-08-26 20:00:00+00:00,1.38342,1.38387,1.3831,1.38343,1930,15,0
2025-08-27 00:00:00+00:00,1.38343,1.38405,1.38277,1.38397,2518,15,0
2025-08-27 04:00:00+00:00,1.38397,1.38535,1.38336,1.38457,2417,15,0
2025-08-27 08:00:00+00:00,1.38458,1.38562,1.38443,1.3851499999999999,3278,15,0
2025-08-27 12:00:00+00:00,1.3851499999999999,1.3857,1.3820700000000001,1.38253,6069,15,0
2025-08-27 16:00:00+00:00,1.38253,1.38253,1.37822,1.37875,4315,15,0
2025-08-27 20:00:00+00:00,1.37875,1.37917,1.37804,1.37808,1788,15,0
2025-08-28 00:00:00+00:00,1.37808,1.37827,1.3769,1.37769,2430,15,0
2025-08-28 04:00:00+00:00,1.37769,1.37873,1.37768,1.37779,2679,15,0
2025-08-28 08:00:00+00:00,1.37779,1.37846,1.37598,1.37638,3579,15,0
2025-08-28 12:00:00+00:00,1.37638,1.37846,1.37501,1.37511,7510,15,0
2025-08-28 16:00:00+00:00,1.37511,1.37539,1.37408,1.37535,2886,15,0
2025-08-28 20:00:00+00:00,1.37535,1.37557,1.37447,1.37514,2021,15,0
2025-08-29 00:00:00+00:00,1.37514,1.3756300000000001,1.37446,1.37537,2980,15,0
2025-08-29 04:00:00+00:00,1.37537,1.3756599999999999,1.37398,1.37402,2539,15,0
2025-08-29 08:00:00+00:00,1.37402,1.37567,1.37367,1.37511,3138,15,0
2025-08-29 12:00:00+00:00,1.37511,1.37785,1.37264,1.37279,8208,15,0
2025-08-29 16:00:00+00:00,1.37279,1.37366,1.3726,1.37331,3257,15,0
2025-08-29 20:00:00+00:00,1.37329,1.37459,1.37308,1.37412,875,15,0
2025-08-31 20:00:00+00:00,1.37317,1.37423,1.37298,1.37385,1199,15,0
2025-09-01 00:00:00+00:00,1.37386,1.37442,1.37321,1.37353,2617,15,0
2025-09-01 04:00:00+00:00,1.37353,1.37518,1.37336,1.3747,2921,15,0
2025-09-01 08:00:00+00:00,1.3747,1.37501,1.37333,1.37412,2857,15,0
2025-09-01 12:00:00+00:00,1.37412,1.37612,1.37405,1.3756300000000001,3353,15,0
2025-09-01 16:00:00+00:00,1.3756300000000001,1.37596,1.3749500000000001,1.3749799999999999,921,15,0
2025-09-01 20:00:00+00:00,1.3749799999999999,1.37527,1.37457,1.37478,1401,15,0
2025-09-02 00:00:00+00:00,1.37479,1.3756,1.37453,1.3754,3170,15,0
2025-09-02 04:00:00+00:00,1.3754,1.37786,1.37449,1.37765,3752,15,0
2025-09-02 08:00:00+00:00,1.37765,1.37951,1.37664,1.37877,5217,15,0
2025-09-02 12:00:00+00:00,1.37877,1.3814199999999999,1.37771,1.37846,8900,15,0
2025-09-02 16:00:00+00:00,1.37849,1.37918,1.37716,1.37847,4089,15,0
2025-09-02 20:00:00+00:00,1.3784399999999999,1.37852,1.37736,1.37842,2069,15,0
2025-09-03 00:00:00+00:00,1.37843,1.37955,1.37833,1.37951,2875,15,0
2025-09-03 04:00:00+00:00,1.37951,1.3807,1.37908,1.37971,3096,15,0
2025-09-03 08:00:00+00:00,1.37972,1.3805,1.37875,1.37976,4276,15,0
2025-09-03 12:00:00+00:00,1.37977,1.38053,1.37825,1.37876,6923,15,0
2025-09-03 16:00:00+00:00,1.37875,1.3801,1.37849,1.37981,3502,15,0
2025-09-03 20:00:00+00:00,1.3798300000000001,1.37991,1.37872,1.37924,1777,15,0
2025-09-04 00:00:00+00:00,1.3792200000000001,1.38062,1.37917,1.38055,2590,15,0
2025-09-04 04:00:00+00:00,1.38055,1.38143,1.3804400000000001,1.38117,2264,15,0
2025-09-04 08:00:00+00:00,1.38117,1.38254,1.3808,1.3820700000000001,2527,15,0
2025-09-04 12:00:00+00:00,1.3820700000000001,1.3844699999999999,1.3805,1.38284,6663,15,0
2025-09-04 16:00:00+00:00,1.38285,1.38398,1.38205,1.38247,2986,15,0
2025-09-04 20:00:00+00:00,1.38246,1.38281,1.38132,1.3814899999999999,1877,15,0
2025-09-05 00:00:00+00:00,1.38148,1.38161,1.38036,1.38066,1816,15,0
2025-09-05 04:00:00+00:00,1.38066,1.38106,1.37936,1.37936,2157,15,0
2025-09-05 08:00:00+00:00,1.37936,1.38049,1.37887,1.3801999999999999,2021,15,0
2025-09-05 12:00:00+00:00,1.3801700000000001,1.38384,1.37581,1.3824100000000001,11744,15,0
2025-09-05 16:00:00+00:00,1.3824,1.38535,1.38174,1.3850500000000001,4491,15,0
2025-09-05 20:00:00+00:00,1.3850500000000001,1.3850500000000001,1.38221,1.38252,1007,15,0
2025-09-07 20:00:00+00:00,1.38231,1.38436,1.38225,1.38349,2094,15,0
2025-09-08 00:00:00+00:00,1.3835,1.3843,1.38282,1.3832499999999999,3700,15,0
2025-09-08 04:00:00+00:00,1.3832499999999999,1.38353,1.38135,1.38151,3126,15,0
2025-09-08 08:00:00+00:00,1.3815,1.3824,1.3798300000000001,1.38009,3343,15,0
2025-09-08 12:00:00+00:00,1.38009,1.38259,1.37876,1.38205,5921,15,0
2025-09-08 16:00:00+00:00,1.38205,1.3832900000000001,1.38055,1.38058,3277,15,0
2025-09-08 20:00:00+00:00,1.3806,1.3807,1.37947,1.37953,2153,15,0
2025-09-09 00:00:00+00:00,1.37953,1.38106,1.37953,1.38091,2321,15,0
2025-09-09 04:00:00+00:00,1.38091,1.38123,1.3792900000000001,1.38073,2906,15,0
2025-09-09 08:00:00+00:00,1.38075,1.3814600000000001,1.37937,1.3814199999999999,3144,15,0
2025-09-09 12:00:00+00:00,1.3814199999999999,1.38368,1.38043,1.38343,7069,15,0
2025-09-09 16:00:00+00:00,1.38344,1.38575,1.38301,1.38575,3270,15,0
2025-09-09 20:00:00+00:00,1.38575,1.38591,1.38385,1.3846,2124,15,0
2025-09-10 00:00:00+00:00,1.38461,1.38628,1.38461,1.38521,2936,15,0
2025-09-10 04:00:00+00:00,1.3852,1.38596,1.38384,1.3854,3164,15,0
2025-09-10 08:00:00+00:00,1.3854,1.38598,1.38464,1.3857599999999999,2893,15,0
2025-09-10 12:00:00+00:00,1.3857599999999999,1.38615,1.383,1.38442,7640,15,0
2025-09-10 16:00:00+00:00,1.3844400000000001,1.3869099999999999,1.38428,1.38636,3490,15,0
2025-09-10 20:00:00+00:00,1.38636,1.38667,1.38579,1.3860000000000001,1695,15,0
2025-09-11 00:00:00+00:00,1.3860000000000001,1.38728,1.3860000000000001,1.3869799999999999,2135,15,0
2025-09-11 04:00:00+00:00,1.3869799999999999,1.3881000000000001,1.38696,1.38791,2551,15,0
2025-09-11 08:00:00+00:00,1.38791,1.38886,1.38733,1.3888,3120,15,0
2025-09-11 12:00:00+00:00,1.38879,1.3890799999999999,1.38288,1.38305,8638,15,0
2025-09-11 16:00:00+00:00,1.38305,1.38423,1.38254,1.38314,3145,15,0
2025-09-11 20:00:00+00:00,1.38315,1.38374,1.38286,1.38342,1988,15,0
2025-09-12 00:00:00+00:00,1.38344,1.3848,1.38341,1.3842400000000001,2295,15,0
2025-09-12 04:00:00+00:00,1.38425,1.38437,1.38321,1.38345,2240,15,0
2025-09-12 08:00:00+00:00,1.38346,1.38487,1.38333,1.38426,3072,15,0
2025-09-12 12:00:00+00:00,1.38426,1.38602,1.3834,1.3858,5296,15,0
2025-09-12 16:00:00+00:00,1.3858,1.38628,1.38378,1.38445,2790,15,0
2025-09-12 20:00:00+00:00,1.3844699999999999,1.38531,1.38435,1.38449,578,15,0
2025-09-14 20:00:00+00:00,1.3835600000000001,1.38433,1.38338,1.38387,1266,15,0
2025-09-15 00:00:00+00:00,1.38387,1.3845100000000001,1.38347,1.38353,1786,15,0
2025-09-15 04:00:00+00:00,1.38353,1.3841,1.38303,1.38362,2349,15,0
2025-09-15 08:00:00+00:00,1.38365,1.3838,1.38184,1.38238,2914,15,0
2025-09-15 12:00:00+00:00,1.38238,1.3841700000000001,1.37931,1.3798300000000001,5373,15,0
2025-09-15 16:00:00+00:00,1.37982,1.38036,1.37677,1.37695,4342,15,0
2025-09-15 20:00:00+00:00,1.37695,1.37799,1.37664,1.37743,2087,15,0
2025-09-16 00:00:00+00:00,1.37744,1.37775,1.37629,1.3767,2150,15,0
2025-09-16 04:00:00+00:00,1.3767,1.3772199999999999,1.3761700000000001,1.3768099999999999,2774,15,0
2025-09-16 08:00:00+00:00,1.3768099999999999,1.37763,1.3747,1.3750499999999999,3455,15,0
2025-09-16 12:00:00+00:00,1.3750499999999999,1.37633,1.37363,1.37454,7810,15,0
2025-09-16 16:00:00+00:00,1.37454,1.37541,1.37364,1.37489,3807,15,0
2025-09-16 20:00:00+00:00,1.3749,1.3749500000000001,1.37338,1.37386,1709,15,0
2025-09-17 00:00:00+00:00,1.37386,1.37539,1.37369,1.3753199999999999,2113,15,0
2025-09-17 04:00:00+00:00,1.3753199999999999,1.37611,1.37476,1.37598,2300,15,0
2025-09-17 08:00:00+00:00,1.37598,1.37612,1.3748,1.37545,2481,15,0
2025-09-17 12:00:00+00:00,1.37544,1.37686,1.37485,1.37621,6034,15,0
2025-09-17 16:00:00+00:00,1.37621,1.37865,1.3726,1.37717,12438,15,0
2025-09-17 20:00:00+00:00,1.3771499999999999,1.3777300000000001,1.37607,1.37702,2725,15,0
2025-09-18 00:00:00+00:00,1.377,1.37842,1.37652,1.3779,3334,15,0
2025-09-18 04:00:00+00:00,1.37789,1.3799299999999999,1.37738,1.37804,3992,15,0
2025-09-18 08:00:00+00:00,1.37804,1.37859,1.37665,1.37769,4242,15,0
2025-09-18 12:00:00+00:00,1.37769,1.38091,1.37757,1.37961,7811,15,0
2025-09-18 16:00:00+00:00,1.37962,1.38091,1.37866,1.37951,3301,15,0
2025-09-18 20:00:00+00:00,1.37952,1.38018,1.37904,1.37915,2268,15,0
2025-09-19 00:00:00+00:00,1.37915,1.38041,1.37896,1.37942,2872,15,0
2025-09-19 04:00:00+00:00,1.37941,1.38194,1.37879,1.38121,4157,15,0
2025-09-19 08:00:00+00:00,1.38122,1.38174,1.38048,1.38158,3322,15,0
2025-09-19 12:00:00+00:00,1.3816,1.38244,1.37697,1.37723,7372,15,0
2025-09-19 16:00:00+00:00,1.3772199999999999,1.3787099999999999,1.37683,1.3787099999999999,3024,15,0
2025-09-19 20:00:00+00:00,1.3787,1.37912,1.3774600000000001,1.37765,906,15,0
2025-09-21 20:00:00+00:00,1.37754,1.37845,1.37737,1.3782,1122,15,0
2025-09-22 00:00:00+00:00,1.3782,1.37991,1.37811,1.37949,3016,15,0
2025-09-22 04:00:00+00:00,1.37949,1.38094,1.37911,1.38077,3088,15,0
2025-09-22 08:00:00+00:00,1.3808,1.38114,1.37997,1.38065,3420,15,0
2025-09-22 12:00:00+00:00,1.38065,1.38179,1.3792499999999999,1.38145,5223,15,0
2025-09-22 16:00:00+00:00,1.38145,1.38282,1.38131,1.38216,2926,15,0
2025-09-22 20:00:00+00:00,1.38219,1.38311,1.38155,1.38249,1825,15,0
2025-09-23 00:00:00+00:00,1.38249,1.38313,1.38229,1.3826,2418,15,0
2025-09-23 04:00:00+00:00,1.3826,1.38421,1.38221,1.38421,3054,15,0
2025-09-23 08:00:00+00:00,1.3841999999999999,1.38436,1.38226,1.3826100000000001,3347,15,0
2025-09-23 12:00:00+00:00,1.3826100000000001,1.38361,1.3810799999999999,1.38349,6067,15,0
2025-09-23 16:00:00+00:00,1.38347,1.38492,1.38236,1.38389,4115,15,0
2025-09-23 20:00:00+00:00,1.38392,1.38411,1.383,1.38382,2077,15,0
2025-09-24 00:00:00+00:00,1.38382,1.3848799999999999,1.38369,1.3845,2765,15,0
2025-09-24 04:00:00+00:00,1.3845,1.38596,1.3842400000000001,1.38529,2782,15,0
2025-09-24 08:00:00+00:00,1.38529,1.38782,1.38529,1.3871,3041,15,0
2025-09-24 12:00:00+00:00,1.3871,1.3896899999999999,1.38655,1.38944,6492,15,0
2025-09-24 16:00:00+00:00,1.38945,1.39062,1.38941,1.3902,3928,15,0
2025-09-24 20:00:00+00:00,1.3902,1.3902,1.38922,1.3896,1965,15,0
2025-09-25 00:00:00+00:00,1.38958,1.3896600000000001,1.3884699999999999,1.38853,1926,15,0
2025-09-25 04:00:00+00:00,1.38853,1.39015,1.38848,1.38994,2463,15,0
2025-09-25 08:00:00+00:00,1.38992,1.39015,1.38894,1.3893,3112,15,0
2025-09-25 12:00:00+00:00,1.38932,1.39295,1.38917,1.3924,7354,15,0
2025-09-25 16:00:00+00:00,1.3924,1.3948800000000001,1.3923,1.3942,3816,15,0
2025-09-25 20:00:00+00:00,1.3942,1.39444,1.39253,1.39408,1852,15,0
2025-09-26 00:00:00+00:00,1.39408,1.39449,1.39359,1.39361,2248,15,0
2025-09-26 04:00:00+00:00,1.39361,1.39474,1.39337,1.39451,2556,15,0
2025-09-26 08:00:00+00:00,1.3945,1.3957899999999999,1.3939,1.39487,2926,15,0
2025-09-26 12:00:00+00:00,1.39489,1.39516,1.3931200000000001,1.39463,7727,15,0
2025-09-26 16:00:00+00:00,1.3946,1.39499,1.3934,1.39347,3505,15,0
2025-09-26 20:00:00+00:00,1.39349,1.39433,1.3934,1.39422,849,15,0
2025-09-28 20:00:00+00:00,1.39264,1.39465,1.39263,1.3937599999999999,1206,15,0
2025-09-29 00:00:00+00:00,1.3937599999999999,1.39388,1.3919000000000001,1.39211,2557,15,0
2025-09-29 04:00:00+00:00,1.39211,1.39288,1.3915,1.39179,2830,15,0
2025-09-29 08:00:00+00:00,1.39177,1.39337,1.39151,1.39284,3100,15,0
2025-09-29 12:00:00+00:00,1.39284,1.39388,1.39025,1.39045,6405,15,0
2025-09-29 16:00:00+00:00,1.39046,1.39221,1.39046,1.39199,3241,15,0
2025-09-29 20:00:00+00:00,1.392,1.39215,1.39115,1.3917,1745,15,0
2025-09-30 00:00:00+00:00,1.3917,1.39235,1.39123,1.39146,2711,15,0
2025-09-30 04:00:00+00:00,1.39146,1.39235,1.39066,1.39145,3389,15,0
2025-09-30 08:00:00+00:00,1.39145,1.39245,1.39058,1.39199,3217,15,0
2025-09-30 12:00:00+00:00,1.39199,1.3934,1.38958,1.39287,6471,15,0
2025-09-30 16:00:00+00:00,1.39287,1.39351,1.39131,1.39148,3489,15,0
2025-09-30 20:00:00+00:00,1.39146,1.39249,1.39136,1.39236,2110,15,0
2025-10-01 00:00:00+00:00,1.39235,1.39323,1.39219,1.3931200000000001,1757,15,0
2025-10-01 04:00:00+00:00,1.3931200000000001,1.39313,1.3906399999999999,1.39203,3619,15,0
2025-10-01 08:00:00+00:00,1.39202,1.39361,1.3912499999999999,1.39283,3584,15,0
2025-10-01 12:00:00+00:00,1.39283,1.39546,1.39145,1.39538,9042,15,0
2025-10-01 16:00:00+00:00,1.3954,1.39562,1.39338,1.39412,2972,15,0
2025-10-01 20:00:00+00:00,1.39412,1.39441,1.39316,1.39399,1865,15,0
2025-10-02 00:00:00+00:00,1.39398,1.39468,1.39344,1.39409,2095,15,0
2025-10-02 04:00:00+00:00,1.39409,1.3948,1.39318,1.39378,2687,15,0
2025-10-02 08:00:00+00:00,1.39381,1.39452,1.3933,1.39441,2939,15,0
2025-10-02 12:00:00+00:00,1.39443,1.39855,1.39397,1.39754,5869,15,0
2025-10-02 16:00:00+00:00,1.39757,1.39771,1.39594,1.39611,3133,15,0
2025-10-02 20:00:00+00:00,1.39611,1.39719,1.396,1.39605,1849,15,0
2025-10-03 00:00:00+00:00,1.39603,1.39684,1.39603,1.39655,1931,15,0
2025-10-03 04:00:00+00:00,1.39655,1.39686,1.39571,1.39615,2098,15,0
2025-10-03 08:00:00+00:00,1.39612,1.39682,1.39578,1.39625,2518,15,0
2025-10-03 12:00:00+00:00,1.39623,1.3967100000000001,1.39453,1.39465,5728,15,0
2025-10-03 16:00:00+00:00,1.39465,1.39602,1.39392,1.39521,3260,15,0
2025-10-03 20:00:00+00:00,1.39523,1.39606,1.39446,1.39477,834,15,0
2025-10-05 20:00:00+00:00,1.39483,1.39667,1.39456,1.39642,2157,15,0
2025-10-06 00:00:00+00:00,1.39639,1.39663,1.39448,1.3949,2133,15,0
2025-10-06 04:00:00+00:00,1.3949,1.3955600000000001,1.39412,1.39524,3433,15,0
2025-10-06 08:00:00+00:00,1.39523,1.39634,1.39471,1.3961000000000001,3519,15,0
2025-10-06 12:00:00+00:00,1.3961000000000001,1.3967,1.39453,1.39459,4986,15,0
2025-10-06 16:00:00+00:00,1.3945699999999999,1.39535,1.3945400000000001,1.3949,2227,15,0
2025-10-06 20:00:00+00:00,1.3949,1.3951799999999999,1.39395,1.39446,1701,15,0
2025-10-07 00:00:00+00:00,1.39446,1.39521,1.3943699999999999,1.39462,1836,15,0
2025-10-07 04:00:00+00:00,1.39462,1.39616,1.39435,1.39545,2714,15,0
2025-10-07 08:00:00+00:00,1.39545,1.39619,1.39471,1.3958,2675,15,0
2025-10-07 12:00:00+00:00,1.3958,1.39612,1.39381,1.3949099999999999,5751,15,0
2025-10-07 16:00:00+00:00,1.3949099999999999,1.39599,1.39426,1.39539,4020,15,0
2025-10-07 20:00:00+00:00,1.3954,1.39566,1.3946399999999999,1.39528,1805,15,0
2025-10-08 00:00:00+00:00,1.39526,1.39676,1.39504,1.3961299999999999,2991,15,0
2025-10-08 04:00:00+00:00,1.3961299999999999,1.39704,1.39527,1.39548,2743,15,0
2025-10-08 08:00:00+00:00,1.39547,1.39584,1.3943699999999999,1.39439,2948,15,0
2025-10-08 12:00:00+00:00,1.39438,1.39581,1.39311,1.39541,5266,15,0
2025-10-08 16:00:00+00:00,1.3954,1.3961999999999999,1.3951500000000001,1.39562,3293,15,0
2025-10-08 20:00:00+00:00,1.39562,1.39574,1.39481,1.39548,1989,15,0
2025-10-09 00:00:00+00:00,1.39546,1.3955,1.39375,1.3938,2034,15,0
2025-10-09 04:00:00+00:00,1.3938,1.3963,1.39329,1.3956,2901,15,0
2025-10-09 08:00:00+00:00,1.39558,1.39606,1.3946,1.39529,3446,15,0
2025-10-09 12:00:00+00:00,1.39529,1.4020000000000001,1.39381,1.40104,7537,15,0
2025-10-09 16:00:00+00:00,1.40103,1.40332,1.40091,1.40242,5084,15,0
2025-10-09 20:00:00+00:00,1.40244,1.4025,1.40137,1.40195,2171,15,0
2025-10-10 00:00:00+00:00,1.40195,1.40241,1.4013200000000001,1.40155,2130,15,0
2025-10-10 04:00:00+00:00,1.40155,1.40333,1.40126,1.40246,3072,15,0
2025-10-10 08:00:00+00:00,1.40245,1.40248,1.40124,1.40173,3502,15,0
2025-10-10 12:00:00+00:00,1.40172,1.40201,1.39754,1.39985,9861,15,0
2025-10-10 16:00:00+00:00,1.39987,1.4017,1.39934,1.40002,6151,15,0
2025-10-10 20:00:00+00:00,1.40004,1.4006,1.39953,1.40019,1363,15,0
2025-10-12 20:00:00+00:00,1.39903,1.40034,1.3988399999999999,1.39985,2812,15,0
2025-10-13 00:00:00+00:00,1.39987,1.40016,1.39824,1.39944,3332,15,0
2025-10-13 04:00:00+00:00,1.39944,1.40053,1.39878,1.40039,3973,15,0
2025-10-13 08:00:00+00:00,1.4003700000000001,1.401,1.39965,1.4008,3399,15,0
2025-10-13 12:00:00+00:00,1.4008,1.40332,1.40059,1.4028100000000001,5360,15,0
2025-10-13 16:00:00+00:00,1.40279,1.40387,1.40265,1.40366,2697,15,0
2025-10-13 20:00:00+00:00,1.40366,1.40396,1.4028800000000001,1.4039,1987,15,0
2025-10-14 00:00:00+00:00,1.4039,1.40433,1.40324,1.40404,2703,15,0
2025-10-14 04:00:00+00:00,1.40404,1.40651,1.40393,1.40631,4745,15,0
2025-10-14 08:00:00+00:00,1.40631,1.40792,1.40538,1.40634,3933,15,0
2025-10-14 12:00:00+00:00,1.40634,1.4074,1.40294,1.40432,7523,15,0
2025-10-14 16:00:00+00:00,1.40429,1.40512,1.4032,1.40419,5457,15,0
2025-10-14 20:00:00+00:00,1.40421,1.40488,1.40363,1.40449,1960,15,0
2025-10-15 00:00:00+00:00,1.40451,1.40477,1.4031,1.40358,2848,15,0
2025-10-15 04:00:00+00:00,1.40358,1.40422,1.40271,1.40418,3265,15,0
2025-10-15 08:00:00+00:00,1.40418,1.40443,1.40332,1.40428,2921,15,0
2025-10-15 12:00:00+00:00,1.40428,1.4053200000000001,1.4026,1.40337,7123,15,0
2025-10-15 16:00:00+00:00,1.40336,1.40591,1.4031799999999999,1.40456,4758,15,0
2025-10-15 20:00:00+00:00,1.40457,1.40475,1.4037,1.40457,1928,15,0
2025-10-16 00:00:00+00:00,1.40457,1.40473,1.4022000000000001,1.40292,3245,15,0
2025-10-16 04:00:00+00:00,1.40292,1.40392,1.4026399999999999,1.40333,3366,15,0
2025-10-16 08:00:00+00:00,1.40335,1.40504,1.40314,1.40477,3388,15,0
2025-10-16 12:00:00+00:00,1.40477,1.40572,1.40351,1.40464,6773,15,0
2025-10-16 16:00:00+00:00,1.40466,1.40601,1.4037600000000001,1.4051,6124,15,0
2025-10-16 20:00:00+00:00,1.4051,1.40546,1.4045,1.40456,1907,15,0
2025-10-17 00:00:00+00:00,1.40455,1.40511,1.40359,1.4044699999999999,2681,15,0
2025-10-17 04:00:00+00:00,1.4044699999999999,1.40665,1.40355,1.40527,4094,15,0
2025-10-17 08:00:00+00:00,1.40525,1.40594,1.40268,1.40332,4993,15,0
2025-10-17 12:00:00+00:00,1.4033,1.40529,1.40316,1.40458,7355,15,0
2025-10-17 16:00:00+00:00,1.40457,1.40465,1.40073,1.40124,4313,15,0
2025-10-17 20:00:00+00:00,1.40122,1.40231,1.40096,1.4021,848,15,0
2025-10-19 20:00:00+00:00,1.40133,1.40211,1.40093,1.40155,1220,15,0
2025-10-20 00:00:00+00:00,1.40155,1.4016600000000001,1.40049,1.40094,2119,15,0
2025-10-20 04:00:00+00:00,1.40092,1.40311,1.40085,1.40299,2770,15,0
2025-10-20 08:00:00+00:00,1.403,1.40424,1.40262,1.40377,3023,15,0
2025-10-20 12:00:00+00:00,1.40374,1.40502,1.4025400000000001,1.40298,4909,15,0
2025-10-20 16:00:00+00:00,1.40298,1.40378,1.40262,1.40323,2431,15,0
2025-10-20 20:00:00+00:00,1.4032200000000001,1.40387,1.40308,1.40329,1717,15,0
2025-10-21 00:00:00+00:00,1.4033,1.40509,1.4028800000000001,1.40491,1993,15,0
2025-10-21 04:00:00+00:00,1.40489,1.40619,1.40483,1.40576,3031,15,0
2025-10-21 08:00:00+00:00,1.40579,1.4064999999999999,1.40418,1.40463,3760,15,0
2025-10-21 12:00:00+00:00,1.40463,1.40475,1.4010500000000001,1.4010799999999999,8346,15,0
2025-10-21 16:00:00+00:00,1.40106,1.4022999999999999,1.40027,1.40155,3980,15,0
2025-10-21 20:00:00+00:00,1.40154,1.40236,1.40154,1.40194,1513,15,0
2025-10-22 00:00:00+00:00,1.40194,1.40195,1.40022,1.40039,2254,15,0
2025-10-22 04:00:00+00:00,1.40039,1.4008,1.3993,1.40049,2896,15,0
2025-10-22 08:00:00+00:00,1.40049,1.4031500000000001,1.40036,1.40275,3391,15,0
2025-10-22 12:00:00+00:00,1.40275,1.40299,1.39776,1.39785,6777,15,0
2025-10-22 16:00:00+00:00,1.39783,1.39955,1.39753,1.39844,4729,15,0
2025-10-22 20:00:00+00:00,1.39845,1.39974,1.39844,1.39892,1797,15,0
2025-10-23 00:00:00+00:00,1.39892,1.4003999999999999,1.39875,1.40004,2032,15,0
2025-10-23 04:00:00+00:00,1.40004,1.40019,1.39863,1.39946,2454,15,0
2025-10-23 08:00:00+00:00,1.39946,1.39988,1.39917,1.39947,2539,15,0
2025-10-23 12:00:00+00:00,1.39947,1.40024,1.3979300000000001,1.3992,4963,15,0
2025-10-23 16:00:00+00:00,1.3991799999999999,1.40026,1.3985400000000001,1.39859,2896,15,0
2025-10-23 20:00:00+00:00,1.3986100000000001,1.39917,1.3972,1.39866,2202,15,0
2025-10-24 00:00:00+00:00,1.39866,1.40286,1.39837,1.40052,3135,15,0
2025-10-24 04:00:00+00:00,1.40052,1.40202,1.40033,1.40072,2980,15,0
2025-10-24 08:00:00+00:00,1.40069,1.4031500000000001,1.40051,1.4026100000000001,3019,15,0
2025-10-24 12:00:00+00:00,1.4026100000000001,1.4038300000000001,1.40002,1.40123,7847,15,0
2025-10-24 16:00:00+00:00,1.40123,1.40152,1.39965,1.39974,2559,15,0
2025-10-24 20:00:00+00:00,1.39974,1.40022,1.39916,1.39933,661,15,0
2025-10-26 20:00:00+00:00,1.40056,1.40069,1.39874,1.39935,2084,15,0
2025-10-27 00:00:00+00:00,1.39935,1.39936,1.39777,1.3989099999999999,2389,15,0
2025-10-27 04:00:00+00:00,1.3989099999999999,1.39921,1.39724,1.39775,2507,15,0
2025-10-27 08:00:00+00:00,1.39776,1.39794,1.39697,1.39774,3127,15,0
2025-10-27 12:00:00+00:00,1.39774,1.40076,1.39756,1.39959,4794,15,0
2025-10-27 16:00:00+00:00,1.39959,1.40005,1.39894,1.39939,2666,15,0
2025-10-27 20:00:00+00:00,1.39938,1.39943,1.39825,1.39914,1584,15,0
2025-10-28 00:00:00+00:00,1.39913,1.39936,1.39819,1.39851,2115,15,0
2025-10-28 04:00:00+00:00,1.39851,1.40031,1.39814,1.40005,2266,15,0
2025-10-28 08:00:00+00:00,1.40003,1.4004699999999999,1.39935,1.3997600000000001,2966,15,0
2025-10-28 12:00:00+00:00,1.39974,1.40016,1.39363,1.39363,5606,15,0
2025-10-28 16:00:00+00:00,1.39363,1.39485,1.39347,1.39363,3701,15,0
2025-10-28 20:00:00+00:00,1.39362,1.39485,1.39327,1.39387,1867,15,0
2025-10-29 00:00:00+00:00,1.39387,1.39409,1.3931499999999999,1.3937,2657,15,0
2025-10-29 04:00:00+00:00,1.3937,1.39445,1.39234,1.39282,2365,15,0
2025-10-29 08:00:00+00:00,1.39282,1.39487,1.3928099999999999,1.39402,3028,15,0
2025-10-29 12:00:00+00:00,1.39402,1.39405,1.3887399999999999,1.38937,5980,15,0
2025-10-29 16:00:00+00:00,1.3894,1.39541,1.38885,1.39471,10383,15,0
2025-10-29 20:00:00+00:00,1.3947,1.39528,1.39387,1.3941,2410,15,0
2025-10-30 00:00:00+00:00,1.39412,1.39442,1.39331,1.3939,2749,15,0
2025-10-30 04:00:00+00:00,1.39391,1.3942999999999999,1.39266,1.39389,3918,15,0
2025-10-30 08:00:00+00:00,1.39387,1.39831,1.39372,1.39818,3582,15,0
2025-10-30 12:00:00+00:00,1.39819,1.40136,1.3977,1.3982299999999999,7683,15,0
2025-10-30 16:00:00+00:00,1.39821,1.39897,1.39771,1.39878,3925,15,0
2025-10-30 20:00:00+00:00,1.39876,1.39887,1.39801,1.39809,1736,15,0
2025-10-31 00:00:00+00:00,1.39809,1.39899,1.39785,1.39876,2342,15,0
2025-10-31 04:00:00+00:00,1.39876,1.40104,1.39856,1.4001000000000001,2326,15,0
2025-10-31 08:00:00+00:00,1.4001000000000001,1.40181,1.39946,1.40136,2925,15,0
2025-10-31 12:00:00+00:00,1.40136,1.40347,1.40009,1.40104,6675,15,0
2025-10-31 16:00:00+00:00,1.4010500000000001,1.40251,1.40069,1.40251,4433,15,0
2025-10-31 20:00:00+00:00,1.4025,1.4026100000000001,1.40066,1.40099,971,15,0
2025-11-02 20:00:00+00:00,1.40061,1.40174,1.40058,1.40153,1302,18,0
2025-11-03 00:00:00+00:00,1.40153,1.40229,1.40115,1.40118,1879,15,0
2025-11-03 04:00:00+00:00,1.40118,1.40191,1.4008,1.40181,1795,15,0
2025-11-03 08:00:00+00:00,1.4018,1.4047,1.40176,1.4044400000000001,2665,15,0
2025-11-03 12:00:00+00:00,1.4044400000000001,1.4075,1.40344,1.4068100000000001,4795,15,0
2025-11-03 16:00:00+00:00,1.4068100000000001,1.40685,1.40461,1.40514,3985,15,0
2025-11-03 20:00:00+00:00,1.40514,1.40575,1.40497,1.40551,2456,15,0
2025-11-04 00:00:00+00:00,1.4055,1.40695,1.4055,1.40615,2392,15,0
2025-11-04 04:00:00+00:00,1.40615,1.40731,1.4056,1.40565,2922,15,0
2025-11-04 08:00:00+00:00,1.40564,1.408,1.4053499999999999,1.40799,3257,15,0
2025-11-04 12:00:00+00:00,1.40799,1.40951,1.4076,1.40828,4951,15,0
2025-11-04 16:00:00+00:00,1.40828,1.41013,1.40775,1.41005,4034,15,0
2025-11-04 20:00:00+00:00,1.41005,1.41069,1.40913,1.4101,2649,15,0
2025-11-05 00:00:00+00:00,1.41012,1.41185,1.4101,1.4110800000000001,3257,15,0
2025-11-05 04:00:00+00:00,1.41106,1.41196,1.41072,1.41147,2051,15,0
2025-11-05 08:00:00+00:00,1.4114499999999999,1.41347,1.41071,1.41342,2779,15,0
2025-11-05 12:00:00+00:00,1.41339,1.4139599999999999,1.41188,1.41238,5551,15,0
2025-11-05 16:00:00+00:00,1.4123700000000001,1.4131,1.41048,1.41117,3979,15,0
2025-11-05 20:00:00+00:00,1.41117,1.41123,1.41011,1.41017,2216,15,0
2025-11-06 00:00:00+00:00,1.4102000000000001,1.41074,1.40992,1.41034,2123,15,0
2025-11-06 04:00:00+00:00,1.41034,1.41045,1.40965,1.41006,2016,15,0
2025-11-06 08:00:00+00:00,1.41004,1.41037,1.40895,1.40963,3010,15,0
2025-11-06 12:00:00+00:00,1.40963,1.41334,1.40896,1.41295,6142,15,0
2025-11-06 16:00:00+00:00,1.41295,1.4139300000000001,1.41045,1.41123,5016,15,0
2025-11-06 20:00:00+00:00,1.41123,1.41178,1.41103,1.4111799999999999,2209,15,0
2025-11-07 00:00:00+00:00,1.4111500000000001,1.41253,1.4111500000000001,1.41241,2182,15,0
2025-11-07 04:00:00+00:00,1.41241,1.41252,1.41141,1.41161,1592,15,0
2025-11-07 08:00:00+00:00,1.41161,1.41191,1.41079,1.41086,2650,15,0
2025-11-07 12:00:00+00:00,1.41087,1.41155,1.40547,1.40735,8255,15,0
2025-11-07 16:00:00+00:00,1.40735,1.40788,1.40357,1.40394,5029,15,0
2025-11-07 20:00:00+00:00,1.40393,1.40454,1.40252,1.40434,1655,15,0
2025-11-09 20:00:00+00:00,1.40536,1.40541,1.40371,1.4043700000000001,1604,15,0
2025-11-10 00:00:00+00:00,1.40438,1.40456,1.4025400000000001,1.40328,3705,15,0
2025-11-10 04:00:00+00:00,1.40328,1.40328,1.401,1.40143,3044,15,0
2025-11-10 08:00:00+00:00,1.40141,1.40213,1.40004,1.40144,3363,15,0
2025-11-10 12:00:00+00:00,1.40144,1.40287,1.40006,1.4027,4731,15,0
2025-11-10 16:00:00+00:00,1.40272,1.40356,1.40126,1.40174,3969,15,0
2025-11-10 20:00:00+00:00,1.40173,1.40267,1.40127,1.4025400000000001,2077,15,0
2025-11-11 00:00:00+00:00,1.4025400000000001,1.4035199999999999,1.40214,1.40336,2122,15,0
2025-11-11 04:00:00+00:00,1.40336,1.40404,1.40301,1.40313,2532,15,0
2025-11-11 08:00:00+00:00,1.4031500000000001,1.40359,1.4025400000000001,1.4027,2913,15,0
2025-11-11 12:00:00+00:00,1.4027,1.40302,1.40027,1.401,4503,15,0
2025-11-11 16:00:00+00:00,1.401,1.40111,1.4001299999999999,1.40093,3419,15,0
2025-11-11 20:00:00+00:00,1.40092,1.4020000000000001,1.4007399999999999,1.40155,2095,15,0
2025-11-12 00:00:00+00:00,1.40156,1.40198,1.4013,1.40154,2201,15,0
2025-11-12 04:00:00+00:00,1.40154,1.40191,1.4003,1.40055,2195,15,0
2025-11-12 08:00:00+00:00,1.40052,1.40207,1.40025,1.40165,3035,15,0
2025-11-12 12:00:00+00:00,1.40164,1.4021,1.39946,1.3995600000000001,4763,15,0
2025-11-12 16:00:00+00:00,1.39958,1.40055,1.3989500000000001,1.3997,4147,15,0
2025-11-12 20:00:00+00:00,1.39972,1.40102,1.3996,1.40094,2303,15,0
2025-11-13 00:00:00+00:00,1.40094,1.40157,1.40025,1.40057,2787,15,0
2025-11-13 04:00:00+00:00,1.40057,1.40124,1.39944,1.39945,2264,15,0
2025-11-13 08:00:00+00:00,1.39945,1.39967,1.39847,1.3996,2959,15,0
2025-11-13 12:00:00+00:00,1.39963,1.40143,1.39928,1.4010099999999999,5072,15,0
2025-11-13 16:00:00+00:00,1.4010099999999999,1.4037,1.40062,1.40321,5324,15,0
2025-11-13 20:00:00+00:00,1.40321,1.4037,1.40272,1.40361,2421,15,0
2025-11-14 00:00:00+00:00,1.40362,1.4043700000000001,1.40175,1.40234,2836,15,0
2025-11-14 04:00:00+00:00,1.40234,1.40378,1.40215,1.4037600000000001,2630,15,0
2025-11-14 08:00:00+00:00,1.4037600000000001,1.40445,1.40297,1.40428,3971,15,0
2025-11-14 12:00:00+00:00,1.40428,1.40441,1.40136,1.40269,6893,15,0
2025-11-14 16:00:00+00:00,1.40268,1.40321,1.40174,1.40251,4843,15,0
2025-11-14 20:00:00+00:00,1.4025,1.40268,1.4013499999999999,1.40237,1780,15,0
2025-11-16 20:00:00+00:00,1.40119,1.40258,1.40114,1.40179,899,18,0
2025-11-17 00:00:00+00:00,1.40178,1.40381,1.40178,1.4037,2426,15,0
2025-11-17 04:00:00+00:00,1.4037,1.40373,1.40173,1.40191,1949,15,0
2025-11-17 08:00:00+00:00,1.40191,1.40316,1.40155,1.40262,3147,15,0
2025-11-17 12:00:00+00:00,1.40263,1.4041000000000001,1.40231,1.40274,5320,15,0
2025-11-17 16:00:00+00:00,1.40272,1.40543,1.40232,1.40542,4591,15,0
2025-11-17 20:00:00+00:00,1.40542,1.4057,1.4048,1.40504,2732,15,0
2025-11-18 00:00:00+00:00,1.4050500000000001,1.4056,1.4046699999999999,1.4054,2461,15,0
2025-11-18 04:00:00+00:00,1.40539,1.40615,1.4047399999999999,1.40506,2865,15,0
2025-11-18 08:00:00+00:00,1.40506,1.40506,1.4028800000000001,1.403,3242,15,0
2025-11-18 12:00:00+00:00,1.403,1.40357,1.40024,1.40136,6227,15,0
2025-11-18 16:00:00+00:00,1.4013499999999999,1.40199,1.39707,1.39786,5750,15,0
2025-11-18 20:00:00+00:00,1.39786,1.39899,1.39771,1.39851,2460,15,0
2025-11-19 00:00:00+00:00,1.39852,1.39994,1.39846,1.39974,2681,15,0
2025-11-19 04:00:00+00:00,1.39974,1.40002,1.39879,1.39938,2666,15,0
2025-11-19 08:00:00+00:00,1.39936,1.40068,1.39893,1.40034,3580,15,0
2025-11-19 12:00:00+00:00,1.40034,1.40373,1.39998,1.40357,5191,15,0
2025-11-19 16:00:00+00:00,1.40358,1.40646,1.40355,1.40568,5890,15,0
2025-11-19 20:00:00+00:00,1.4057,1.40599,1.4041000000000001,1.40433,2539,15,0
2025-11-20 00:00:00+00:00,1.40434,1.40604,1.40432,1.40575,2326,15,0
2025-11-20 04:00:00+00:00,1.40575,1.40604,1.40529,1.4056899999999999,2031,15,0
2025-11-20 08:00:00+00:00,1.4057,1.40641,1.40472,1.4062000000000001,2831,15,0
2025-11-20 12:00:00+00:00,1.4062000000000001,1.40708,1.40394,1.40625,7408,15,0
2025-11-20 16:00:00+00:00,1.40626,1.41063,1.40626,1.40904,7504,15,0
2025-11-20 20:00:00+00:00,1.40906,1.41026,1.4089800000000001,1.40909,2670,15,0
2025-11-21 00:00:00+00:00,1.40913,1.40955,1.40833,1.4092,2619,15,0
2025-11-21 04:00:00+00:00,1.4092,1.4104700000000001,1.40856,1.41025,2483,15,0
2025-11-21 08:00:00+00:00,1.41026,1.41049,1.40816,1.41026,4351,15,0
2025-11-21 12:00:00+00:00,1.41026,1.41269,1.4081000000000001,1.41255,7330,15,0
2025-11-21 16:00:00+00:00,1.41255,1.41302,1.40899,1.4093,6011,15,0
2025-11-21 20:00:00+00:00,1.4093,1.4102299999999999,1.40887,1.41016,1731,15,0
2025-11-23 20:00:00+00:00,1.40921,1.40985,1.40919,1.40947,783,18,0
2025-11-24 00:00:00+00:00,1.40948,1.41037,1.40922,1.40952,1973,15,0
2025-11-24 04:00:00+00:00,1.40952,1.41035,1.40909,1.41032,1878,15,0
2025-11-24 08:00:00+00:00,1.41035,1.41141,1.40944,1.41094,3237,15,0
2025-11-24 12:00:00+00:00,1.41096,1.41175,1.40967,1.4111500000000001,5112,15,0
2025-11-24 16:00:00+00:00,1.41116,1.4117899999999999,1.41031,1.41068,2937,15,0
2025-11-24 20:00:00+00:00,1.41067,1.4111,1.4102299999999999,1.41095,1949,15,0
2025-11-25 00:00:00+00:00,1.41095,1.4117199999999999,1.41046,1.41161,2083,15,0
2025-11-25 04:00:00+00:00,1.41161,1.41231,1.41151,1.41164,1726,15,0
2025-11-25 08:00:00+00:00,1.41164,1.41234,1.4109,1.4120599999999999,2808,15,0
2025-11-25 12:00:00+00:00,1.4120599999999999,1.4123999999999999,1.41003,1.41048,6789,15,0
2025-11-25 16:00:00+00:00,1.4104700000000001,1.41181,1.40891,1.40916,4780,15,0
2025-11-25 20:00:00+00:00,1.40916,1.41031,1.4090099999999999,1.41028,2367,15,0
2025-11-26 00:00:00+00:00,1.41028,1.41042,1.40704,1.40712,3588,15,0
2025-11-26 04:00:00+00:00,1.40712,1.4077,1.40671,1.40686,2435,15,0
2025-11-26 08:00:00+00:00,1.40686,1.4089,1.4068399999999999,1.4088,3208,15,0
2025-11-26 12:00:00+00:00,1.4088,1.41001,1.4055,1.40561,6363,15,0
2025-11-26 16:00:00+00:00,1.40561,1.40572,1.40341,1.40392,3626,15,0
2025-11-26 20:00:00+00:00,1.40392,1.40431,1.4034,1.40389,2477,15,0
2025-11-27 00:00:00+00:00,1.40389,1.40397,1.40292,1.4034499999999999,2081,15,0
2025-11-27 04:00:00+00:00,1.4034499999999999,1.40375,1.4028100000000001,1.40336,2069,15,0
2025-11-27 08:00:00+00:00,1.40336,1.40492,1.4032499999999999,1.4045,2431,15,0
2025-11-27 12:00:00+00:00,1.4045,1.40459,1.40278,1.40323,2583,15,0
2025-11-27 16:00:00+00:00,1.40324,1.40373,1.40278,1.40293,1352,15,0
2025-11-27 20:00:00+00:00,1.40293,1.40321,1.40239,1.4025699999999999,1196,15,0
2025-11-28 00:00:00+00:00,1.40258,1.40341,1.40249,1.40324,11545,15,0
2025-11-28 04:00:00+00:00,1.4032499999999999,1.40425,1.40282,1.40404,9803,15,0
2025-11-28 08:00:00+00:00,1.40407,1.4050500000000001,1.40329,1.40356,17212,15,0
2025-11-28 12:00:00+00:00,1.40354,1.40397,1.39365,1.39388,6380,15,0
2025-11-28 16:00:00+00:00,1.39385,1.3984,1.39363,1.3970099999999999,3488,46,0
2025-11-28 20:00:00+00:00,1.3970099999999999,1.39713,1.39548,1.39565,2669,61,0
2025-11-30 20:00:00+00:00,1.39721,1.39764,1.3965,1.39697,976,18,0
2025-12-01 00:00:00+00:00,1.39698,1.39849,1.39639,1.39798,3609,15,0
2025-12-01 04:00:00+00:00,1.39798,1.3989099999999999,1.39697,1.39778,2725,15,0
2025-12-01 08:00:00+00:00,1.39777,1.39909,1.39745,1.39747,3712,15,0
2025-12-01 12:00:00+00:00,1.39747,1.39751,1.39543,1.39646,6057,15,0
2025-12-01 16:00:00+00:00,1.39646,1.39991,1.39638,1.39964,3994,15,0
2025-12-01 20:00:00+00:00,1.39964,1.40009,1.39944,1.40009,1920,15,0
2025-12-02 00:00:00+00:00,1.40009,1.40067,1.39973,1.39981,1886,15,0
2025-12-02 04:00:00+00:00,1.39981,1.40011,1.39936,1.39971,1564,15,0
2025-12-02 08:00:00+00:00,1.39971,1.40138,1.3992,1.40123,2592,15,0
2025-12-02 12:00:00+00:00,1.40123,1.40136,1.3975,1.39801,5053,15,0
2025-12-02 16:00:00+00:00,1.39801,1.39944,1.3967399999999999,1.39714,4194,15,0
2025-12-02 20:00:00+00:00,1.39714,1.3982,1.39659,1.39693,1920,15,0
2025-12-03 00:00:00+00:00,1.39693,1.39748,1.3961999999999999,1.39683,2036,15,0
2025-12-03 04:00:00+00:00,1.39683,1.39738,1.39616,1.39703,2028,15,0
2025-12-03 08:00:00+00:00,1.39703,1.39703,1.39395,1.3945,2832,15,0
2025-12-03 12:00:00+00:00,1.3945,1.39686,1.3938,1.3949,6103,15,0
2025-12-03 16:00:00+00:00,1.3949,1.39538,1.39406,1.39468,3898,15,0
2025-12-03 20:00:00+00:00,1.3947,1.3954,1.39465,1.3953,1509,15,0
2025-12-04 00:00:00+00:00,1.3953,1.39679,1.3952,1.39622,2399,15,0
2025-12-04 04:00:00+00:00,1.39622,1.39704,1.3957600000000001,1.39629,2081,15,0
2025-12-04 08:00:00+00:00,1.39626,1.39741,1.39569,1.39698,3606,15,0
2025-12-04 12:00:00+00:00,1.39698,1.3976600000000001,1.3924699999999999,1.3932,5382,15,0
2025-12-04 16:00:00+00:00,1.39321,1.39569,1.3932,1.39511,4363,15,0
2025-12-04 20:00:00+00:00,1.39513,1.396,1.39513,1.39593,2074,15,0
2025-12-05 00:00:00+00:00,1.39594,1.39594,1.3949799999999999,1.39548,1480,15,0
2025-12-05 04:00:00+00:00,1.39548,1.3954900000000001,1.39398,1.3946399999999999,1528,15,0
2025-12-05 08:00:00+00:00,1.3946399999999999,1.39516,1.39404,1.39409,2405,15,0
2025-12-05 12:00:00+00:00,1.39409,1.3943699999999999,1.38527,1.38538,7091,15,0
2025-12-05 16:00:00+00:00,1.38538,1.38696,1.38324,1.3836300000000001,4903,15,0
2025-12-05 20:00:00+00:00,1.38364,1.38421,1.38154,1.38163,1691,15,0
2025-12-07 20:00:00+00:00,1.3828,1.38348,1.38233,1.38346,1226,15,0
2025-12-08 00:00:00+00:00,1.38345,1.38345,1.38185,1.38255,2124,15,0
2025-12-08 04:00:00+00:00,1.38255,1.38284,1.38131,1.38243,2128,15,0
2025-12-08 08:00:00+00:00,1.38242,1.38263,1.38134,1.38148,3313,15,0
2025-12-08 12:00:00+00:00,1.38148,1.38442,1.37994,1.38442,5183,15,0
2025-12-08 16:00:00+00:00,1.38441,1.38587,1.3839000000000001,1.38495,4357,15,0
2025-12-08 20:00:00+00:00,1.38494,1.3859,1.38472,1.3848099999999999,2163,15,0
2025-12-09 00:00:00+00:00,1.38483,1.38541,1.38459,1.38466,2126,15,0
2025-12-09 04:00:00+00:00,1.38466,1.38568,1.38441,1.38555,2424,15,0
2025-12-09 08:00:00+00:00,1.38552,1.38568,1.38375,1.3843,2806,15,0
2025-12-09 12:00:00+00:00,1.3843,1.38489,1.38229,1.38406,5659,15,0
2025-12-09 16:00:00+00:00,1.38405,1.38601,1.38289,1.38473,4328,15,0
2025-12-09 20:00:00+00:00,1.38475,1.38535,1.38422,1.3845399999999999,2194,15,0
2025-12-10 00:00:00+00:00,1.38456,1.38568,1.38443,1.38545,2139,15,0
2025-12-10 04:00:00+00:00,1.38544,1.38557,1.38448,1.38538,1775,15,0
2025-12-10 08:00:00+00:00,1.38538,1.3858,1.38464,1.38465,3009,15,0
2025-12-10 12:00:00+00:00,1.38465,1.3871,1.38373,1.38507,5786,15,0
2025-12-10 16:00:00+00:00,1.38506,1.38556,1.38077,1.38096,8919,15,0
2025-12-10 20:00:00+00:00,1.38099,1.38141,1.37833,1.37893,4077,15,0
2025-12-11 00:00:00+00:00,1.37893,1.38155,1.37843,1.38133,3444,15,0
2025-12-11 04:00:00+00:00,1.38133,1.38222,1.381,1.3820999999999999,2812,15,0
2025-12-11 08:00:00+00:00,1.38209,1.3820999999999999,1.37926,1.37951,3730,15,0
2025-12-11 12:00:00+00:00,1.37952,1.3802400000000001,1.37571,1.3759000000000001,5887,15,0
2025-12-11 16:00:00+00:00,1.3759000000000001,1.37801,1.37561,1.37786,4870,15,0
2025-12-11 20:00:00+00:00,1.37784,1.37787,1.37661,1.37752,2490,15,0
2025-12-12 00:00:00+00:00,1.37753,1.37754,1.37666,1.3774600000000001,2382,15,0
2025-12-12 04:00:00+00:00,1.3774600000000001,1.37782,1.3764,1.3765,1981,15,0
2025-12-12 08:00:00+00:00,1.3765,1.37664,1.37545,1.37557,2899,15,0
2025-12-12 12:00:00+00:00,1.37558,1.37832,1.37528,1.3780700000000001,5319,15,0
2025-12-12 16:00:00+00:00,1.3780999999999999,1.37939,1.37596,1.37656,5266,15,0
2025-12-12 20:00:00+00:00,1.37657,1.37714,1.37618,1.37699,1656,15,0
2025-12-14 20:00:00+00:00,1.37673,1.37732,1.37615,1.37679,1149,15,0
2025-12-15 00:00:00+00:00,1.37679,1.37706,1.37595,1.37668,2629,15,0
2025-12-15 04:00:00+00:00,1.37671,1.37697,1.37592,1.37622,2124,15,0
2025-12-15 08:00:00+00:00,1.37622,1.37761,1.37571,1.3765100000000001,2934,15,0
2025-12-15 12:00:00+00:00,1.3765100000000001,1.3771499999999999,1.3747099999999999,1.37608,5804,15,0
2025-12-15 16:00:00+00:00,1.37609,1.37877,1.3759700000000001,1.37717,4843,15,0
2025-12-15 20:00:00+00:00,1.37716,1.37743,1.3765,1.37691,2241,15,0
2025-12-16 00:00:00+00:00,1.37691,1.37805,1.37662,1.37693,2841,15,0
2025-12-16 04:00:00+00:00,1.37693,1.3771900000000001,1.37637,1.37698,1958,15,0
2025-12-16 08:00:00+00:00,1.37696,1.37792,1.37634,1.37737,3256,15,0
2025-12-16 12:00:00+00:00,1.37737,1.37737,1.37296,1.3747099999999999,8068,15,0
2025-12-16 16:00:00+00:00,1.37473,1.37611,1.37355,1.37448,6128,15,0
2025-12-16 20:00:00+00:00,1.3745,1.376,1.37418,1.3755,2565,15,0
2025-12-17 00:00:00+00:00,1.3755,1.37705,1.3755,1.37661,2352,15,0
2025-12-17 04:00:00+00:00,1.3766,1.3783400000000001,1.3766,1.37798,2516,15,0
2025-12-17 08:00:00+00:00,1.37801,1.3795,1.3771,1.37899,3277,15,0
2025-12-17 12:00:00+00:00,1.3789799999999999,1.37913,1.37616,1.37798,5701,15,0
2025-12-17 16:00:00+00:00,1.3780000000000001,1.37975,1.37733,1.37884,5400,15,0
2025-12-17 20:00:00+00:00,1.37886,1.37892,1.37751,1.37833,1986,15,0
2025-12-18 00:00:00+00:00,1.37833,1.37883,1.37778,1.37856,2366,15,0
2025-12-18 04:00:00+00:00,1.37856,1.3786,1.37677,1.3771900000000001,2418,15,0
2025-12-18 08:00:00+00:00,1.3772,1.37873,1.37718,1.37817,2909,15,0
2025-12-18 12:00:00+00:00,1.37817,1.37953,1.3762699999999999,1.37656,8323,15,0
2025-12-18 16:00:00+00:00,1.3765800000000001,1.37817,1.37554,1.37799,5555,15,0
2025-12-18 20:00:00+00:00,1.37799,1.37832,1.3771200000000001,1.37769,2486,15,0
2025-12-19 00:00:00+00:00,1.3777,1.37857,1.37696,1.37827,2601,15,0
2025-12-19 04:00:00+00:00,1.37827,1.37961,1.37821,1.37944,2324,15,0
2025-12-19 08:00:00+00:00,1.37943,1.38002,1.37855,1.37961,3045,15,0
2025-12-19 12:00:00+00:00,1.3796,1.37988,1.37544,1.37839,5752,15,0
2025-12-19 16:00:00+00:00,1.37838,1.37873,1.37726,1.37853,3898,15,0
2025-12-19 20:00:00+00:00,1.37856,1.3805,1.37849,1.3801,1700,15,0
2025-12-21 20:00:00+00:00,1.37899,1.38016,1.37892,1.37908,1237,18,0
2025-12-22 00:00:00+00:00,1.37909,1.38003,1.37899,1.37979,2843,15,0
2025-12-22 04:00:00+00:00,1.37979,1.37979,1.37802,1.37811,1865,15,0
2025-12-22 08:00:00+00:00,1.37811,1.37838,1.37647,1.37663,2755,15,0
2025-12-22 12:00:00+00:00,1.37663,1.37726,1.37395,1.37415,5130,15,0
2025-12-22 16:00:00+00:00,1.37417,1.3748,1.37351,1.3746399999999999,3392,15,0
2025-12-22 20:00:00+00:00,1.37466,1.37533,1.37417,1.37491,2052,15,0
2025-12-23 00:00:00+00:00,1.37491,1.37491,1.37334,1.37335,2011,15,0
2025-12-23 04:00:00+00:00,1.37335,1.37421,1.3732,1.3734600000000001,2138,15,0
2025-12-23 08:00:00+00:00,1.3734600000000001,1.37351,1.36961,1.37081,3335,15,0
2025-12-23 12:00:00+00:00,1.37081,1.37262,1.36877,1.37096,7197,15,0
2025-12-23 16:00:00+00:00,1.37096,1.37161,1.36895,1.36932,4080,15,0
2025-12-23 20:00:00+00:00,1.36934,1.36974,1.36846,1.3685,1793,15,0
2025-12-24 00:00:00+00:00,1.3685,1.3688500000000001,1.36744,1.3679999999999999,2296,15,0
2025-12-24 04:00:00+00:00,1.3679999999999999,1.36837,1.36753,1.3683,1978,15,0
2025-12-24 08:00:00+00:00,1.3683,1.36872,1.36684,1.36686,2474,15,0
2025-12-24 12:00:00+00:00,1.36688,1.36849,1.3664399999999999,1.36674,4741,15,0
2025-12-24 16:00:00+00:00,1.36674,1.36794,1.36649,1.36719,2714,15,0
2025-12-24 20:00:00+00:00,1.36719,1.36737,1.36667,1.36692,1254,77,0
2025-12-25 20:00:00+00:00,1.36722,1.3677000000000001,1.36688,1.36733,789,18,0
2025-12-26 00:00:00+00:00,1.36734,1.36791,1.36692,1.36786,2135,15,0
2025-12-26 04:00:00+00:00,1.36786,1.36812,1.36654,1.36755,2288,15,0
2025-12-26 08:00:00+00:00,1.36755,1.36843,1.36715,1.36795,2593,15,0
2025-12-26 12:00:00+00:00,1.3679299999999999,1.36842,1.36417,1.3657,4552,15,0
2025-12-26 16:00:00+00:00,1.36569,1.36741,1.36541,1.36711,3790,15,0
2025-12-26 20:00:00+00:00,1.36708,1.36754,1.3666800000000001,1.3672,1521,15,0
2025-12-28 20:00:00+00:00,1.36587,1.36742,1.36587,1.36681,1087,15,0
2025-12-29 00:00:00+00:00,1.36681,1.36731,1.36569,1.36597,2566,15,0
2025-12-29 04:00:00+00:00,1.36597,1.3687,1.36597,1.36865,2536,15,0
2025-12-29 08:00:00+00:00,1.36867,1.3696,1.3676,1.3694,4375,15,0
2025-12-29 12:00:00+00:00,1.36942,1.37005,1.36626,1.36692,6996,15,0
2025-12-29 16:00:00+00:00,1.36692,1.36942,1.36646,1.3683,4754,15,0
2025-12-29 20:00:00+00:00,1.3683100000000001,1.36979,1.3682,1.36872,2239,15,0
2025-12-30 00:00:00+00:00,1.36872,1.3694899999999999,1.3682699999999999,1.36871,2036,15,0
2025-12-30 04:00:00+00:00,1.36872,1.36881,1.36821,1.3682699999999999,1839,15,0
2025-12-30 08:00:00+00:00,1.3682699999999999,1.36987,1.36783,1.36982,2930,15,0
2025-12-30 12:00:00+00:00,1.36981,1.3708,1.36808,1.3682400000000001,5711,15,0
2025-12-30 16:00:00+00:00,1.3682400000000001,1.36978,1.36791,1.36957,4003,15,0
2025-12-30 20:00:00+00:00,1.36957,1.36986,1.36908,1.3695,1807,15,0
2025-12-31 00:00:00+00:00,1.3695,1.37006,1.36917,1.36962,1989,15,0
2025-12-31 04:00:00+00:00,1.36962,1.37092,1.36955,1.3703400000000001,1851,15,0
2025-12-31 08:00:00+00:00,1.3703400000000001,1.37116,1.36986,1.37042,2997,15,0
2025-12-31 12:00:00+00:00,1.3704399999999999,1.3726,1.36876,1.37069,6763,15,0
2025-12-31 16:00:00+00:00,1.3706800000000001,1.37271,1.37049,1.37199,5078,15,0
2025-12-31 20:00:00+00:00,1.3719999999999999,1.37275,1.3714,1.37238,2008,15,0
2026-01-01 20:00:00+00:00,1.37187,1.3721700000000001,1.37131,1.37169,618,18,0
2026-01-02 00:00:00+00:00,1.3717,1.37184,1.3704,1.37083,1914,15,0
2026-01-02 04:00:00+00:00,1.37083,1.3718,1.36998,1.37013,2221,15,0
2026-01-02 08:00:00+00:00,1.37016,1.37289,1.37009,1.3725800000000001,3489,15,0
2026-01-02 12:00:00+00:00,1.37259,1.37465,1.37202,1.37234,5783,15,0
2026-01-02 16:00:00+00:00,1.37234,1.37469,1.37229,1.37329,5503,15,0
2026-01-02 20:00:00+00:00,1.37327,1.37368,1.37263,1.37307,1604,15,0
2026-01-04 20:00:00+00:00,1.37331,1.3747,1.3731499999999999,1.37467,1250,15,0
2026-01-05 00:00:00+00:00,1.37467,1.3768,1.37405,1.37675,3592,15,0
2026-01-05 04:00:00+00:00,1.37675,1.3780700000000001,1.3764,1.37775,3268,15,0
2026-01-05 08:00:00+00:00,1.37775,1.3788,1.37621,1.37665,4201,15,0
2026-01-05 12:00:00+00:00,1.37665,1.38147,1.37447,1.37479,8430,15,0
2026-01-05 16:00:00+00:00,1.37479,1.37641,1.37445,1.37561,5170,15,0
2026-01-05 20:00:00+00:00,1.3755899999999999,1.3773,1.37557,1.37729,2390,15,0
2026-01-06 00:00:00+00:00,1.37729,1.37756,1.37602,1.37655,2608,15,0
2026-01-06 04:00:00+00:00,1.37655,1.37665,1.37509,1.37625,2564,15,0
2026-01-06 08:00:00+00:00,1.3762699999999999,1.37732,1.37533,1.377,4207,15,0
2026-01-06 12:00:00+00:00,1.377,1.3792200000000001,1.37561,1.37852,7044,15,0
2026-01-06 16:00:00+00:00,1.37851,1.38068,1.37821,1.38042,4522,15,0
2026-01-06 20:00:00+00:00,1.38043,1.38163,1.38009,1.38156,1983,15,0
2026-01-07 00:00:00+00:00,1.38156,1.38245,1.38098,1.38156,3026,15,0
2026-01-07 04:00:00+00:00,1.38156,1.38253,1.381,1.38246,2390,15,0
2026-01-07 08:00:00+00:00,1.38245,1.3826100000000001,1.38021,1.38057,2788,15,0
2026-01-07 12:00:00+00:00,1.38058,1.38172,1.3789500000000001,1.38116,6278,15,0
2026-01-07 16:00:00+00:00,1.38117,1.38457,1.38106,1.38443,3790,15,0
2026-01-07 20:00:00+00:00,1.38445,1.38609,1.38437,1.38579,2400,15,0
2026-01-08 00:00:00+00:00,1.38579,1.38658,1.3857,1.38601,2234,15,0
2026-01-08 04:00:00+00:00,1.38601,1.3879000000000001,1.3860000000000001,1.3878599999999999,2692,15,0
2026-01-08 08:00:00+00:00,1.3878599999999999,1.38876,1.38652,1.38655,3597,15,0
2026-01-08 12:00:00+00:00,1.38656,1.38723,1.38499,1.38582,5907,15,0
2026-01-08 16:00:00+00:00,1.38582,1.38761,1.3858,1.38672,3998,15,0
2026-01-08 20:00:00+00:00,1.38673,1.38674,1.38545,1.38641,2459,15,0
2026-01-09 00:00:00+00:00,1.38641,1.3875199999999999,1.38641,1.38696,2327,15,0
2026-01-09 04:00:00+00:00,1.38696,1.3876,1.38643,1.38685,2158,15,0
2026-01-09 08:00:00+00:00,1.38683,1.38784,1.38665,1.38705,2833,15,0
2026-01-09 12:00:00+00:00,1.38705,1.39053,1.38667,1.38899,8901,15,0
2026-01-09 16:00:00+00:00,1.38899,1.3912200000000001,1.38806,1.39087,4391,15,0
2026-01-09 20:00:00+00:00,1.39087,1.39189,1.39078,1.39136,1320,15,0
2026-01-11 20:00:00+00:00,1.3912499999999999,1.39168,1.39099,1.39119,744,15,0
2026-01-12 00:00:00+00:00,1.39121,1.39138,1.38828,1.38954,3821,15,0
2026-01-12 04:00:00+00:00,1.38954,1.38982,1.38755,1.38763,2630,15,0
2026-01-12 08:00:00+00:00,1.38763,1.3883,1.38667,1.38785,3891,15,0
2026-01-12 12:00:00+00:00,1.38785,1.3894,1.38678,1.38726,5798,15,0
2026-01-12 16:00:00+00:00,1.3872499999999999,1.38801,1.38678,1.38706,3716,15,0
2026-01-12 20:00:00+00:00,1.38703,1.38794,1.38677,1.3876,2293,15,0
2026-01-13 00:00:00+00:00,1.3876,1.38832,1.38684,1.38721,2291,15,0
2026-01-13 04:00:00+00:00,1.38721,1.38819,1.38667,1.38771,2271,15,0
2026-01-13 08:00:00+00:00,1.38773,1.3887,1.38714,1.3875199999999999,2685,15,0
2026-01-13 12:00:00+00:00,1.3875199999999999,1.38931,1.38541,1.38785,7813,15,0
2026-01-13 16:00:00+00:00,1.38785,1.38975,1.38766,1.38865,4842,15,0
2026-01-13 20:00:00+00:00,1.38863,1.38898,1.38797,1.38868,2086,15,0
2026-01-14 00:00:00+00:00,1.38868,1.38972,1.38832,1.3884400000000001,2290,15,0
2026-01-14 04:00:00+00:00,1.3884400000000001,1.3887399999999999,1.38796,1.38853,1838,15,0
2026-01-14 08:00:00+00:00,1.38853,1.3896,1.38812,1.38814,3606,15,0
2026-01-14 12:00:00+00:00,1.3881299999999999,1.3884,1.38657,1.38796,6165,15,0
2026-01-14 16:00:00+00:00,1.38794,1.38828,1.38697,1.38733,5133,15,0
2026-01-14 20:00:00+00:00,1.3873,1.38866,1.38717,1.38865,2816,15,0
2026-01-15 00:00:00+00:00,1.38865,1.38977,1.3884400000000001,1.38961,2249,15,0
2026-01-15 04:00:00+00:00,1.38961,1.39031,1.38957,1.38998,2030,15,0
2026-01-15 08:00:00+00:00,1.3899599999999999,1.3907,1.3896600000000001,1.3900000000000001,2558,15,0
2026-01-15 12:00:00+00:00,1.39001,1.3919000000000001,1.38907,1.38909,5470,15,0
2026-01-15 16:00:00+00:00,1.38909,1.38998,1.38866,1.3892,4363,15,0
2026-01-15 20:00:00+00:00,1.38918,1.38986,1.38842,1.38894,2441,15,0
2026-01-16 00:00:00+00:00,1.38896,1.38975,1.3884,1.3885399999999999,2627,15,0
2026-01-16 04:00:00+00:00,1.3885399999999999,1.38943,1.38839,1.38937,2110,15,0
2026-01-16 08:00:00+00:00,1.38938,1.38967,1.3884,1.38873,3154,15,0
2026-01-16 12:00:00+00:00,1.38875,1.39191,1.38841,1.39142,6305,15,0
2026-01-16 16:00:00+00:00,1.39141,1.39279,1.3902700000000001,1.3915899999999999,4902,15,0
2026-01-16 20:00:00+00:00,1.3915899999999999,1.39182,1.39134,1.39145,1310,15,0
2026-01-18 20:00:00+00:00,1.39117,1.39172,1.38993,1.38997,1504,15,0
2026-01-19 00:00:00+00:00,1.38997,1.3907,1.38899,1.38985,3411,15,0
2026-01-19 04:00:00+00:00,1.38985,1.38985,1.38839,1.38974,2738,15,0
2026-01-19 08:00:00+00:00,1.38972,1.38972,1.38835,1.38898,3667,15,0
2026-01-19 12:00:00+00:00,1.38898,1.38916,1.38595,1.38644,4096,15,0
2026-01-19 16:00:00+00:00,1.38644,1.38692,1.38591,1.3868,1922,15,0
2026-01-19 20:00:00+00:00,1.3868,1.38768,1.38656,1.38739,1407,15,0
2026-01-20 00:00:00+00:00,1.38739,1.3878300000000001,1.38534,1.38541,2544,15,0
2026-01-20 04:00:00+00:00,1.38541,1.38647,1.38367,1.38374,3223,15,0
2026-01-20 08:00:00+00:00,1.38375,1.38392,1.38147,1.38184,5144,15,0
2026-01-20 12:00:00+00:00,1.38184,1.38401,1.38138,1.38293,9068,15,0
2026-01-20 16:00:00+00:00,1.38293,1.38348,1.38175,1.38336,5105,15,0
2026-01-20 20:00:00+00:00,1.38337,1.38425,1.38288,1.3833,2644,15,0
2026-01-21 00:00:00+00:00,1.3833199999999999,1.38398,1.3823400000000001,1.38353,2658,15,0
2026-01-21 04:00:00+00:00,1.38353,1.38397,1.38278,1.3832,2454,15,0
2026-01-21 08:00:00+00:00,1.3832200000000001,1.38421,1.38244,1.38294,3651,15,0
2026-01-21 12:00:00+00:00,1.38294,1.38294,1.3785,1.37971,8037,15,0
2026-01-21 16:00:00+00:00,1.37973,1.38369,1.3795600000000001,1.38292,7612,15,0
2026-01-21 20:00:00+00:00,1.3829,1.38434,1.38263,1.38433,3050,15,0
2026-01-22 00:00:00+00:00,1.38433,1.38441,1.38217,1.38231,3301,15,0
2026-01-22 04:00:00+00:00,1.38231,1.3825,1.38161,1.38198,2895,15,0
2026-01-22 08:00:00+00:00,1.38196,1.3832499999999999,1.38144,1.38275,4455,15,0
2026-01-22 12:00:00+00:00,1.38277,1.38277,1.3795899999999999,1.38014,6694,15,0
2026-01-22 16:00:00+00:00,1.38016,1.3808099999999999,1.37824,1.37909,5097,15,0
2026-01-22 20:00:00+00:00,1.37909,1.3792499999999999,1.3780999999999999,1.37839,2148,15,0
2026-01-23 00:00:00+00:00,1.3784,1.37954,1.37835,1.37939,2606,15,0
2026-01-23 04:00:00+00:00,1.37939,1.3796300000000001,1.37829,1.37936,3038,15,0
2026-01-23 08:00:00+00:00,1.37935,1.37989,1.37779,1.3779,3938,15,0
2026-01-23 12:00:00+00:00,1.37788,1.37799,1.37343,1.37345,5220,15,0
2026-01-23 16:00:00+00:00,1.37344,1.37447,1.37029,1.37064,7283,15,0
2026-01-23 20:00:00+00:00,1.37061,1.37083,1.36931,1.37004,2560,15,0
2026-01-25 20:00:00+00:00,1.36967,1.37089,1.36883,1.37,2170,15,0
2026-01-26 00:00:00+00:00,1.36999,1.37056,1.36749,1.36857,4908,15,0
2026-01-26 04:00:00+00:00,1.36857,1.36957,1.36745,1.36954,4073,15,0
2026-01-26 08:00:00+00:00,1.36952,1.36954,1.3670900000000001,1.36838,5148,15,0
2026-01-26 12:00:00+00:00,1.36838,1.37121,1.36785,1.36792,7457,15,0
2026-01-26 16:00:00+00:00,1.3679299999999999,1.37192,1.3675,1.37153,6705,15,0
2026-01-26 20:00:00+00:00,1.37155,1.37169,1.37064,1.3713899999999999,2705,15,0
2026-01-27 00:00:00+00:00,1.3713899999999999,1.37235,1.3708,1.37231,3004,15,0
2026-01-27 04:00:00+00:00,1.37231,1.37386,1.37214,1.37313,3183,15,0
2026-01-27 08:00:00+00:00,1.37311,1.3737599999999999,1.37047,1.37056,4450,15,0
2026-01-27 12:00:00+00:00,1.37057,1.37066,1.3605,1.3609499999999999,9341,15,0
2026-01-27 16:00:00+00:00,1.36096,1.3617,1.35907,1.36145,7149,15,0
2026-01-27 20:00:00+00:00,1.36147,1.36225,1.35582,1.35926,8933,15,0
2026-01-28 00:00:00+00:00,1.35926,1.3614,1.35917,1.36003,5379,15,0
2026-01-28 04:00:00+00:00,1.36003,1.3604,1.35666,1.35829,4795,15,0
2026-01-28 08:00:00+00:00,1.35827,1.35827,1.3556,1.35735,6972,15,0
2026-01-28 12:00:00+00:00,1.35735,1.3590900000000001,1.35349,1.35592,12141,15,0
2026-01-28 16:00:00+00:00,1.35594,1.36072,1.35568,1.35684,11305,15,0
2026-01-28 20:00:00+00:00,1.3568500000000001,1.35698,1.35362,1.35372,5244,15,0
2026-01-29 00:00:00+00:00,1.35377,1.35577,1.3519999999999999,1.3520400000000001,5663,15,0
2026-01-29 04:00:00+00:00,1.3520400000000001,1.35325,1.35088,1.35263,5058,15,0
2026-01-29 08:00:00+00:00,1.35266,1.35617,1.35176,1.35486,6542,15,0
2026-01-29 12:00:00+00:00,1.35486,1.35773,1.34915,1.35542,16247,15,0
2026-01-29 16:00:00+00:00,1.35541,1.3557000000000001,1.34907,1.34975,13163,15,0
2026-01-29 20:00:00+00:00,1.34977,1.35049,1.34809,1.34906,4516,15,0
2026-01-30 00:00:00+00:00,1.34908,1.35447,1.34837,1.35191,8589,15,0
2026-01-30 04:00:00+00:00,1.35193,1.3529,1.35076,1.3513,6089,15,0
2026-01-30 08:00:00+00:00,1.35128,1.35525,1.35043,1.3505,8462,15,0
2026-01-30 12:00:00+00:00,1.3505099999999999,1.35549,1.3492600000000001,1.3541400000000001,13947,15,0
2026-01-30 16:00:00+00:00,1.35416,1.36167,1.3541,1.35876,15323,15,0
2026-01-30 20:00:00+00:00,1.3587799999999999,1.36222,1.35873,1.36177,4324,15,0
2026-02-01 20:00:00+00:00,1.36054,1.36568,1.36029,1.36378,2914,18,0
2026-02-02 00:00:00+00:00,1.3638,1.36496,1.3613,1.36476,10351,15,0
2026-02-02 04:00:00+00:00,1.36474,1.3674,1.36374,1.36516,8663,15,0
2026-02-02 08:00:00+00:00,1.36514,1.36542,1.3624399999999999,1.36319,9328,15,0
2026-02-02 12:00:00+00:00,1.36319,1.36921,1.36265,1.3691200000000001,14150,15,0
2026-02-02 16:00:00+00:00,1.3691200000000001,1.37018,1.36711,1.36838,9800,15,0
2026-02-02 20:00:00+00:00,1.36838,1.36887,1.36667,1.36726,3648,15,0
2026-02-03 00:00:00+00:00,1.36726,1.36798,1.36544,1.36567,5445,15,0
2026-02-03 04:00:00+00:00,1.36568,1.36669,1.36508,1.3655,5783,15,0
2026-02-03 08:00:00+00:00,1.3655300000000001,1.3685100000000001,1.36541,1.36775,6978,15,0
2026-02-03 12:00:00+00:00,1.36774,1.3679700000000001,1.36448,1.36514,10521,15,0
2026-02-03 16:00:00+00:00,1.36514,1.36582,1.36356,1.36508,9958,15,0
2026-02-03 20:00:00+00:00,1.36506,1.36535,1.36318,1.36395,3468,15,0
2026-02-04 00:00:00+00:00,1.36395,1.36499,1.36321,1.3644,4196,15,0
2026-02-04 04:00:00+00:00,1.3644,1.36459,1.363,1.36348,3352,15,0
2026-02-04 08:00:00+00:00,1.3635,1.36735,1.36281,1.3664,5790,15,0
2026-02-04 12:00:00+00:00,1.3664,1.36794,1.36435,1.36714,10809,15,0
2026-02-04 16:00:00+00:00,1.36714,1.36832,1.36585,1.3667099999999999,10384,15,0
2026-02-04 20:00:00+00:00,1.3667099999999999,1.36741,1.36571,1.36703,3470,15,0
2026-02-05 00:00:00+00:00,1.36704,1.36921,1.36598,1.3686,6045,15,0
2026-02-05 04:00:00+00:00,1.3685800000000001,1.36895,1.36762,1.36868,4561,15,0
2026-02-05 08:00:00+00:00,1.36867,1.36993,1.36769,1.3683,5394,15,0
2026-02-05 12:00:00+00:00,1.3683100000000001,1.36918,1.36518,1.36838,13081,15,0
2026-02-05 16:00:00+00:00,1.36835,1.36931,1.36655,1.36809,8654,15,0
2026-02-05 20:00:00+00:00,1.36809,1.37137,1.36764,1.37113,3962,15,0
2026-02-06 00:00:00+00:00,1.37112,1.37238,1.36933,1.3700999999999999,5329,15,0
2026-02-06 04:00:00+00:00,1.37011,1.37015,1.36834,1.3688,3897,15,0
2026-02-06 08:00:00+00:00,1.36883,1.36911,1.36758,1.3676599999999999,4973,15,0
2026-02-06 12:00:00+00:00,1.36768,1.3682400000000001,1.36239,1.36351,8244,15,0
2026-02-06 16:00:00+00:00,1.3635,1.3659,1.36296,1.36574,5137,15,0
2026-02-06 20:00:00+00:00,1.36573,1.36706,1.36449,1.36706,2201,15,0
2026-02-08 20:00:00+00:00,1.36692,1.36733,1.3655599999999999,1.3658000000000001,1834,18,0
2026-02-09 00:00:00+00:00,1.36581,1.36666,1.36503,1.36627,4660,15,0
2026-02-09 04:00:00+00:00,1.36627,1.36629,1.3639700000000001,1.36422,4266,15,0
2026-02-09 08:00:00+00:00,1.36422,1.3654899999999999,1.36313,1.3633600000000001,5473,15,0
2026-02-09 12:00:00+00:00,1.36334,1.36334,1.3571,1.35715,8438,15,0
2026-02-09 16:00:00+00:00,1.35714,1.35776,1.35557,1.3559700000000001,5102,15,0
2026-02-09 20:00:00+00:00,1.35599,1.35642,1.3552,1.3560400000000001,2828,15,0
2026-02-10 00:00:00+00:00,1.35605,1.35675,1.3547799999999999,1.35516,3079,15,0
2026-02-10 04:00:00+00:00,1.35516,1.35657,1.35496,1.3559700000000001,2368,15,0
2026-02-10 08:00:00+00:00,1.3559700000000001,1.35681,1.3557000000000001,1.35621,3541,15,0
2026-02-10 12:00:00+00:00,1.35619,1.35755,1.35237,1.35244,7873,15,0
2026-02-10 16:00:00+00:00,1.35243,1.35544,1.35227,1.35423,5811,15,0
2026-02-10 20:00:00+00:00,1.3542399999999999,1.35574,1.3542399999999999,1.35529,3202,15,0
2026-02-11 00:00:00+00:00,1.35529,1.3553600000000001,1.35185,1.35189,3337,15,0
2026-02-11 04:00:00+00:00,1.3519,1.35309,1.35165,1.35212,2971,15,0
2026-02-11 08:00:00+00:00,1.35211,1.35517,1.35037,1.35361,4647,15,0
2026-02-11 12:00:00+00:00,1.35359,1.36182,1.35343,1.36057,14256,15,0
2026-02-11 16:00:00+00:00,1.36057,1.36127,1.35499,1.35649,7679,15,0
2026-02-11 20:00:00+00:00,1.3565,1.35838,1.35639,1.35755,2920,15,0
2026-02-12 00:00:00+00:00,1.35755,1.3584100000000001,1.35645,1.35721,3646,15,0
2026-02-12 04:00:00+00:00,1.35721,1.35957,1.35679,1.35779,3865,15,0
2026-02-12 08:00:00+00:00,1.35779,1.35805,1.3556599999999999,1.3556599999999999,4142,15,0
2026-02-12 12:00:00+00:00,1.3556599999999999,1.36057,1.35549,1.35972,7856,15,0
2026-02-12 16:00:00+00:00,1.3597299999999999,1.36349,1.35965,1.36103,11334,15,0
2026-02-12 20:00:00+00:00,1.36102,1.36161,1.36055,1.36109,2941,15,0
2026-02-13 00:00:00+00:00,1.36111,1.36167,1.36073,1.36164,3153,15,0
2026-02-13 04:00:00+00:00,1.36164,1.36367,1.36116,1.3625099999999999,3644,15,0
2026-02-13 08:00:00+00:00,1.36253,1.36255,1.35967,1.36196,4833,15,0
2026-02-13 12:00:00+00:00,1.36197,1.36356,1.35996,1.36323,11934,15,0
2026-02-13 16:00:00+00:00,1.36322,1.36357,1.35927,1.36204,6277,15,0
2026-02-13 20:00:00+00:00,1.36205,1.36252,1.36134,1.36169,2096,15,0
2026-02-15 20:00:00+00:00,1.3605,1.36246,1.3605,1.3617,1375,15,0
2026-02-16 00:00:00+00:00,1.3617,1.36189,1.36105,1.36118,2577,15,0
2026-02-16 04:00:00+00:00,1.36118,1.36185,1.3606500000000001,1.36076,2085,15,0
2026-02-16 08:00:00+00:00,1.36077,1.36253,1.3603,1.36225,3596,15,0
2026-02-16 12:00:00+00:00,1.36225,1.36337,1.36172,1.36277,3250,15,0
2026-02-16 16:00:00+00:00,1.36279,1.3638,1.36263,1.36342,1575,15,0
2026-02-16 20:00:00+00:00,1.36342,1.36381,1.36303,1.36359,1324,15,0
2026-02-17 00:00:00+00:00,1.36356,1.36464,1.36335,1.3643,2609,15,0
2026-02-17 04:00:00+00:00,1.3643,1.36523,1.3636300000000001,1.36473,3014,15,0
2026-02-17 08:00:00+00:00,1.36474,1.36483,1.3636300000000001,1.36453,4009,15,0
2026-02-17 12:00:00+00:00,1.36453,1.3692,1.3642,1.36835,9494,15,0
2026-02-17 16:00:00+00:00,1.36834,1.36834,1.36344,1.36377,7079,15,0
2026-02-17 20:00:00+00:00,1.36379,1.36412,1.36316,1.36382,2289,15,0
2026-02-18 00:00:00+00:00,1.36386,1.36513,1.36374,1.36513,2684,15,0
2026-02-18 04:00:00+00:00,1.36513,1.36648,1.3648799999999999,1.36633,2018,15,0
2026-02-18 08:00:00+00:00,1.36634,1.3667500000000001,1.36411,1.36415,3215,15,0
2026-02-18 12:00:00+00:00,1.36413,1.36779,1.3636599999999999,1.36652,6794,15,0
2026-02-18 16:00:00+00:00,1.36652,1.36994,1.36588,1.3697,5999,15,0
2026-02-18 20:00:00+00:00,1.36969,1.36993,1.36911,1.36965,2505,15,0
2026-02-19 00:00:00+00:00,1.36964,1.37004,1.36865,1.36965,2236,15,0
2026-02-19 04:00:00+00:00,1.36965,1.37036,1.36771,1.36805,2005,15,0
2026-02-19 08:00:00+00:00,1.36807,1.3692199999999999,1.3667099999999999,1.36908,4982,15,0
2026-02-19 12:00:00+00:00,1.36911,1.3714,1.36751,1.36825,9385,15,0
2026-02-19 16:00:00+00:00,1.36825,1.37067,1.36787,1.37011,6667,15,0
2026-02-19 20:00:00+00:00,1.3700999999999999,1.37011,1.36785,1.36875,2465,15,0
2026-02-20 00:00:00+00:00,1.36875,1.37021,1.3685,1.36917,3311,15,0
2026-02-20 04:00:00+00:00,1.36918,1.3697599999999999,1.36802,1.3697,2948,15,0
2026-02-20 08:00:00+00:00,1.36972,1.3702,1.36808,1.3685,4501,15,0
2026-02-20 12:00:00+00:00,1.3685,1.3710200000000001,1.36694,1.3675899999999999,13388,15,0
2026-02-20 16:00:00+00:00,1.36756,1.37033,1.36707,1.36873,11098,15,0
2026-02-20 20:00:00+00:00,1.36873,1.36898,1.36682,1.36803,2362,15,0
2026-02-22 20:00:00+00:00,1.36674,1.36784,1.36479,1.3648799999999999,1479,18,0
2026-02-23 00:00:00+00:00,1.3649,1.3673,1.3649,1.36691,5597,15,0
2026-02-23 04:00:00+00:00,1.36691,1.3673899999999999,1.36615,1.3668,3061,15,0
2026-02-23 08:00:00+00:00,1.36682,1.36869,1.3661400000000001,1.3685100000000001,4424,15,0
2026-02-23 12:00:00+00:00,1.3685399999999999,1.36993,1.3667,1.36869,7776,15,0
2026-02-23 16:00:00+00:00,1.36872,1.36984,1.3679700000000001,1.36955,6301,15,0
2026-02-23 20:00:00+00:00,1.36955,1.37033,1.36916,1.36939,2636,15,0
2026-02-24 00:00:00+00:00,1.36939,1.37168,1.36911,1.3705,3622,15,0
2026-02-24 04:00:00+00:00,1.3705,1.37093,1.36958,1.3703,3357,15,0
2026-02-24 08:00:00+00:00,1.37031,1.37126,1.36955,1.37109,3759,15,0
2026-02-24 12:00:00+00:00,1.37111,1.37241,1.37052,1.37145,6829,15,0
2026-02-24 16:00:00+00:00,1.37144,1.37161,1.36966,1.3703,4396,15,0
2026-02-24 20:00:00+00:00,1.3703,1.37052,1.36939,1.37026,2307,15,0
2026-02-25 00:00:00+00:00,1.37026,1.37052,1.36806,1.36877,4285,15,0
2026-02-25 04:00:00+00:00,1.36877,1.36901,1.36735,1.36828,3170,15,0
2026-02-25 08:00:00+00:00,1.36828,1.3706,1.36794,1.37023,3544,15,0
2026-02-25 12:00:00+00:00,1.37022,1.3704,1.36785,1.36804,6479,15,0
2026-02-25 16:00:00+00:00,1.36804,1.3687,1.3674,1.36772,4286,15,0
2026-02-25 20:00:00+00:00,1.36772,1.36842,1.36714,1.36753,2359,15,0
2026-02-26 00:00:00+00:00,1.36755,1.3676300000000001,1.36585,1.36721,3022,15,0
2026-02-26 04:00:00+00:00,1.36721,1.36747,1.36589,1.36604,3260,15,0
2026-02-26 08:00:00+00:00,1.36604,1.3685800000000001,1.366,1.36848,3643,15,0
2026-02-26 12:00:00+00:00,1.36848,1.37117,1.36716,1.36838,7625,15,0
2026-02-26 16:00:00+00:00,1.36838,1.37021,1.36789,1.36814,5764,15,0
2026-02-26 20:00:00+00:00,1.36814,1.36852,1.36756,1.36758,2321,15,0
2026-02-27 00:00:00+00:00,1.36758,1.36813,1.36687,1.3670200000000001,3309,15,0
2026-02-27 04:00:00+00:00,1.3670200000000001,1.3673899999999999,1.36616,1.3670200000000001,2881,15,0
2026-02-27 08:00:00+00:00,1.3670200000000001,1.3677000000000001,1.36647,1.36719,3832,15,0
2026-02-27 12:00:00+00:00,1.36717,1.36841,1.3626800000000001,1.3637299999999999,8882,15,0
2026-02-27 16:00:00+00:00,1.36372,1.36402,1.36245,1.36316,6179,15,0
2026-02-27 20:00:00+00:00,1.36315,1.36513,1.36295,1.36411,2062,15,0
2026-03-01 20:00:00+00:00,1.36425,1.36723,1.36324,1.36681,2664,18,0
2026-03-02 00:00:00+00:00,1.36682,1.3672900000000001,1.36404,1.36449,7169,15,0
2026-03-02 04:00:00+00:00,1.36449,1.36666,1.36446,1.36573,6314,15,0
2026-03-02 08:00:00+00:00,1.36573,1.36859,1.36402,1.36575,7329,15,0
2026-03-02 12:00:00+00:00,1.36575,1.37032,1.36497,1.37001,11069,15,0
2026-03-02 16:00:00+00:00,1.37,1.3718,1.36593,1.36611,7934,15,0
2026-03-02 20:00:00+00:00,1.36611,1.36886,1.36604,1.36718,5054,15,0
2026-03-03 00:00:00+00:00,1.36719,1.36762,1.36597,1.3667099999999999,5905,15,0
2026-03-03 04:00:00+00:00,1.3667099999999999,1.3683,1.36635,1.36782,6604,15,0
2026-03-03 08:00:00+00:00,1.36785,1.37212,1.36769,1.37026,10156,15,0
2026-03-03 12:00:00+00:00,1.37025,1.37521,1.36818,1.37028,15357,15,0
2026-03-03 16:00:00+00:00,1.37029,1.37049,1.36526,1.3669799999999999,14061,15,0
2026-03-03 20:00:00+00:00,1.3669799999999999,1.3685100000000001,1.3659,1.36748,4610,15,0
2026-03-04 00:00:00+00:00,1.36748,1.36992,1.36711,1.36801,8178,15,0
2026-03-04 04:00:00+00:00,1.3679999999999999,1.36944,1.36477,1.36589,7039,15,0
2026-03-04 08:00:00+00:00,1.36591,1.36811,1.36468,1.36638,9622,15,0
2026-03-04 12:00:00+00:00,1.36636,1.36897,1.36435,1.36588,12285,15,0
2026-03-04 16:00:00+00:00,1.36587,1.36723,1.3633899999999999,1.36341,6417,15,0
2026-03-04 20:00:00+00:00,1.36341,1.3645,1.36264,1.36432,3491,15,0
2026-03-05 00:00:00+00:00,1.36433,1.36558,1.36299,1.36529,5672,15,0
2026-03-05 04:00:00+00:00,1.36531,1.3667099999999999,1.3639299999999999,1.36443,6104,15,0
2026-03-05 08:00:00+00:00,1.36445,1.367,1.3627,1.36318,9758,15,0
2026-03-05 12:00:00+00:00,1.36316,1.36917,1.36144,1.36812,10691,15,0
2026-03-05 16:00:00+00:00,1.36813,1.37155,1.36787,1.3691200000000001,12482,15,0
2026-03-05 20:00:00+00:00,1.36909,1.3694600000000001,1.36647,1.36714,5054,15,0
2026-03-06 00:00:00+00:00,1.36714,1.36714,1.36529,1.36571,4472,15,0
2026-03-06 04:00:00+00:00,1.36571,1.36647,1.36476,1.36504,3873,15,0
2026-03-06 08:00:00+00:00,1.36503,1.36718,1.3644,1.36674,7053,15,0
2026-03-06 12:00:00+00:00,1.3667500000000001,1.36737,1.36157,1.3625,15328,15,0
2026-03-06 16:00:00+00:00,1.36249,1.36272,1.35794,1.3585,11057,15,0
2026-03-06 20:00:00+00:00,1.3585,1.3589,1.35635,1.35636,3919,15,0
2026-03-08 20:00:00+00:00,1.3601,1.3605800000000001,1.35525,1.36007,4851,15,0
2026-03-09 00:00:00+00:00,1.3601,1.36059,1.35575,1.35583,8357,15,0
2026-03-09 04:00:00+00:00,1.35582,1.3563,1.35452,1.35517,8420,15,0
2026-03-09 08:00:00+00:00,1.35515,1.35805,1.35248,1.35371,10261,15,0
2026-03-09 12:00:00+00:00,1.35366,1.35898,1.35366,1.35741,14066,15,0
2026-03-09 16:00:00+00:00,1.35741,1.35907,1.35596,1.3581400000000001,9556,15,0
2026-03-09 20:00:00+00:00,1.3581699999999999,1.35981,1.35718,1.35867,4168,15,0
2026-03-10 00:00:00+00:00,1.35867,1.36009,1.35838,1.3596599999999999,5419,15,0
2026-03-10 04:00:00+00:00,1.3596599999999999,1.3599999999999999,1.3565,1.3569200000000001,4562,15,0
2026-03-10 08:00:00+00:00,1.3569200000000001,1.35857,1.35575,1.35633,6903,15,0
2026-03-10 12:00:00+00:00,1.35636,1.35794,1.3541400000000001,1.35622,10682,15,0
2026-03-10 16:00:00+00:00,1.35623,1.35831,1.35623,1.35796,9797,15,0
2026-03-10 20:00:00+00:00,1.35798,1.35849,1.3574899999999999,1.35827,2223,15,0
2026-03-11 00:00:00+00:00,1.35827,1.35843,1.35548,1.3557000000000001,4022,15,0
2026-03-11 04:00:00+00:00,1.3557000000000001,1.3572600000000001,1.3554300000000001,1.35625,3999,15,0
2026-03-11 08:00:00+00:00,1.3562699999999999,1.35755,1.35596,1.3566099999999999,6087,15,0
2026-03-11 12:00:00+00:00,1.35664,1.3603,1.35625,1.36023,10472,15,0
2026-03-11 16:00:00+00:00,1.36022,1.36041,1.35741,1.35843,6119,15,0
2026-03-11 20:00:00+00:00,1.35843,1.36036,1.3583,1.36022,2469,15,0
2026-03-12 00:00:00+00:00,1.3602400000000001,1.3604,1.35778,1.35885,4388,15,0
2026-03-12 04:00:00+00:00,1.35885,1.35935,1.35812,1.3586,3977,15,0
2026-03-12 08:00:00+00:00,1.35861,1.35946,1.35763,1.35915,4941,15,0
2026-03-12 12:00:00+00:00,1.35917,1.3633199999999999,1.3590900000000001,1.3618700000000001,10487,15,0
2026-03-12 16:00:00+00:00,1.36188,1.36314,1.36106,1.36286,7495,15,0
2026-03-12 20:00:00+00:00,1.36289,1.36452,1.36257,1.3632,2599,15,0
2026-03-13 00:00:00+00:00,1.36323,1.3642,1.36204,1.36379,3857,15,0
2026-03-13 04:00:00+00:00,1.3638,1.36649,1.36376,1.366,3352,15,0
2026-03-13 08:00:00+00:00,1.36599,1.36828,1.36596,1.36656,6148,15,0
2026-03-13 12:00:00+00:00,1.36655,1.37362,1.36544,1.3736,12349,15,0
2026-03-13 16:00:00+00:00,1.3736,1.37409,1.37179,1.3728,7221,15,0
2026-03-13 20:00:00+00:00,1.37282,1.37335,1.37209,1.3721,1364,15,0
2026-03-15 20:00:00+00:00,1.37235,1.37269,1.37086,1.37119,2443,15,0
2026-03-16 00:00:00+00:00,1.37121,1.3714,1.37042,1.37113,4046,15,0
2026-03-16 04:00:00+00:00,1.37113,1.37221,1.37033,1.37064,3457,15,0
2026-03-16 08:00:00+00:00,1.37062,1.37082,1.36785,1.36823,4941,15,0
2026-03-16 12:00:00+00:00,1.36825,1.36938,1.36525,1.36834,8153,15,0
2026-03-16 16:00:00+00:00,1.36837,1.36882,1.36684,1.3679299999999999,6909,15,0
2026-03-16 20:00:00+00:00,1.36796,1.36883,1.36773,1.36863,2478,15,0
2026-03-17 00:00:00+00:00,1.36864,1.369,1.36795,1.36866,3393,15,0
2026-03-17 04:00:00+00:00,1.36865,1.37006,1.36812,1.36889,3586,15,0
2026-03-17 08:00:00+00:00,1.36889,1.3706,1.36859,1.37058,4750,15,0
2026-03-17 12:00:00+00:00,1.37061,1.37221,1.36798,1.37066,8437,15,0
2026-03-17 16:00:00+00:00,1.37069,1.3712900000000001,1.36891,1.36968,5183,15,0
2026-03-17 20:00:00+00:00,1.36968,1.36968,1.36884,1.36895,1576,15,0
2026-03-18 00:00:00+00:00,1.36895,1.36999,1.36867,1.36985,3231,15,0
2026-03-18 04:00:00+00:00,1.36985,1.3712,1.36967,1.37093,2656,15,0
2026-03-18 08:00:00+00:00,1.37092,1.37106,1.36876,1.36881,4493,15,0
2026-03-18 12:00:00+00:00,1.36881,1.37232,1.36875,1.36968,10265,15,0
2026-03-18 16:00:00+00:00,1.36969,1.3725100000000001,1.36873,1.37245,7913,15,0
2026-03-18 20:00:00+00:00,1.37246,1.37372,1.37177,1.37301,3012,15,0
2026-03-19 00:00:00+00:00,1.37301,1.3731,1.37134,1.3726,4121,15,0
2026-03-19 04:00:00+00:00,1.3726099999999999,1.37381,1.37209,1.37358,3896,15,0
2026-03-19 08:00:00+00:00,1.37357,1.37467,1.37274,1.37354,6816,15,0
2026-03-19 12:00:00+00:00,1.37356,1.37474,1.37053,1.37223,14367,15,0
2026-03-19 16:00:00+00:00,1.37223,1.37388,1.37042,1.37377,10909,15,0
2026-03-19 20:00:00+00:00,1.37375,1.37445,1.37318,1.3737,2880,15,0
2026-03-20 00:00:00+00:00,1.3737,1.3742,1.37244,1.37305,3860,15,0
2026-03-20 04:00:00+00:00,1.37305,1.374,1.37196,1.37208,3520,15,0
2026-03-20 08:00:00+00:00,1.37207,1.37282,1.37089,1.37089,6231,15,0
2026-03-20 12:00:00+00:00,1.37087,1.3747,1.36989,1.37317,11378,15,0
2026-03-20 16:00:00+00:00,1.3732,1.37337,1.3703699999999999,1.37183,9476,15,0
2026-03-20 20:00:00+00:00,1.37184,1.3725,1.3713600000000001,1.3723,1116,15,0
2026-03-22 20:00:00+00:00,1.3715600000000001,1.3732,1.37043,1.37089,2813,15,0
2026-03-23 00:00:00+00:00,1.37086,1.37253,1.37,1.37158,6394,15,0
2026-03-23 04:00:00+00:00,1.37157,1.37386,1.3713,1.37292,5184,15,0
2026-03-23 08:00:00+00:00,1.37292,1.37541,1.3683,1.37316,15802,15,0
2026-03-23 12:00:00+00:00,1.3731499999999999,1.37438,1.36691,1.3718,18097,15,0
2026-03-23 16:00:00+00:00,1.3718,1.3734899999999999,1.37114,1.37215,9146,15,0
2026-03-23 20:00:00+00:00,1.3721700000000001,1.3731,1.37209,1.37298,2904,15,0
2026-03-24 00:00:00+00:00,1.37298,1.37543,1.3728799999999999,1.3754,5428,15,0
2026-03-24 04:00:00+00:00,1.3754,1.37609,1.3725100000000001,1.37397,6236,15,0
2026-03-24 08:00:00+00:00,1.37398,1.37531,1.37279,1.37459,7387,15,0
2026-03-24 12:00:00+00:00,1.37459,1.37647,1.37292,1.37646,11737,15,0
2026-03-24 16:00:00+00:00,1.37646,1.37846,1.37577,1.37636,8294,15,0
2026-03-24 20:00:00+00:00,1.37636,1.3768099999999999,1.3740999999999999,1.37576,4769,15,0
2026-03-25 00:00:00+00:00,1.37576,1.37736,1.3749500000000001,1.37687,4886,15,0
2026-03-25 04:00:00+00:00,1.37689,1.37839,1.37683,1.37826,3589,15,0
2026-03-25 08:00:00+00:00,1.37826,1.3799299999999999,1.37771,1.37949,4692,15,0
2026-03-25 12:00:00+00:00,1.37947,1.3807,1.37721,1.3798,8906,15,0
2026-03-25 16:00:00+00:00,1.37981,1.3819,1.3796,1.38157,6289,15,0
2026-03-25 20:00:00+00:00,1.38158,1.38161,1.38056,1.3814199999999999,2227,15,0
2026-03-26 00:00:00+00:00,1.3814199999999999,1.3831,1.38137,1.38193,3060,15,0
2026-03-26 04:00:00+00:00,1.38193,1.3831,1.3817,1.3829500000000001,3388,15,0
2026-03-26 08:00:00+00:00,1.3829500000000001,1.3849,1.3824,1.38459,4158,15,0
2026-03-26 12:00:00+00:00,1.38457,1.38572,1.3820700000000001,1.38504,7927,15,0
2026-03-26 16:00:00+00:00,1.38504,1.3856600000000001,1.38406,1.3856600000000001,5299,14,0
2026-03-26 20:00:00+00:00,1.3856600000000001,1.38655,1.3835899999999999,1.38531,3729,14,0
2026-03-27 00:00:00+00:00,1.38531,1.38612,1.3844699999999999,1.3854600000000001,3998,14,0
2026-03-27 04:00:00+00:00,1.3854600000000001,1.38556,1.38473,1.38507,3099,14,0
2026-03-27 08:00:00+00:00,1.3851,1.3866,1.38455,1.38643,4379,14,0
2026-03-27 12:00:00+00:00,1.38646,1.38801,1.38503,1.38801,8071,14,0
2026-03-27 16:00:00+00:00,1.38801,1.3891,1.38713,1.3881299999999999,5539,14,0
2026-03-27 20:00:00+00:00,1.38815,1.38949,1.38815,1.38928,1049,14,0
2026-03-29 20:00:00+00:00,1.38779,1.39025,1.38779,1.38997,2201,14,0
2026-03-30 00:00:00+00:00,1.38995,1.39016,1.38856,1.38917,4403,14,0
2026-03-30 04:00:00+00:00,1.3891499999999999,1.39097,1.38856,1.3909,3069,14,0
2026-03-30 08:00:00+00:00,1.3908800000000001,1.39216,1.3906800000000001,1.39211,4306,14,0
2026-03-30 12:00:00+00:00,1.39209,1.39447,1.39142,1.39218,7477,14,0
2026-03-30 16:00:00+00:00,1.3921999999999999,1.39306,1.39164,1.39293,5013,14,0
2026-03-30 20:00:00+00:00,1.39293,1.39303,1.39185,1.39283,2059,14,0
2026-03-31 00:00:00+00:00,1.39282,1.3935,1.3916,1.39306,5218,14,0
2026-03-31 04:00:00+00:00,1.3930500000000001,1.39387,1.39255,1.39329,3717,14,0
2026-03-31 08:00:00+00:00,1.39326,1.39442,1.3930500000000001,1.3935,3877,14,0
2026-03-31 12:00:00+00:00,1.3935,1.39661,1.39237,1.39534,8913,14,0
2026-03-31 16:00:00+00:00,1.39535,1.39561,1.3908800000000001,1.39133,8492,14,0
2026-03-31 20:00:00+00:00,1.39131,1.39177,1.39023,1.39031,2739,14,0
2026-04-01 00:00:00+00:00,1.39033,1.39115,1.38965,1.39099,3880,14,0
2026-04-01 04:00:00+00:00,1.39099,1.39109,1.38917,1.39078,5173,14,0
2026-04-01 08:00:00+00:00,1.39078,1.3909,1.38856,1.38909,5172,14,0
2026-04-01 12:00:00+00:00,1.3890799999999999,1.39039,1.38758,1.38761,9262,14,0
2026-04-01 16:00:00+00:00,1.38762,1.38951,1.38716,1.38842,5425,14,0
2026-04-01 20:00:00+00:00,1.38842,1.3884400000000001,1.38714,1.3877,2180,14,0
2026-04-02 00:00:00+00:00,1.3877,1.39102,1.38686,1.39092,6804,14,0
2026-04-02 04:00:00+00:00,1.39092,1.39179,1.3905699999999999,1.3909799999999999,4518,14,0
2026-04-02 08:00:00+00:00,1.3909799999999999,1.39327,1.39092,1.39175,3264,14,0
2026-04-02 12:00:00+00:00,1.39173,1.39259,1.3906100000000001,1.39165,8166,14,0
2026-04-02 16:00:00+00:00,1.39165,1.39237,1.39093,1.39177,4588,14,0
2026-04-02 20:00:00+00:00,1.39177,1.39209,1.39124,1.39135,1962,15,0
2026-04-03 00:00:00+00:00,1.39135,1.39212,1.3911,1.39203,898,91,0
2026-04-03 04:00:00+00:00,1.39203,1.3921000000000001,1.39127,1.39148,951,91,0
2026-04-03 08:00:00+00:00,1.3914900000000001,1.39207,1.39119,1.39201,1062,122,0
2026-04-03 12:00:00+00:00,1.39199,1.39487,1.3918599999999999,1.39421,2823,14,0
2026-04-03 16:00:00+00:00,1.39421,1.39471,1.39405,1.39456,2113,14,0
2026-04-03 20:00:00+00:00,1.39456,1.3946,1.3931,1.39398,724,27,0
2026-04-05 20:00:00+00:00,1.3938,1.3947,1.39346,1.3945699999999999,1447,14,0
2026-04-06 00:00:00+00:00,1.39458,1.3947,1.39349,1.39383,2596,14,0
2026-04-06 04:00:00+00:00,1.39382,1.39418,1.39176,1.39191,2569,14,0
2026-04-06 08:00:00+00:00,1.3919000000000001,1.39283,1.3915600000000001,1.39185,3343,14,0
2026-04-06 12:00:00+00:00,1.39185,1.3924,1.39018,1.3914900000000001,5590,14,0
2026-04-06 16:00:00+00:00,1.39151,1.3923,1.39106,1.39164,3931,14,0
2026-04-06 20:00:00+00:00,1.39164,1.39176,1.39074,1.39119,1621,14,0
2026-04-07 00:00:00+00:00,1.39119,1.39293,1.39117,1.39199,3089,14,0
2026-04-07 04:00:00+00:00,1.39198,1.3926,1.39148,1.39219,3230,14,0
2026-04-07 08:00:00+00:00,1.3921999999999999,1.3928099999999999,1.39081,1.39109,4530,14,0
2026-04-07 12:00:00+00:00,1.39109,1.39246,1.38903,1.39053,6639,14,0
2026-04-07 16:00:00+00:00,1.39055,1.39075,1.38885,1.38943,5257,14,0
2026-04-07 20:00:00+00:00,1.38945,1.38985,1.38403,1.38421,6762,14,0
2026-04-08 00:00:00+00:00,1.38423,1.38518,1.38317,1.3839000000000001,6581,14,0
2026-04-08 04:00:00+00:00,1.38388,1.38565,1.38233,1.38456,5989,14,0
2026-04-08 08:00:00+00:00,1.38456,1.38741,1.38418,1.38624,5075,14,0
2026-04-08 12:00:00+00:00,1.38625,1.3872900000000001,1.38346,1.38537,9356,14,0
2026-04-08 16:00:00+00:00,1.38537,1.38602,1.38364,1.38384,6289,14,0
2026-04-08 20:00:00+00:00,1.38385,1.38507,1.38349,1.3850500000000001,2501,14,0
2026-04-09 00:00:00+00:00,1.3850500000000001,1.38588,1.3848,1.38492,3050,14,0
2026-04-09 04:00:00+00:00,1.3849,1.38598,1.38446,1.38556,3104,14,0
2026-04-09 08:00:00+00:00,1.38556,1.38568,1.3833199999999999,1.38351,3123,14,0
2026-04-09 12:00:00+00:00,1.38352,1.38439,1.38057,1.38077,7846,14,0
2026-04-09 16:00:00+00:00,1.38077,1.38239,1.38041,1.38128,5101,14,0
2026-04-09 20:00:00+00:00,1.38126,1.38233,1.3811499999999999,1.38222,2094,14,0
2026-04-10 00:00:00+00:00,1.38222,1.38269,1.38177,1.38229,2149,14,0
2026-04-10 04:00:00+00:00,1.38229,1.38427,1.3820299999999999,1.38425,2404,14,0
2026-04-10 08:00:00+00:00,1.38427,1.38434,1.38224,1.38233,3465,14,0
2026-04-10 12:00:00+00:00,1.38233,1.38348,1.37987,1.38277,7448,14,0
2026-04-10 16:00:00+00:00,1.38277,1.38381,1.38211,1.3835600000000001,4219,14,0
2026-04-10 20:00:00+00:00,1.38357,1.38428,1.38338,1.38392,1010,14,0
2026-04-12 20:00:00+00:00,1.38589,1.38772,1.3855,1.38728,1956,14,0
2026-04-13 00:00:00+00:00,1.38728,1.38763,1.3857300000000001,1.38602,3303,14,0
2026-04-13 04:00:00+00:00,1.38601,1.3862999999999999,1.38431,1.38442,3398,14,0
2026-04-13 08:00:00+00:00,1.38442,1.38471,1.38341,1.38463,3386,14,0
2026-04-13 12:00:00+00:00,1.38463,1.3851499999999999,1.38043,1.3811499999999999,7310,14,0
2026-04-13 16:00:00+00:00,1.3811499999999999,1.38151,1.37856,1.37869,5351,14,0
2026-04-13 20:00:00+00:00,1.37869,1.3792900000000001,1.37857,1.37858,1832,14,0
2026-04-14 00:00:00+00:00,1.37858,1.37894,1.37819,1.37823,1872,14,0
2026-04-14 04:00:00+00:00,1.37823,1.37879,1.37638,1.37691,2844,14,0
2026-04-14 08:00:00+00:00,1.3769,1.37716,1.3746399999999999,1.37508,3531,14,0
2026-04-14 12:00:00+00:00,1.37507,1.37616,1.37303,1.37581,7567,14,0
2026-04-14 16:00:00+00:00,1.37581,1.3777599999999999,1.3755899999999999,1.37699,3745,14,0
2026-04-14 20:00:00+00:00,1.37699,1.37701,1.37554,1.3766,1807,14,0
2026-04-15 00:00:00+00:00,1.3766,1.37815,1.37643,1.3775,2673,14,0
2026-04-15 04:00:00+00:00,1.3775,1.37768,1.37612,1.37677,2875,14,0
2026-04-15 08:00:00+00:00,1.37677,1.37877,1.37605,1.37845,4493,14,0
2026-04-15 12:00:00+00:00,1.37845,1.37853,1.3733,1.37406,6595,14,0
2026-04-15 16:00:00+00:00,1.37408,1.37429,1.37262,1.37303,4034,14,0
2026-04-15 20:00:00+00:00,1.37303,1.37418,1.37303,1.37313,1901,14,0
2026-04-16 00:00:00+00:00,1.3731200000000001,1.37338,1.37126,1.37154,3121,14,0
2026-04-16 04:00:00+00:00,1.37155,1.37307,1.37138,1.37248,3342,14,0
2026-04-16 08:00:00+00:00,1.3725,1.37375,1.37196,1.37238,4180,14,0
2026-04-16 12:00:00+00:00,1.37238,1.3734600000000001,1.37053,1.37053,6707,14,0
2026-04-16 16:00:00+00:00,1.37053,1.37112,1.3694899999999999,1.3704,3899,14,0
2026-04-16 20:00:00+00:00,1.37038,1.37059,1.36975,1.37003,1678,14,0
2026-04-17 00:00:00+00:00,1.37003,1.3703,1.36927,1.36937,1764,14,0
2026-04-17 04:00:00+00:00,1.36937,1.36938,1.36786,1.36816,2843,14,0
2026-04-17 08:00:00+00:00,1.36816,1.3683100000000001,1.36696,1.36721,2826,14,0
2026-04-17 12:00:00+00:00,1.36718,1.3679299999999999,1.3648799999999999,1.3667500000000001,10396,14,0
2026-04-17 16:00:00+00:00,1.36677,1.36942,1.36664,1.36918,5378,14,0
2026-04-17 20:00:00+00:00,1.3692,1.36927,1.36795,1.36907,1245,14,0
2026-04-19 20:00:00+00:00,1.3681,1.3709,1.36775,1.37055,1829,14,0
2026-04-20 00:00:00+00:00,1.37055,1.3707099999999999,1.36921,1.3694,2994,14,0
2026-04-20 04:00:00+00:00,1.3694,1.37025,1.36867,1.36932,3434,14,0
2026-04-20 08:00:00+00:00,1.36931,1.36958,1.3682400000000001,1.36895,3398,14,0
2026-04-20 12:00:00+00:00,1.36897,1.37006,1.36414,1.36497,7108,14,0
2026-04-20 16:00:00+00:00,1.36496,1.36496,1.36345,1.36464,3703,14,0
2026-04-20 20:00:00+00:00,1.36464,1.36503,1.36378,1.3644,1825,14,0
2026-04-21 00:00:00+00:00,1.3644,1.36506,1.36403,1.36476,2354,14,0
2026-04-21 04:00:00+00:00,1.36477,1.3654899999999999,1.36428,1.3654899999999999,2707,14,0
2026-04-21 08:00:00+00:00,1.36551,1.36631,1.36532,1.3654600000000001,3572,14,0
2026-04-21 12:00:00+00:00,1.3654600000000001,1.36587,1.36307,1.3643,5923,14,0
2026-04-21 16:00:00+00:00,1.36429,1.36761,1.36395,1.36715,6977,14,0
2026-04-21 20:00:00+00:00,1.36713,1.36724,1.36507,1.36577,3028,14,0
2026-04-22 00:00:00+00:00,1.3657599999999999,1.3663,1.36536,1.36598,2512,14,0
2026-04-22 04:00:00+00:00,1.36597,1.36603,1.3645399999999999,1.36517,2912,14,0
2026-04-22 08:00:00+00:00,1.36517,1.36647,1.36428,1.36632,3169,14,0
2026-04-22 12:00:00+00:00,1.36633,1.36717,1.3646,1.36605,6127,14,0
2026-04-22 16:00:00+00:00,1.36605,1.3672900000000001,1.3654,1.36717,3763,14,0
2026-04-22 20:00:00+00:00,1.36717,1.3674,1.3667099999999999,1.36697,1845,14,0
2026-04-23 00:00:00+00:00,1.36699,1.36788,1.36636,1.36756,4417,14,0
2026-04-23 04:00:00+00:00,1.36755,1.3676300000000001,1.36651,1.3666800000000001,2781,14,0
2026-04-23 08:00:00+00:00,1.3666800000000001,1.36794,1.36598,1.3666800000000001,3796,14,0
2026-04-23 12:00:00+00:00,1.3666800000000001,1.3688799999999999,1.36653,1.36822,6905,14,0
2026-04-23 16:00:00+00:00,1.3682400000000001,1.37135,1.36819,1.36941,7437,14,0
2026-04-23 20:00:00+00:00,1.36943,1.37005,1.36918,1.36984,1880,14,0
2026-04-24 00:00:00+00:00,1.36982,1.37138,1.36959,1.37096,2869,14,0
2026-04-24 04:00:00+00:00,1.37096,1.3713199999999999,1.36966,1.3697,2834,14,0
2026-04-24 08:00:00+00:00,1.3697,1.3701400000000001,1.36785,1.36795,4169,14,0
2026-04-24 12:00:00+00:00,1.3679299999999999,1.36987,1.36749,1.36754,6640,14,0
2026-04-24 16:00:00+00:00,1.36752,1.36803,1.36627,1.36651,3194,14,0
2026-04-24 20:00:00+00:00,1.36651,1.36706,1.3663699999999999,1.36688,934,14,0
2026-04-26 20:00:00+00:00,1.36653,1.36802,1.36653,1.36777,1426,14,0
2026-04-27 00:00:00+00:00,1.36776,1.36784,1.36605,1.36625,2783,14,0
2026-04-27 04:00:00+00:00,1.36625,1.3666800000000001,1.3634,1.36353,2646,14,0
2026-04-27 08:00:00+00:00,1.36355,1.3636,1.3605,1.36094,3903,14,0
2026-04-27 12:00:00+00:00,1.36094,1.3621400000000001,1.3597000000000001,1.36154,5881,14,0
2026-04-27 16:00:00+00:00,1.36154,1.36344,1.3614,1.36333,3262,14,0
2026-04-27 20:00:00+00:00,1.36333,1.36354,1.36215,1.36215,1628,14,0
2026-04-28 00:00:00+00:00,1.36215,1.36399,1.36124,1.36313,2964,14,0
2026-04-28 04:00:00+00:00,1.36313,1.3647,1.36297,1.3638,3828,14,0
2026-04-28 08:00:00+00:00,1.36378,1.36737,1.36369,1.36724,5142,14,0
2026-04-28 12:00:00+00:00,1.36724,1.36909,1.36632,1.36714,7420,14,0
2026-04-28 16:00:00+00:00,1.36712,1.36864,1.36706,1.36846,3873,14,0
2026-04-28 20:00:00+00:00,1.36846,1.36871,1.36719,1.3679999999999999,1818,14,0
2026-04-29 00:00:00+00:00,1.3679999999999999,1.3688799999999999,1.36761,1.3685800000000001,3032,14,0
2026-04-29 04:00:00+00:00,1.3685800000000001,1.36916,1.36774,1.36795,2702,14,0
2026-04-29 08:00:00+00:00,1.3679700000000001,1.36925,1.3675899999999999,1.36791,3632,14,0
2026-04-29 12:00:00+00:00,1.36789,1.371,1.36694,1.36723,7984,14,0
2026-04-29 16:00:00+00:00,1.36723,1.36914,1.3666800000000001,1.36821,7156,14,0
2026-04-29 20:00:00+00:00,1.3682,1.36862,1.36706,1.36713,2757,14,0
2026-04-30 00:00:00+00:00,1.36711,1.36834,1.3666800000000001,1.36781,3988,14,0
2026-04-30 04:00:00+00:00,1.36781,1.36883,1.36651,1.36685,4265,14,0
2026-04-30 08:00:00+00:00,1.36684,1.36737,1.36468,1.36618,7214,14,0
2026-04-30 12:00:00+00:00,1.3662,1.36757,1.36033,1.36106,10195,14,0
2026-04-30 16:00:00+00:00,1.36106,1.36148,1.35801,1.35833,4785,14,0
2026-04-30 20:00:00+00:00,1.35835,1.3585,1.35764,1.35795,2122,14,0
2026-05-01 00:00:00+00:00,1.35795,1.35824,1.35718,1.35795,2642,14,0
2026-05-01 04:00:00+00:00,1.35796,1.35874,1.35698,1.35774,3555,14,0
2026-05-01 08:00:00+00:00,1.35774,1.35815,1.35613,1.35672,3590,14,0
2026-05-01 12:00:00+00:00,1.35673,1.35795,1.35497,1.35741,7279,14,0
2026-05-01 16:00:00+00:00,1.35743,1.35927,1.35731,1.3591,3786,14,0
2026-05-01 20:00:00+00:00,1.3590900000000001,1.35927,1.3587,1.35904,881,14,0
2026-05-03 20:00:00+00:00,1.3588,1.35889,1.35778,1.35876,1018,14,0
2026-05-04 00:00:00+00:00,1.3587799999999999,1.35952,1.35818,1.35849,3453,14,0
2026-05-04 04:00:00+00:00,1.35849,1.36064,1.3584399999999999,1.36049,3371,14,0
2026-05-04 08:00:00+00:00,1.36051,1.36189,1.35975,1.36161,4541,14,0
2026-05-04 12:00:00+00:00,1.36162,1.36186,1.36009,1.36096,6838,14,0
2026-05-04 16:00:00+00:00,1.36098,1.3617,1.3603100000000001,1.3612600000000001,5017,14,0
2026-05-04 20:00:00+00:00,1.36127,1.36255,1.36127,1.36201,1973,14,0
2026-05-05 00:00:00+00:00,1.36203,1.36277,1.36174,1.36242,2231,14,0
2026-05-05 04:00:00+00:00,1.36242,1.36294,1.3612199999999999,1.3618999999999999,3453,14,0
2026-05-05 08:00:00+00:00,1.36192,1.36197,1.36037,1.36125,3918,14,0
2026-05-05 12:00:00+00:00,1.36125,1.36266,1.36066,1.3609,6168,14,0
2026-05-05 16:00:00+00:00,1.3609,1.36258,1.36062,1.36231,3235,14,0
2026-05-05 20:00:00+00:00,1.36232,1.36242,1.35957,1.36041,2842,14,0
2026-05-06 00:00:00+00:00,1.36039,1.36074,1.3595,1.3599999999999999,3947,14,0
2026-05-06 04:00:00+00:00,1.3599999999999999,1.36006,1.35825,1.3591199999999999,5021,14,0
2026-05-06 08:00:00+00:00,1.3591,1.36044,1.35776,1.35954,6718,14,0
2026-05-06 12:00:00+00:00,1.35954,1.3625099999999999,1.35948,1.36221,8042,14,0
2026-05-06 16:00:00+00:00,1.3622,1.36407,1.3622,1.3635,4224,14,0
2026-05-06 20:00:00+00:00,1.36352,1.36381,1.36281,1.36365,1720,14,0
2026-05-07 00:00:00+00:00,1.3636300000000001,1.36412,1.36274,1.3639000000000001,3194,14,0
2026-05-07 04:00:00+00:00,1.3639299999999999,1.36429,1.36242,1.36255,3602,14,0
2026-05-07 08:00:00+00:00,1.36253,1.36318,1.36197,1.36289,3987,14,0
2026-05-07 12:00:00+00:00,1.3629,1.36444,1.36236,1.36369,5996,14,0
2026-05-07 16:00:00+00:00,1.36367,1.36531,1.36259,1.36531,5627,14,0
2026-05-07 20:00:00+00:00,1.36531,1.36646,1.36457,1.36603,2679,14,0
2026-05-08 00:00:00+00:00,1.36604,1.36635,1.36551,1.36582,3317,14,0
2026-05-08 04:00:00+00:00,1.36582,1.36599,1.3649499999999999,1.3656,2969,14,0
2026-05-08 08:00:00+00:00,1.3656,1.36586,1.36421,1.36433,3126,14,0
2026-05-08 12:00:00+00:00,1.36433,1.37097,1.36428,1.3679299999999999,8874,14,0
2026-05-08 16:00:00+00:00,1.36795,1.36903,1.36752,1.36811,3434,14,0
2026-05-08 20:00:00+00:00,1.36809,1.36821,1.367,1.36754,792,14,0
2026-05-10 20:00:00+00:00,1.3683,1.36911,1.36769,1.36829,1310,14,0
2026-05-11 00:00:00+00:00,1.36829,1.36894,1.36785,1.3688,3400,14,0
2026-05-11 04:00:00+00:00,1.36881,1.36941,1.36666,1.36712,3286,14,0
2026-05-11 08:00:00+00:00,1.36712,1.36724,1.36603,1.36665,3516,14,0
2026-05-11 12:00:00+00:00,1.36665,1.36819,1.36476,1.36648,6300,14,0
2026-05-11 16:00:00+00:00,1.36647,1.36791,1.366,1.36769,3621,14,0
2026-05-11 20:00:00+00:00,1.36771,1.36811,1.36712,1.36786,1998,14,0
2026-05-12 00:00:00+00:00,1.36788,1.36938,1.36788,1.36931,3127,14,0
2026-05-12 04:00:00+00:00,1.36931,1.37055,1.36834,1.37032,4024,14,0
2026-05-12 08:00:00+00:00,1.3703,1.37116,1.36999,1.37029,4593,14,0
2026-05-12 12:00:00+00:00,1.37029,1.37238,1.36982,1.3712900000000001,7685,14,0
2026-05-12 16:00:00+00:00,1.37128,1.37162,1.3693,1.36987,4749,14,0
2026-05-12 20:00:00+00:00,1.36987,1.37011,1.36926,1.36972,1637,14,0
2026-05-13 00:00:00+00:00,1.36972,1.36988,1.36837,1.36895,3145,14,0
2026-05-13 04:00:00+00:00,1.36895,1.371,1.36894,1.37045,3274,14,0
2026-05-13 08:00:00+00:00,1.37047,1.37088,1.3689200000000001,1.36938,4108,14,0
2026-05-13 12:00:00+00:00,1.36939,1.37113,1.3689200000000001,1.37023,7361,14,0
2026-05-13 16:00:00+00:00,1.37025,1.37181,1.3695599999999999,1.37042,4262,14,0
2026-05-13 20:00:00+00:00,1.3704399999999999,1.37074,1.37011,1.37046,1632,14,0
2026-05-14 00:00:00+00:00,1.37046,1.37084,1.37036,1.3708,2584,14,0
2026-05-14 04:00:00+00:00,1.37081,1.37152,1.37011,1.37146,3125,14,0
2026-05-14 08:00:00+00:00,1.37148,1.37212,1.37038,1.37209,3317,14,0
2026-05-14 12:00:00+00:00,1.3721,1.37371,1.3713,1.37246,6139,14,0
2026-05-14 16:00:00+00:00,1.37247,1.37298,1.3719000000000001,1.37238,4742,14,0
2026-05-14 20:00:00+00:00,1.37239,1.3726099999999999,1.37145,1.37237,1745,14,0
2026-05-15 00:00:00+00:00,1.37237,1.37421,1.37235,1.37393,3409,14,0
2026-05-15 04:00:00+00:00,1.37395,1.37567,1.37388,1.37465,4793,14,0
2026-05-15 08:00:00+00:00,1.37465,1.37572,1.37341,1.37514,5198,14,0
2026-05-15 12:00:00+00:00,1.37516,1.37664,1.3750499999999999,1.37508,7736,14,0
2026-05-15 16:00:00+00:00,1.3750499999999999,1.37581,1.37303,1.3753199999999999,5174,14,0
2026-05-15 20:00:00+00:00,1.3753199999999999,1.37578,1.37465,1.37478,914,14,0
2026-05-17 20:00:00+00:00,1.37484,1.37629,1.3747099999999999,1.37619,1593,14,0
2026-05-18 00:00:00+00:00,1.3761700000000001,1.37629,1.37499,1.37517,4484,14,0
2026-05-18 04:00:00+00:00,1.37518,1.3755600000000001,1.37384,1.3745,3879,14,0
2026-05-18 08:00:00+00:00,1.3745,1.3753,1.3733,1.37462,4181,14,0
2026-05-18 12:00:00+00:00,1.3746399999999999,1.3751,1.37318,1.37427,6731,14,0
2026-05-18 16:00:00+00:00,1.37425,1.375,1.37357,1.37386,5084,14,0
2026-05-18 20:00:00+00:00,1.37384,1.37409,1.37353,1.3738299999999999,1409,14,0
2026-05-19 00:00:00+00:00,1.37384,1.3751,1.37367,1.3746,3445,14,0
2026-05-19 04:00:00+00:00,1.37459,1.37533,1.37426,1.37486,3694,14,0
2026-05-19 08:00:00+00:00,1.37487,1.3771200000000001,1.37431,1.37516,3945,14,0
2026-05-19 12:00:00+00:00,1.37516,1.37734,1.37491,1.37553,7970,14,0
2026-05-19 16:00:00+00:00,1.37553,1.37609,1.37429,1.37491,4716,14,0
2026-05-19 20:00:00+00:00,1.37491,1.37528,1.37417,1.37484,1607,14,0
2026-05-20 00:00:00+00:00,1.37485,1.37604,1.37485,1.37546,4377,14,0
2026-05-20 04:00:00+00:00,1.37546,1.3771900000000001,1.37512,1.37718,3765,14,0
2026-05-20 08:00:00+00:00,1.37717,1.37779,1.37528,1.3753199999999999,3587,14,0
2026-05-20 12:00:00+00:00,1.37534,1.37755,1.37306,1.3747,8932,14,0
2026-05-20 16:00:00+00:00,1.37469,1.37549,1.37369,1.37425,5346,14,0
2026-05-20 20:00:00+00:00,1.37425,1.37486,1.37379,1.37478,2230,14,0
2026-05-21 00:00:00+00:00,1.37477,1.37657,1.37453,1.37632,3382,14,0
2026-05-21 04:00:00+00:00,1.37632,1.37734,1.3759000000000001,1.37731,3419,14,0
2026-05-21 08:00:00+00:00,1.37734,1.37761,1.37602,1.37686,4730,14,0
2026-05-21 12:00:00+00:00,1.37687,1.3799299999999999,1.3765399999999999,1.37884,6944,14,0
2026-05-21 16:00:00+00:00,1.37883,1.3792200000000001,1.37669,1.37785,6301,14,0
2026-05-21 20:00:00+00:00,1.37786,1.37804,1.37734,1.37759,1720,14,0
2026-05-22 00:00:00+00:00,1.37759,1.3792,1.37758,1.3791,2868,14,0
2026-05-22 04:00:00+00:00,1.37911,1.37948,1.37835,1.37899,2810,14,0
2026-05-22 08:00:00+00:00,1.37897,1.38014,1.37832,1.38003,3216,14,0
2026-05-22 12:00:00+00:00,1.38003,1.38216,1.37906,1.38179,6209,14,0
2026-05-22 16:00:00+00:00,1.38177,1.38217,1.38038,1.38138,3873,14,0
2026-05-22 20:00:00+00:00,1.3813900000000001,1.3823699999999999,1.38111,1.38185,620,14,0
2026-05-24 20:00:00+00:00,1.38125,1.3813900000000001,1.37977,1.3801999999999999,1643,14,0
2026-05-25 00:00:00+00:00,1.3801999999999999,1.38095,1.37951,1.3808,2713,14,0
2026-05-25 04:00:00+00:00,1.3808,1.38198,1.38033,1.38151,2425,14,0
2026-05-25 08:00:00+00:00,1.3814899999999999,1.38198,1.38067,1.3810799999999999,2120,14,0
2026-05-25 12:00:00+00:00,1.3810799999999999,1.38132,1.37944,1.37965,3139,14,0
2026-05-25 16:00:00+00:00,1.37965,1.38045,1.3796,1.37992,1364,14,0
2026-05-25 20:00:00+00:00,1.37992,1.38066,1.37985,1.38056,1236,14,0
2026-05-26 00:00:00+00:00,1.38056,1.38106,1.38021,1.38061,2493,14,0
2026-05-26 04:00:00+00:00,1.38061,1.38145,1.38019,1.38041,2943,14,0
2026-05-26 08:00:00+00:00,1.38039,1.38118,1.3798300000000001,1.38116,3410,14,0
2026-05-26 12:00:00+00:00,1.38118,1.38206,1.3799299999999999,1.3804,5752,14,0
2026-05-26 16:00:00+00:00,1.38038,1.38189,1.38003,1.38096,3725,14,0
2026-05-26 20:00:00+00:00,1.38096,1.38135,1.38033,1.38077,1885,14,0
2026-05-27 00:00:00+00:00,1.3807800000000001,1.3814,1.3803,1.38113,3117,14,0
2026-05-27 04:00:00+00:00,1.38113,1.38275,1.38079,1.3827099999999999,2865,14,0
2026-05-27 08:00:00+00:00,1.3827099999999999,1.38389,1.38205,1.38327,3267,14,0
2026-05-27 12:00:00+00:00,1.38326,1.3851499999999999,1.38198,1.3829799999999999,8085,14,0
2026-05-27 16:00:00+00:00,1.38297,1.3836,1.3823400000000001,1.38314,4230,14,0
2026-05-27 20:00:00+00:00,1.38314,1.38445,1.38284,1.3844,1806,14,0
2026-05-28 00:00:00+00:00,1.38442,1.38689,1.38436,1.38684,3395,14,0
2026-05-28 04:00:00+00:00,1.38684,1.3869,1.3845,1.3854199999999999,3756,14,0
2026-05-28 08:00:00+00:00,1.38544,1.38692,1.38476,1.3849,4324,14,0
2026-05-28 12:00:00+00:00,1.3849,1.38534,1.37982,1.3799000000000001,8888,14,0
2026-05-28 16:00:00+00:00,1.37989,1.38012,1.37735,1.37824,4761,14,0
2026-05-28 20:00:00+00:00,1.37825,1.37865,1.3780000000000001,1.37827,1949,14,0
2026-05-29 00:00:00+00:00,1.37825,1.37909,1.37778,1.3789,2722,14,0
2026-05-29 04:00:00+00:00,1.3789,1.38025,1.37842,1.38002,3361,14,0
2026-05-29 08:00:00+00:00,1.38004,1.3814,1.37991,1.37998,4057,14,0
2026-05-29 12:00:00+00:00,1.37998,1.38288,1.37697,1.37842,10653,14,0
2026-05-29 16:00:00+00:00,1.37842,1.38013,1.3783,1.37896,5254,14,0
2026-05-29 20:00:00+00:00,1.37894,1.37971,1.37843,1.3795899999999999,1026,14,0
2026-05-31 20:00:00+00:00,1.3796,1.38014,1.3786800000000001,1.3796599999999999,1522,14,0
2026-06-01 00:00:00+00:00,1.3796599999999999,1.3813,1.3796599999999999,1.38127,3511,14,0
2026-06-01 04:00:00+00:00,1.38127,1.38195,1.38013,1.38138,3131,14,0
2026-06-01 08:00:00+00:00,1.38136,1.38347,1.38114,1.38303,3907,14,0
2026-06-01 12:00:00+00:00,1.38301,1.38487,1.38236,1.38375,8563,14,0
2026-06-01 16:00:00+00:00,1.38375,1.38428,1.3827,1.38376,4090,14,0
2026-06-01 20:00:00+00:00,1.38378,1.38426,1.3835600000000001,1.38409,1762,14,0
2026-06-02 00:00:00+00:00,1.38408,1.38477,1.38398,1.38441,2427,14,0
2026-06-02 04:00:00+00:00,1.38441,1.3846,1.3835,1.38394,2925,14,0
2026-06-02 08:00:00+00:00,1.38394,1.38536,1.38362,1.38404,3303,14,0
2026-06-02 12:00:00+00:00,1.38404,1.38455,1.3814600000000001,1.38229,6602,14,0
2026-06-02 16:00:00+00:00,1.38229,1.384,1.38225,1.38353,3446,14,0
2026-06-02 20:00:00+00:00,1.38355,1.38459,1.38334,1.3845100000000001,1969,14,0
2026-06-03 00:00:00+00:00,1.38453,1.38471,1.3835899999999999,1.38471,2460,14,0
2026-06-03 04:00:00+00:00,1.38471,1.38577,1.38457,1.38507,3515,14,0
2026-06-03 08:00:00+00:00,1.38509,1.38588,1.38466,1.38537,4076,14,0
2026-06-03 12:00:00+00:00,1.38538,1.38919,1.38532,1.3891200000000001,7173,14,0
2026-06-03 16:00:00+00:00,1.38911,1.38988,1.3889,1.38961,3755,14,0
2026-06-03 20:00:00+00:00,1.38961,1.38989,1.38886,1.38932,2285,14,0
2026-06-04 00:00:00+00:00,1.38934,1.39036,1.3889,1.38998,3095,14,0
2026-06-04 04:00:00+00:00,1.38997,1.3924400000000001,1.38982,1.39219,3522,14,0
2026-06-04 08:00:00+00:00,1.3921700000000001,1.3921700000000001,1.38895,1.38938,4722,14,0
2026-06-04 12:00:00+00:00,1.3893900000000001,1.39042,1.38806,1.38901,6406,14,0
2026-06-04 16:00:00+00:00,1.38901,1.39045,1.38888,1.39031,3793,14,0
2026-06-04 20:00:00+00:00,1.39033,1.3911,1.3898,1.39067,1685,14,0
2026-06-05 00:00:00+00:00,1.39069,1.39116,1.38997,1.39047,2709,14,0
2026-06-05 04:00:00+00:00,1.39046,1.39083,1.38832,1.38872,3017,14,0
2026-06-05 08:00:00+00:00,1.38872,1.38894,1.38675,1.3879299999999999,4312,14,0
2026-06-05 12:00:00+00:00,1.38791,1.39378,1.3866100000000001,1.39322,10787,14,0
2026-06-05 16:00:00+00:00,1.39324,1.39499,1.3931200000000001,1.39421,5713,14,0
2026-06-05 20:00:00+00:00,1.39422,1.3949500000000001,1.3938,1.39414,889,14,0
2026-06-07 20:00:00+00:00,1.39356,1.3951500000000001,1.39324,1.39448,2137,14,0
2026-06-08 00:00:00+00:00,1.3945,1.39516,1.3937599999999999,1.39452,4194,14,0
2026-06-08 04:00:00+00:00,1.39452,1.39507,1.39356,1.39506,4983,14,0
2026-06-08 08:00:00+00:00,1.39506,1.39531,1.39294,1.3937599999999999,5380,14,0
2026-06-08 12:00:00+00:00,1.3937599999999999,1.39526,1.39257,1.39502,7675,14,0
2026-06-08 16:00:00+00:00,1.39504,1.39605,1.39452,1.3951,4688,14,0
2026-06-08 20:00:00+00:00,1.39511,1.3957600000000001,1.39413,1.39573,2237,14,0
2026-06-09 00:00:00+00:00,1.39573,1.39587,1.39443,1.39474,3631,14,0
2026-06-09 04:00:00+00:00,1.39474,1.3949,1.39299,1.39384,4007,14,0
2026-06-09 08:00:00+00:00,1.39383,1.39431,1.39192,1.39209,4040,14,0
2026-06-09 12:00:00+00:00,1.39207,1.39629,1.39184,1.39575,7828,14,0
2026-06-09 16:00:00+00:00,1.39577,1.39686,1.39466,1.39466,7313,14,0
2026-06-09 20:00:00+00:00,1.39465,1.39563,1.39451,1.39528,2078,14,0
2026-06-10 00:00:00+00:00,1.3953,1.39564,1.39446,1.39455,4205,14,0
2026-06-10 04:00:00+00:00,1.39455,1.39494,1.39323,1.39368,3725,14,0
2026-06-10 08:00:00+00:00,1.3936899999999999,1.39397,1.39235,1.39329,4838,14,0
2026-06-10 12:00:00+00:00,1.39329,1.39378,1.38986,1.39288,10521,14,0
2026-06-10 16:00:00+00:00,1.39285,1.39448,1.39245,1.39448,6274,14,0
2026-06-10 20:00:00+00:00,1.3945,1.39497,1.3941,1.39468,2980,14,0
2026-06-11 00:00:00+00:00,1.39465,1.39465,1.3931,1.3938,4037,14,0
2026-06-11 04:00:00+00:00,1.3938,1.39634,1.39347,1.3961700000000001,3802,14,0
2026-06-11 08:00:00+00:00,1.39618,1.39829,1.3961700000000001,1.39768,4507,14,0
2026-06-11 12:00:00+00:00,1.39768,1.40232,1.39756,1.40042,9036,14,0
2026-06-11 16:00:00+00:00,1.4003999999999999,1.4015,1.39529,1.39584,9633,14,0
2026-06-11 20:00:00+00:00,1.3958599999999999,1.39737,1.39554,1.39723,2832,14,0
2026-06-12 00:00:00+00:00,1.39725,1.39794,1.39709,1.39721,3955,14,0
2026-06-12 04:00:00+00:00,1.39721,1.39951,1.3970500000000001,1.39873,4926,14,0
2026-06-12 08:00:00+00:00,1.39871,1.39905,1.39733,1.39882,6673,14,0
2026-06-12 12:00:00+00:00,1.39882,1.39932,1.39587,1.3970500000000001,9172,14,0
2026-06-12 16:00:00+00:00,1.39706,1.39845,1.39657,1.39808,5201,14,0
2026-06-12 20:00:00+00:00,1.3981,1.39902,1.39804,1.39882,614,14,0
2026-06-14 20:00:00+00:00,1.399,1.399,1.39543,1.39635,2416,14,0
2026-06-15 00:00:00+00:00,1.3963700000000001,1.39759,1.39566,1.3966,3509,14,0
2026-06-15 04:00:00+00:00,1.3966,1.39801,1.39501,1.39768,4484,14,0
2026-06-15 08:00:00+00:00,1.39767,1.39821,1.3966,1.39821,4249,14,0
2026-06-15 12:00:00+00:00,1.39821,1.39919,1.39697,1.3983400000000001,6253,14,0
2026-06-15 16:00:00+00:00,1.3983400000000001,1.39932,1.3980000000000001,1.39924,4240,14,0
2026-06-15 20:00:00+00:00,1.39926,1.3994900000000001,1.39855,1.3992,1766,14,0
2026-06-16 00:00:00+00:00,1.39921,1.39996,1.39892,1.39981,2781,14,0
2026-06-16 04:00:00+00:00,1.39981,1.40178,1.3998,1.4003999999999999,3982,14,0
2026-06-16 08:00:00+00:00,1.4003999999999999,1.40118,1.39917,1.40065,4055,14,0
2026-06-16 12:00:00+00:00,1.40064,1.40152,1.3979599999999999,1.39824,6453,14,0
2026-06-16 16:00:00+00:00,1.3982299999999999,1.3999,1.39802,1.3998599999999999,3909,14,0
2026-06-16 20:00:00+00:00,1.39988,1.4002,1.39909,1.39961,1708,14,0
2026-06-17 00:00:00+00:00,1.39961,1.4001000000000001,1.39901,1.4001000000000001,2310,14,0
2026-06-17 04:00:00+00:00,1.4001000000000001,1.40069,1.39953,1.39969,2592,14,0
2026-06-17 08:00:00+00:00,1.39969,1.40163,1.3995,1.40102,3143,14,0
2026-06-17 12:00:00+00:00,1.40099,1.40329,1.4003999999999999,1.40298,5980,14,0
2026-06-17 16:00:00+00:00,1.40296,1.41221,1.40272,1.4117,11122,14,0
2026-06-17 20:00:00+00:00,1.41171,1.41184,1.40953,1.41011,2870,14,0
2026-06-18 00:00:00+00:00,1.41011,1.4108800000000001,1.4094,1.40995,3525,14,0
2026-06-18 04:00:00+00:00,1.40995,1.41121,1.40967,1.41026,3778,14,0
2026-06-18 08:00:00+00:00,1.41028,1.41333,1.41014,1.41311,5955,14,0
2026-06-18 12:00:00+00:00,1.41311,1.41459,1.411,1.41428,8698,14,0
2026-06-18 16:00:00+00:00,1.41428,1.4144,1.41284,1.41358,5223,14,0
2026-06-18 20:00:00+00:00,1.4136,1.41418,1.41289,1.41408,1967,14,0
2026-06-19 00:00:00+00:00,1.41408,1.4151099999999999,1.41361,1.41509,2684,14,0
2026-06-19 04:00:00+00:00,1.4150800000000001,1.41589,1.41356,1.41458,4618,14,0
2026-06-19 08:00:00+00:00,1.41458,1.41517,1.41342,1.41487,4156,14,0
2026-06-19 12:00:00+00:00,1.41485,1.41825,1.41467,1.41768,5015,14,0
2026-06-19 16:00:00+00:00,1.41768,1.41779,1.4169,1.41744,1952,14,0
2026-06-19 20:00:00+00:00,1.41744,1.41777,1.41473,1.4149,994,14,0
2026-06-21 20:00:00+00:00,1.41537,1.41779,1.41537,1.41742,1221,14,0
2026-06-22 00:00:00+00:00,1.41743,1.41864,1.41673,1.41855,3253,14,0
2026-06-22 04:00:00+00:00,1.4185400000000001,1.41927,1.41743,1.41775,4163,14,0
2026-06-22 08:00:00+00:00,1.41776,1.41817,1.41652,1.41714,4605,14,0
2026-06-22 12:00:00+00:00,1.41712,1.41773,1.41445,1.41676,8567,14,0
2026-06-22 16:00:00+00:00,1.41676,1.41685,1.41534,1.41596,4084,14,0
2026-06-22 20:00:00+00:00,1.41594,1.41647,1.41502,1.41583,1866,14,0
2026-06-23 00:00:00+00:00,1.41585,1.41714,1.41561,1.41651,3585,14,0
2026-06-23 04:00:00+00:00,1.4165,1.41852,1.41642,1.41749,4490,14,0
2026-06-23 08:00:00+00:00,1.41749,1.41899,1.41713,1.41898,4828,14,0
2026-06-23 12:00:00+00:00,1.41897,1.42032,1.41683,1.41983,7241,14,0
2026-06-23 16:00:00+00:00,1.41981,1.42165,1.4194499999999999,1.4208,4348,14,0
2026-06-23 20:00:00+00:00,1.42079,1.42137,1.42053,1.4209399999999999,2077,14,0
2026-06-24 00:00:00+00:00,1.4209399999999999,1.42233,1.42054,1.4214,3732,14,0
2026-06-24 04:00:00+00:00,1.4214,1.4227699999999999,1.42113,1.4227400000000001,3571,14,0
2026-06-24 08:00:00+00:00,1.42273,1.42379,1.42208,1.42278,4746,14,0
2026-06-24 12:00:00+00:00,1.42278,1.42473,1.42228,1.4237600000000001,7991,14,0
2026-06-24 16:00:00+00:00,1.42375,1.42407,1.42146,1.42319,5226,14,0
2026-06-24 20:00:00+00:00,1.4232,1.42358,1.42275,1.42351,2112,14,0
2026-06-25 00:00:00+00:00,1.42349,1.42426,1.4227,1.4228399999999999,3406,14,0
2026-06-25 04:00:00+00:00,1.4228399999999999,1.42423,1.42273,1.42305,3412,14,0
2026-06-25 08:00:00+00:00,1.42303,1.42475,1.42221,1.42409,4200,14,0
2026-06-25 12:00:00+00:00,1.42409,1.42472,1.41898,1.41906,9169,14,0
2026-06-25 16:00:00+00:00,1.41905,1.4202,1.41769,1.4194499999999999,5773,14,0
2026-06-25 20:00:00+00:00,1.41948,1.42021,1.41886,1.42004,2492,14,0
2026-06-26 00:00:00+00:00,1.42007,1.42088,1.4191799999999999,1.41939,4048,14,0
2026-06-26 04:00:00+00:00,1.41936,1.42002,1.41846,1.41973,4483,14,0
2026-06-26 08:00:00+00:00,1.41975,1.41988,1.41783,1.41861,5367,14,0
2026-06-26 12:00:00+00:00,1.41861,1.41997,1.41686,1.41833,8598,14,0
2026-06-26 16:00:00+00:00,1.41833,1.41961,1.41772,1.418,4308,14,0
2026-06-26 20:00:00+00:00,1.41798,1.41953,1.41782,1.41921,1084,14,0
2026-06-28 20:00:00+00:00,1.4191,1.41953,1.41807,1.41897,1120,14,0
2026-06-29 00:00:00+00:00,1.41899,1.41977,1.41811,1.41907,3244,14,0
2026-06-29 04:00:00+00:00,1.41907,1.41927,1.41748,1.41886,3217,14,0
2026-06-29 08:00:00+00:00,1.41888,1.42072,1.41862,1.42038,4135,14,0
2026-06-29 12:00:00+00:00,1.42039,1.4217,1.41984,1.42113,6880,14,0
2026-06-29 16:00:00+00:00,1.42113,1.42122,1.41953,1.42026,3859,14,0
2026-06-29 20:00:00+00:00,1.42025,1.42127,1.41994,1.42103,2020,14,0
2026-06-30 00:00:00+00:00,1.42102,1.42346,1.421,1.42313,3371,14,0
2026-06-30 04:00:00+00:00,1.42313,1.42388,1.42231,1.42287,3567,14,0
2026-06-30 08:00:00+00:00,1.42289,1.4246699999999999,1.4227400000000001,1.42358,4608,14,0
2026-06-30 12:00:00+00:00,1.42359,1.42395,1.41829,1.42051,8109,14,0
2026-06-30 16:00:00+00:00,1.42051,1.42117,1.41809,1.41826,4626,14,0
2026-06-30 20:00:00+00:00,1.41824,1.42078,1.41775,1.42075,1931,14,0
2026-07-01 00:00:00+00:00,1.42075,1.42211,1.42048,1.42169,3070,14,0
2026-07-01 04:00:00+00:00,1.42167,1.42218,1.42086,1.42166,3174,14,0
2026-07-01 08:00:00+00:00,1.42166,1.4224700000000001,1.42126,1.42211,3513,14,0
2026-07-01 12:00:00+00:00,1.42211,1.4234200000000001,1.4191099999999999,1.42055,8644,14,0
2026-07-01 16:00:00+00:00,1.42053,1.42178,1.4197199999999999,1.42138,4007,14,0
2026-07-01 20:00:00+00:00,1.42138,1.42209,1.42075,1.4218600000000001,1273,14,0
2026-07-02 00:00:00+00:00,1.4218600000000001,1.42236,1.42075,1.42168,2682,14,0
2026-07-02 04:00:00+00:00,1.42168,1.42178,1.41932,1.41995,4214,14,0
2026-07-02 08:00:00+00:00,1.41997,1.42166,1.41853,1.42134,5251,14,0
2026-07-02 12:00:00+00:00,1.42134,1.42181,1.41494,1.41829,12473,14,0
2026-07-02 16:00:00+00:00,1.41829,1.4187,1.41746,1.41815,5153,14,0
2026-07-02 20:00:00+00:00,1.4181599999999999,1.41904,1.41785,1.41902,1584,14,0
2026-07-03 00:00:00+00:00,1.41902,1.41968,1.41652,1.41706,3801,14,0
2026-07-03 04:00:00+00:00,1.41706,1.41773,1.4159,1.4175200000000001,3871,14,0
2026-07-03 08:00:00+00:00,1.41751,1.41963,1.4174,1.41936,3457,14,0
2026-07-03 12:00:00+00:00,1.41937,1.42051,1.41912,1.42001,4090,14,0
2026-07-03 16:00:00+00:00,1.42001,1.42059,1.41959,1.4201,3189,14,0
2026-07-03 20:00:00+00:00,1.42012,1.42075,1.41958,1.41998,1266,14,0
2026-07-05 20:00:00+00:00,1.4190800000000001,1.42068,1.419,1.42041,1057,14,0
2026-07-06 00:00:00+00:00,1.42043,1.42129,1.42021,1.42096,3195,14,0
2026-07-06 04:00:00+00:00,1.42096,1.4219,1.42048,1.42181,3257,14,0
2026-07-06 08:00:00+00:00,1.42181,1.4231500000000001,1.42119,1.42211,4053,14,0
2026-07-06 12:00:00+00:00,1.42211,1.4238,1.42109,1.42149,6037,14,0
2026-07-06 16:00:00+00:00,1.42148,1.4218199999999999,1.4203000000000001,1.42051,3548,14,0
2026-07-06 20:00:00+00:00,1.42053,1.42086,1.41983,1.42075,1512,14,0
2026-07-07 00:00:00+00:00,1.42075,1.42179,1.42074,1.42166,3113,14,0
2026-07-07 04:00:00+00:00,1.42166,1.42211,1.42105,1.42203,3229,14,0
2026-07-07 08:00:00+00:00,1.42205,1.42205,1.42023,1.42143,3885,14,0
2026-07-07 12:00:00+00:00,1.42143,1.4225400000000001,1.41876,1.41946,6516,14,0
2026-07-07 16:00:00+00:00,1.41948,1.42056,1.4183,1.41955,4743,14,0
2026-07-07 20:00:00+00:00,1.41953,1.42061,1.41927,1.42042,2253,14,0
2026-07-08 00:00:00+00:00,1.42041,1.42079,1.41912,1.41957,4088,14,0
2026-07-08 04:00:00+00:00,1.41958,1.41986,1.4161000000000001,1.41622,4468,14,0
2026-07-08 08:00:00+00:00,1.41622,1.41899,1.41546,1.41873,7402,14,0
2026-07-08 12:00:00+00:00,1.4187400000000001,1.41956,1.41635,1.41888,8464,14,0
2026-07-08 16:00:00+00:00,1.41888,1.41888,1.41607,1.41641,5475,14,0
2026-07-08 20:00:00+00:00,1.41642,1.41753,1.4162,1.41678,1697,14,0
2026-07-09 00:00:00+00:00,1.41678,1.41684,1.41599,1.41655,2933,14,0
2026-07-09 04:00:00+00:00,1.41655,1.4181300000000001,1.41524,1.41774,3770,14,0
2026-07-09 08:00:00+00:00,1.41776,1.4189,1.41731,1.41741,4140,14,0
2026-07-09 12:00:00+00:00,1.41742,1.4181300000000001,1.41632,1.41632,6778,14,0
2026-07-09 16:00:00+00:00,1.41631,1.41724,1.41581,1.41718,3200,14,0
2026-07-09 20:00:00+00:00,1.4172,1.41723,1.41647,1.4167100000000001,1419,14,0
2026-07-10 00:00:00+00:00,1.41668,1.41719,1.4135499999999999,1.41469,3917,14,0
2026-07-10 04:00:00+00:00,1.4147,1.41658,1.4147,1.41641,3722,14,0
2026-07-10 08:00:00+00:00,1.4163999999999999,1.4171,1.41537,1.41556,4539,14,0
2026-07-10 12:00:00+00:00,1.41557,1.41688,1.4132500000000001,1.41329,8236,14,0
2026-07-10 16:00:00+00:00,1.41331,1.41573,1.41168,1.41556,4681,14,0
2026-07-10 20:00:00+00:00,1.41555,1.41591,1.4151,1.41541,676,14,0
2026-07-12 20:00:00+00:00,1.41552,1.41699,1.41522,1.41634,1167,14,0
2026-07-13 00:00:00+00:00,1.41632,1.4174,1.41609,1.41609,3996,14,0
2026-07-13 04:00:00+00:00,1.41609,1.41643,1.4142000000000001,1.41431,4619,14,0
2026-07-13 08:00:00+00:00,1.41428,1.41434,1.41246,1.41336,5118,14,0
2026-07-13 12:00:00+00:00,1.41338,1.41514,1.41308,1.41407,7748,14,0
2026-07-13 16:00:00+00:00,1.41407,1.41595,1.41374,1.41547,4930,14,0
2026-07-13 20:00:00+00:00,1.41546,1.41583,1.41476,1.41489,1599,14,0
2026-07-14 00:00:00+00:00,1.41491,1.41538,1.4128,1.41313,3845,14,0
2026-07-14 04:00:00+00:00,1.41313,1.4135,1.41014,1.41042,4043,14,0
2026-07-14 08:00:00+00:00,1.41042,1.4115199999999999,1.40811,1.41137,5864,14,0
2026-07-14 12:00:00+00:00,1.41137,1.41148,1.4047,1.40674,12912,14,0
2026-07-14 16:00:00+00:00,1.40673,1.40741,1.40576,1.40662,5610,14,0
2026-07-14 20:00:00+00:00,1.40662,1.4068800000000001,1.40494,1.40516,1629,14,0
2026-07-15 00:00:00+00:00,1.40516,1.40551,1.40391,1.40457,3190,14,0
2026-07-15 04:00:00+00:00,1.40456,1.40583,1.40431,1.40517,3816,14,0
2026-07-15 08:00:00+00:00,1.40516,1.40712,1.40456,1.40687,4408,14,0
2026-07-15 12:00:00+00:00,1.4068399999999999,1.40766,1.40452,1.40477,8367,14,0
2026-07-15 16:00:00+00:00,1.40477,1.40545,1.40242,1.40412,5923,14,0
2026-07-15 20:00:00+00:00,1.40412,1.40448,1.4035,1.40373,1768,14,0
2026-07-16 00:00:00+00:00,1.40373,1.40531,1.40361,1.40463,3315,14,0
2026-07-16 04:00:00+00:00,1.40463,1.4051,1.40399,1.40459,3236,14,0
2026-07-16 08:00:00+00:00,1.40459,1.40481,1.403,1.4032,4005,14,0
2026-07-16 12:00:00+00:00,1.40319,1.4041000000000001,1.40099,1.40337,7919,14,0
2026-07-16 16:00:00+00:00,1.40338,1.40575,1.40328,1.40478,4525,14,0
2026-07-16 20:00:00+00:00,1.40477,1.40521,1.40365,1.40375,1436,14,0
2026-07-17 00:00:00+00:00,1.40372,1.4040599999999999,1.4029,1.40359,3202,14,0
2026-07-17 04:00:00+00:00,1.40356,1.40393,1.40255,1.4028399999999999,3625,14,0
2026-07-17 08:00:00+00:00,1.4028399999999999,1.40394,1.40207,1.40256,4628,14,0
2026-07-17 12:00:00+00:00,1.40256,1.4028800000000001,1.40059,1.40151,7250,14,0
2026-07-17 16:00:00+00:00,1.40149,1.40213,1.40049,1.40099,4173,14,0
2026-07-17 20:00:00+00:00,1.401,1.4019300000000001,1.4008099999999999,1.40191,633,14,0
2026-07-19 20:00:00+00:00,1.40125,1.4022299999999999,1.40109,1.40191,1342,14,0
2026-07-20 00:00:00+00:00,1.40188,1.40201,1.40046,1.40062,2844,14,0
2026-07-20 04:00:00+00:00,1.40062,1.40149,1.40027,1.40143,2918,14,0
2026-07-20 08:00:00+00:00,1.40144,1.40364,1.40126,1.40353,4185,14,0
2026-07-20 12:00:00+00:00,1.40353,1.4065400000000001,1.4028399999999999,1.40595,6653,14,0
2026-07-20 16:00:00+00:00,1.4059599999999999,1.4065699999999999,1.40504,1.40646,3992,14,0
2026-07-20 20:00:00+00:00,1.40646,1.40841,1.40629,1.4071,1923,14,0
2026-07-21 00:00:00+00:00,1.40711,1.40805,1.40692,1.40786,3224,14,0
2026-07-21 04:00:00+00:00,1.40788,1.4079,1.40575,1.40645,3409,14,0
2026-07-21 08:00:00+00:00,1.40647,1.40695,1.4053499999999999,1.40656,4150,14,0
2026-07-21 12:00:00+00:00,1.40656,1.41011,1.4064999999999999,1.40972,7265,14,0
2026-07-21 16:00:00+00:00,1.40972,1.41103,1.40946,1.41052,3420,14,0
2026-07-21 20:00:00+00:00,1.41052,1.41107,1.41033,1.4104999999999999,1413,14,0
2026-07-22 00:00:00+00:00,1.41051,1.41073,1.4098600000000001,1.41046,2939,14,0
2026-07-22 04:00:00+00:00,1.41045,1.41075,1.40821,1.40893,3189,14,0
2026-07-22 08:00:00+00:00,1.40893,1.41046,1.40892,1.40896,4132,14,0
2026-07-22 12:00:00+00:00,1.40894,1.40937,1.40761,1.40845,6537,14,0
2026-07-22 16:00:00+00:00,1.40846,1.40941,1.4083700000000001,1.4083700000000001,2789,14,0
2026-07-22 20:00:00+00:00,1.40836,1.40891,1.40801,1.40855,1552,14,0
2026-07-23 00:00:00+00:00,1.40855,1.40861,1.4062000000000001,1.4064,3228,14,0
2026-07-23 04:00:00+00:00,1.4064,1.4073,1.40561,1.4069099999999999,3798,14,0
2026-07-23 08:00:00+00:00,1.4069,1.40906,1.40674,1.40785,4759,14,0
2026-07-23 12:00:00+00:00,1.40786,1.4099,1.40692,1.40875,9363,14,0
2026-07-23 16:00:00+00:00,1.4087399999999999,1.40895,1.4074900000000001,1.40827,4361,14,0
2026-07-23 20:00:00+00:00,1.40828,1.40888,1.40789,1.40848,1748,14,0
2026-07-24 00:00:00+00:00,1.40848,1.40858,1.40676,1.40765,3497,14,0
2026-07-24 04:00:00+00:00,1.40765,1.4083999999999999,1.40658,1.40755,3722,14,0
2026-07-24 08:00:00+00:00,1.40755,1.40897,1.40724,1.40875,4130,14,0
2026-07-24 12:00:00+00:00,1.40876,1.41141,1.40739,1.40793,7453,14,0
2026-07-24 16:00:00+00:00,1.40791,1.41018,1.40774,1.41003,3833,14,0
2026-07-24 20:00:00+00:00,1.41002,1.41031,1.40914,1.40929,543,14,0
2026-07-26 20:00:00+00:00,1.40865,1.4090799999999999,1.40787,1.40866,1486,14,0
2026-07-27 00:00:00+00:00,1.40863,1.4086400000000001,1.407,1.40822,3879,14,0
2026-07-27 04:00:00+00:00,1.40822,1.41019,1.4080300000000001,1.40971,3874,14,0
2026-07-27 08:00:00+00:00,1.4096899999999999,1.4108399999999999,1.4090799999999999,1.41074,3992,14,0
2026-07-27 12:00:00+00:00,1.41074,1.4117600000000001,1.40988,1.4111099999999999,6320,14,0
2026-07-27 16:00:00+00:00,1.41112,1.41257,1.41074,1.41209,3768,14,0
2026-07-27 20:00:00+00:00,1.41209,1.41256,1.4120300000000001,1.41244,1438,14,0
2026-07-28 00:00:00+00:00,1.41243,1.41283,1.41107,1.41154,2980,14,0
2026-07-28 04:00:00+00:00,1.41156,1.4126400000000001,1.41095,1.41178,3653,14,0
2026-07-28 08:00:00+00:00,1.41177,1.4117899999999999,1.41036,1.41069,3756,14,0
2026-07-28 12:00:00+00:00,1.41069,1.41167,1.40862,1.40918,6362,14,0
2026-07-28 16:00:00+00:00,1.40917,1.41099,1.40856,1.41099,3802,14,0
2026-07-28 20:00:00+00:00,1.41098,1.4110800000000001,1.41018,1.41062,1938,14,0
2026-07-29 00:00:00+00:00,1.41064,1.4109099999999999,1.40902,1.40923,3624,14,0
2026-07-29 04:00:00+00:00,1.40923,1.41,1.4083999999999999,1.40946,3730,14,0
2026-07-29 08:00:00+00:00,1.40946,1.41058,1.40921,1.40985,3793,14,0
2026-07-29 12:00:00+00:00,1.40987,1.41052,1.40769,1.4087100000000001,6854,14,0
2026-07-29 16:00:00+00:00,1.4087100000000001,1.4099,1.40229,1.40572,10769,14,0
2026-07-29 20:00:00+00:00,1.40571,1.40571,1.40334,1.40359,2849,14,0
2026-07-30 00:00:00+00:00,1.40361,1.4053499999999999,1.40304,1.40522,3916,14,0
2026-07-30 04:00:00+00:00,1.40521,1.40672,1.40482,1.40658,4054,14,0
2026-07-30 08:00:00+00:00,1.4065699999999999,1.4067,1.40363,1.40424,5613,14,0
2026-07-30 12:00:00+00:00,1.40423,1.40583,1.4001000000000001,1.40033,12961,14,0
2026-07-30 16:00:00+00:00,1.40031,1.40069,1.39903,1.40027,6233,14,0
2026-07-30 20:00:00+00:00,1.40025,1.40124,1.40005,1.40111,1876,14,0
2026-07-31 00:00:00+00:00,1.40111,1.40229,1.40069,1.40183,4179,14,0
2026-07-31 04:00:00+00:00,1.40183,1.40222,1.40103,1.4020299999999999,4532,14,0
2026-07-31 08:00:00+00:00,1.40202,1.40356,1.40032,1.40353,5424,14,0
2026-07-31 12:00:00+00:00,1.40353,1.40579,1.40154,1.40293,10918,14,0
2026-07-31 16:00:00+00:00,1.40293,1.40313,1.40091,1.40172,6110,14,0
2026-07-31 20:00:00+00:00,1.4017,1.40197,1.40094,1.4013,1757,14,0
2026-08-02 20:00:00+00:00,1.40092,1.40146,1.40032,1.40131,1869,14,0
2026-08-03 00:00:00+00:00,1.4013,1.40347,1.4004400000000001,1.40335,4855,14,0
2026-08-03 04:00:00+00:00,1.40335,1.4043999999999999,1.4027,1.40416,3577,14,0
2026-08-03 08:00:00+00:00,1.40415,1.40449,1.4028399999999999,1.40285,4152,14,0
2026-08-03 12:00:00+00:00,1.40287,1.40491,1.40267,1.40399,7090,14,0
2026-08-03 16:00:00+00:00,1.404,1.40529,1.40371,1.4044400000000001,3610,14,0
2026-08-03 20:00:00+00:00,1.40443,1.40475,1.40431,1.40463,1455,14,0
2026-08-04 00:00:00+00:00,1.40463,1.4047399999999999,1.4038300000000001,1.40431,3491,14,0
2026-08-04 04:00:00+00:00,1.40431,1.40648,1.40425,1.4050099999999999,3789,14,0
2026-08-04 08:00:00+00:00,1.40502,1.40581,1.40346,1.40567,4736,14,0
2026-08-04 12:00:00+00:00,1.40567,1.40757,1.4051,1.40719,7474,14,0
2026-08-04 16:00:00+00:00,1.40719,1.40795,1.40618,1.40667,4223,14,0
2026-08-04 20:00:00+00:00,1.40666,1.4068,1.40584,1.40652,1695,14,0
2026-08-05 00:00:00+00:00,1.40653,1.4075,1.40629,1.40704,3481,14,0
2026-08-05 04:00:00+00:00,1.40705,1.40795,1.4066100000000001,1.40665,3533,14,0
2026-08-05 08:00:00+00:00,1.40665,1.40751,1.4051,1.40517,4233,14,0
2026-08-05 12:00:00+00:00,1.40517,1.40554,1.4014,1.40189,7735,14,0
2026-08-05 16:00:00+00:00,1.40189,1.4028,1.4004400000000001,1.40116,3767,14,0
2026-08-05 20:00:00+00:00,1.40114,1.40131,1.4008099999999999,1.4010099999999999,1509,14,0
2026-08-06 00:00:00+00:00,1.40102,1.40143,1.40021,1.40133,2791,14,0
2026-08-06 04:00:00+00:00,1.40133,1.40172,1.40089,1.40126,2678,14,0
2026-08-06 08:00:00+00:00,1.40126,1.40147,1.39914,1.39914,3229,14,0
2026-08-06 12:00:00+00:00,1.39914,1.40372,1.399,1.40305,6374,14,0
2026-08-06 16:00:00+00:00,1.40305,1.40316,1.40112,1.40143,3438,14,0
2026-08-06 20:00:00+00:00,1.4014199999999999,1.40177,1.40093,1.40134,1313,14,0
2026-08-07 00:00:00+00:00,1.40134,1.40205,1.40122,1.4018,2152,14,0
2026-08-07 04:00:00+00:00,1.4018,1.40276,1.40163,1.40233,2303,14,0
2026-08-07 08:00:00+00:00,1.40233,1.40285,1.40103,1.4011,3103,14,0
2026-08-07 12:00:00+00:00,1.4011,1.4012,1.3925,1.39336,11431,14,0
2026-08-07 16:00:00+00:00,1.39336,1.3943400000000001,1.39295,1.39421,4646,14,0
2026-08-07 20:00:00+00:00,1.39421,1.39531,1.3936600000000001,1.3939300000000001,864,14,0
2026-08-09 20:00:00+00:00,1.39485,1.3952,1.39408,1.3952,981,14,0
2026-08-10 00:00:00+00:00,1.3951799999999999,1.39622,1.39473,1.39615,2830,14,0
2026-08-10 04:00:00+00:00,1.39616,1.39632,1.39414,1.39417,3187,14,0
2026-08-10 08:00:00+00:00,1.39417,1.39456,1.39327,1.39397,3425,14,0
2026-08-10 12:00:00+00:00,1.39397,1.39568,1.3927800000000001,1.3928099999999999,5655,14,0
2026-08-10 16:00:00+00:00,1.3928,1.3946399999999999,1.3926,1.39389,3329,14,0
2026-08-10 20:00:00+00:00,1.39388,1.39402,1.39331,1.39333,1574,14,0
2026-08-11 00:00:00+00:00,1.39334,1.39371,1.39289,1.3930799999999999,2631,14,0
2026-08-11 04:00:00+00:00,1.3930799999999999,1.39446,1.39275,1.39438,3335,14,0
2026-08-11 08:00:00+00:00,1.39438,1.39453,1.3929,1.39388,3704,14,0
2026-08-11 12:00:00+00:00,1.39387,1.3941,1.39238,1.39238,5219,14,0
2026-08-11 16:00:00+00:00,1.39236,1.39263,1.39148,1.39242,3120,14,0
2026-08-11 20:00:00+00:00,1.39242,1.39261,1.3919000000000001,1.39201,1198,14,0
2026-08-12 00:00:00+00:00,1.39201,1.3931,1.3918,1.39279,2128,14,0
2026-08-12 04:00:00+00:00,1.39279,1.39338,1.39277,1.39291,2377,14,0
2026-08-12 08:00:00+00:00,1.39291,1.3937300000000001,1.39253,1.3926,3341,14,0
2026-08-12 12:00:00+00:00,1.39261,1.39302,1.39075,1.39201,7308,14,0
2026-08-12 16:00:00+00:00,1.39202,1.3946399999999999,1.39197,1.3940299999999999,3393,14,0
2026-08-12 20:00:00+00:00,1.39402,1.39428,1.39371,1.39405,1428,14,0
2026-08-13 00:00:00+00:00,1.39405,1.39503,1.39364,1.39479,2485,14,0
2026-08-13 04:00:00+00:00,1.39479,1.39577,1.39438,1.3952200000000001,2928,14,0
2026-08-13 08:00:00+00:00,1.3952200000000001,1.39554,1.39352,1.3945,3382,14,0
2026-08-13 12:00:00+00:00,1.3945,1.39534,1.39291,1.39367,7149,14,0
2026-08-13 16:00:00+00:00,1.3936899999999999,1.39401,1.39277,1.3928,3793,14,0
2026-08-13 20:00:00+00:00,1.3928,1.3933200000000001,1.39264,1.3927,1585,14,0
2026-08-14 00:00:00+00:00,1.3927,1.39297,1.39198,1.39201,2784,14,0
2026-08-14 04:00:00+00:00,1.39201,1.39214,1.38885,1.38888,3037,14,0
2026-08-14 08:00:00+00:00,1.3889,1.3893,1.38792,1.3881700000000001,3750,14,0
2026-08-14 12:00:00+00:00,1.38818,1.38828,1.3863699999999999,1.3872900000000001,7243,14,0
2026-08-14 16:00:00+00:00,1.3872900000000001,1.38803,1.38674,1.38758,3327,14,0
2026-08-14 20:00:00+00:00,1.38758,1.38773,1.38707,1.38737,583,14,0
2026-08-16 20:00:00+00:00,1.38735,1.38747,1.3869500000000001,1.38717,888,14,0
2026-08-17 00:00:00+00:00,1.38717,1.38717,1.38631,1.38647,2636,14,0
2026-08-17 04:00:00+00:00,1.38647,1.3866399999999999,1.38524,1.38565,2936,14,0
2026-08-17 08:00:00+00:00,1.38565,1.38665,1.38518,1.38612,3328,14,0
2026-08-17 12:00:00+00:00,1.38612,1.38738,1.38442,1.38678,5922,14,0
2026-08-17 16:00:00+00:00,1.38679,1.38771,1.38658,1.38731,3324,14,0
2026-08-17 20:00:00+00:00,1.38731,1.3875899999999999,1.3869099999999999,1.387,1318,14,0
2026-08-18 00:00:00+00:00,1.38699,1.38744,1.38655,1.3872,2782,14,0
2026-08-18 04:00:00+00:00,1.3872,1.38782,1.38631,1.3865,3007,14,0
2026-08-18 08:00:00+00:00,1.3865,1.38774,1.3860999999999999,1.3874,3254,14,0
2026-08-18 12:00:00+00:00,1.38741,1.38945,1.3866399999999999,1.38899,6208,14,0
2026-08-18 16:00:00+00:00,1.389,1.39096,1.38895,1.38985,3700,14,0
2026-08-18 20:00:00+00:00,1.38985,1.39017,1.38901,1.38987,1868,14,0
2026-08-19 00:00:00+00:00,1.38986,1.39073,1.38713,1.38827,4426,14,0
2026-08-19 04:00:00+00:00,1.38827,1.38827,1.38716,1.38744,3685,14,0
2026-08-19 08:00:00+00:00,1.38746,1.38834,1.3862999999999999,1.38731,3821,14,0
2026-08-19 12:00:00+00:00,1.38731,1.38747,1.38028,1.38211,11383,14,0
2026-08-19 16:00:00+00:00,1.38213,1.38257,1.38068,1.38106,6132,14,0
2026-08-19 20:00:00+00:00,1.38106,1.38129,1.38053,1.38101,1587,14,0
2026-08-20 00:00:00+00:00,1.38101,1.3812,1.37985,1.3798599999999999,4103,14,0
2026-08-20 04:00:00+00:00,1.37985,1.38031,1.37778,1.37802,4084,14,0
2026-08-20 08:00:00+00:00,1.37804,1.37814,1.37551,1.37683,5573,14,0
2026-08-20 12:00:00+00:00,1.37683,1.37894,1.3765399999999999,1.37813,9179,14,0
2026-08-20 16:00:00+00:00,1.37815,1.3795,1.37815,1.37941,3959,14,0
2026-08-20 20:00:00+00:00,1.37939,1.37939,1.37795,1.37814,1689,14,0
2026-08-21 00:00:00+00:00,1.37812,1.37814,1.37601,1.37644,3271,14,0
2026-08-21 04:00:00+00:00,1.37644,1.3767800000000001,1.37571,1.37584,3260,14,0
2026-08-21 08:00:00+00:00,1.37584,1.37594,1.3734600000000001,1.37375,5066,14,0
2026-08-21 12:00:00+00:00,1.3737300000000001,1.37769,1.3731499999999999,1.37655,7695,14,0
2026-08-21 16:00:00+00:00,1.37653,1.37696,1.3761999999999999,1.37687,749,14,0
